[22:24:13] [main/INFO]: Loading tweak class name net.minecraftforge.fml.common.launcher.FMLTweaker
[22:24:13] [main/INFO]: Using primary tweak class name net.minecraftforge.fml.common.launcher.FMLTweaker
[22:24:13] [main/INFO]: Calling tweak class net.minecraftforge.fml.common.launcher.FMLTweaker
[22:24:13] [main/INFO]: Forge Mod Loader version 14.23.5.2860 for Minecraft 1.12.2 loading
[22:24:13] [main/INFO]: Java is Java HotSpot(TM) 64-Bit Server VM, version 1.8.0_51, running on Windows 10:amd64:10.0, installed at C:\Users\clkma\AppData\Roaming\.minecraft\runtime\jre-legacy\windows-x64\jre-legacy
[22:24:13] [main/INFO]: Searching C:\Users\clkma\AppData\Roaming\.minecraft\modpacks\97310384-d078-3373-9553-2a4e6fca4cf5\mods for mods
[22:24:13] [main/INFO]: Loading tweaker org.spongepowered.asm.launch.MixinTweaker from [___MixinCompat-0.8___].jar
[22:24:13] [main/INFO]: Loading tweaker org.spongepowered.asm.launch.MixinTweaker from _MixinBootstrap-1.1.0.jar
[22:24:13] [main/INFO]: Loading tweaker org.spongepowered.asm.launch.MixinTweaker from BedBreakBegone-1.0.2.jar
[22:24:13] [main/WARN]: Found FMLCorePluginContainsFMLMod marker in betterbiomeblend-1.12.2-1.1.7-forge.jar. This is not recommended, @Mods should be in a separate jar from the coremod.
[22:24:13] [main/WARN]: The coremod Better Biome Blend (fionathemortal.betterbiomeblend.core.CoreMod) is not signed!
[22:24:13] [main/WARN]: Found FMLCorePluginContainsFMLMod marker in BetterFoliage-MC1.12-2.3.3.jar. This is not recommended, @Mods should be in a separate jar from the coremod.
[22:24:13] [main/WARN]: The coremod BetterFoliageLoader (mods.betterfoliage.loader.BetterFoliageLoader) is not signed!
[22:24:13] [main/INFO]: Loading tweaker org.spongepowered.asm.launch.MixinTweaker from BlockOverlayFix-1.12.2-1.0.0.jar
[22:24:13] [main/WARN]: Found FMLCorePluginContainsFMLMod marker in Bloodmoon-MC1.12.2-1.5.3.jar. This is not recommended, @Mods should be in a separate jar from the coremod.
[22:24:13] [main/WARN]: The coremod lumien.bloodmoon.asm.LoadingPlugin does not have a MCVersion annotation, it may cause issues with this version of Minecraft
[22:24:13] [main/WARN]: Found FMLCorePluginContainsFMLMod marker in Born In A Barn V1.8-1.12-1.1.jar. This is not recommended, @Mods should be in a separate jar from the coremod.
[22:24:13] [main/WARN]: The coremod com.chocohead.biab.BornInABarn does not have a MCVersion annotation, it may cause issues with this version of Minecraft
[22:24:13] [main/WARN]: The coremod Born in a Barn (com.chocohead.biab.BornInABarn) is not signed!
[22:24:13] [main/WARN]: Found FMLCorePluginContainsFMLMod marker in Charm-1.12.2-1.4.1.jar. This is not recommended, @Mods should be in a separate jar from the coremod.
[22:24:13] [main/WARN]: The coremod svenhjol.charm.base.CharmLoadingPlugin does not have a MCVersion annotation, it may cause issues with this version of Minecraft
[22:24:13] [main/WARN]: The coremod CharmLoadingPlugin (svenhjol.charm.base.CharmLoadingPlugin) is not signed!
[22:24:13] [main/WARN]: Found FMLCorePluginContainsFMLMod marker in ChunkAnimator-1.12.2-1.2.1.jar. This is not recommended, @Mods should be in a separate jar from the coremod.
[22:24:13] [main/WARN]: The coremod lumien.chunkanimator.asm.LoadingPlugin does not have a MCVersion annotation, it may cause issues with this version of Minecraft
[22:24:13] [main/WARN]: The coremod LoadingPlugin (lumien.chunkanimator.asm.LoadingPlugin) is not signed!
[22:24:13] [main/WARN]: Found FMLCorePluginContainsFMLMod marker in CreativeCore_v1.10.70_mc1.12.2.jar. This is not recommended, @Mods should be in a separate jar from the coremod.
[22:24:13] [main/WARN]: The coremod com.creativemd.creativecore.core.CreativePatchingLoader does not have a MCVersion annotation, it may cause issues with this version of Minecraft
[22:24:13] [main/WARN]: The coremod CreativePatchingLoader (com.creativemd.creativecore.core.CreativePatchingLoader) is not signed!
[22:24:13] [main/INFO]: Loading tweaker org.spongepowered.asm.launch.MixinTweaker from DynamicSurroundings-1.12.2-3.6.2.1.jar
[22:24:13] [main/INFO]: Loading tweaker org.spongepowered.asm.launch.MixinTweaker from EntityCulling-1.12.2-6.3.1.jar
[22:24:13] [main/WARN]: Found FMLCorePluginContainsFMLMod marker in foamfix-0.10.15-1.12.2.jar. This is not recommended, @Mods should be in a separate jar from the coremod.
[22:24:13] [main/WARN]: The coremod pl.asie.foamfix.coremod.FoamFixCore does not have a MCVersion annotation, it may cause issues with this version of Minecraft
[22:24:13] [main/WARN]: The coremod Do not report to Forge! (If you haven't disabled the FoamFix coremod, try disabling it in the config! Note that this bit of text will still appear.) (pl.asie.foamfix.coremod.FoamFixCore) is not signed!
[22:24:13] [main/WARN]: Found FMLCorePluginContainsFMLMod marker in ForgeEndertech-1.12.2-4.5.6.1-build.0648.jar. This is not recommended, @Mods should be in a separate jar from the coremod.
[22:24:13] [main/WARN]: The coremod com.endertech.minecraft.forge.coremod.CorePlugin does not have a MCVersion annotation, it may cause issues with this version of Minecraft
[22:24:13] [main/WARN]: The coremod CorePlugin (com.endertech.minecraft.forge.coremod.CorePlugin) is not signed!
[22:24:13] [main/WARN]: Found FMLCorePluginContainsFMLMod marker in Forgelin-1.8.4.jar. This is not recommended, @Mods should be in a separate jar from the coremod.
[22:24:13] [main/WARN]: The coremod net.shadowfacts.forgelin.preloader.ForgelinPlugin does not have a MCVersion annotation, it may cause issues with this version of Minecraft
[22:24:13] [main/WARN]: The coremod ForgelinPlugin (net.shadowfacts.forgelin.preloader.ForgelinPlugin) is not signed!
[22:24:13] [main/INFO]: Loading tweaker org.spongepowered.asm.launch.MixinTweaker from framevoidpatch-1.0.0.jar
[22:24:13] [main/WARN]: Found FMLCorePluginContainsFMLMod marker in InventoryTweaks-1.64+dev.151.jar. This is not recommended, @Mods should be in a separate jar from the coremod.
[22:24:13] [main/WARN]: The coremod invtweaks.forge.asm.FMLPlugin does not have a MCVersion annotation, it may cause issues with this version of Minecraft
[22:24:13] [main/WARN]: Found FMLCorePluginContainsFMLMod marker in ISeeDragons-1.2.1.jar. This is not recommended, @Mods should be in a separate jar from the coremod.
[22:24:13] [main/WARN]: The coremod FMLCorePlugin (io.github.xcube16.iseedragons.asm.FMLCorePlugin) is not signed!
[22:24:13] [main/WARN]: The coremod com.creativemd.itemphysic.ItemPatchingLoader does not have a MCVersion annotation, it may cause issues with this version of Minecraft
[22:24:13] [main/WARN]: The coremod ItemPatchingLoader (com.creativemd.itemphysic.ItemPatchingLoader) is not signed!
[22:24:13] [main/WARN]: The coremod ivorius.ivtoolkit.IvToolkitLoadingPlugin does not have a MCVersion annotation, it may cause issues with this version of Minecraft
[22:24:13] [main/WARN]: The coremod IvToolkit (ivorius.ivtoolkit.IvToolkitLoadingPlugin) is not signed!
[22:24:13] [main/WARN]: Found FMLCorePluginContainsFMLMod marker in librarianlib-1.12.2-4.22.jar. This is not recommended, @Mods should be in a separate jar from the coremod.
[22:24:13] [main/WARN]: The coremod com.teamwizardry.librarianlib.asm.LibLibCorePlugin does not have a MCVersion annotation, it may cause issues with this version of Minecraft
[22:24:13] [main/WARN]: The coremod LibrarianLib Plugin (com.teamwizardry.librarianlib.asm.LibLibCorePlugin) is not signed!
[22:24:13] [main/INFO]: Loading tweaker org.spongepowered.asm.launch.MixinTweaker from Locks-1.12.2-3.0.0.jar
[22:24:13] [main/INFO]: Loading tweaker org.spongepowered.asm.launch.MixinTweaker from MaterialTweaker-1.1.1.jar
[22:24:13] [main/WARN]: Found FMLCorePluginContainsFMLMod marker in MultiMine-1.12.2.jar. This is not recommended, @Mods should be in a separate jar from the coremod.
[22:24:13] [main/WARN]: The coremod atomicstryker.multimine.common.fmlmagic.MMFMLCorePlugin does not have a MCVersion annotation, it may cause issues with this version of Minecraft
[22:24:13] [main/WARN]: The coremod MMFMLCorePlugin (atomicstryker.multimine.common.fmlmagic.MMFMLCorePlugin) is not signed!
[22:24:13] [main/INFO]: Loading tweaker org.spongepowered.asm.launch.MixinTweaker from particleculling-1.12.2-v1.4.1.jar
[22:24:13] [main/WARN]: Found FMLCorePluginContainsFMLMod marker in Quark-r1.6-179.jar. This is not recommended, @Mods should be in a separate jar from the coremod.
[22:24:13] [main/WARN]: The coremod Quark Plugin (vazkii.quark.base.asm.LoadingPlugin) is not signed!
[22:24:13] [main/WARN]: Found FMLCorePluginContainsFMLMod marker in ReachFix-1.12.2-1.0.8.jar. This is not recommended, @Mods should be in a separate jar from the coremod.
[22:24:13] [main/WARN]: The coremod ReachFixPlugin (meldexun.reachfix.asm.ReachFixPlugin) is not signed!
[22:24:13] [main/WARN]: The coremod RBLoadingPlugin (pw.prok.realbench.asm.RBLoadingPlugin) is not signed!
[22:24:13] [main/INFO]: Loading tweaker org.spongepowered.asm.launch.MixinTweaker from RenderLib-1.12.2-1.2.8.jar
[22:24:13] [main/WARN]: Found FMLCorePluginContainsFMLMod marker in Reskillable-1.12.2-1.13.0.jar. This is not recommended, @Mods should be in a separate jar from the coremod.
[22:24:13] [main/WARN]: The coremod codersafterdark.reskillable.base.asm.LoadingPlugin does not have a MCVersion annotation, it may cause issues with this version of Minecraft
[22:24:13] [main/WARN]: The coremod LoadingPlugin (codersafterdark.reskillable.base.asm.LoadingPlugin) is not signed!
[22:24:13] [main/WARN]: Found FMLCorePluginContainsFMLMod marker in ResourceLoader-MC1.12.1-1.5.3.jar. This is not recommended, @Mods should be in a separate jar from the coremod.
[22:24:13] [main/WARN]: The coremod lumien.resourceloader.asm.LoadingPlugin does not have a MCVersion annotation, it may cause issues with this version of Minecraft
[22:24:13] [main/INFO]: Loading tweaker org.spongepowered.asm.launch.MixinTweaker from RLMixins-1.2.15.jar
[22:24:13] [main/WARN]: Found FMLCorePluginContainsFMLMod marker in RLTweaker-1.12.2-0.5.12.jar. This is not recommended, @Mods should be in a separate jar from the coremod.
[22:24:13] [main/WARN]: The coremod com.charles445.rltweaker.asm.CoreLoader does not have a MCVersion annotation, it may cause issues with this version of Minecraft
[22:24:13] [main/WARN]: The coremod RLTweaker ASM (com.charles445.rltweaker.asm.CoreLoader) is not signed!
[22:24:13] [main/WARN]: Found FMLCorePluginContainsFMLMod marker in SereneSeasons-1.12.2-1.2.18-universal.jar. This is not recommended, @Mods should be in a separate jar from the coremod.
[22:24:13] [main/WARN]: The coremod sereneseasons.asm.SSLoadingPlugin does not have a MCVersion annotation, it may cause issues with this version of Minecraft
[22:24:13] [main/WARN]: The coremod SSLoadingPlugin (sereneseasons.asm.SSLoadingPlugin) is not signed!
[22:24:13] [main/WARN]: Found FMLCorePluginContainsFMLMod marker in SimpleDifficulty-1.12.2-0.3.9.jar. This is not recommended, @Mods should be in a separate jar from the coremod.
[22:24:13] [main/WARN]: The coremod com.charles445.simpledifficulty.asm.CoreLoader does not have a MCVersion annotation, it may cause issues with this version of Minecraft
[22:24:13] [main/WARN]: The coremod SimpleDifficulty ASM (com.charles445.simpledifficulty.asm.CoreLoader) is not signed!
[22:24:13] [main/INFO]: Loading tweaker org.spongepowered.asm.launch.MixinTweaker from SnowRealMagic-1.12.2-0.7.1.jar
[22:24:13] [main/WARN]: Found FMLCorePluginContainsFMLMod marker in SoManyEnchantments-0.5.5.jar. This is not recommended, @Mods should be in a separate jar from the coremod.
[22:24:13] [main/WARN]: The coremod com.Shultrea.Rin.Transformer.CoreLoader does not have a MCVersion annotation, it may cause issues with this version of Minecraft
[22:24:13] [main/WARN]: The coremod SoManyEnchantments ASM (com.Shultrea.Rin.Transformer.CoreLoader) is not signed!
[22:24:13] [main/INFO]: Loading tweaker org.spongepowered.asm.launch.MixinTweaker from SpartanWeaponry-1.12.2-1.5.3.jar
[22:24:13] [main/INFO]: Loading tweaker org.spongepowered.asm.launch.MixinTweaker from Surge-1.12.2-2.0.79.jar
[22:24:13] [main/WARN]: Found FMLCorePluginContainsFMLMod marker in tnt_utilities-mc1.12-1.2.3.jar. This is not recommended, @Mods should be in a separate jar from the coremod.
[22:24:13] [main/WARN]: The coremod ljfa.tntutils.asm.TntuPlugin does not have a MCVersion annotation, it may cause issues with this version of Minecraft
[22:24:13] [main/INFO]: Loading tweaker org.spongepowered.asm.launch.MixinTweaker from WolfArmorAndStorage-3.8.1+1.12.2.alpha.1-SNAPSHOT-signed.jar
[22:24:13] [main/INFO]: Loading tweaker org.spongepowered.asm.launch.MixinTweaker from phosphor-1.12.2-0.2.6+build50-universal.jar
[22:24:13] [main/INFO]: Loading tweak class name net.minecraftforge.fml.common.launcher.FMLInjectionAndSortingTweaker
[22:24:13] [main/INFO]: Loading tweak class name org.spongepowered.asm.launch.MixinTweaker
[22:24:13] [main/INFO]: SpongePowered MIXIN Subsystem Version=0.8 Source=file:/C:/Users/clkma/AppData/Roaming/.minecraft/modpacks/97310384-d078-3373-9553-2a4e6fca4cf5/mods/%5B___MixinCompat-0.8___%5D.jar Service=LaunchWrapper Env=CLIENT
[22:24:13] [main/DEBUG]: Instantiating coremod class MixinLoader
[22:24:13] [main/DEBUG]: The coremod bedbreakbegone.mixin.MixinLoader requested minecraft version 1.12.2 and minecraft is 1.12.2. It will be loaded.
[22:24:13] [main/WARN]: The coremod MixinLoader (bedbreakbegone.mixin.MixinLoader) is not signed!
[22:24:13] [main/INFO]: Compatibility level set to JAVA_8
[22:24:13] [main/DEBUG]: Enqueued coremod MixinLoader
[22:24:13] [main/DEBUG]: Instantiating coremod class BlockOverlayFixPlugin
[22:24:13] [main/DEBUG]: The coremod meldexun.blockoverlayfix.asm.BlockOverlayFixPlugin requested minecraft version 1.12.2 and minecraft is 1.12.2. It will be loaded.
[22:24:13] [main/WARN]: The coremod BlockOverlayFixPlugin (meldexun.blockoverlayfix.asm.BlockOverlayFixPlugin) is not signed!
[22:24:13] [main/DEBUG]: Enqueued coremod BlockOverlayFixPlugin
[22:24:13] [main/DEBUG]: Instantiating coremod class TransformLoader
[22:24:13] [main/DEBUG]: The coremod org.orecruncher.dsurround.mixins.TransformLoader requested minecraft version 1.12.2 and minecraft is 1.12.2. It will be loaded.
[22:24:13] [main/DEBUG]: Found signing certificates for coremod TransformLoader (org.orecruncher.dsurround.mixins.TransformLoader)
[22:24:13] [main/DEBUG]: Found certificate 7a2128d395ad96ceb9d9030fbd41d035b435753a
[22:24:13] [main/DEBUG]: Enqueued coremod TransformLoader
[22:24:13] [main/DEBUG]: Instantiating coremod class EntityCullingPlugin
[22:24:13] [main/DEBUG]: The coremod meldexun.entityculling.asm.EntityCullingPlugin requested minecraft version 1.12.2 and minecraft is 1.12.2. It will be loaded.
[22:24:13] [main/WARN]: The coremod EntityCullingPlugin (meldexun.entityculling.asm.EntityCullingPlugin) is not signed!
[22:24:13] [main/DEBUG]: Enqueued coremod EntityCullingPlugin
[22:24:13] [main/DEBUG]: Instantiating coremod class MixinLoader
[22:24:13] [main/DEBUG]: The coremod framevoidpatch.mixin.MixinLoader requested minecraft version 1.12.2 and minecraft is 1.12.2. It will be loaded.
[22:24:13] [main/WARN]: The coremod MixinLoader (framevoidpatch.mixin.MixinLoader) is not signed!
[22:24:13] [main/DEBUG]: Enqueued coremod MixinLoader
[22:24:13] [main/DEBUG]: Instantiating coremod class MixinLoader
[22:24:13] [main/DEBUG]: The coremod melonslise.locks.mixin.MixinLoader requested minecraft version 1.12.2 and minecraft is 1.12.2. It will be loaded.
[22:24:13] [main/WARN]: The coremod MixinLoader (melonslise.locks.mixin.MixinLoader) is not signed!
[22:24:13] [main/DEBUG]: Enqueued coremod MixinLoader
[22:24:13] [main/DEBUG]: Instantiating coremod class MaterialTweakerPlugin
[22:24:13] [main/DEBUG]: The coremod materialtweaker.MaterialTweakerPlugin requested minecraft version 1.12.2 and minecraft is 1.12.2. It will be loaded.
[22:24:13] [main/WARN]: The coremod MaterialTweakerPlugin (materialtweaker.MaterialTweakerPlugin) is not signed!
[22:24:13] [main/DEBUG]: Enqueued coremod MaterialTweakerPlugin
[22:24:13] [main/DEBUG]: Instantiating coremod class ParticleCullingLoadingPlugin
[22:24:13] [main/DEBUG]: The coremod bl4ckscor3.mod.particleculling.ParticleCullingLoadingPlugin requested minecraft version 1.12.2 and minecraft is 1.12.2. It will be loaded.
[22:24:13] [main/WARN]: The coremod ParticleCullingLoadingPlugin (bl4ckscor3.mod.particleculling.ParticleCullingLoadingPlugin) is not signed!
[22:24:13] [main/DEBUG]: Enqueued coremod ParticleCullingLoadingPlugin
[22:24:13] [main/DEBUG]: Instantiating coremod class RenderLibPlugin
[22:24:13] [main/DEBUG]: The coremod meldexun.renderlib.asm.RenderLibPlugin requested minecraft version 1.12.2 and minecraft is 1.12.2. It will be loaded.
[22:24:13] [main/WARN]: The coremod RenderLibPlugin (meldexun.renderlib.asm.RenderLibPlugin) is not signed!
[22:24:13] [main/DEBUG]: Enqueued coremod RenderLibPlugin
[22:24:13] [main/DEBUG]: Instantiating coremod class RLMixinsPlugin
[22:24:13] [main/DEBUG]: The coremod rlmixins.RLMixinsPlugin requested minecraft version 1.12.2 and minecraft is 1.12.2. It will be loaded.
[22:24:13] [main/WARN]: The coremod RLMixinsPlugin (rlmixins.RLMixinsPlugin) is not signed!
[22:24:13] [main/INFO]: RLMixins Early Loading: Enchantment ItemStack Damage (Vanilla/SME)
[22:24:13] [main/INFO]: RLMixins Early Loading: Prevent Shulker Crate Insertion (Vanilla/Charm)
[22:24:13] [main/INFO]: RLMixins Early Loading: EXPERIMENTAL: Teleporting Lag Patch (Vanilla)
[22:24:13] [main/INFO]: RLMixins Early Loading: Smoothed Crouching (Vanilla)
[22:24:13] [main/INFO]: RLMixins Early Loading: Lowered Crouch (Vanilla)
[22:24:13] [main/INFO]: RLMixins Early Loading: Offhand Enchants (Vanilla/RLCombat)
[22:24:13] [main/INFO]: RLMixins Early Loading: Tipped Arrow Blacklist (Vanilla)
[22:24:13] [main/INFO]: RLMixins Early Loading: Zombie Curing Ticks Spawners (Vanilla/MobSpawnerControl)
[22:24:13] [main/INFO]: RLMixins Early Loading: Outdated Chunk Data (Vanilla)
[22:24:13] [main/INFO]: RLMixins Early Loading: Anvil Too Expensive (Vanilla/AnvilPatch)
[22:24:13] [main/INFO]: RLMixins Early Loading: Stop Pigmen Portal Spawning (Vanilla)
[22:24:13] [main/INFO]: RLMixins Early Loading: Chunk Entity List (Vanilla)
[22:24:13] [main/INFO]: RLMixins Early Loading: Boss Cart/Boat Cheese (Vanilla/InfernalMobs/ScalingHealth/Champions)
[22:24:13] [main/INFO]: RLMixins Early Loading: Enable Dragon Dismount Fix (Vanilla/IceAndFire)
[22:24:13] [main/INFO]: RLMixins Early Loading: ChunkAnimator XRay (Vanilla/ChunkAnimator)
[22:24:13] [main/INFO]: RLMixins Early Loading: Health Desync Patch (Vanilla)
[22:24:13] [main/INFO]: RLMixins Early Loading: Mending Priorities (Vanilla)
[22:24:13] [main/INFO]: RLMixins Early Loading: Entity Tracker Desync (Vanilla)
[22:24:13] [main/INFO]: RLMixins Early Loading: Missing Particle Rendering (Vanilla)
[22:24:13] [main/INFO]: RLMixins Early Loading: Potion Amplifier Visibility (Vanilla)
[22:24:13] [main/INFO]: RLMixins Early Loading: AntiWarp Handling (Vanilla/BetterSurvival)
[22:24:13] [main/INFO]: RLMixins Early Loading: Enchantment Item Attributes (Vanilla/SME)
[22:24:13] [main/INFO]: RLMixins Early Loading: Stray/Husk Sky Spawning Fix (Vanilla)
[22:24:13] [main/DEBUG]: Enqueued coremod RLMixinsPlugin
[22:24:13] [main/DEBUG]: Instantiating coremod class CoreMod
[22:24:13] [main/TRACE]: coremod named Snow! Real Magic! is loading
[22:24:13] [main/WARN]: The coremod snownee.snow.core.CoreMod does not have a MCVersion annotation, it may cause issues with this version of Minecraft
[22:24:13] [main/WARN]: The coremod Snow! Real Magic! (snownee.snow.core.CoreMod) is not signed!
[22:24:13] [main/DEBUG]: Enqueued coremod Snow! Real Magic!
[22:24:13] [main/DEBUG]: Instantiating coremod class MixinLoader
[22:24:13] [main/TRACE]: coremod named SpartanWeaponry-MixinLoader is loading
[22:24:13] [main/DEBUG]: The coremod com.oblivioussp.spartanweaponry.mixin.MixinLoader requested minecraft version 1.12.2 and minecraft is 1.12.2. It will be loaded.
[22:24:13] [main/WARN]: The coremod SpartanWeaponry-MixinLoader (com.oblivioussp.spartanweaponry.mixin.MixinLoader) is not signed!
[22:24:13] [main/DEBUG]: Enqueued coremod SpartanWeaponry-MixinLoader
[22:24:13] [main/DEBUG]: Instantiating coremod class SurgeLoadingPlugin
[22:24:13] [main/DEBUG]: The coremod net.darkhax.surge.core.SurgeLoadingPlugin requested minecraft version 1.12.2 and minecraft is 1.12.2. It will be loaded.
[22:24:13] [main/DEBUG]: Found signing certificates for coremod SurgeLoadingPlugin (net.darkhax.surge.core.SurgeLoadingPlugin)
[22:24:13] [main/DEBUG]: Found certificate d476d1b22b218a10d845928d1665d45fce301b27
[22:24:14] [main/DEBUG]: Enqueued coremod SurgeLoadingPlugin
[22:24:14] [main/DEBUG]: Instantiating coremod class WolfArmorCore
[22:24:14] [main/DEBUG]: The coremod dev.satyrn.wolfarmor.core.WolfArmorCore requested minecraft version 1.12.2 and minecraft is 1.12.2. It will be loaded.
[22:24:14] [main/DEBUG]: Found signing certificates for coremod WolfArmorCore (dev.satyrn.wolfarmor.core.WolfArmorCore)
[22:24:14] [main/DEBUG]: Found certificate e94e38a605842477f3ec218e6fcf781f6b3f7f89
[22:24:14] [main/DEBUG]: Enqueued coremod WolfArmorCore
[22:24:14] [main/DEBUG]: Instantiating coremod class PhosphorFMLLoadingPlugin
[22:24:14] [main/DEBUG]: The coremod me.jellysquid.mods.phosphor.core.PhosphorFMLLoadingPlugin requested minecraft version 1.12.2 and minecraft is 1.12.2. It will be loaded.
[22:24:14] [main/DEBUG]: Found signing certificates for coremod PhosphorFMLLoadingPlugin (me.jellysquid.mods.phosphor.core.PhosphorFMLLoadingPlugin)
[22:24:14] [main/DEBUG]: Found certificate f0387d288626cc2d937daa504e74af570c52a2f1
[22:24:14] [main/DEBUG]: Enqueued coremod PhosphorFMLLoadingPlugin
[22:24:14] [main/WARN]: Tweak class name org.spongepowered.asm.launch.MixinTweaker has already been visited -- skipping
[22:24:14] [main/WARN]: Tweak class name org.spongepowered.asm.launch.MixinTweaker has already been visited -- skipping
[22:24:14] [main/WARN]: Tweak class name org.spongepowered.asm.launch.MixinTweaker has already been visited -- skipping
[22:24:14] [main/WARN]: Tweak class name org.spongepowered.asm.launch.MixinTweaker has already been visited -- skipping
[22:24:14] [main/WARN]: Tweak class name org.spongepowered.asm.launch.MixinTweaker has already been visited -- skipping
[22:24:14] [main/WARN]: Tweak class name org.spongepowered.asm.launch.MixinTweaker has already been visited -- skipping
[22:24:14] [main/WARN]: Tweak class name org.spongepowered.asm.launch.MixinTweaker has already been visited -- skipping
[22:24:14] [main/WARN]: Tweak class name org.spongepowered.asm.launch.MixinTweaker has already been visited -- skipping
[22:24:14] [main/WARN]: Tweak class name org.spongepowered.asm.launch.MixinTweaker has already been visited -- skipping
[22:24:14] [main/WARN]: Tweak class name org.spongepowered.asm.launch.MixinTweaker has already been visited -- skipping
[22:24:14] [main/WARN]: Tweak class name org.spongepowered.asm.launch.MixinTweaker has already been visited -- skipping
[22:24:14] [main/WARN]: Tweak class name org.spongepowered.asm.launch.MixinTweaker has already been visited -- skipping
[22:24:14] [main/WARN]: Tweak class name org.spongepowered.asm.launch.MixinTweaker has already been visited -- skipping
[22:24:14] [main/WARN]: Tweak class name org.spongepowered.asm.launch.MixinTweaker has already been visited -- skipping
[22:24:14] [main/WARN]: Tweak class name org.spongepowered.asm.launch.MixinTweaker has already been visited -- skipping
[22:24:14] [main/WARN]: Tweak class name org.spongepowered.asm.launch.MixinTweaker has already been visited -- skipping
[22:24:14] [main/INFO]: Loading tweak class name net.minecraftforge.fml.common.launcher.FMLDeobfTweaker
[22:24:14] [main/INFO]: Calling tweak class net.minecraftforge.fml.common.launcher.FMLInjectionAndSortingTweaker
[22:24:14] [main/INFO]: Calling tweak class net.minecraftforge.fml.common.launcher.FMLInjectionAndSortingTweaker
[22:24:14] [main/INFO]: Calling tweak class net.minecraftforge.fml.relauncher.CoreModManager$FMLPluginWrapper
[22:24:14] [main/DEBUG]: Injecting coremod FMLCorePlugin \{net.minecraftforge.fml.relauncher.FMLCorePlugin\} class transformers
[22:24:14] [main/TRACE]: Registering transformer net.minecraftforge.fml.common.asm.transformers.SideTransformer
[22:24:14] [main/TRACE]: Registering transformer net.minecraftforge.fml.common.asm.transformers.EventSubscriptionTransformer
[22:24:14] [main/TRACE]: Registering transformer net.minecraftforge.fml.common.asm.transformers.EventSubscriberTransformer
[22:24:14] [main/TRACE]: Registering transformer net.minecraftforge.fml.common.asm.transformers.SoundEngineFixTransformer
[22:24:14] [main/DEBUG]: Injection complete
[22:24:14] [main/DEBUG]: Running coremod plugin for FMLCorePlugin \{net.minecraftforge.fml.relauncher.FMLCorePlugin\}
[22:24:14] [main/DEBUG]: Running coremod plugin FMLCorePlugin
[22:24:14] [main/INFO]: Found valid fingerprint for Minecraft Forge. Certificate fingerprint e3c3d50c7c986df74c645c0ac54639741c90a557
[22:24:14] [main/INFO]: Found valid fingerprint for Minecraft. Certificate fingerprint cd99959656f753dc28d863b46769f7f8fbaefcfc
[22:24:14] [main/DEBUG]: Coremod plugin class FMLCorePlugin run successfully
[22:24:14] [main/INFO]: Calling tweak class net.minecraftforge.fml.relauncher.CoreModManager$FMLPluginWrapper
[22:24:14] [main/DEBUG]: Injecting coremod FMLForgePlugin \{net.minecraftforge.classloading.FMLForgePlugin\} class transformers
[22:24:14] [main/DEBUG]: Injection complete
[22:24:14] [main/DEBUG]: Running coremod plugin for FMLForgePlugin \{net.minecraftforge.classloading.FMLForgePlugin\}
[22:24:14] [main/DEBUG]: Running coremod plugin FMLForgePlugin
[22:24:14] [main/DEBUG]: Coremod plugin class FMLForgePlugin run successfully
[22:24:14] [main/INFO]: Calling tweak class net.minecraftforge.fml.relauncher.CoreModManager$FMLPluginWrapper
[22:24:14] [main/DEBUG]: Injecting coremod Better Biome Blend \{fionathemortal.betterbiomeblend.core.CoreMod\} class transformers
[22:24:14] [main/DEBUG]: Injection complete
[22:24:14] [main/DEBUG]: Running coremod plugin for Better Biome Blend \{fionathemortal.betterbiomeblend.core.CoreMod\}
[22:24:14] [main/DEBUG]: Running coremod plugin Better Biome Blend
[22:24:14] [main/INFO]: Found valid Mixin framework! Proceeding to load.
[22:24:14] [main/DEBUG]: Coremod plugin class CoreMod run successfully
[22:24:14] [main/INFO]: Calling tweak class net.minecraftforge.fml.relauncher.CoreModManager$FMLPluginWrapper
[22:24:14] [main/DEBUG]: Injecting coremod CharmLoadingPlugin \{svenhjol.charm.base.CharmLoadingPlugin\} class transformers
[22:24:14] [main/TRACE]: Registering transformer svenhjol.charm.base.CharmClassTransformer
[22:24:14] [main/DEBUG]: Injection complete
[22:24:14] [main/DEBUG]: Running coremod plugin for CharmLoadingPlugin \{svenhjol.charm.base.CharmLoadingPlugin\}
[22:24:14] [main/DEBUG]: Running coremod plugin CharmLoadingPlugin
[22:24:14] [main/DEBUG]: Coremod plugin class CharmLoadingPlugin run successfully
[22:24:14] [main/INFO]: Calling tweak class net.minecraftforge.fml.relauncher.CoreModManager$FMLPluginWrapper
[22:24:14] [main/DEBUG]: Injecting coremod CreativePatchingLoader \{com.creativemd.creativecore.core.CreativePatchingLoader\} class transformers
[22:24:14] [main/DEBUG]: Injection complete
[22:24:14] [main/DEBUG]: Running coremod plugin for CreativePatchingLoader \{com.creativemd.creativecore.core.CreativePatchingLoader\}
[22:24:14] [main/DEBUG]: Running coremod plugin CreativePatchingLoader
[22:24:15] [main/DEBUG]: Coremod plugin class CreativePatchingLoader run successfully
[22:24:15] [main/INFO]: Calling tweak class net.minecraftforge.fml.relauncher.CoreModManager$FMLPluginWrapper
[22:24:15] [main/DEBUG]: Injecting coremod CorePlugin \{com.endertech.minecraft.forge.coremod.CorePlugin\} class transformers
[22:24:15] [main/DEBUG]: Injection complete
[22:24:15] [main/DEBUG]: Running coremod plugin for CorePlugin \{com.endertech.minecraft.forge.coremod.CorePlugin\}
[22:24:15] [main/DEBUG]: Running coremod plugin CorePlugin
[22:24:15] [main/DEBUG]: Coremod plugin class CorePlugin run successfully
[22:24:15] [main/INFO]: Calling tweak class net.minecraftforge.fml.relauncher.CoreModManager$FMLPluginWrapper
[22:24:15] [main/DEBUG]: Injecting coremod ForgelinPlugin \{net.shadowfacts.forgelin.preloader.ForgelinPlugin\} class transformers
[22:24:15] [main/DEBUG]: Injection complete
[22:24:15] [main/DEBUG]: Running coremod plugin for ForgelinPlugin \{net.shadowfacts.forgelin.preloader.ForgelinPlugin\}
[22:24:15] [main/DEBUG]: Running coremod plugin ForgelinPlugin
[22:24:15] [main/DEBUG]: Coremod plugin class ForgelinPlugin run successfully
[22:24:15] [main/INFO]: Calling tweak class net.minecraftforge.fml.relauncher.CoreModManager$FMLPluginWrapper
[22:24:15] [main/DEBUG]: Injecting coremod ItemPatchingLoader \{com.creativemd.itemphysic.ItemPatchingLoader\} class transformers
[22:24:15] [main/TRACE]: Registering transformer com.creativemd.itemphysic.ItemTransformer
[22:24:15] [main/DEBUG]: Injection complete
[22:24:15] [main/DEBUG]: Running coremod plugin for ItemPatchingLoader \{com.creativemd.itemphysic.ItemPatchingLoader\}
[22:24:15] [main/DEBUG]: Running coremod plugin ItemPatchingLoader
[22:24:15] [main/DEBUG]: Coremod plugin class ItemPatchingLoader run successfully
[22:24:15] [main/INFO]: Calling tweak class net.minecraftforge.fml.relauncher.CoreModManager$FMLPluginWrapper
[22:24:15] [main/DEBUG]: Injecting coremod IvToolkit \{ivorius.ivtoolkit.IvToolkitLoadingPlugin\} class transformers
[22:24:15] [main/DEBUG]: Injection complete
[22:24:15] [main/DEBUG]: Running coremod plugin for IvToolkit \{ivorius.ivtoolkit.IvToolkitLoadingPlugin\}
[22:24:15] [main/DEBUG]: Running coremod plugin IvToolkit
[22:24:15] [main/DEBUG]: Coremod plugin class IvToolkitLoadingPlugin run successfully
[22:24:15] [main/INFO]: Calling tweak class net.minecraftforge.fml.relauncher.CoreModManager$FMLPluginWrapper
[22:24:15] [main/DEBUG]: Injecting coremod MMFMLCorePlugin \{atomicstryker.multimine.common.fmlmagic.MMFMLCorePlugin\} class transformers
[22:24:15] [main/TRACE]: Registering transformer atomicstryker.multimine.common.fmlmagic.MMTransformer
[22:24:15] [main/DEBUG]: Injection complete
[22:24:15] [main/DEBUG]: Running coremod plugin for MMFMLCorePlugin \{atomicstryker.multimine.common.fmlmagic.MMFMLCorePlugin\}
[22:24:15] [main/DEBUG]: Running coremod plugin MMFMLCorePlugin
[22:24:15] [main/DEBUG]: Coremod plugin class MMFMLCorePlugin run successfully
[22:24:15] [main/INFO]: Calling tweak class net.minecraftforge.fml.relauncher.CoreModManager$FMLPluginWrapper
[22:24:15] [main/DEBUG]: Injecting coremod ReachFixPlugin \{meldexun.reachfix.asm.ReachFixPlugin\} class transformers
[22:24:15] [main/TRACE]: Registering transformer meldexun.reachfix.asm.ReachFixClassTransformer
[22:24:15] [main/DEBUG]: Injection complete
[22:24:15] [main/DEBUG]: Running coremod plugin for ReachFixPlugin \{meldexun.reachfix.asm.ReachFixPlugin\}
[22:24:15] [main/DEBUG]: Running coremod plugin ReachFixPlugin
[22:24:15] [main/DEBUG]: Coremod plugin class ReachFixPlugin run successfully
[22:24:15] [main/INFO]: Calling tweak class net.minecraftforge.fml.relauncher.CoreModManager$FMLPluginWrapper
[22:24:15] [main/DEBUG]: Injecting coremod RBLoadingPlugin \{pw.prok.realbench.asm.RBLoadingPlugin\} class transformers
[22:24:15] [main/TRACE]: Registering transformer pw.prok.realbench.asm.RBTransformer
[22:24:15] [main/DEBUG]: Injection complete
[22:24:15] [main/DEBUG]: Running coremod plugin for RBLoadingPlugin \{pw.prok.realbench.asm.RBLoadingPlugin\}
[22:24:15] [main/DEBUG]: Running coremod plugin RBLoadingPlugin
[22:24:15] [main/DEBUG]: Coremod plugin class RBLoadingPlugin run successfully
[22:24:15] [main/INFO]: Calling tweak class net.minecraftforge.fml.relauncher.CoreModManager$FMLPluginWrapper
[22:24:15] [main/DEBUG]: Injecting coremod LoadingPlugin \{codersafterdark.reskillable.base.asm.LoadingPlugin\} class transformers
[22:24:15] [main/TRACE]: Registering transformer codersafterdark.reskillable.base.asm.ClassTransformer
[22:24:15] [main/DEBUG]: Injection complete
[22:24:15] [main/DEBUG]: Running coremod plugin for LoadingPlugin \{codersafterdark.reskillable.base.asm.LoadingPlugin\}
[22:24:15] [main/DEBUG]: Running coremod plugin LoadingPlugin
[22:24:15] [main/DEBUG]: Coremod plugin class LoadingPlugin run successfully
[22:24:15] [main/INFO]: Calling tweak class net.minecraftforge.fml.relauncher.CoreModManager$FMLPluginWrapper
[22:24:15] [main/DEBUG]: Injecting coremod SSLoadingPlugin \{sereneseasons.asm.SSLoadingPlugin\} class transformers
[22:24:15] [main/TRACE]: Registering transformer sereneseasons.asm.transformer.EntityRendererTransformer
[22:24:15] [main/TRACE]: Registering transformer sereneseasons.asm.transformer.WorldTransformer
[22:24:15] [main/DEBUG]: Injection complete
[22:24:15] [main/DEBUG]: Running coremod plugin for SSLoadingPlugin \{sereneseasons.asm.SSLoadingPlugin\}
[22:24:15] [main/DEBUG]: Running coremod plugin SSLoadingPlugin
[22:24:15] [main/DEBUG]: Coremod plugin class SSLoadingPlugin run successfully
[22:24:15] [main/INFO]: Calling tweak class org.spongepowered.asm.launch.MixinTweaker
[22:24:15] [main/ERROR]: Mixin config mixins.mixincompat.json does not specify "minVersion" property
[22:24:15] [main/DEBUG]: Injecting coremod MixinLoader \{bedbreakbegone.mixin.MixinLoader\} class transformers
[22:24:15] [main/DEBUG]: Injection complete
[22:24:15] [main/DEBUG]: Running coremod plugin for MixinLoader \{bedbreakbegone.mixin.MixinLoader\}
[22:24:15] [main/DEBUG]: Running coremod plugin MixinLoader
[22:24:15] [main/DEBUG]: Coremod plugin class MixinLoader run successfully
[22:24:15] [main/DEBUG]: Injecting coremod BlockOverlayFixPlugin \{meldexun.blockoverlayfix.asm.BlockOverlayFixPlugin\} class transformers
[22:24:15] [main/DEBUG]: Injection complete
[22:24:15] [main/DEBUG]: Running coremod plugin for BlockOverlayFixPlugin \{meldexun.blockoverlayfix.asm.BlockOverlayFixPlugin\}
[22:24:15] [main/DEBUG]: Running coremod plugin BlockOverlayFixPlugin
[22:24:15] [main/DEBUG]: Coremod plugin class BlockOverlayFixPlugin run successfully
[22:24:15] [main/DEBUG]: Injecting coremod TransformLoader \{org.orecruncher.dsurround.mixins.TransformLoader\} class transformers
[22:24:15] [main/DEBUG]: Injection complete
[22:24:15] [main/DEBUG]: Running coremod plugin for TransformLoader \{org.orecruncher.dsurround.mixins.TransformLoader\}
[22:24:15] [main/DEBUG]: Running coremod plugin TransformLoader
[22:24:15] [main/DEBUG]: Coremod plugin class TransformLoader run successfully
[22:24:15] [main/DEBUG]: Injecting coremod EntityCullingPlugin \{meldexun.entityculling.asm.EntityCullingPlugin\} class transformers
[22:24:15] [main/TRACE]: Registering transformer meldexun.entityculling.asm.EntityCullingClassTransformer
[22:24:15] [main/DEBUG]: Injection complete
[22:24:15] [main/DEBUG]: Running coremod plugin for EntityCullingPlugin \{meldexun.entityculling.asm.EntityCullingPlugin\}
[22:24:15] [main/DEBUG]: Running coremod plugin EntityCullingPlugin
[22:24:15] [main/DEBUG]: Coremod plugin class EntityCullingPlugin run successfully
[22:24:15] [main/DEBUG]: Injecting coremod MixinLoader \{framevoidpatch.mixin.MixinLoader\} class transformers
[22:24:15] [main/DEBUG]: Injection complete
[22:24:15] [main/DEBUG]: Running coremod plugin for MixinLoader \{framevoidpatch.mixin.MixinLoader\}
[22:24:15] [main/DEBUG]: Running coremod plugin MixinLoader
[22:24:15] [main/DEBUG]: Coremod plugin class MixinLoader run successfully
[22:24:15] [main/DEBUG]: Injecting coremod MixinLoader \{melonslise.locks.mixin.MixinLoader\} class transformers
[22:24:15] [main/DEBUG]: Injection complete
[22:24:15] [main/DEBUG]: Running coremod plugin for MixinLoader \{melonslise.locks.mixin.MixinLoader\}
[22:24:15] [main/DEBUG]: Running coremod plugin MixinLoader
[22:24:15] [main/DEBUG]: Coremod plugin class MixinLoader run successfully
[22:24:15] [main/DEBUG]: Injecting coremod MaterialTweakerPlugin \{materialtweaker.MaterialTweakerPlugin\} class transformers
[22:24:15] [main/DEBUG]: Injection complete
[22:24:15] [main/DEBUG]: Running coremod plugin for MaterialTweakerPlugin \{materialtweaker.MaterialTweakerPlugin\}
[22:24:15] [main/DEBUG]: Running coremod plugin MaterialTweakerPlugin
[22:24:15] [main/DEBUG]: Coremod plugin class MaterialTweakerPlugin run successfully
[22:24:15] [main/DEBUG]: Injecting coremod ParticleCullingLoadingPlugin \{bl4ckscor3.mod.particleculling.ParticleCullingLoadingPlugin\} class transformers
[22:24:15] [main/DEBUG]: Injection complete
[22:24:15] [main/DEBUG]: Running coremod plugin for ParticleCullingLoadingPlugin \{bl4ckscor3.mod.particleculling.ParticleCullingLoadingPlugin\}
[22:24:15] [main/DEBUG]: Running coremod plugin ParticleCullingLoadingPlugin
[22:24:15] [main/DEBUG]: Coremod plugin class ParticleCullingLoadingPlugin run successfully
[22:24:15] [main/DEBUG]: Injecting coremod RenderLibPlugin \{meldexun.renderlib.asm.RenderLibPlugin\} class transformers
[22:24:15] [main/TRACE]: Registering transformer meldexun.renderlib.asm.RenderLibClassTransformer
[22:24:15] [main/DEBUG]: Injection complete
[22:24:15] [main/DEBUG]: Running coremod plugin for RenderLibPlugin \{meldexun.renderlib.asm.RenderLibPlugin\}
[22:24:15] [main/DEBUG]: Running coremod plugin RenderLibPlugin
[22:24:15] [main/DEBUG]: Coremod plugin class RenderLibPlugin run successfully
[22:24:15] [main/DEBUG]: Injecting coremod RLMixinsPlugin \{rlmixins.RLMixinsPlugin\} class transformers
[22:24:15] [main/DEBUG]: Injection complete
[22:24:15] [main/DEBUG]: Running coremod plugin for RLMixinsPlugin \{rlmixins.RLMixinsPlugin\}
[22:24:15] [main/DEBUG]: Running coremod plugin RLMixinsPlugin
[22:24:15] [main/DEBUG]: Coremod plugin class RLMixinsPlugin run successfully
[22:24:15] [main/DEBUG]: Injecting coremod Snow! Real Magic! \{snownee.snow.core.CoreMod\} class transformers
[22:24:15] [main/DEBUG]: Injection complete
[22:24:15] [main/DEBUG]: Running coremod plugin for Snow! Real Magic! \{snownee.snow.core.CoreMod\}
[22:24:15] [main/DEBUG]: Running coremod plugin Snow! Real Magic!
[22:24:15] [main/DEBUG]: Coremod plugin class CoreMod run successfully
[22:24:15] [main/DEBUG]: Injecting coremod SpartanWeaponry-MixinLoader \{com.oblivioussp.spartanweaponry.mixin.MixinLoader\} class transformers
[22:24:15] [main/DEBUG]: Injection complete
[22:24:15] [main/DEBUG]: Running coremod plugin for SpartanWeaponry-MixinLoader \{com.oblivioussp.spartanweaponry.mixin.MixinLoader\}
[22:24:15] [main/DEBUG]: Running coremod plugin SpartanWeaponry-MixinLoader
[22:24:15] [main/DEBUG]: Coremod plugin class MixinLoader run successfully
[22:24:15] [main/DEBUG]: Injecting coremod SurgeLoadingPlugin \{net.darkhax.surge.core.SurgeLoadingPlugin\} class transformers
[22:24:15] [main/DEBUG]: Injection complete
[22:24:15] [main/DEBUG]: Running coremod plugin for SurgeLoadingPlugin \{net.darkhax.surge.core.SurgeLoadingPlugin\}
[22:24:15] [main/DEBUG]: Running coremod plugin SurgeLoadingPlugin
[22:24:15] [main/DEBUG]: Coremod plugin class SurgeLoadingPlugin run successfully
[22:24:15] [main/DEBUG]: Injecting coremod WolfArmorCore \{dev.satyrn.wolfarmor.core.WolfArmorCore\} class transformers
[22:24:15] [main/DEBUG]: Injection complete
[22:24:15] [main/DEBUG]: Running coremod plugin for WolfArmorCore \{dev.satyrn.wolfarmor.core.WolfArmorCore\}
[22:24:15] [main/DEBUG]: Running coremod plugin WolfArmorCore
[22:24:15] [main/DEBUG]: Coremod plugin class WolfArmorCore run successfully
[22:24:15] [main/DEBUG]: Injecting coremod PhosphorFMLLoadingPlugin \{me.jellysquid.mods.phosphor.core.PhosphorFMLLoadingPlugin\} class transformers
[22:24:15] [main/DEBUG]: Injection complete
[22:24:15] [main/DEBUG]: Running coremod plugin for PhosphorFMLLoadingPlugin \{me.jellysquid.mods.phosphor.core.PhosphorFMLLoadingPlugin\}
[22:24:15] [main/DEBUG]: Running coremod plugin PhosphorFMLLoadingPlugin
[22:24:15] [main/DEBUG]: Coremod plugin class PhosphorFMLLoadingPlugin run successfully
[22:24:15] [main/INFO]: Calling tweak class net.minecraftforge.fml.common.launcher.FMLDeobfTweaker
[22:24:15] [main/DEBUG]: Validating minecraft
[22:24:15] [main/INFO]: Calling tweak class net.minecraftforge.fml.relauncher.CoreModManager$FMLPluginWrapper
[22:24:15] [main/INFO]: Calling tweak class net.minecraftforge.fml.relauncher.CoreModManager$FMLPluginWrapper
[22:24:15] [main/INFO]: Calling tweak class net.minecraftforge.fml.relauncher.CoreModManager$FMLPluginWrapper
[22:24:15] [main/INFO]: Calling tweak class net.minecraftforge.fml.relauncher.CoreModManager$FMLPluginWrapper
[22:24:15] [main/INFO]: Calling tweak class net.minecraftforge.fml.relauncher.CoreModManager$FMLPluginWrapper
[22:24:15] [main/INFO]: Calling tweak class net.minecraftforge.fml.relauncher.CoreModManager$FMLPluginWrapper
[22:24:15] [main/INFO]: Calling tweak class net.minecraftforge.fml.relauncher.CoreModManager$FMLPluginWrapper
[22:24:15] [main/INFO]: Calling tweak class net.minecraftforge.fml.relauncher.CoreModManager$FMLPluginWrapper
[22:24:15] [main/INFO]: Calling tweak class net.minecraftforge.fml.relauncher.CoreModManager$FMLPluginWrapper
[22:24:15] [main/INFO]: Calling tweak class net.minecraftforge.fml.relauncher.CoreModManager$FMLPluginWrapper
[22:24:15] [main/INFO]: Calling tweak class net.minecraftforge.fml.relauncher.CoreModManager$FMLPluginWrapper
[22:24:15] [main/INFO]: ConfigSetup is running.
[22:24:15] [main/INFO]: Server Type: NONE
[22:24:15] [main/INFO]: Patcher is enabled
[22:24:15] [main/INFO]: RLTweakerASM PatchManager: Concurrent Particles
[22:24:15] [main/INFO]: RLTweakerASM PatchManager: Less Collisions
[22:24:15] [main/INFO]: RLTweakerASM PatchManager: Real Bench
[22:24:15] [main/INFO]: RLTweakerASM PatchManager: Myrmex Queen Hive Spam
[22:24:15] [main/INFO]: RLTweakerASM PatchManager: Lycanites Dupe Patch
[22:24:15] [main/INFO]: RLTweakerASM PatchManager: Door Pathfinding
[22:24:15] [main/INFO]: RLTweakerASM PatchManager: Reduced Search Size
[22:24:15] [main/INFO]: RLTweakerASM PatchManager: Broadcast Sounds
[22:24:15] [main/INFO]: RLTweakerASM PatchManager: Enchant
[22:24:15] [main/INFO]: RLTweakerASM PatchManager: Aggressive Motion Checker
[22:24:15] [main/INFO]: RLTweakerASM PatchManager: Entity Breakable
[22:24:15] [main/INFO]: RLTweakerASM PatchManager: Item Frame Dupe
[22:24:15] [main/INFO]: RLTweakerASM PatchManager: Push Reaction
[22:24:15] [main/INFO]: RLTweakerASM PatchManager: Overlay Message
[22:24:15] [main/INFO]: RLTweakerASM PatchManager: Anvil Dupe Fix
[22:24:15] [main/INFO]: RLTweakerASM PatchManager: Hopper
[22:24:15] [main/INFO]: RLTweakerASM PatchManager: Old Hippocampus
[22:24:15] [main/INFO]: RLTweakerASM PatchManager: Old Gorgon
[22:24:15] [main/INFO]: RLTweakerASM PatchManager: Waystone Scroll
[22:24:15] [main/INFO]: RLTweakerASM PatchManager: Pathfinding Chunk Cache
[22:24:15] [main/INFO]: RLTweakerASM PatchManager: Chunk Ticks
[22:24:15] [main/INFO]: RLTweakerASM PatchManager: Patch Cure Potion
[22:24:15] [main/INFO]: RLTweakerASM PatchManager: Patch Amphithere Tame Damage
[22:24:15] [main/INFO]: RLTweakerASM PatchManager: Patch Potion Core Resistance
[22:24:15] [main/INFO]: RLTweakerASM PatchManager: Patch Custom Attribute Instances
[22:24:15] [main/INFO]: RLTweakerASM PatchManager: Patch Falling Block Portal Dupe
[22:24:15] [main/INFO]: Calling tweak class net.minecraftforge.fml.relauncher.CoreModManager$FMLPluginWrapper
[22:24:15] [main/INFO]: Calling tweak class net.minecraftforge.fml.relauncher.CoreModManager$FMLPluginWrapper
[22:24:15] [main/INFO]: Calling tweak class net.minecraftforge.fml.relauncher.CoreModManager$FMLPluginWrapper
[22:24:15] [main/INFO]: Calling tweak class net.minecraftforge.fml.relauncher.CoreModManager$FMLPluginWrapper
[22:24:15] [main/INFO]: Adding Patchers
[22:24:15] [main/INFO]: ASM patcher: [Fix Dragon Item Lag] enabled
[22:24:15] [main/INFO]: ASM patcher: [Ice and Fire Axe fix] enabled
[22:24:15] [main/INFO]: ASM patcher: [Stop Log Spammers] enabled
[22:24:15] [main/INFO]: ASM patcher: [Ice and Fire Myrmex egg dupe fix] enabled
[22:24:15] [main/INFO]: ASM patcher: [Remove all achievements] disabled
[22:24:15] [main/INFO]: ASM patcher: [Sea Serpent Spawn Fix] enabled
[22:24:15] [main/INFO]: ASM patcher: [Fix Dragon Escape] disabled
[22:24:15] [main/INFO]: ASM patcher: [Hook Structure Generator] enabled
[22:24:15] [main/INFO]: ASM patcher: [] enabled
[22:24:15] [main/INFO]: ASM patcher: [Patch MmmMmm dummy] enabled
[22:24:15] [main/INFO]: ASM patcher: [Patch Statue Dupe] enabled
[22:24:15] [main/INFO]: Loading tweak class name net.minecraftforge.fml.common.launcher.TerminalTweaker
[22:24:15] [main/INFO]: Loading tweak class name org.spongepowered.asm.mixin.EnvironmentStateTweaker
[22:24:15] [main/INFO]: Calling tweak class net.minecraftforge.fml.common.launcher.TerminalTweaker
[22:24:15] [main/INFO]: Calling tweak class org.spongepowered.asm.mixin.EnvironmentStateTweaker
[22:24:15] [main/WARN]: Reference map 'mixins.mixincompat.refmap.json' for mixins.mixincompat.json could not be read. If this is a development environment you can ignore this message
[22:24:15] [main/INFO]: Transforming EntityPlayer
[22:24:15] [main/INFO]: Applying Transformation to method (Names [getArmorVisibility, func_82243_bO, cW] Descriptor ()F / ()F)
[22:24:15] [main/INFO]: Located method, patching...
[22:24:15] [main/INFO]: Located target IINC 1 1
[22:24:15] [main/INFO]: Patch result: true
[22:24:15] [main/INFO]: A re-entrant transformer '$wrapper.svenhjol.charm.base.CharmClassTransformer' was detected and will no longer process meta class data
[22:24:15] [main/INFO]: A re-entrant transformer '$wrapper.meldexun.reachfix.asm.ReachFixClassTransformer' was detected and will no longer process meta class data
[22:24:15] [main/INFO]: A re-entrant transformer '$wrapper.sereneseasons.asm.transformer.EntityRendererTransformer' was detected and will no longer process meta class data
[22:24:15] [main/INFO]: A re-entrant transformer '$wrapper.lumien.bloodmoon.asm.ClassTransformer' was detected and will no longer process meta class data
[22:24:15] [main/INFO]: Transforming net.minecraft.client.renderer.EntityRenderer
[22:24:15] [main/INFO]: Applying Transformation to method (Names [renderWorldPass, func_175068_a] Descriptor (IFJ)V)
[22:24:15] [main/INFO]: Located Method, patching...
[22:24:15] [main/INFO]: Located patch target node INVOKEVIRTUAL net/minecraft/client/renderer/EntityRenderer.func_78479_a (FI)V
[22:24:15] [main/INFO]: Patch result: true
[22:24:15] [main/INFO]: Patch exists for net.minecraft.entity.item.EntityItemFrame
[22:24:15] [main/INFO]: Writing class net.minecraft.entity.item.EntityItemFrame with flags MAXS
[22:24:15] [main/INFO]: Patch exists for net.minecraft.block.Block
[22:24:15] [main/INFO]: Writing class net.minecraft.block.Block with flags MAXS | FRAMES
[22:24:15] [main/INFO]: Transforming net.minecraft.block.BlockPistonBase
[22:24:16] [main/INFO]: Applying Transformation to method (Names [canPush, func_185646_a] Descriptor (Lnet/minecraft/block/state/IBlockState;Lnet/minecraft/world/World;Lnet/minecraft/util/math/BlockPos;Lnet/minecraft/util/EnumFacing;ZLnet/minecraft/util/EnumFacing;)Z)
[22:24:16] [main/INFO]: Located Method, patching...
[22:24:16] [main/INFO]: Located patch target node INVOKEVIRTUAL net/minecraft/block/Block.hasTileEntity (Lnet/minecraft/block/state/IBlockState;)Z
[22:24:16] [main/INFO]: Patch result: true
[22:24:16] [main/INFO]: Applying Transformation to method (Names [doMove, func_176319_a] Descriptor (Lnet/minecraft/world/World;Lnet/minecraft/util/math/BlockPos;Lnet/minecraft/util/EnumFacing;Z)Z)
[22:24:16] [main/INFO]: Located Method, patching...
[22:24:16] [main/INFO]: Located patch target node INVOKEVIRTUAL net/minecraft/block/state/BlockPistonStructureHelper.func_177254_c ()Ljava/util/List;
[22:24:16] [main/INFO]: Patch result: true
[22:24:16] [main/INFO]: Applying Transformation to method (Names [doMove, func_176319_a] Descriptor (Lnet/minecraft/world/World;Lnet/minecraft/util/math/BlockPos;Lnet/minecraft/util/EnumFacing;Z)Z)
[22:24:16] [main/INFO]: Located Method, patching...
[22:24:16] [main/INFO]: Located patch target node INVOKESPECIAL net/minecraft/block/state/BlockPistonStructureHelper.<init> (Lnet/minecraft/world/World;Lnet/minecraft/util/math/BlockPos;Lnet/minecraft/util/EnumFacing;Z)V
[22:24:16] [main/INFO]: Patch result: true
[22:24:16] [main/INFO]: Applying Transformation to method (Names [checkForMove, func_176316_e] Descriptor (Lnet/minecraft/world/World;Lnet/minecraft/util/math/BlockPos;Lnet/minecraft/block/state/IBlockState;)V)
[22:24:16] [main/INFO]: Located Method, patching...
[22:24:16] [main/INFO]: Located patch target node INVOKESPECIAL net/minecraft/block/state/BlockPistonStructureHelper.<init> (Lnet/minecraft/world/World;Lnet/minecraft/util/math/BlockPos;Lnet/minecraft/util/EnumFacing;Z)V
[22:24:16] [main/INFO]: Patch result: true
[22:24:16] [main/INFO]: Patch exists for net.minecraftforge.items.VanillaInventoryCodeHooks
[22:24:16] [main/INFO]: Writing class net.minecraftforge.items.VanillaInventoryCodeHooks with flags MAXS
[22:24:16] [main/INFO]: [pl.asie.foamfix.coremod.FoamFixTransformer:spliceClasses:101]: Added INTERFACE: pl/asie/foamfix/coremod/patches/IFoamFixWorldRemovable
[22:24:16] [main/INFO]: [pl.asie.foamfix.coremod.FoamFixTransformer:spliceClasses:141]: Added METHOD: net.minecraft.world.World.foamfix_removeUnloadedEntities
[22:24:16] [main/INFO]: Transforming World
[22:24:16] [main/INFO]: Applying Transformation to method (Names [updateEntities, func_72939_s] Descriptor ()V)
[22:24:16] [main/INFO]: Attempting to insert: Update hook
[22:24:16] [main/INFO]: Patch result: Success
[22:24:16] [main/INFO]: Applying Transformation to method (Names [updateEntityWithOptionalForce, func_72866_a] Descriptor (Lnet/minecraft/entity/Entity;Z)V)
[22:24:16] [main/INFO]: Attempting to insert: Update hook
[22:24:16] [main/INFO]: Patch result: Success
[22:24:16] [main/INFO]: Patch exists for net.minecraft.world.World
[22:24:16] [main/INFO]: Writing class net.minecraft.world.World with flags MAXS
[22:24:16] [main/INFO]: Transforming method: RenderGlobal#renderEntities(Entity, ICamera, float)
[22:24:16] [main/INFO]: Transforming Particle
[22:24:16] [main/INFO]: Applying Transformation to method (Names [getBrightnessForRender, func_189214_a] Descriptor (F)I)
[22:24:16] [main/INFO]: Attempting to insert: Potion particle glow
[22:24:16] [main/INFO]: Patch result: Success
[22:24:16] [main/INFO]: Patch exists for net.minecraft.client.particle.ParticleManager
[22:24:16] [main/INFO]: Writing class net.minecraft.client.particle.ParticleManager with flags MAXS
[22:24:16] [main/INFO]: Transforming net.minecraft.item.ItemStack
[22:24:16] [main/INFO]: Applying Transformation to method (Names [getTextComponent, func_151000_E] Descriptor ()Lnet/minecraft/util/text/ITextComponent;)
[22:24:16] [main/INFO]: Located Method, patching...
[22:24:16] [main/INFO]: Located patch target node ARETURN
[22:24:16] [main/INFO]: Patch result: true
[22:24:16] [main/INFO]: A re-entrant transformer '$wrapper.vazkii.quark.base.asm.ClassTransformer' was detected and will no longer process meta class data
[22:24:16] [main/INFO]: Patch exists for net.minecraft.entity.Entity
[22:24:16] [main/INFO]: Writing class net.minecraft.entity.Entity with flags MAXS
[22:24:16] [main/INFO]: Patch exists for net.minecraft.enchantment.EnchantmentHelper
[22:24:16] [main/INFO]: Writing class net.minecraft.enchantment.EnchantmentHelper with flags MAXS
[22:24:16] [main/INFO]: [com.Shultrea.Rin.Transformer.SMEASM:transform:48]: Patching EnchantmentHelper
[22:24:16] [main/INFO]: A re-entrant transformer '$wrapper.lumien.resourceloader.asm.ClassTransformer' was detected and will no longer process meta class data
[22:24:16] [main/INFO]: [com.creativemd.creativecore.transformer.CreativeTransformer:transform:49]: [itemphysic] Patched net.minecraft.client.entity.EntityPlayerSP ...
[22:24:16] [main/INFO]: [pl.asie.foamfix.coremod.patches.WorldServerRemovalPatch:apply:57]: Patched updateEntities in net/minecraft/world/WorldServer func_72939_s
[22:24:16] [main/INFO]: Patch exists for net.minecraft.world.WorldServer
[22:24:16] [main/INFO]: Writing class net.minecraft.world.WorldServer with flags MAXS
[22:24:16] [main/INFO]: Patch exists for net.minecraft.world.ServerWorldEventHandler
[22:24:16] [main/INFO]: Writing class net.minecraft.world.ServerWorldEventHandler with flags MAXS
[22:24:16] [main/INFO]: Patch exists for net.minecraft.entity.EntityLivingBase
[22:24:16] [main/INFO]: Writing class net.minecraft.entity.EntityLivingBase with flags MAXS | FRAMES
[22:24:16] [main/INFO]: [com.creativemd.creativecore.transformer.CreativeTransformer:transform:49]: [itemphysic] Patched net.minecraft.entity.item.EntityItem ...
[22:24:16] [main/INFO]: [com.creativemd.creativecore.transformer.CreativeTransformer:transform:49]: [itemphysic] Patched net.minecraft.entity.item.EntityItem ...
[22:24:16] [main/INFO]: Patch exists for net.minecraft.world.ChunkCache
[22:24:16] [main/INFO]: Writing class net.minecraft.world.ChunkCache with flags MAXS
[22:24:16] [main/INFO]: Found method net.minecraft.client.multiplayer.WorldClient.func_184153_a (IIIILjava/util/Random;ZLnet/minecraft/util/math/BlockPos$MutableBlockPos;)V (matching showBarrierParticles)
[22:24:16] [main/INFO]: [BetterFoliageLoader] Applying random display tick call hook
[22:24:16] [main/WARN]: Error loading class: net/optifine/CustomColors (java.lang.ClassNotFoundException: The specified class 'net.optifine.CustomColors' was not found)
[22:24:16] [main/WARN]: @Mixin target net.optifine.CustomColors was not found mixins.betterbiomeblend.json:MixinCustomColors
[22:24:16] [main/ERROR]: Classloader restrictions [PACKAGE_TRANSFORMER_EXCLUSION] encountered loading mixins.blockoverlayfix.json:MixinRenderGlobal, name: meldexun.blockoverlayfix.mixin.MixinRenderGlobal
[22:24:16] [main/INFO]: [pl.asie.foamfix.coremod.FoamFixTransformer:spliceClasses:114]: Spliced in METHOD: net.minecraft.tileentity.TileEntity.func_190559_a
[22:24:16] [main/INFO]: [pl.asie.patchy.helpers.ConstructorReplacingTransformer$FFMethodVisitor:visitTypeInsn:73]: Replaced NEW for net/minecraft/util/ClassInheritanceMultiMap to pl/asie/foamfix/coremod/common/FoamyClassInheritanceMultiMap
[22:24:16] [main/INFO]: [pl.asie.patchy.helpers.ConstructorReplacingTransformer$FFMethodVisitor:visitMethodInsn:85]: Replaced INVOKESPECIAL for net/minecraft/util/ClassInheritanceMultiMap to pl/asie/foamfix/coremod/common/FoamyClassInheritanceMultiMap
[22:24:16] [main/INFO]: A re-entrant transformer '$wrapper.pl.asie.foamfix.coremod.FoamFixTransformer' was detected and will no longer process meta class data
[22:24:16] [main/INFO]: Transforming BlockRendererDispatcher
[22:24:16] [main/INFO]: Applying Transformation to method (Names [renderBlock, func_175018_a] Descriptor (Lnet/minecraft/block/state/IBlockState;Lnet/minecraft/util/math/BlockPos;Lnet/minecraft/world/IBlockAccess;Lnet/minecraft/client/renderer/BufferBuilder;)Z)
[22:24:16] [main/INFO]: Attempting to insert: Block render hook
[22:24:16] [main/INFO]: Patch result: Success
[22:24:16] [main/INFO]: Applying Transformation to method (Names [renderBlock, func_175018_a] Descriptor (Lnet/minecraft/block/state/IBlockState;Lnet/minecraft/util/math/BlockPos;Lnet/minecraft/world/IBlockAccess;Lnet/minecraft/client/renderer/BufferBuilder;)Z)
[22:24:16] [main/INFO]: Attempting to insert: Fluid render hook
[22:24:16] [main/INFO]: Patch result: Success
[22:24:17] [main/INFO]: Launching wrapped minecraft {net.minecraft.client.main.Main}
[22:24:17] [main/INFO]: [pl.asie.foamfix.coremod.FoamFixTransformer:spliceClasses:101]: Added INTERFACE: pl/asie/foamfix/coremod/patches/IFoamFixWorldRemovable
[22:24:17] [main/INFO]: [pl.asie.foamfix.coremod.FoamFixTransformer:spliceClasses:141]: Added METHOD: net.minecraft.world.World.foamfix_removeUnloadedEntities
[22:24:17] [main/INFO]: Transforming World
[22:24:17] [main/INFO]: Applying Transformation to method (Names [updateEntities, func_72939_s] Descriptor ()V)
[22:24:17] [main/INFO]: Attempting to insert: Update hook
[22:24:17] [main/INFO]: Patch result: Success
[22:24:17] [main/INFO]: Applying Transformation to method (Names [updateEntityWithOptionalForce, func_72866_a] Descriptor (Lnet/minecraft/entity/Entity;Z)V)
[22:24:17] [main/INFO]: Attempting to insert: Update hook
[22:24:17] [main/INFO]: Patch result: Success
[22:24:17] [main/INFO]: Patch exists for net.minecraft.world.World
[22:24:17] [main/INFO]: Writing class net.minecraft.world.World with flags MAXS
[22:24:17] [main/INFO]: Found method net.minecraft.client.multiplayer.WorldClient.func_184153_a (IIIILjava/util/Random;ZLnet/minecraft/util/math/BlockPos$MutableBlockPos;)V (matching showBarrierParticles)
[22:24:17] [main/INFO]: [BetterFoliageLoader] Applying random display tick call hook
[22:24:17] [main/INFO]: Patch exists for net.minecraftforge.client.GuiIngameForge
[22:24:17] [main/INFO]: Writing class net.minecraftforge.client.GuiIngameForge with flags MAXS
[22:24:17] [main/INFO]: Transforming net.minecraft.entity.Entity
[22:24:17] [main/INFO]: Applying Transformation to method (Names [move, func_70091_d] Descriptor (Lnet/minecraft/entity/MoverType;DDD)V)
[22:24:17] [main/INFO]: Located Method, patching...
[22:24:17] [main/INFO]: Patch result: true
[22:24:17] [main/INFO]: Located Method, patching...
[22:24:17] [main/INFO]: Located patch target node INVOKEVIRTUAL net/minecraft/entity/Entity.func_145775_I ()V
[22:24:17] [main/INFO]: Patch result: true
[22:24:17] [main/INFO]: Applying Transformation to method (Names [onEntityUpdate, func_70030_z] Descriptor ()V)
[22:24:17] [main/INFO]: Located Method, patching...
[22:24:17] [main/INFO]: Patch result: true
[22:24:17] [main/INFO]: Patch exists for net.minecraft.entity.Entity
[22:24:17] [main/INFO]: Writing class net.minecraft.entity.Entity with flags MAXS
[22:24:17] [main/INFO]: [com.creativemd.creativecore.transformer.CreativeTransformer:transform:49]: [itemphysic] Patched net.minecraft.client.entity.EntityPlayerSP ...
[22:24:17] [main/INFO]: Transforming EntityPlayer
[22:24:17] [main/INFO]: Applying Transformation to method (Names [getArmorVisibility, func_82243_bO, cW] Descriptor ()F / ()F)
[22:24:17] [main/INFO]: Located method, patching...
[22:24:17] [main/INFO]: Located target IINC 1 1
[22:24:17] [main/INFO]: Patch result: true
[22:24:17] [main/INFO]: Patch exists for net.minecraft.entity.EntityLivingBase
[22:24:17] [main/INFO]: Writing class net.minecraft.entity.EntityLivingBase with flags MAXS | FRAMES
[22:24:17] [main/INFO]: Patch exists for net.minecraft.potion.PotionEffect
[22:24:17] [main/INFO]: Writing class net.minecraft.potion.PotionEffect with flags MAXS | FRAMES
[22:24:17] [main/INFO]: Transforming net.minecraft.client.gui.inventory.GuiContainer
[22:24:17] [main/INFO]: Applying Transformation to method (Names [drawScreen, func_73863_a] Descriptor (IIF)V)
[22:24:17] [main/INFO]: Located Method, patching...
[22:24:17] [main/INFO]: Located patch target node INVOKEVIRTUAL net/minecraft/client/gui/inventory/GuiContainer.func_146979_b (II)V
[22:24:17] [main/INFO]: Patch result: true
[22:24:17] [main/INFO]: [pl.asie.foamfix.coremod.patches.WorldServerRemovalPatch:apply:57]: Patched updateEntities in net/minecraft/world/WorldServer func_72939_s
[22:24:17] [main/INFO]: Transforming net.minecraft.world.WorldServer
[22:24:17] [main/INFO]: Applying Transformation to method (Names [areAllPlayersAsleep, func_73056_e] Descriptor ()Z)
[22:24:17] [main/INFO]: Located Method, patching...
[22:24:17] [main/INFO]: Patch result: true
[22:24:17] [main/INFO]: Applying Transformation to method (Names [wakeAllPlayers, func_73053_d] Descriptor ()V)
[22:24:17] [main/INFO]: Located Method, patching...
[22:24:17] [main/INFO]: Patch result: true
[22:24:17] [main/INFO]: Patch exists for net.minecraft.world.WorldServer
[22:24:17] [main/INFO]: Writing class net.minecraft.world.WorldServer with flags MAXS
[22:24:17] [main/INFO]: [pl.asie.foamfix.coremod.FoamFixTransformer:spliceClasses:114]: Spliced in METHOD: net.minecraft.client.util.SearchTreeManager.func_110549_a
[22:24:17] [Client thread/INFO]: Setting user: Gojo
[22:24:17] [Client thread/INFO]: Patch exists for net.minecraft.block.Block
[22:24:17] [Client thread/INFO]: Writing class net.minecraft.block.Block with flags MAXS | FRAMES
[22:24:17] [Client thread/INFO]: About to patch obfuscated class amp (net.minecraft.world.Explosion)
[22:24:17] [Client thread/INFO]: Successfully injected into func_77279_a(Z)V
[22:24:17] [Client thread/INFO]: Transforming net.minecraft.enchantment.Enchantment
[22:24:17] [Client thread/INFO]: Applying Transformation to method (Names [canApply, func_92089_a] Descriptor (Lnet/minecraft/item/ItemStack;)Z)
[22:24:17] [Client thread/INFO]: Located Method, patching...
[22:24:17] [Client thread/INFO]: Located patch target node IRETURN
[22:24:17] [Client thread/INFO]: Patch result: true
[22:24:17] [Client thread/INFO]: [com.creativemd.creativecore.transformer.CreativeTransformer:transform:49]: [itemphysic] Patched net.minecraft.entity.item.EntityItem ...
[22:24:17] [Client thread/INFO]: [com.creativemd.creativecore.transformer.CreativeTransformer:transform:49]: [itemphysic] Patched net.minecraft.entity.item.EntityItem ...
[22:24:17] [Client thread/INFO]: Transforming net.minecraft.entity.item.EntityItem
[22:24:17] [Client thread/INFO]: Applying Transformation to method (Names [onUpdate, func_70071_h_] Descriptor ()V)
[22:24:17] [Client thread/INFO]: Located Method, patching...
[22:24:17] [Client thread/INFO]: Patch result: true
[22:24:17] [Client thread/INFO]: [pl.asie.foamfix.coremod.FoamFixTransformer:spliceClasses:114]: Spliced in METHOD: net.minecraft.block.state.BlockStateContainer.createState
[22:24:17] [Client thread/INFO]: [pl.asie.foamfix.coremod.FoamFixTransformer:spliceClasses:165]: Added FIELD: net.minecraft.block.state.BlockStateContainer.foamfix_mapper
[22:24:17] [Client thread/INFO]: Found method net.minecraft.block.state.BlockStateContainer$StateImplementation.func_185892_j ()F (matching getAmbientOcclusionLightValue)
[22:24:17] [Client thread/INFO]: [BetterFoliageLoader] Applying getAmbientOcclusionLightValue() override
[22:24:17] [Client thread/INFO]: Found method net.minecraft.block.state.BlockStateContainer$StateImplementation.func_185916_f ()Z (matching useNeighborBrightness)
[22:24:17] [Client thread/INFO]: [BetterFoliageLoader] Applying useNeighborBrightness() override
[22:24:17] [Client thread/INFO]: Found method net.minecraft.block.state.BlockStateContainer$StateImplementation.doesSideBlockRendering (Lnet/minecraft/world/IBlockAccess;Lnet/minecraft/util/math/BlockPos;Lnet/minecraft/util/EnumFacing;)Z
[22:24:17] [Client thread/INFO]: [BetterFoliageLoader] Applying doesSideBlockRendering() override
[22:24:17] [Client thread/INFO]: Found method net.minecraft.block.state.BlockStateContainer$StateImplementation.func_185914_p ()Z (matching isOpaqueCube)
[22:24:17] [Client thread/INFO]: [BetterFoliageLoader] Applying isOpaqueCube() override
[22:24:17] [Client thread/INFO]: [pl.asie.foamfix.coremod.FoamFixTransformer:spliceClasses:114]: Spliced in METHOD: net.minecraft.block.properties.PropertyEnum.equals
[22:24:17] [Client thread/INFO]: [pl.asie.foamfix.coremod.FoamFixTransformer:spliceClasses:114]: Spliced in METHOD: net.minecraft.block.properties.PropertyEnum.hashCode
[22:24:17] [Client thread/INFO]: [pl.asie.foamfix.coremod.FoamFixTransformer:spliceClasses:165]: Added FIELD: net.minecraft.block.properties.PropertyEnum.foamfix_hashCode
[22:24:17] [Client thread/INFO]: [pl.asie.foamfix.coremod.FoamFixTransformer:spliceClasses:165]: Added FIELD: net.minecraft.block.properties.PropertyEnum.foamfix_hashCode_calced
[22:24:17] [Client thread/INFO]: [pl.asie.foamfix.coremod.FoamFixTransformer:spliceClasses:114]: Spliced in METHOD: net.minecraft.block.properties.PropertyInteger.hashCode
[22:24:17] [Client thread/INFO]: [pl.asie.foamfix.coremod.FoamFixTransformer:spliceClasses:165]: Added FIELD: net.minecraft.block.properties.PropertyInteger.foamfix_hashCode
[22:24:17] [Client thread/INFO]: [pl.asie.foamfix.coremod.FoamFixTransformer:spliceClasses:165]: Added FIELD: net.minecraft.block.properties.PropertyInteger.foamfix_hashCode_calced
[22:24:17] [Client thread/INFO]: [pl.asie.foamfix.coremod.FoamFixTransformer:spliceClasses:114]: Spliced in METHOD: net.minecraft.block.properties.PropertyBool.equals
[22:24:17] [Client thread/INFO]: [pl.asie.foamfix.coremod.FoamFixTransformer:spliceClasses:114]: Spliced in METHOD: net.minecraft.block.properties.PropertyBool.hashCode
[22:24:17] [Client thread/INFO]: Transforming net.minecraft.item.ItemStack
[22:24:17] [Client thread/INFO]: Applying Transformation to method (Names [getTextComponent, func_151000_E] Descriptor ()Lnet/minecraft/util/text/ITextComponent;)
[22:24:17] [Client thread/INFO]: Located Method, patching...
[22:24:17] [Client thread/INFO]: Located patch target node ARETURN
[22:24:17] [Client thread/INFO]: Patch result: true
[22:24:18] [Client thread/INFO]: Transforming net.minecraft.block.BlockDynamicLiquid
[22:24:18] [Client thread/INFO]: Applying Transformation to method (Names [isBlocked, func_176372_g] Descriptor (Lnet/minecraft/world/World;Lnet/minecraft/util/math/BlockPos;Lnet/minecraft/block/state/IBlockState;)Z)
[22:24:18] [Client thread/INFO]: Located Method, patching...
[22:24:18] [Client thread/INFO]: Located patch target node IRETURN
[22:24:18] [Client thread/INFO]: Located patch target node IRETURN
[22:24:18] [Client thread/INFO]: Patch result: true
[22:24:18] [Client thread/INFO]: Patch exists for net.minecraft.entity.item.EntityFallingBlock
[22:24:18] [Client thread/INFO]: Writing class net.minecraft.entity.item.EntityFallingBlock with flags MAXS | FRAMES
[22:24:18] [Client thread/INFO]: [pl.asie.foamfix.coremod.FoamFixTransformer:spliceClasses:114]: Spliced in METHOD: net.minecraft.tileentity.TileEntity.func_190559_a
[22:24:18] [Client thread/INFO]: [pl.asie.foamfix.coremod.FoamFixTransformer:spliceClasses:114]: Spliced in METHOD: net.minecraft.block.BlockBed.func_189540_a
[22:24:18] [Client thread/INFO]: Transforming net.minecraft.block.BlockPistonBase
[22:24:18] [Client thread/INFO]: Applying Transformation to method (Names [canPush, func_185646_a] Descriptor (Lnet/minecraft/block/state/IBlockState;Lnet/minecraft/world/World;Lnet/minecraft/util/math/BlockPos;Lnet/minecraft/util/EnumFacing;ZLnet/minecraft/util/EnumFacing;)Z)
[22:24:18] [Client thread/INFO]: Located Method, patching...
[22:24:18] [Client thread/INFO]: Located patch target node INVOKEVIRTUAL net/minecraft/block/Block.hasTileEntity (Lnet/minecraft/block/state/IBlockState;)Z
[22:24:18] [Client thread/INFO]: Patch result: true
[22:24:18] [Client thread/INFO]: Applying Transformation to method (Names [doMove, func_176319_a] Descriptor (Lnet/minecraft/world/World;Lnet/minecraft/util/math/BlockPos;Lnet/minecraft/util/EnumFacing;Z)Z)
[22:24:18] [Client thread/INFO]: Located Method, patching...
[22:24:18] [Client thread/INFO]: Located patch target node INVOKEVIRTUAL net/minecraft/block/state/BlockPistonStructureHelper.func_177254_c ()Ljava/util/List;
[22:24:18] [Client thread/INFO]: Patch result: true
[22:24:18] [Client thread/INFO]: Applying Transformation to method (Names [doMove, func_176319_a] Descriptor (Lnet/minecraft/world/World;Lnet/minecraft/util/math/BlockPos;Lnet/minecraft/util/EnumFacing;Z)Z)
[22:24:18] [Client thread/INFO]: Located Method, patching...
[22:24:18] [Client thread/INFO]: Located patch target node INVOKESPECIAL net/minecraft/block/state/BlockPistonStructureHelper.<init> (Lnet/minecraft/world/World;Lnet/minecraft/util/math/BlockPos;Lnet/minecraft/util/EnumFacing;Z)V
[22:24:18] [Client thread/INFO]: Patch result: true
[22:24:18] [Client thread/INFO]: Applying Transformation to method (Names [checkForMove, func_176316_e] Descriptor (Lnet/minecraft/world/World;Lnet/minecraft/util/math/BlockPos;Lnet/minecraft/block/state/IBlockState;)V)
[22:24:18] [Client thread/INFO]: Located Method, patching...
[22:24:18] [Client thread/INFO]: Located patch target node INVOKESPECIAL net/minecraft/block/state/BlockPistonStructureHelper.<init> (Lnet/minecraft/world/World;Lnet/minecraft/util/math/BlockPos;Lnet/minecraft/util/EnumFacing;Z)V
[22:24:18] [Client thread/INFO]: Patch result: true
[22:24:18] [Client thread/INFO]: Transforming net.minecraft.tileentity.TileEntityPiston
[22:24:18] [Client thread/INFO]: Applying Transformation to method (Names [update, func_73660_a] Descriptor ()V)
[22:24:18] [Client thread/INFO]: Located Method, patching...
[22:24:18] [Client thread/INFO]: Patch result: true
[22:24:18] [Client thread/INFO]: Applying Transformation to method (Names [clearPistonTileEntity, func_145866_f] Descriptor ()V)
[22:24:18] [Client thread/INFO]: Located Method, patching...
[22:24:18] [Client thread/INFO]: Located patch target node INVOKEVIRTUAL net/minecraft/world/World.func_180501_a (Lnet/minecraft/util/math/BlockPos;Lnet/minecraft/block/state/IBlockState;I)Z
[22:24:18] [Client thread/INFO]: Patch result: true
[22:24:18] [Client thread/INFO]: Applying Transformation to method (Names [update, func_73660_a] Descriptor ()V)
[22:24:18] [Client thread/INFO]: Located Method, patching...
[22:24:18] [Client thread/INFO]: Located patch target node INVOKEVIRTUAL net/minecraft/world/World.func_180501_a (Lnet/minecraft/util/math/BlockPos;Lnet/minecraft/block/state/IBlockState;I)Z
[22:24:18] [Client thread/INFO]: Patch result: true
[22:24:18] [Client thread/INFO]: Injecting into apr (net.minecraft.block.BlockWorkbench)
[22:24:18] [Client thread/INFO]:  - ITileEntityProvider
[22:24:18] [Client thread/INFO]:  - createNewTileEntity
[22:24:18] [Client thread/INFO]:  - breakBlock
[22:24:18] [Client thread/INFO]:  - <clinit>
[22:24:18] [Client thread/INFO]:  - isOpaqueCube
[22:24:18] [Client thread/INFO]:  - Done
[22:24:18] [Client thread/INFO]: Patch exists for pw.prok.realbench.WorkbenchTile
[22:24:18] [Client thread/INFO]: Writing class pw.prok.realbench.WorkbenchTile with flags MAXS | FRAMES
[22:24:18] [Client thread/INFO]: Injecting into pw.prok.realbench.asm.ASMHooks (pw.prok.realbench.asm.ASMHooks)
[22:24:18] [Client thread/INFO]:  - getTile
[22:24:18] [Client thread/INFO]:  - Done
[22:24:18] [Client thread/INFO]: Patch exists for pw.prok.realbench.asm.ASMHooks
[22:24:18] [Client thread/INFO]: Writing class pw.prok.realbench.asm.ASMHooks with flags MAXS | FRAMES
[22:24:18] [Client thread/WARN]: Potentially Dangerous alternative prefix `realbench` for name `workbench`, expected `minecraft`. This could be a intended override, but in most cases indicates a broken mod.
[22:24:18] [Client thread/INFO]: Transforming TileEntityFurnace
[22:24:18] [Client thread/INFO]: Applying Transformation to method (Names [smeltItem, func_145949_j, o] Descriptor ()V / ()V)
[22:24:18] [Client thread/INFO]: Located method, patching...
[22:24:18] [Client thread/INFO]: Located target ASTORE 2
[22:24:18] [Client thread/INFO]: Patch result: true
[22:24:18] [Client thread/INFO]: Applying Transformation to method (Names [isItemValidForSlot, func_94041_b, b] Descriptor (ILnet/minecraft/item/ItemStack;)Z / (ILaip;)Z)
[22:24:18] [Client thread/INFO]: Located method, patching...
[22:24:18] [Client thread/INFO]: Located target ILOAD 1
[22:24:18] [Client thread/INFO]: Patch result: true
[22:24:18] [Client thread/INFO]: Transforming TileEntityBeacon
[22:24:18] [Client thread/INFO]: Applying Transformation to method (Names [addEffectsToPlayers, func_146000_x, E] Descriptor ()V / ()V)
[22:24:18] [Client thread/INFO]: Located method, patching...
[22:24:18] [Client thread/INFO]: Located target ALOAD 9
[22:24:18] [Client thread/INFO]: Patch result: true
[22:24:18] [Client thread/INFO]: Patch exists for net.minecraft.tileentity.TileEntityHopper
[22:24:18] [Client thread/INFO]: Writing class net.minecraft.tileentity.TileEntityHopper with flags MAXS
[22:24:18] [Client thread/INFO]: Transforming TileEntityShulkerBox
[22:24:18] [Client thread/INFO]: Applying Transformation to method (Names [canInsertItem, func_180462_a, a] Descriptor (ILnet/minecraft/item/ItemStack;Lnet/minecraft/util/EnumFacing;)Z / (ILaip;Lnet/minecraft/util/EnumFacing;)Z)
[22:24:18] [Client thread/INFO]: Failed to locate the method!
[22:24:18] [Client thread/INFO]: Transforming net.minecraft.client.renderer.tileentity.TileEntityPistonRenderer
[22:24:18] [Client thread/INFO]: Applying Transformation to method (Names [render, func_192841_a] Descriptor (Lnet/minecraft/tileentity/TileEntityPiston;DDDFIF)V)
[22:24:18] [Client thread/INFO]: Located Method, patching...
[22:24:18] [Client thread/INFO]: Patch result: true
[22:24:18] [Client thread/INFO]: [pl.asie.foamfix.coremod.patches.GhostBusterBlockStateAccessPatch$FFMethodVisitor:visitMethodInsn:93]: Added ghost buster patch (getBlockState call wrapped) in net/minecraft/block/BlockFarmland func_176530_e (net/minecraft/world/World func_180495_p (Lnet/minecraft/util/math/BlockPos;)Lnet/minecraft/block/state/IBlockState;)
[22:24:18] [Client thread/INFO]: Patch exists for net.minecraft.entity.monster.EntityMob
[22:24:18] [Client thread/INFO]: Writing class net.minecraft.entity.monster.EntityMob with flags MAXS
[22:24:18] [Client thread/INFO]: Transforming EntityWither
[22:24:18] [Client thread/INFO]: Applying Transformation to method (Names [canDestroyBlock, func_181033_a, a] Descriptor (Lnet/minecraft/block/Block;)Z / (Lnet/minecraft/block/Block;)Z)
[22:24:18] [Client thread/INFO]: Failed to locate the method!
[22:24:18] [Client thread/INFO]: [pl.asie.patchy.helpers.ConstructorReplacingTransformer$FFMethodVisitor:visitTypeInsn:73]: Replaced NEW for net/minecraft/tileentity/TileEntityHopper to pl/asie/foamfix/common/TileEntityFasterHopper
[22:24:18] [Client thread/INFO]: [pl.asie.patchy.helpers.ConstructorReplacingTransformer$FFMethodVisitor:visitMethodInsn:85]: Replaced INVOKESPECIAL for net/minecraft/tileentity/TileEntityHopper to pl/asie/foamfix/common/TileEntityFasterHopper
[22:24:18] [Client thread/INFO]: [com.Shultrea.Rin.Transformer.SMEASM:transform:54]: Patching EnchantmentProtection
[22:24:18] [Client thread/INFO]: Transforming net.minecraft.enchantment.EnchantmentDamage
[22:24:18] [Client thread/INFO]: Applying Transformation to method (Names [canApply, func_92089_a] Descriptor (Lnet/minecraft/item/ItemStack;)Z)
[22:24:18] [Client thread/INFO]: Located Method, patching...
[22:24:18] [Client thread/INFO]: Located patch target node IRETURN
[22:24:18] [Client thread/INFO]: Located patch target node IRETURN
[22:24:18] [Client thread/INFO]: Patch result: true
[22:24:18] [Client thread/INFO]: Transforming ItemToolMaterial
[22:24:18] [Client thread/INFO]: Applying Transformation to method (Names [getMaxUses, func_77997_a, a] Descriptor ()I / ()I)
[22:24:18] [Client thread/INFO]: Located method, patching...
[22:24:18] [Client thread/INFO]: Located target GETFIELD ain$a.g : I
[22:24:18] [Client thread/INFO]: Patch result: true
[22:24:18] [Client thread/INFO]: Applying Transformation to method (Names [getEfficiency, func_77998_b, b] Descriptor ()F / ()F)
[22:24:18] [Client thread/INFO]: Located method, patching...
[22:24:18] [Client thread/INFO]: Located target GETFIELD ain$a.h : F
[22:24:18] [Client thread/INFO]: Patch result: true
[22:24:18] [Client thread/INFO]: Applying Transformation to method (Names [getAttackDamage, func_78000_c, c] Descriptor ()F / ()F)
[22:24:18] [Client thread/INFO]: Located method, patching...
[22:24:18] [Client thread/INFO]: Located target GETFIELD ain$a.i : F
[22:24:18] [Client thread/INFO]: Patch result: true
[22:24:18] [Client thread/INFO]: Applying Transformation to method (Names [getHarvestLevel, func_77996_d, d] Descriptor ()I / ()I)
[22:24:18] [Client thread/INFO]: Located method, patching...
[22:24:18] [Client thread/INFO]: Located target GETFIELD ain$a.f : I
[22:24:18] [Client thread/INFO]: Patch result: true
[22:24:18] [Client thread/INFO]: Applying Transformation to method (Names [getEnchantability, func_77995_e, e] Descriptor ()I / ()I)
[22:24:18] [Client thread/INFO]: Located method, patching...
[22:24:18] [Client thread/INFO]: Located target GETFIELD ain$a.j : I
[22:24:18] [Client thread/INFO]: Patch result: true
[22:24:18] [Client thread/INFO]: Patch exists for net.minecraft.entity.item.EntityItemFrame
[22:24:18] [Client thread/INFO]: Writing class net.minecraft.entity.item.EntityItemFrame with flags MAXS
[22:24:18] [Client thread/INFO]: Transforming net.minecraft.entity.item.EntityMinecart
[22:24:18] [Client thread/INFO]: Applying Transformation to method (Names [killMinecart, func_94095_a] Descriptor (Lnet/minecraft/util/DamageSource;)V)
[22:24:18] [Client thread/INFO]: Located Method, patching...
[22:24:18] [Client thread/INFO]: Located patch target node INVOKEVIRTUAL net/minecraft/entity/item/EntityMinecart.func_70099_a (Lnet/minecraft/item/ItemStack;F)Lnet/minecraft/entity/item/EntityItem;
[22:24:18] [Client thread/INFO]: Patch result: true
[22:24:18] [Client thread/INFO]: Transforming net.minecraft.entity.item.EntityBoat
[22:24:18] [Client thread/INFO]: Applying Transformation to method (Names [attackEntityFrom, func_70097_a] Descriptor (Lnet/minecraft/util/DamageSource;F)Z)
[22:24:18] [Client thread/INFO]: Located Method, patching...
[22:24:18] [Client thread/INFO]: Located patch target node INVOKEVIRTUAL net/minecraft/entity/item/EntityBoat.func_145778_a (Lnet/minecraft/item/Item;IF)Lnet/minecraft/entity/item/EntityItem;
[22:24:18] [Client thread/INFO]: Patch result: true
[22:24:18] [Client thread/INFO]: Patch exists for net.minecraft.potion.PotionEffect
[22:24:18] [Client thread/INFO]: Writing class net.minecraft.potion.PotionEffect with flags MAXS | FRAMES
[22:24:18] [Client thread/INFO]: Transforming net.minecraft.item.ItemBanner
[22:24:18] [Client thread/INFO]: Applying Transformation to method (Names [appendHoverTextFromTileEntityTag, func_185054_a] Descriptor (Lnet/minecraft/item/ItemStack;Ljava/util/List;)V)
[22:24:18] [Client thread/INFO]: Located Method, patching...
[22:24:18] [Client thread/INFO]: Located patch target node BIPUSH 6
[22:24:18] [Client thread/INFO]: Patch result: true
[22:24:18] [Client thread/INFO]: Transforming ItemChorusFruit
[22:24:18] [Client thread/INFO]: Applying Transformation to method (Names [onItemUseFinish, func_77654_b, a] Descriptor (Lnet/minecraft/item/ItemStack;Lnet/minecraft/world/World;Lnet/minecraft/entity/EntityLivingBase;)Lnet/minecraft/item/ItemStack; / (Laip;Lamu;Lvp;)Laip;)
[22:24:18] [Client thread/INFO]: Located method, patching...
[22:24:18] [Client thread/INFO]: Located target IFNE L0
[22:24:18] [Client thread/INFO]: Patch result: true
[22:24:18] [Client thread/INFO]: Patch exists for net.minecraft.entity.ai.attributes.AttributeMap
[22:24:18] [Client thread/INFO]: Writing class net.minecraft.entity.ai.attributes.AttributeMap with flags MAXS | FRAMES
[22:24:18] [Client thread/INFO]: Patch exists for net.minecraft.pathfinding.PathNavigate
[22:24:18] [Client thread/INFO]: Writing class net.minecraft.pathfinding.PathNavigate with flags MAXS
[22:24:18] [Client thread/INFO]: Transforming net.minecraft.entity.ai.EntityAITarget
[22:24:18] [Client thread/INFO]: Applying Transformation to method (Names [isSuitableTarget, func_179445_a] Descriptor (Lnet/minecraft/entity/EntityLiving;Lnet/minecraft/entity/EntityLivingBase;ZZ)Z)
[22:24:18] [Client thread/INFO]: Located Method, patching...
[22:24:18] [Client thread/INFO]: Patch result: true
[22:24:18] [Client thread/INFO]: Patch exists for net.minecraft.entity.monster.EntityMob
[22:24:18] [Client thread/INFO]: Writing class net.minecraft.entity.monster.EntityMob with flags MAXS
[22:24:18] [Client thread/INFO]: [pl.asie.foamfix.coremod.FoamFixTransformer:spliceClasses:101]: Added INTERFACE: pl/asie/foamfix/api/IFoamFixMobSpawnerLogic
[22:24:18] [Client thread/INFO]: [pl.asie.foamfix.coremod.FoamFixTransformer:spliceClasses:114]: Spliced in METHOD: net.minecraft.tileentity.MobSpawnerBaseLogic.func_98279_f
[22:24:18] [Client thread/INFO]: [pl.asie.foamfix.coremod.FoamFixTransformer:spliceClasses:165]: Added FIELD: net.minecraft.tileentity.MobSpawnerBaseLogic.foamfix_activatedCache
[22:24:18] [Client thread/INFO]: [pl.asie.foamfix.coremod.FoamFixTransformer:spliceClasses:165]: Added FIELD: net.minecraft.tileentity.MobSpawnerBaseLogic.foamfix_activatedCachePESize
[22:24:18] [Client thread/INFO]: [pl.asie.foamfix.coremod.FoamFixTransformer:spliceClasses:165]: Added FIELD: net.minecraft.tileentity.MobSpawnerBaseLogic.foamfix_activatedCacheTime
[22:24:18] [Client thread/INFO]: [pl.asie.foamfix.coremod.FoamFixTransformer:spliceClasses:165]: Added FIELD: net.minecraft.tileentity.MobSpawnerBaseLogic.foamfix_forcedCache
[22:24:18] [Client thread/INFO]: [pl.asie.foamfix.coremod.FoamFixTransformer:spliceClasses:165]: Added FIELD: net.minecraft.tileentity.MobSpawnerBaseLogic.foamfix_forcedCacheTime
[22:24:18] [Client thread/INFO]: Patch exists for net.minecraft.pathfinding.PathNavigate
[22:24:18] [Client thread/INFO]: Writing class net.minecraft.pathfinding.PathNavigate with flags MAXS
[22:24:19] [Client thread/INFO]: Patch exists for net.minecraft.entity.passive.EntityVillager$ListEnchantedBookForEmeralds
[22:24:19] [Client thread/INFO]: Writing class net.minecraft.entity.passive.EntityVillager$ListEnchantedBookForEmeralds with flags MAXS
[22:24:19] [Client thread/INFO]: Transforming net.minecraft.item.crafting.RecipesBanners$RecipeAddPattern
[22:24:19] [Client thread/INFO]: Applying Transformation to method (Names [matches, func_77569_a] Descriptor (Lnet/minecraft/inventory/InventoryCrafting;Lnet/minecraft/world/World;)Z)
[22:24:19] [Client thread/INFO]: Located Method, patching...
[22:24:19] [Client thread/INFO]: Located patch target node INVOKESTATIC net/minecraft/tileentity/TileEntityBanner.func_175113_c (Lnet/minecraft/item/ItemStack;)I
[22:24:19] [Client thread/INFO]: Patch result: true
[22:24:19] [Client thread/INFO]: Transforming net.minecraft.inventory.ContainerMerchant
[22:24:19] [Client thread/INFO]: Applying Transformation to method (Names [transferStackInSlot, func_82846_b] Descriptor (Lnet/minecraft/entity/player/EntityPlayer;I)Lnet/minecraft/item/ItemStack;)
[22:24:19] [Client thread/INFO]: Located Method, patching...
[22:24:19] [Client thread/INFO]: Located patch target node INVOKEVIRTUAL net/minecraft/inventory/ContainerMerchant.func_75135_a (Lnet/minecraft/item/ItemStack;IIZ)Z
[22:24:19] [Client thread/INFO]: Located patch target node INVOKEVIRTUAL net/minecraft/inventory/ContainerMerchant.func_75135_a (Lnet/minecraft/item/ItemStack;IIZ)Z
[22:24:19] [Client thread/INFO]: Located patch target node INVOKEVIRTUAL net/minecraft/inventory/ContainerMerchant.func_75135_a (Lnet/minecraft/item/ItemStack;IIZ)Z
[22:24:19] [Client thread/INFO]: Located patch target node INVOKEVIRTUAL net/minecraft/inventory/ContainerMerchant.func_75135_a (Lnet/minecraft/item/ItemStack;IIZ)Z
[22:24:19] [Client thread/INFO]: Patch result: true
[22:24:19] [Client thread/INFO]: Transforming ContainerFurnace
[22:24:19] [Client thread/INFO]: Applying Transformation to method (Names [<init>, <init>, ] Descriptor (Lnet/minecraft/entity/player/InventoryPlayer;Lnet/minecraft/inventory/IInventory;)V / (Laec;Ltv;)V)
[22:24:19] [Client thread/INFO]: Located method, patching...
[22:24:19] [Client thread/INFO]: Located target NEW agr
[22:24:19] [Client thread/INFO]: Patch result: true
[22:24:19] [Client thread/INFO]: Applying Transformation to method (Names [<init>, <init>, ] Descriptor (Lnet/minecraft/entity/player/InventoryPlayer;Lnet/minecraft/inventory/IInventory;)V / (Laec;Ltv;)V)
[22:24:19] [Client thread/INFO]: Located method, patching...
[22:24:19] [Client thread/INFO]: Located target INVOKESPECIAL agr.<init> (Ltv;III)V
[22:24:19] [Client thread/INFO]: Patch result: true
[22:24:19] [Client thread/INFO]: LWJGL Version: 2.9.4
[22:24:19] [Client thread/INFO]: Transforming net.minecraft.client.model.ModelBiped
[22:24:19] [Client thread/INFO]: Applying Transformation to method (Names [setRotationAngles, func_78087_a] Descriptor (FFFFFFLnet/minecraft/entity/Entity;)V)
[22:24:19] [Client thread/INFO]: Located Method, patching...
[22:24:19] [Client thread/INFO]: Located patch target node RETURN
[22:24:19] [Client thread/INFO]: Patch result: true
[22:24:19] [Client thread/WARN]: Unable to call Core API! It has not been initialized yet!
[22:24:19] [Client thread/INFO]: -- System Details --
Details:
	Minecraft Version: 1.12.2
	Operating System: Windows 10 (amd64) version 10.0
	Java Version: 1.8.0_51, Oracle Corporation
	Java VM Version: Java HotSpot(TM) 64-Bit Server VM (mixed mode), Oracle Corporation
	Memory: 227375480 bytes (216 MB) / 805306368 bytes (768 MB) up to 4294967296 bytes (4096 MB)
	JVM Flags: 8 total; -XX:+UnlockExperimentalVMOptions -XX:+UseG1GC -XX:G1NewSizePercent=20 -XX:G1ReservePercent=20 -XX:MaxGCPauseMillis=50 -XX:G1HeapRegionSize=16M -Xmx4096m -XX:HeapDumpPath=MojangTricksIntelDriversForPerformance_javaw.exe_minecraft.exe.heapdump
	IntCache: cache: 0, tcache: 0, allocated: 0, tallocated: 0
	FML: 
	Loaded coremods (and transformers): 
MixinLoader (BedBreakBegone-1.0.2.jar)
  
SimpleDifficulty ASM (SimpleDifficulty-1.12.2-0.3.9.jar)
  com.charles445.simpledifficulty.asm.SimpleDifficultyASM
RLTweaker ASM (RLTweaker-1.12.2-0.5.12.jar)
  com.charles445.rltweaker.asm.RLTweakerASM
LibrarianLib Plugin (librarianlib-1.12.2-4.22.jar)
  com.teamwizardry.librarianlib.asm.LibLibTransformer
ParticleCullingLoadingPlugin (particleculling-1.12.2-v1.4.1.jar)
  
LoadingPlugin (ChunkAnimator-1.12.2-1.2.1.jar)
  lumien.chunkanimator.asm.ClassTransformer
WolfArmorCore (WolfArmorAndStorage-3.8.1+1.12.2.alpha.1-SNAPSHOT-signed.jar)
  
BlockOverlayFixPlugin (BlockOverlayFix-1.12.2-1.0.0.jar)
  
ItemPatchingLoader (ItemPhysic_Full_1.4.37_mc1.12.2.jar)
  com.creativemd.itemphysic.ItemTransformer
MixinLoader (Locks-1.12.2-3.0.0.jar)
  
TransformLoader (DynamicSurroundings-1.12.2-3.6.2.1.jar)
  
Quark Plugin (Quark-r1.6-179.jar)
  vazkii.quark.base.asm.ClassTransformer
RLMixinsPlugin (RLMixins-1.2.15.jar)
  
EntityCullingPlugin (EntityCulling-1.12.2-6.3.1.jar)
  meldexun.entityculling.asm.EntityCullingClassTransformer
LoadingPlugin (Bloodmoon-MC1.12.2-1.5.3.jar)
  lumien.bloodmoon.asm.ClassTransformer
PhosphorFMLLoadingPlugin (phosphor-1.12.2-0.2.6+build50-universal.jar)
  
MMFMLCorePlugin (MultiMine-1.12.2.jar)
  atomicstryker.multimine.common.fmlmagic.MMTransformer
SpartanWeaponry-MixinLoader (SpartanWeaponry-1.12.2-1.5.3.jar)
  
LoadingPlugin (ResourceLoader-MC1.12.1-1.5.3.jar)
  lumien.resourceloader.asm.ClassTransformer
IvToolkit (IvToolkit-1.3.3-1.12.jar)
  
LoadingPlugin (Reskillable-1.12.2-1.13.0.jar)
  codersafterdark.reskillable.base.asm.ClassTransformer
Inventory Tweaks Coremod (InventoryTweaks-1.64+dev.151.jar)
  invtweaks.forge.asm.ContainerTransformer
RBLoadingPlugin (RealBench-1.12.2-1.3.3.jar)
  pw.prok.realbench.asm.RBTransformer
SSLoadingPlugin (SereneSeasons-1.12.2-1.2.18-universal.jar)
  sereneseasons.asm.transformer.EntityRendererTransformer
  sereneseasons.asm.transformer.WorldTransformer
Do not report to Forge! (If you haven't disabled the FoamFix coremod, try disabling it in the config! Note that this bit of text will still appear.) (foamfix-0.10.15-1.12.2.jar)
  pl.asie.foamfix.coremod.FoamFixTransformer
ReachFixPlugin (ReachFix-1.12.2-1.0.8.jar)
  meldexun.reachfix.asm.ReachFixClassTransformer
SoManyEnchantments ASM (SoManyEnchantments-0.5.5.jar)
  com.Shultrea.Rin.Transformer.SMEASM
ForgelinPlugin (Forgelin-1.8.4.jar)
  
CreativePatchingLoader (CreativeCore_v1.10.70_mc1.12.2.jar)
  
MaterialTweakerPlugin (MaterialTweaker-1.1.1.jar)
  
RenderLibPlugin (RenderLib-1.12.2-1.2.8.jar)
  meldexun.renderlib.asm.RenderLibClassTransformer
Snow! Real Magic! (SnowRealMagic-1.12.2-0.7.1.jar)
  
SurgeLoadingPlugin (Surge-1.12.2-2.0.79.jar)
  
Born in a Barn (Born In A Barn V1.8-1.12-1.1.jar)
  com.chocohead.biab.BornInABarn
CharmLoadingPlugin (Charm-1.12.2-1.4.1.jar)
  svenhjol.charm.base.CharmClassTransformer
llibrary (llibrary-core-1.0.11-1.12.2.jar)
  net.ilexiconn.llibrary.server.core.plugin.LLibraryTransformer
  net.ilexiconn.llibrary.server.core.patcher.LLibraryRuntimePatcher
CorePlugin (ForgeEndertech-1.12.2-4.5.6.1-build.0648.jar)
  
Better Biome Blend (betterbiomeblend-1.12.2-1.1.7-forge.jar)
  
TNTUtilities Core (tnt_utilities-mc1.12-1.2.3.jar)
  ljfa.tntutils.asm.ExplosionTransformer
BetterFoliageLoader (BetterFoliage-MC1.12-2.3.3.jar)
  mods.betterfoliage.loader.BetterFoliageTransformer
MixinLoader (framevoidpatch-1.0.0.jar)
  
	GL info: ' Vendor: 'NVIDIA Corporation' Version: '4.6.0 NVIDIA 560.94' Renderer: 'NVIDIA GeForce RTX 4060 Ti/PCIe/SSE2'
[22:24:19] [Client thread/INFO]: MinecraftForge v14.23.5.2860 Initialized
[22:24:19] [Client thread/INFO]: Starts to replace vanilla recipe ingredients with ore ingredients.
[22:24:19] [Client thread/INFO]: Invalid recipe found with multiple oredict ingredients in the same ingredient...
[22:24:19] [Client thread/INFO]: Replaced 1227 ore ingredients
[22:24:19] [Client thread/INFO]: Patch exists for net.minecraftforge.common.ForgeHooks
[22:24:19] [Client thread/INFO]: Writing class net.minecraftforge.common.ForgeHooks with flags MAXS
[22:24:19] [Client thread/INFO]: ATTEMPTING TO PATCH  net.minecraftforge.common.ForgeHooks!
[22:24:19] [Client thread/INFO]: Applying patch [Stop Log Spammers] 
[22:24:19] [Client thread/INFO]: Writing class net.minecraftforge.common.ForgeHooks with flags None
[22:24:19] [Client thread/WARN]: Enabling removal of erroring Entities - USE AT YOUR OWN RISK
[22:24:19] [Client thread/WARN]: Enabling removal of erroring Tile Entities - USE AT YOUR OWN RISK
[22:24:19] [Client thread/INFO]: Searching C:\Users\clkma\AppData\Roaming\.minecraft\modpacks\97310384-d078-3373-9553-2a4e6fca4cf5\mods for mods
[22:24:20] [Client thread/ERROR]: Unable to read a class file correctly
java.lang.IllegalArgumentException: null
	at org.objectweb.asm.ClassReader.<init>(ClassReader.java:185) ~[asm-debug-all-5.2.jar:5.2]
	at org.objectweb.asm.ClassReader.<init>(ClassReader.java:168) ~[asm-debug-all-5.2.jar:5.2]
	at org.objectweb.asm.ClassReader.<init>(ClassReader.java:439) ~[asm-debug-all-5.2.jar:5.2]
	at net.minecraftforge.fml.common.discovery.asm.ASMModParser.<init>(ASMModParser.java:57) [ASMModParser.class:?]
	at net.minecraftforge.fml.common.discovery.JarDiscoverer.findClassesASM(JarDiscoverer.java:102) [JarDiscoverer.class:?]
	at net.minecraftforge.fml.common.discovery.JarDiscoverer.discover(JarDiscoverer.java:77) [JarDiscoverer.class:?]
	at net.minecraftforge.fml.common.discovery.ContainerType.findMods(ContainerType.java:47) [ContainerType.class:?]
	at net.minecraftforge.fml.common.discovery.ModCandidate.explore(ModCandidate.java:74) [ModCandidate.class:?]
	at net.minecraftforge.fml.common.discovery.ModDiscoverer.identifyMods(ModDiscoverer.java:93) [ModDiscoverer.class:?]
	at net.minecraftforge.fml.common.Loader.identifyMods(Loader.java:427) [Loader.class:?]
	at net.minecraftforge.fml.common.Loader.loadMods(Loader.java:568) [Loader.class:?]
	at net.minecraftforge.fml.client.FMLClientHandler.beginMinecraftLoading(FMLClientHandler.java:232) [FMLClientHandler.class:?]
	at net.minecraft.client.Minecraft.func_71384_a(Minecraft.java:467) [bib.class:?]
	at net.minecraft.client.Minecraft.func_99999_d(Minecraft.java:378) [bib.class:?]
	at net.minecraft.client.main.Main.main(SourceFile:123) [Main.class:?]
	at sun.reflect.NativeMethodAccessorImpl.invoke0(Native Method) ~[?:1.8.0_51]
	at sun.reflect.NativeMethodAccessorImpl.invoke(NativeMethodAccessorImpl.java:62) ~[?:1.8.0_51]
	at sun.reflect.DelegatingMethodAccessorImpl.invoke(DelegatingMethodAccessorImpl.java:43) ~[?:1.8.0_51]
	at java.lang.reflect.Method.invoke(Method.java:497) ~[?:1.8.0_51]
	at net.minecraft.launchwrapper.Launch.launch(Launch.java:135) [launchwrapper-1.12.jar:?]
	at net.minecraft.launchwrapper.Launch.main(Launch.java:28) [launchwrapper-1.12.jar:?]
[22:24:20] [Client thread/ERROR]: There was a problem reading the entry impl/com/pixelduke/window/win32/windows11/DWM_CORNER_PREFERENCE.class in the jar C:\Users\clkma\AppData\Roaming\.minecraft\sklauncher-fx.jar - probably a corrupt zip
net.minecraftforge.fml.common.LoaderException: java.lang.IllegalArgumentException

	at net.minecraftforge.fml.common.discovery.asm.ASMModParser.<init>(ASMModParser.java:63) ~[ASMModParser.class:?]
	at net.minecraftforge.fml.common.discovery.JarDiscoverer.findClassesASM(JarDiscoverer.java:102) [JarDiscoverer.class:?]
	at net.minecraftforge.fml.common.discovery.JarDiscoverer.discover(JarDiscoverer.java:77) [JarDiscoverer.class:?]
	at net.minecraftforge.fml.common.discovery.ContainerType.findMods(ContainerType.java:47) [ContainerType.class:?]
	at net.minecraftforge.fml.common.discovery.ModCandidate.explore(ModCandidate.java:74) [ModCandidate.class:?]
	at net.minecraftforge.fml.common.discovery.ModDiscoverer.identifyMods(ModDiscoverer.java:93) [ModDiscoverer.class:?]
	at net.minecraftforge.fml.common.Loader.identifyMods(Loader.java:427) [Loader.class:?]
	at net.minecraftforge.fml.common.Loader.loadMods(Loader.java:568) [Loader.class:?]
	at net.minecraftforge.fml.client.FMLClientHandler.beginMinecraftLoading(FMLClientHandler.java:232) [FMLClientHandler.class:?]
	at net.minecraft.client.Minecraft.func_71384_a(Minecraft.java:467) [bib.class:?]
	at net.minecraft.client.Minecraft.func_99999_d(Minecraft.java:378) [bib.class:?]
	at net.minecraft.client.main.Main.main(SourceFile:123) [Main.class:?]
	at sun.reflect.NativeMethodAccessorImpl.invoke0(Native Method) ~[?:1.8.0_51]
	at sun.reflect.NativeMethodAccessorImpl.invoke(NativeMethodAccessorImpl.java:62) ~[?:1.8.0_51]
	at sun.reflect.DelegatingMethodAccessorImpl.invoke(DelegatingMethodAccessorImpl.java:43) ~[?:1.8.0_51]
	at java.lang.reflect.Method.invoke(Method.java:497) ~[?:1.8.0_51]
	at net.minecraft.launchwrapper.Launch.launch(Launch.java:135) [launchwrapper-1.12.jar:?]
	at net.minecraft.launchwrapper.Launch.main(Launch.java:28) [launchwrapper-1.12.jar:?]
Caused by: java.lang.IllegalArgumentException
	at org.objectweb.asm.ClassReader.<init>(ClassReader.java:185) ~[asm-debug-all-5.2.jar:5.2]
	at org.objectweb.asm.ClassReader.<init>(ClassReader.java:168) ~[asm-debug-all-5.2.jar:5.2]
	at org.objectweb.asm.ClassReader.<init>(ClassReader.java:439) ~[asm-debug-all-5.2.jar:5.2]
	at net.minecraftforge.fml.common.discovery.asm.ASMModParser.<init>(ASMModParser.java:57) ~[ASMModParser.class:?]
	... 17 more
[22:24:20] [Client thread/WARN]: Zip file sklauncher-fx.jar failed to read properly, it will be ignored
net.minecraftforge.fml.common.LoaderException: java.lang.IllegalArgumentException

	at net.minecraftforge.fml.common.discovery.asm.ASMModParser.<init>(ASMModParser.java:63) ~[ASMModParser.class:?]
	at net.minecraftforge.fml.common.discovery.JarDiscoverer.findClassesASM(JarDiscoverer.java:102) ~[JarDiscoverer.class:?]
	at net.minecraftforge.fml.common.discovery.JarDiscoverer.discover(JarDiscoverer.java:77) [JarDiscoverer.class:?]
	at net.minecraftforge.fml.common.discovery.ContainerType.findMods(ContainerType.java:47) [ContainerType.class:?]
	at net.minecraftforge.fml.common.discovery.ModCandidate.explore(ModCandidate.java:74) [ModCandidate.class:?]
	at net.minecraftforge.fml.common.discovery.ModDiscoverer.identifyMods(ModDiscoverer.java:93) [ModDiscoverer.class:?]
	at net.minecraftforge.fml.common.Loader.identifyMods(Loader.java:427) [Loader.class:?]
	at net.minecraftforge.fml.common.Loader.loadMods(Loader.java:568) [Loader.class:?]
	at net.minecraftforge.fml.client.FMLClientHandler.beginMinecraftLoading(FMLClientHandler.java:232) [FMLClientHandler.class:?]
	at net.minecraft.client.Minecraft.func_71384_a(Minecraft.java:467) [bib.class:?]
	at net.minecraft.client.Minecraft.func_99999_d(Minecraft.java:378) [bib.class:?]
	at net.minecraft.client.main.Main.main(SourceFile:123) [Main.class:?]
	at sun.reflect.NativeMethodAccessorImpl.invoke0(Native Method) ~[?:1.8.0_51]
	at sun.reflect.NativeMethodAccessorImpl.invoke(NativeMethodAccessorImpl.java:62) ~[?:1.8.0_51]
	at sun.reflect.DelegatingMethodAccessorImpl.invoke(DelegatingMethodAccessorImpl.java:43) ~[?:1.8.0_51]
	at java.lang.reflect.Method.invoke(Method.java:497) ~[?:1.8.0_51]
	at net.minecraft.launchwrapper.Launch.launch(Launch.java:135) [launchwrapper-1.12.jar:?]
	at net.minecraft.launchwrapper.Launch.main(Launch.java:28) [launchwrapper-1.12.jar:?]
Caused by: java.lang.IllegalArgumentException
	at org.objectweb.asm.ClassReader.<init>(ClassReader.java:185) ~[asm-debug-all-5.2.jar:5.2]
	at org.objectweb.asm.ClassReader.<init>(ClassReader.java:168) ~[asm-debug-all-5.2.jar:5.2]
	at org.objectweb.asm.ClassReader.<init>(ClassReader.java:439) ~[asm-debug-all-5.2.jar:5.2]
	at net.minecraftforge.fml.common.discovery.asm.ASMModParser.<init>(ASMModParser.java:57) ~[ASMModParser.class:?]
	... 17 more
[22:24:20] [Client thread/WARN]: Mod betterbiomeblend is missing the required element 'version' and a version.properties file could not be found. Falling back to metadata version 1.12.2-1.1.7-forge
[22:24:20] [Client thread/WARN]: Mod betterfoliage is missing the required element 'version' and a version.properties file could not be found. Falling back to metadata version 2.3.2
[22:24:20] [Client thread/WARN]: Mod bettermineshafts is missing the required element 'version' and a version.properties file could not be found. Falling back to metadata version 1.12.2-2.2.1
[22:24:20] [Client thread/WARN]: Mod blockoverlayfix is missing the required element 'version' and a version.properties file could not be found. Falling back to metadata version 1.0.0
[22:24:20] [Client thread/WARN]: Mod craftablechainmail is missing the required element 'version' and a version.properties file could not be found. Falling back to metadata version 1.0
[22:24:20] [Client thread/WARN]: Mod dynamictreesdefiledlands is missing the required element 'version' and a version.properties file could not be found. Falling back to metadata version 1.12.2-1.0.0
[22:24:20] [Client thread/WARN]: Mod entityculling is missing the required element 'version' and a version.properties file could not be found. Falling back to metadata version 6.3.1
[22:24:20] [Client thread/WARN]: Mod fbp is missing the required element 'version' and a version.properties file could not be found. Falling back to metadata version 2.4.1
[22:24:20] [Client thread/WARN]: Mod helpfixer is missing the required element 'version' and a version.properties file could not be found. Falling back to metadata version 1.12.1-1.5.18
[22:24:21] [Client thread/WARN]: Mod mainmenuscale is missing the required element 'version' and no fallback can be found. Substituting '1.0'.
[22:24:21] [Client thread/WARN]: Mod mobends is missing the required element 'version' and a version.properties file could not be found. Falling back to metadata version 1.2.1
[22:24:21] [Client thread/INFO]: Mod playerbosses is missing the required element 'name'. Substituting playerbosses
[22:24:21] [Client thread/WARN]: Mod playerbosses is missing the required element 'version' and no fallback can be found. Substituting '1.0'.
[22:24:21] [Client thread/WARN]: Mod reachfix is missing the required element 'version' and a version.properties file could not be found. Falling back to metadata version 1.0.8
[22:24:21] [Thread-5/INFO]: Using sync timing. 200 frames of Display.update took 79093900 nanos
[22:24:22] [Client thread/WARN]: Mod renderlib is missing the required element 'version' and a version.properties file could not be found. Falling back to metadata version 1.2.8
[22:24:22] [Client thread/ERROR]: Unable to read a class file correctly
java.lang.IllegalArgumentException: null
	at org.objectweb.asm.ClassReader.<init>(ClassReader.java:185) ~[asm-debug-all-5.2.jar:5.2]
	at org.objectweb.asm.ClassReader.<init>(ClassReader.java:168) ~[asm-debug-all-5.2.jar:5.2]
	at org.objectweb.asm.ClassReader.<init>(ClassReader.java:439) ~[asm-debug-all-5.2.jar:5.2]
	at net.minecraftforge.fml.common.discovery.asm.ASMModParser.<init>(ASMModParser.java:57) [ASMModParser.class:?]
	at net.minecraftforge.fml.common.discovery.JarDiscoverer.findClassesASM(JarDiscoverer.java:102) [JarDiscoverer.class:?]
	at net.minecraftforge.fml.common.discovery.JarDiscoverer.discover(JarDiscoverer.java:77) [JarDiscoverer.class:?]
	at net.minecraftforge.fml.common.discovery.ContainerType.findMods(ContainerType.java:47) [ContainerType.class:?]
	at net.minecraftforge.fml.common.discovery.ModCandidate.explore(ModCandidate.java:74) [ModCandidate.class:?]
	at net.minecraftforge.fml.common.discovery.ModDiscoverer.identifyMods(ModDiscoverer.java:93) [ModDiscoverer.class:?]
	at net.minecraftforge.fml.common.Loader.identifyMods(Loader.java:427) [Loader.class:?]
	at net.minecraftforge.fml.common.Loader.loadMods(Loader.java:568) [Loader.class:?]
	at net.minecraftforge.fml.client.FMLClientHandler.beginMinecraftLoading(FMLClientHandler.java:232) [FMLClientHandler.class:?]
	at net.minecraft.client.Minecraft.func_71384_a(Minecraft.java:467) [bib.class:?]
	at net.minecraft.client.Minecraft.func_99999_d(Minecraft.java:378) [bib.class:?]
	at net.minecraft.client.main.Main.main(SourceFile:123) [Main.class:?]
	at sun.reflect.NativeMethodAccessorImpl.invoke0(Native Method) ~[?:1.8.0_51]
	at sun.reflect.NativeMethodAccessorImpl.invoke(NativeMethodAccessorImpl.java:62) ~[?:1.8.0_51]
	at sun.reflect.DelegatingMethodAccessorImpl.invoke(DelegatingMethodAccessorImpl.java:43) ~[?:1.8.0_51]
	at java.lang.reflect.Method.invoke(Method.java:497) ~[?:1.8.0_51]
	at net.minecraft.launchwrapper.Launch.launch(Launch.java:135) [launchwrapper-1.12.jar:?]
	at net.minecraft.launchwrapper.Launch.main(Launch.java:28) [launchwrapper-1.12.jar:?]
[22:24:22] [Client thread/ERROR]: There was a problem reading the entry META-INF/versions/9/module-info.class in the jar C:\Users\clkma\AppData\Roaming\.minecraft\modpacks\97310384-d078-3373-9553-2a4e6fca4cf5\mods\spark-forge.jar - probably a corrupt zip
net.minecraftforge.fml.common.LoaderException: java.lang.IllegalArgumentException

	at net.minecraftforge.fml.common.discovery.asm.ASMModParser.<init>(ASMModParser.java:63) ~[ASMModParser.class:?]
	at net.minecraftforge.fml.common.discovery.JarDiscoverer.findClassesASM(JarDiscoverer.java:102) [JarDiscoverer.class:?]
	at net.minecraftforge.fml.common.discovery.JarDiscoverer.discover(JarDiscoverer.java:77) [JarDiscoverer.class:?]
	at net.minecraftforge.fml.common.discovery.ContainerType.findMods(ContainerType.java:47) [ContainerType.class:?]
	at net.minecraftforge.fml.common.discovery.ModCandidate.explore(ModCandidate.java:74) [ModCandidate.class:?]
	at net.minecraftforge.fml.common.discovery.ModDiscoverer.identifyMods(ModDiscoverer.java:93) [ModDiscoverer.class:?]
	at net.minecraftforge.fml.common.Loader.identifyMods(Loader.java:427) [Loader.class:?]
	at net.minecraftforge.fml.common.Loader.loadMods(Loader.java:568) [Loader.class:?]
	at net.minecraftforge.fml.client.FMLClientHandler.beginMinecraftLoading(FMLClientHandler.java:232) [FMLClientHandler.class:?]
	at net.minecraft.client.Minecraft.func_71384_a(Minecraft.java:467) [bib.class:?]
	at net.minecraft.client.Minecraft.func_99999_d(Minecraft.java:378) [bib.class:?]
	at net.minecraft.client.main.Main.main(SourceFile:123) [Main.class:?]
	at sun.reflect.NativeMethodAccessorImpl.invoke0(Native Method) ~[?:1.8.0_51]
	at sun.reflect.NativeMethodAccessorImpl.invoke(NativeMethodAccessorImpl.java:62) ~[?:1.8.0_51]
	at sun.reflect.DelegatingMethodAccessorImpl.invoke(DelegatingMethodAccessorImpl.java:43) ~[?:1.8.0_51]
	at java.lang.reflect.Method.invoke(Method.java:497) ~[?:1.8.0_51]
	at net.minecraft.launchwrapper.Launch.launch(Launch.java:135) [launchwrapper-1.12.jar:?]
	at net.minecraft.launchwrapper.Launch.main(Launch.java:28) [launchwrapper-1.12.jar:?]
Caused by: java.lang.IllegalArgumentException
	at org.objectweb.asm.ClassReader.<init>(ClassReader.java:185) ~[asm-debug-all-5.2.jar:5.2]
	at org.objectweb.asm.ClassReader.<init>(ClassReader.java:168) ~[asm-debug-all-5.2.jar:5.2]
	at org.objectweb.asm.ClassReader.<init>(ClassReader.java:439) ~[asm-debug-all-5.2.jar:5.2]
	at net.minecraftforge.fml.common.discovery.asm.ASMModParser.<init>(ASMModParser.java:57) ~[ASMModParser.class:?]
	... 17 more
[22:24:22] [Client thread/WARN]: Zip file spark-forge.jar failed to read properly, it will be ignored
net.minecraftforge.fml.common.LoaderException: java.lang.IllegalArgumentException

	at net.minecraftforge.fml.common.discovery.asm.ASMModParser.<init>(ASMModParser.java:63) ~[ASMModParser.class:?]
	at net.minecraftforge.fml.common.discovery.JarDiscoverer.findClassesASM(JarDiscoverer.java:102) ~[JarDiscoverer.class:?]
	at net.minecraftforge.fml.common.discovery.JarDiscoverer.discover(JarDiscoverer.java:77) [JarDiscoverer.class:?]
	at net.minecraftforge.fml.common.discovery.ContainerType.findMods(ContainerType.java:47) [ContainerType.class:?]
	at net.minecraftforge.fml.common.discovery.ModCandidate.explore(ModCandidate.java:74) [ModCandidate.class:?]
	at net.minecraftforge.fml.common.discovery.ModDiscoverer.identifyMods(ModDiscoverer.java:93) [ModDiscoverer.class:?]
	at net.minecraftforge.fml.common.Loader.identifyMods(Loader.java:427) [Loader.class:?]
	at net.minecraftforge.fml.common.Loader.loadMods(Loader.java:568) [Loader.class:?]
	at net.minecraftforge.fml.client.FMLClientHandler.beginMinecraftLoading(FMLClientHandler.java:232) [FMLClientHandler.class:?]
	at net.minecraft.client.Minecraft.func_71384_a(Minecraft.java:467) [bib.class:?]
	at net.minecraft.client.Minecraft.func_99999_d(Minecraft.java:378) [bib.class:?]
	at net.minecraft.client.main.Main.main(SourceFile:123) [Main.class:?]
	at sun.reflect.NativeMethodAccessorImpl.invoke0(Native Method) ~[?:1.8.0_51]
	at sun.reflect.NativeMethodAccessorImpl.invoke(NativeMethodAccessorImpl.java:62) ~[?:1.8.0_51]
	at sun.reflect.DelegatingMethodAccessorImpl.invoke(DelegatingMethodAccessorImpl.java:43) ~[?:1.8.0_51]
	at java.lang.reflect.Method.invoke(Method.java:497) ~[?:1.8.0_51]
	at net.minecraft.launchwrapper.Launch.launch(Launch.java:135) [launchwrapper-1.12.jar:?]
	at net.minecraft.launchwrapper.Launch.main(Launch.java:28) [launchwrapper-1.12.jar:?]
Caused by: java.lang.IllegalArgumentException
	at org.objectweb.asm.ClassReader.<init>(ClassReader.java:185) ~[asm-debug-all-5.2.jar:5.2]
	at org.objectweb.asm.ClassReader.<init>(ClassReader.java:168) ~[asm-debug-all-5.2.jar:5.2]
	at org.objectweb.asm.ClassReader.<init>(ClassReader.java:439) ~[asm-debug-all-5.2.jar:5.2]
	at net.minecraftforge.fml.common.discovery.asm.ASMModParser.<init>(ASMModParser.java:57) ~[ASMModParser.class:?]
	... 17 more
[22:24:22] [Client thread/WARN]: Mod waystones is missing the required element 'version' and a version.properties file could not be found. Falling back to metadata version 4.1.0
[22:24:22] [Client thread/INFO]: Forge Mod Loader has identified 185 mods to load
[22:24:22] [Client thread/INFO]: FML has found a non-mod file Born In A Barn V1.8-1.12-1.1.jar in your mods directory. It will now be injected into your classpath. This could severe stability issues, it should be removed if possible.
[22:24:22] [Client thread/INFO]: FML has found a non-mod file mcjtytools-0.0.21.jar in your mods directory. It will now be injected into your classpath. This could severe stability issues, it should be removed if possible.
[22:24:22] [Client thread/INFO]: RLMixins Late Loading: Food Stack Size (FoodExpansion)
[22:24:22] [Client thread/INFO]: RLMixins Late Loading: Enable AntiDragon Cheese (IceAndFire)
[22:24:22] [Client thread/INFO]: RLMixins Late Loading: Lycanite Render Box (LycanitesMobs)
[22:24:22] [Client thread/INFO]: RLMixins Late Loading: No Infernal Champions (Champions/InfernalMobs)
[22:24:22] [Client thread/INFO]: RLMixins Late Loading: ScalingHealth Death Desync (ScalingHealth)
[22:24:22] [Client thread/INFO]: RLMixins Late Loading: Cauldron Failure Mundane (Inspirations)
[22:24:22] [Client thread/INFO]: RLMixins Late Loading: Player Tracking Patch (Reskillable)
[22:24:22] [Client thread/INFO]: RLMixins Late Loading: SeedFood Bypass Lock (Reskillable)
[22:24:22] [Client thread/INFO]: RLMixins Late Loading: Quark Chat Link NBT Crash (Quark)
[22:24:22] [Client thread/INFO]: RLMixins Late Loading: InF Offhand Items (IceAndFire)
[22:24:22] [Client thread/INFO]: RLMixins Late Loading: Vein Pickaxe Patch (ForgottenItems)
[22:24:22] [Client thread/INFO]: RLMixins Late Loading: Flare Gun Rework (BountifulBaubles)
[22:24:22] [Client thread/INFO]: RLMixins Late Loading: Vampirism Cheese Patch (BetterSurvival)
[22:24:22] [Client thread/INFO]: RLMixins Late Loading: Locks Keyring GUI Dupe Patch (Locks)
[22:24:22] [Client thread/INFO]: RLMixins Late Loading: Coffee Cures Hangover (Rustic/Charm)
[22:24:22] [Client thread/INFO]: RLMixins Late Loading: Infernal Particle Spam (InfernalMobs)
[22:24:22] [Client thread/INFO]: RLMixins Late Loading: Cancel Parasite Reach Packet (SRParasites)
[22:24:22] [Client thread/INFO]: RLMixins Late Loading: IceAndFire Render Box (IceAndFire)
[22:24:22] [Client thread/INFO]: RLMixins Late Loading: Trumpet Gluttony (BountifulBaubles/TrumpetSkeleton)
[22:24:22] [Client thread/INFO]: RLMixins Late Loading: Hippogrpyh Wheat Breeding Fix (IceAndFire)
[22:24:22] [Client thread/INFO]: RLMixins Late Loading: Stoned Chicken Feather Fix (Quark/IceAndFire)
[22:24:22] [Client thread/INFO]: RLMixins Late Loading: Overhaul SME (Vanilla/SME/RLCombat)
[22:24:22] [Client thread/INFO]: RLMixins Late Loading: Config Alcohol Effects (Rustic)
[22:24:22] [Client thread/INFO]: RLMixins Late Loading: Infested Summon Tag (Champions/TrinketsAndBaubles)
[22:24:22] [Client thread/INFO]: RLMixins Late Loading: Mattock Breaking Patch (NoTreePunching)
[22:24:22] [Client thread/INFO]: RLMixins Late Loading: Changeable Nunchaku Combo (BetterSurvival)
[22:24:22] [Client thread/INFO]: RLMixins Late Loading: Champion Death Message Tweak (Champions)
[22:24:22] [Client thread/INFO]: RLMixins Late Loading: Myrmex Abusable Trade Dupe (IceAndFire)
[22:24:22] [Client thread/INFO]: RLMixins Late Loading: Enable Better Dragon Bites (IceAndFire)
[22:24:22] [Client thread/INFO]: RLMixins Late Loading: Disenchanting Table Crash Patch (Disenchanter)
[22:24:22] [Client thread/INFO]: RLMixins Late Loading: Replace Parasite Armor Models (SRParasites)
[22:24:22] [Client thread/INFO]: RLMixins Late Loading: Quark Chest Boat Dupe (Quark)
[22:24:22] [Client thread/INFO]: RLMixins Late Loading: Better Foliage Chunk XRay (BetterFoliage/ChunkAnimator)
[22:24:22] [Client thread/INFO]: RLMixins Late Loading: InF Entity Despawn Patch (IceAndFire)
[22:24:22] [Client thread/INFO]: RLMixins Late Loading: Sync Sign Edit Config (Quark)
[22:24:22] [Client thread/INFO]: RLMixins Late Loading: Wyrm Osmosis (Reskillable/DefiledLands)
[22:24:22] [Client thread/INFO]: RLMixins Late Loading: Remove Shield Protection Enchant (Inspirations)
[22:24:22] [Client thread/INFO]: RLMixins Late Loading: Gorgon Head Offhand Abuse Patch (IceAndFire)
[22:24:22] [Client thread/INFO]: RLMixins Late Loading: CarryOn Pig Saddle Patch (CarryOn)
[22:24:22] [Client thread/INFO]: RLMixins Late Loading: Lycanite Targetting (LycanitesMobs/IceAndFire)
[22:24:22] [Client thread/INFO]: RLMixins Late Loading: ToolBelt Belt GUI Dupe Patch (ToolBelt)
[22:24:22] [Client thread/INFO]: RLMixins Late Loading: CorpseComplex XP Death Fix (CorpseComplex)
[22:24:22] [Client thread/INFO]: RLMixins Late Loading: Rehandle Sentient Scythe Effect (SRParasites/RLCombat)
[22:24:22] [Client thread/INFO]: RLMixins Late Loading: Clay Tool Enchant Patch (NoTreePunching)
[22:24:22] [Client thread/INFO]: RLMixins Late Loading: Stoneling Dupe Patch (Quark)
[22:24:22] [Client thread/INFO]: RLMixins Late Loading: Chat Bubble Config (DSurroundings)
[22:24:22] [Client thread/INFO]: RLMixins Late Loading: InF Bow Multishot patch (IceAndFire/BetterSurvival)
[22:24:22] [Client thread/INFO]: RLMixins Late Loading: Magnetic Dupe Patch (Charm)
[22:24:22] [Client thread/INFO]: RLMixins Late Loading: InF Multipart Handling (IceAndFire)
[22:24:22] [Client thread/INFO]: RLMixins Late Loading: Half Reach (PotionCore)
[22:24:22] [Client thread/INFO]: RLMixins Late Loading: Stalagnate Bowl Fix (BetterNether)
[22:24:22] [Client thread/INFO]: RLMixins Late Loading: Explosion Particle Reduction (IceAndFire)
[22:24:22] [Client thread/INFO]: RLMixins Late Loading: Broken Heart Rework (BountifulBaubles/FirstAid)
[22:24:22] [Client thread/INFO]: RLMixins Late Loading: Parasite Spawn Fix (SRParasites)
[22:24:22] [Client thread/INFO]: RLMixins Late Loading: ChunkAnimator XRay (Vanilla/ChunkAnimator)
[22:24:22] [Client thread/INFO]: RLMixins Late Loading: Champion Potion Invis (Champions)
[22:24:22] [Client thread/INFO]: RLMixins Late Loading: Parasite Cleaver Effect Config (SRParasites)
[22:24:22] [Client thread/INFO]: RLMixins Late Loading: Delayed Launch (PotionCore)
[22:24:22] [Client thread/INFO]: RLMixins Late Loading: Obsidian Skull/Shield Rework (BountifulBaubles)
[22:24:22] [Client thread/INFO]: RLMixins Late Loading: Reskillable Indirect Self Damage Patch (Reskillable)
[22:24:22] [Client thread/INFO]: RLMixins Late Loading: Enable Dragon Water Flying (IceAndFire)
[22:24:22] [Client thread/INFO]: RLMixins Late Loading: Potion Amplifier Visibility (DSHuds)
[22:24:22] [Client thread/INFO]: RLMixins Late Loading: Item Reach Attribute (ItemPhysics)
[22:24:22] [Client thread/INFO]: RLMixins Late Loading: CarryOn Ungenerated Chest Patch (CarryOn)
[22:24:22] [Client thread/INFO]: RLMixins Late Loading: Reforging Binding Fix (BountifulBaubles)
[22:24:22] [Client thread/INFO]: RLMixins Late Loading: Tamed Mob Stone Dupe (IceAndFire)
[22:24:22] [Client thread/INFO]: RLMixins Late Loading: Education Tweak (BetterSurvival)
[22:24:22] [Client thread/INFO]: RLMixins Late Loading: Undershirt Rework (Reskillable/FirstAid)
[22:24:22] [Client thread/INFO]: RLMixins Late Loading: InF Bonus Handling (IceAndFire)
[22:24:22] [Client thread/INFO]: RLMixins Late Loading: Nether Wart Soup Crash (FoodExpansion)
[22:24:22] [Client thread/INFO]: RLMixins Late Loading: HungryFarmer Blacklist (Reskillable)
[22:24:22] [Client thread/INFO]: RLMixins Late Loading: Scarlite Sword Config Effect (DefiledLands)
[22:24:22] [Client thread/INFO]: RLMixins Late Loading: Switchbow Quiver Patch (Switchbow)
[22:24:22] [Client thread/INFO]: RLMixins Late Loading: Parasite Light Level (SRParasites)
[22:24:22] [Client thread/INFO]: RLMixins Late Loading: Rain Collector Canteen Fix (SimpleDifficulty)
[22:24:22] [Client thread/INFO]: RLMixins Late Loading: Dragon OverBreeding Patch (IceAndFire)
[22:24:22] [Client thread/INFO]: RLMixins Late Loading: Jailer Champion Time (Champions)
[22:24:22] [Client thread/INFO]: RLMixins Late Loading: Purified Rain Water (SimpleDifficulty)
[22:24:22] [Client thread/INFO]: RLMixins Late Loading: Prevent Revival Potion on Non-Players (PotionCore)
[22:24:22] [Client thread/INFO]: ATTEMPTING TO PATCH  com.github.alexthe666.iceandfire.entity.EntityDragonBase!
[22:24:22] [Client thread/INFO]: Applying patch [Fix Dragon Item Lag] hooks into EntityDragonBase#breakBlock to spawn less items
[22:24:22] [Client thread/INFO]: Writing class com.github.alexthe666.iceandfire.entity.EntityDragonBase with flags None
[22:24:22] [Client thread/INFO]: Patch exists for com.github.alexthe666.iceandfire.entity.EntityAmphithere
[22:24:22] [Client thread/INFO]: Writing class com.github.alexthe666.iceandfire.entity.EntityAmphithere with flags MAXS | FRAMES
[22:24:22] [Client thread/INFO]: Patch exists for com.github.alexthe666.iceandfire.entity.EntityMyrmexQueen
[22:24:22] [Client thread/INFO]: Writing class com.github.alexthe666.iceandfire.entity.EntityMyrmexQueen with flags MAXS | FRAMES
[22:24:23] [Client thread/INFO]: Patch exists for com.github.alexthe666.iceandfire.entity.EntityHippocampus
[22:24:23] [Client thread/INFO]: Writing class com.github.alexthe666.iceandfire.entity.EntityHippocampus with flags MAXS
[22:24:23] [Client thread/INFO]: ATTEMPTING TO PATCH  com.github.alexthe666.iceandfire.entity.EntityMyrmexEgg!
[22:24:23] [Client thread/INFO]: Applying patch [Ice and Fire Myrmex egg dupe fix] adds a check to if the entity is already dead
[22:24:23] [Client thread/INFO]: Writing class com.github.alexthe666.iceandfire.entity.EntityMyrmexEgg with flags None
[22:24:23] [Client thread/INFO]: ATTEMPTING TO PATCH  com.github.alexthe666.iceandfire.event.EventLiving!
[22:24:23] [Client thread/INFO]: Applying patch [Patch Statue Dupe] 
[22:24:23] [Client thread/INFO]: Writing class com.github.alexthe666.iceandfire.event.EventLiving with flags FRAMES
[22:24:23] [Client thread/INFO]: ATTEMPTING TO PATCH  com.github.alexthe666.iceandfire.item.ItemModAxe!
[22:24:23] [Client thread/INFO]: Applying patch [Ice and Fire Axe fix] Make ItemModAxe extend ItemAxe and remove EFFECTIVE_ON hard-coded list
[22:24:23] [Client thread/INFO]: Writing class com.github.alexthe666.iceandfire.item.ItemModAxe with flags None
[22:24:23] [Client thread/INFO]: Patch exists for com.tmtravlr.potioncore.PotionCoreEventHandler
[22:24:23] [Client thread/INFO]: Writing class com.tmtravlr.potioncore.PotionCoreEventHandler with flags MAXS | FRAMES
[22:24:24] [Client thread/INFO]: Attempting connection with missing mods [minecraft, mcp, FML, forge, creativecoredummy, itemphysic, ivtoolkit, foamfixcore, tnt_utilities_core, adhooks, advanced-fishing, aireducer, alcatrazcore, antiqueatlas, antiqueatlasoverlay, antiquecities, anvilpatch, aquaculture, armorunder, astikorcarts, attributefix, autoreglib, base, battletowers, baubles, bedbreakbegone, mujmajnkraftsbettersurvival, betterbiomeblend, bettercaves, betterfoliage, bettermineshafts, betternether, betterquesting, bettertabs, blockoverlayfix, bloodmoon, bnbgaminglib, bountifulbaubles, bountiful, bq_msi, bqtweaker, callablehorses, carrots, carryon, champions, charm, chunkanimator, classyhats, collisiondamage, comforts, compatskills, contenttweaker, controlling, coralreef, corpsecomplex, craftablechainmail, ctgui, crafttweaker, crafttweakerjei, creativecore, custommainmenu, defiledlands, disenchanter, dldungeonsjbg, dsurround, dynamictrees, dynamictreesdefiledlands, dttraverse, elenaidodge, enchdesc, enhancedvisuals, entityculling, familiarfauna, fbp, fantasticlib, firstaid, fishingmadebetter, foamfix, foodexpansion, forgeendertech, forgelin, forgottenitems, framevoidpatch, friendlyendermite, fxcontrol, globalgamerules, googlyeyes, grapplemod, helpfixer, iceandfire, ichunutil, incontrol, infernalmobs, inspirations, inventorytweaks, iseedragons, itlt, jei, legendarytooltips, levelup2, librarianliblate, librarianlib, loadingscreens, locks, loottweaker, lostcities, lycanitesmobs, mainmenuscale, mantle, materialtweaker, mcwbridges, testdummy, mobends, modtweaker, mousetweaks, mtlib, multimine, neat, notreepunching, particleculling, pigstep, placebo, playerbosses, portaldupebegone, potioncore, potionfingers, qualitytools, quark, reachfix, realistictorches, reborncore, reccomplex, renderlib, reskillable, resourceloader, artifacts, bettercombatmod, rlmixins, rltweaker, roguelike, roughtweaks, ruins, rustic, scalinghealth, sereneseasons, setbonus, shieldbreak, silentlib, simpledifficulty, sit, snowrealmagic, somanyenchantments, soundfilters, spark, spartandefiled, spartanfire, spartanhudbaubles, spartanshields, spartanweaponry, spawnercontrol, srparasites, bq_standard, surge, switchbow, tnt_utilities, toastcontrol, toolbelt, traverse, xat, trumpetskeleton, tschipplib, tumbleweed, variedcommodities, waystones, wearablebackpacks, wolfarmor, xpfromharvest, xpbook, yungslaw, dshuds, kiwi, llibrary, orelib, phosphor-lighting, rtg] at CLIENT
[22:24:24] [Client thread/INFO]: Attempting connection with missing mods [minecraft, mcp, FML, forge, creativecoredummy, itemphysic, ivtoolkit, foamfixcore, tnt_utilities_core, adhooks, advanced-fishing, aireducer, alcatrazcore, antiqueatlas, antiqueatlasoverlay, antiquecities, anvilpatch, aquaculture, armorunder, astikorcarts, attributefix, autoreglib, base, battletowers, baubles, bedbreakbegone, mujmajnkraftsbettersurvival, betterbiomeblend, bettercaves, betterfoliage, bettermineshafts, betternether, betterquesting, bettertabs, blockoverlayfix, bloodmoon, bnbgaminglib, bountifulbaubles, bountiful, bq_msi, bqtweaker, callablehorses, carrots, carryon, champions, charm, chunkanimator, classyhats, collisiondamage, comforts, compatskills, contenttweaker, controlling, coralreef, corpsecomplex, craftablechainmail, ctgui, crafttweaker, crafttweakerjei, creativecore, custommainmenu, defiledlands, disenchanter, dldungeonsjbg, dsurround, dynamictrees, dynamictreesdefiledlands, dttraverse, elenaidodge, enchdesc, enhancedvisuals, entityculling, familiarfauna, fbp, fantasticlib, firstaid, fishingmadebetter, foamfix, foodexpansion, forgeendertech, forgelin, forgottenitems, framevoidpatch, friendlyendermite, fxcontrol, globalgamerules, googlyeyes, grapplemod, helpfixer, iceandfire, ichunutil, incontrol, infernalmobs, inspirations, inventorytweaks, iseedragons, itlt, jei, legendarytooltips, levelup2, librarianliblate, librarianlib, loadingscreens, locks, loottweaker, lostcities, lycanitesmobs, mainmenuscale, mantle, materialtweaker, mcwbridges, testdummy, mobends, modtweaker, mousetweaks, mtlib, multimine, neat, notreepunching, particleculling, pigstep, placebo, playerbosses, portaldupebegone, potioncore, potionfingers, qualitytools, quark, reachfix, realistictorches, reborncore, reccomplex, renderlib, reskillable, resourceloader, artifacts, bettercombatmod, rlmixins, rltweaker, roguelike, roughtweaks, ruins, rustic, scalinghealth, sereneseasons, setbonus, shieldbreak, silentlib, simpledifficulty, sit, snowrealmagic, somanyenchantments, soundfilters, spark, spartandefiled, spartanfire, spartanhudbaubles, spartanshields, spartanweaponry, spawnercontrol, srparasites, bq_standard, surge, switchbow, tnt_utilities, toastcontrol, toolbelt, traverse, xat, trumpetskeleton, tschipplib, tumbleweed, variedcommodities, waystones, wearablebackpacks, wolfarmor, xpfromharvest, xpbook, yungslaw, dshuds, kiwi, llibrary, orelib, phosphor-lighting, rtg] at SERVER
[22:24:24] [Client thread/INFO]: [pl.asie.foamfix.coremod.FoamFixTransformer:spliceClasses:114]: Spliced in METHOD: net.minecraft.network.PacketBuffer.func_180714_a
[22:24:24] [Client thread/INFO]: Transforming net.minecraft.client.renderer.entity.Render
[22:24:24] [Client thread/INFO]: Applying Transformation to method (Names [renderEntityOnFire, func_76977_a] Descriptor (Lnet/minecraft/entity/Entity;DDDF)V)
[22:24:24] [Client thread/INFO]: Located Method, patching...
[22:24:24] [Client thread/INFO]: Patch result: true
[22:24:24] [Client thread/INFO]: [com.creativemd.creativecore.transformer.CreativeTransformer:transform:49]: [itemphysic] Patched net.minecraft.client.renderer.entity.RenderEntityItem ...
[22:24:24] [Client thread/INFO]: [pl.asie.foamfix.coremod.FoamFixTransformer:spliceClasses:114]: Spliced in METHOD: net.minecraft.client.renderer.block.model.ModelResourceLocation.<init>
[22:24:24] [Client thread/INFO]: Transforming BrewingRecipeRegistry
[22:24:24] [Client thread/INFO]: Applying Transformation to method (Names [isValidInput, isValidInput, ] Descriptor (Lnet/minecraft/item/ItemStack;)Z / (Laip;)Z)
[22:24:24] [Client thread/INFO]: Located method, patching...
[22:24:24] [Client thread/INFO]: Located target IF_ICMPEQ L0
[22:24:24] [Client thread/INFO]: Patch result: true
[22:24:24] [Client thread/INFO]: [pl.asie.foamfix.coremod.patches.ReturnIfBooleanTruePatch:apply:89]: Added return if option true in net/minecraft/client/renderer/texture/TextureMap func_94248_c
[22:24:24] [Client thread/INFO]: [pl.asie.patchy.helpers.ConstructorReplacingTransformer$FFMethodVisitor:visitTypeInsn:73]: Replaced NEW for net/minecraft/client/renderer/texture/TextureAtlasSprite to pl/asie/foamfix/client/FastTextureAtlasSprite
[22:24:24] [Client thread/INFO]: [pl.asie.patchy.helpers.ConstructorReplacingTransformer$FFMethodVisitor:visitMethodInsn:85]: Replaced INVOKESPECIAL for net/minecraft/client/renderer/texture/TextureAtlasSprite to pl/asie/foamfix/client/FastTextureAtlasSprite
[22:24:25] [Client thread/INFO]: [atomicstryker.multimine.common.fmlmagic.MMTransformer:handlePlayerControllerMP:67]: **************** Multi Mine transform running on PlayerControllerMP, obfuscated: true *********************** 
[22:24:25] [Client thread/INFO]: [atomicstryker.multimine.common.fmlmagic.MMTransformer:handlePlayerControllerMP:78]: In target method b! Patching!
[22:24:25] [Client thread/INFO]: [atomicstryker.multimine.common.fmlmagic.MMTransformer:handlePlayerControllerMP:137]: Found IFLT Node at 208
[22:24:25] [Client thread/INFO]: [atomicstryker.multimine.common.fmlmagic.MMTransformer:handlePlayerControllerMP:146]: Found ALOAD Node at offset -4 from IFLT Node
[22:24:25] [Client thread/INFO]: [atomicstryker.multimine.common.fmlmagic.MMTransformer:handlePlayerControllerMP:179]: Patching Complete! Writing class bytes now.
[22:24:25] [Client thread/INFO]: Transforming method: RenderGlobal#renderEntities(Entity, ICamera, float)
[22:24:25] [Client thread/INFO]: Transforming net.minecraft.client.renderer.entity.RenderManager
[22:24:25] [Client thread/INFO]: Applying Transformation to method (Names [renderEntity, func_188391_a] Descriptor (Lnet/minecraft/entity/Entity;DDDFFZ)V)
[22:24:25] [Client thread/INFO]: Located Method, patching...
[22:24:25] [Client thread/INFO]: Located patch target node INVOKEVIRTUAL net/minecraft/client/renderer/entity/Render.func_76986_a (Lnet/minecraft/entity/Entity;DDDFF)V
[22:24:25] [Client thread/INFO]: Patch result: true
[22:24:25] [Client thread/INFO]: Transforming RenderItem
[22:24:25] [Client thread/INFO]: Applying Transformation to method (Names [renderItem, func_180454_a] Descriptor (Lnet/minecraft/item/ItemStack;Lnet/minecraft/client/renderer/block/model/IBakedModel;)V)
[22:24:25] [Client thread/INFO]: Attempting to insert: Item render hook
[22:24:25] [Client thread/INFO]: Patch result: Success
[22:24:25] [Client thread/INFO]: Applying Transformation to method (Names [renderEffect, func_191966_a] Descriptor (Lnet/minecraft/client/renderer/block/model/IBakedModel;)V)
[22:24:25] [Client thread/INFO]: Attempting to insert: Enchantment glint glow activation
[22:24:25] [Client thread/INFO]: Patch result: Success
[22:24:25] [Client thread/INFO]: Applying Transformation to method (Names [renderEffect, func_191966_a] Descriptor (Lnet/minecraft/client/renderer/block/model/IBakedModel;)V)
[22:24:25] [Client thread/INFO]: Attempting to insert: Enchantment glint glow return
[22:24:25] [Client thread/INFO]: Patch result: Success
[22:24:25] [Client thread/INFO]: Transforming net.minecraft.client.renderer.RenderItem
[22:24:25] [Client thread/INFO]: Applying Transformation to method (Names [renderItem, func_180454_a] Descriptor (Lnet/minecraft/item/ItemStack;Lnet/minecraft/client/renderer/block/model/IBakedModel;)V)
[22:24:25] [Client thread/INFO]: Located Method, patching...
[22:24:25] [Client thread/INFO]: Patch result: true
[22:24:25] [Client thread/INFO]: Applying Transformation to method (Names [renderEffect, func_191966_a] Descriptor (Lnet/minecraft/client/renderer/block/model/IBakedModel;)V)
[22:24:25] [Client thread/INFO]: Located Method, patching...
[22:24:25] [Client thread/INFO]: Located patch target node LDC -8372020
[22:24:25] [Client thread/INFO]: Located patch target node LDC -8372020
[22:24:25] [Client thread/INFO]: Patch result: true
[22:24:25] [Client thread/INFO]: Patch exists for net.minecraft.client.particle.ParticleManager
[22:24:25] [Client thread/INFO]: Writing class net.minecraft.client.particle.ParticleManager with flags MAXS
[22:24:25] [Client thread/INFO]: Transforming net.minecraft.client.renderer.EntityRenderer
[22:24:25] [Client thread/INFO]: Applying Transformation to method (Names [renderWorldPass, func_175068_a] Descriptor (IFJ)V)
[22:24:25] [Client thread/INFO]: Located Method, patching...
[22:24:25] [Client thread/INFO]: Located patch target node INVOKEVIRTUAL net/minecraft/client/renderer/EntityRenderer.func_78479_a (FI)V
[22:24:25] [Client thread/INFO]: Patch result: true
[22:24:25] [Client thread/INFO]: [pl.asie.foamfix.coremod.patches.ModelLoaderCleanupPatch:apply:99]: Added ModelLoader cleanup patch (1 occurences).
[22:24:25] [Client thread/INFO]: Transforming BlockRendererDispatcher
[22:24:25] [Client thread/INFO]: Applying Transformation to method (Names [renderBlock, func_175018_a] Descriptor (Lnet/minecraft/block/state/IBlockState;Lnet/minecraft/util/math/BlockPos;Lnet/minecraft/world/IBlockAccess;Lnet/minecraft/client/renderer/BufferBuilder;)Z)
[22:24:25] [Client thread/INFO]: Attempting to insert: Block render hook
[22:24:25] [Client thread/INFO]: Patch result: Success
[22:24:25] [Client thread/INFO]: Applying Transformation to method (Names [renderBlock, func_175018_a] Descriptor (Lnet/minecraft/block/state/IBlockState;Lnet/minecraft/util/math/BlockPos;Lnet/minecraft/world/IBlockAccess;Lnet/minecraft/client/renderer/BufferBuilder;)Z)
[22:24:25] [Client thread/INFO]: Attempting to insert: Fluid render hook
[22:24:25] [Client thread/INFO]: Patch result: Success
[22:24:25] [Client thread/INFO]: Transforming net.minecraft.util.DamageSource
[22:24:25] [Client thread/INFO]: Applying Transformation to method (Names [causePlayerDamage, func_76365_a] Descriptor (Lnet/minecraft/entity/player/EntityPlayer;)Lnet/minecraft/util/DamageSource;)
[22:24:25] [Client thread/INFO]: Located Method, patching...
[22:24:25] [Client thread/INFO]: Patch result: true
[22:24:25] [Client thread/INFO]: Transforming Particle
[22:24:25] [Client thread/INFO]: Applying Transformation to method (Names [getBrightnessForRender, func_189214_a] Descriptor (F)I)
[22:24:25] [Client thread/INFO]: Attempting to insert: Potion particle glow
[22:24:25] [Client thread/INFO]: Patch result: Success
[22:24:25] [Client thread/INFO]: Skipping Pulse ToughAsNailsPlugin; missing dependency: toughasnails
[22:24:25] [Client thread/INFO]: Skipping Pulse TheOneProbePlugin; missing dependency: theoneprobe
[22:24:25] [Client thread/INFO]: Skipping Pulse WailaPlugin; missing dependency: waila
[22:24:25] [Client thread/INFO]: Skipping Pulse LeatherWorks; missing dependency: leatherworks
[22:24:25] [Client thread/INFO]: Skipping Pulse RatsPlugin; missing dependency: rats
[22:24:25] [Client thread/INFO]: Skipping Pulse TwilightForestPlugin; missing dependency: twilightforest
[22:24:25] [Client thread/INFO]: Patch exists for com.tmtravlr.potioncore.PotionCoreEventHandlerClient
[22:24:25] [Client thread/INFO]: Writing class com.tmtravlr.potioncore.PotionCoreEventHandlerClient with flags MAXS | FRAMES
[22:24:25] [Client thread/INFO]: Patch exists for com.tmtravlr.potioncore.PotionCoreEventHandler
[22:24:25] [Client thread/INFO]: Writing class com.tmtravlr.potioncore.PotionCoreEventHandler with flags MAXS | FRAMES
[22:24:25] [Client thread/INFO]: Patch exists for com.tmtravlr.potioncore.potion.PotionPotionSickness
[22:24:25] [Client thread/INFO]: Writing class com.tmtravlr.potioncore.potion.PotionPotionSickness with flags MAXS | FRAMES
[22:24:25] [Client thread/INFO]: [pl.asie.patchy.helpers.ConstructorReplacingTransformer$FFMethodVisitor:visitTypeInsn:73]: Replaced NEW for net/minecraft/util/ClassInheritanceMultiMap to pl/asie/foamfix/coremod/common/FoamyClassInheritanceMultiMap
[22:24:25] [Client thread/INFO]: [pl.asie.patchy.helpers.ConstructorReplacingTransformer$FFMethodVisitor:visitMethodInsn:85]: Replaced INVOKESPECIAL for net/minecraft/util/ClassInheritanceMultiMap to pl/asie/foamfix/coremod/common/FoamyClassInheritanceMultiMap
[22:24:26] [Client thread/INFO]: About to patch obfuscated class amp (net.minecraft.world.Explosion)
[22:24:26] [Client thread/INFO]: Successfully injected into func_77279_a(Z)V
[22:24:26] [Client thread/INFO]: Found method net.minecraftforge.client.model.ModelLoader.func_177570_a ()Lnet/minecraft/util/registry/IRegistry; (matching setupModelRegistry)
[22:24:26] [Client thread/INFO]: [BetterFoliageLoader] Applying ModelLoader lifecycle callback
[22:24:26] [Client thread/ERROR]: The mod carryon is expecting signature fd21553434f4905f2f73ea7838147ac4ea07bd88 for source carryon-1.12.2-1.12.7.23.jar, however there is no signature matching that description
[22:24:27] [Client thread/INFO]: OpenGL Vendor: NVIDIA Corporation
[22:24:27] [Client thread/INFO]: OpenGL Renderer: NVIDIA GeForce RTX 4060 Ti/PCIe/SSE2
[22:24:27] [Client thread/INFO]: OpenGL Version: 4.6.0 NVIDIA 560.94
[22:24:27] [Client thread/INFO]: OpenGL Extensions: GL_AMD_multi_draw_indirect GL_AMD_seamless_cubemap_per_texture GL_AMD_vertex_shader_viewport_index GL_AMD_vertex_shader_layer GL_ARB_arrays_of_arrays GL_ARB_base_instance GL_ARB_bindless_texture GL_ARB_blend_func_extended GL_ARB_buffer_storage GL_ARB_clear_buffer_object GL_ARB_clear_texture GL_ARB_clip_control GL_ARB_color_buffer_float GL_ARB_compatibility GL_ARB_compressed_texture_pixel_storage GL_ARB_conservative_depth GL_ARB_compute_shader GL_ARB_compute_variable_group_size GL_ARB_conditional_render_inverted GL_ARB_copy_buffer GL_ARB_copy_image GL_ARB_cull_distance GL_ARB_debug_output GL_ARB_depth_buffer_float GL_ARB_depth_clamp GL_ARB_depth_texture GL_ARB_derivative_control GL_ARB_direct_state_access GL_ARB_draw_buffers GL_ARB_draw_buffers_blend GL_ARB_draw_indirect GL_ARB_draw_elements_base_vertex GL_ARB_draw_instanced GL_ARB_enhanced_layouts GL_ARB_ES2_compatibility GL_ARB_ES3_compatibility GL_ARB_ES3_1_compatibility GL_ARB_ES3_2_compatibility GL_ARB_explicit_attrib_location GL_ARB_explicit_uniform_location GL_ARB_fragment_coord_conventions GL_ARB_fragment_layer_viewport GL_ARB_fragment_program GL_ARB_fragment_program_shadow GL_ARB_fragment_shader GL_ARB_fragment_shader_interlock GL_ARB_framebuffer_no_attachments GL_ARB_framebuffer_object GL_ARB_framebuffer_sRGB GL_ARB_geometry_shader4 GL_ARB_get_program_binary GL_ARB_get_texture_sub_image GL_ARB_gl_spirv GL_ARB_gpu_shader5 GL_ARB_gpu_shader_fp64 GL_ARB_gpu_shader_int64 GL_ARB_half_float_pixel GL_ARB_half_float_vertex GL_ARB_imaging GL_ARB_indirect_parameters GL_ARB_instanced_arrays GL_ARB_internalformat_query GL_ARB_internalformat_query2 GL_ARB_invalidate_subdata GL_ARB_map_buffer_alignment GL_ARB_map_buffer_range GL_ARB_multi_bind GL_ARB_multi_draw_indirect GL_ARB_multisample GL_ARB_multitexture GL_ARB_occlusion_query GL_ARB_occlusion_query2 GL_ARB_parallel_shader_compile GL_ARB_pipeline_statistics_query GL_ARB_pixel_buffer_object GL_ARB_point_parameters GL_ARB_point_sprite GL_ARB_polygon_offset_clamp GL_ARB_post_depth_coverage GL_ARB_program_interface_query GL_ARB_provoking_vertex GL_ARB_query_buffer_object GL_ARB_robust_buffer_access_behavior GL_ARB_robustness GL_ARB_sample_locations GL_ARB_sample_shading GL_ARB_sampler_objects GL_ARB_seamless_cube_map GL_ARB_seamless_cubemap_per_texture GL_ARB_separate_shader_objects GL_ARB_shader_atomic_counter_ops GL_ARB_shader_atomic_counters GL_ARB_shader_ballot GL_ARB_shader_bit_encoding GL_ARB_shader_clock GL_ARB_shader_draw_parameters GL_ARB_shader_group_vote GL_ARB_shader_image_load_store GL_ARB_shader_image_size GL_ARB_shader_objects GL_ARB_shader_precision GL_ARB_shader_storage_buffer_object GL_ARB_shader_subroutine GL_ARB_shader_texture_image_samples GL_ARB_shader_texture_lod GL_ARB_shading_language_100 GL_ARB_shader_viewport_layer_array GL_ARB_shading_language_420pack GL_ARB_shading_language_include GL_ARB_shading_language_packing GL_ARB_shadow GL_ARB_sparse_buffer GL_ARB_sparse_texture GL_ARB_sparse_texture2 GL_ARB_sparse_texture_clamp GL_ARB_spirv_extensions GL_ARB_stencil_texturing GL_ARB_sync GL_ARB_tessellation_shader GL_ARB_texture_barrier GL_ARB_texture_border_clamp GL_ARB_texture_buffer_object GL_ARB_texture_buffer_object_rgb32 GL_ARB_texture_buffer_range GL_ARB_texture_compression GL_ARB_texture_compression_bptc GL_ARB_texture_compression_rgtc GL_ARB_texture_cube_map GL_ARB_texture_cube_map_array GL_ARB_texture_env_add GL_ARB_texture_env_combine GL_ARB_texture_env_crossbar GL_ARB_texture_env_dot3 GL_ARB_texture_filter_anisotropic GL_ARB_texture_filter_minmax GL_ARB_texture_float GL_ARB_texture_gather GL_ARB_texture_mirror_clamp_to_edge GL_ARB_texture_mirrored_repeat GL_ARB_texture_multisample GL_ARB_texture_non_power_of_two GL_ARB_texture_query_levels GL_ARB_texture_query_lod GL_ARB_texture_rectangle GL_ARB_texture_rg GL_ARB_texture_rgb10_a2ui GL_ARB_texture_stencil8 GL_ARB_texture_storage GL_ARB_texture_storage_multisample GL_ARB_texture_swizzle GL_ARB_texture_view GL_ARB_timer_query GL_ARB_transform_feedback2 GL_ARB_transform_feedback3 GL_ARB_transform_feedback_instanced GL_ARB_transform_feedback_overflow_query GL_ARB_transpose_matrix GL_ARB_uniform_buffer_object GL_ARB_vertex_array_bgra GL_ARB_vertex_array_object GL_ARB_vertex_attrib_64bit GL_ARB_vertex_attrib_binding GL_ARB_vertex_buffer_object GL_ARB_vertex_program GL_ARB_vertex_shader GL_ARB_vertex_type_10f_11f_11f_rev GL_ARB_vertex_type_2_10_10_10_rev GL_ARB_viewport_array GL_ARB_window_pos GL_ATI_draw_buffers GL_ATI_texture_float GL_ATI_texture_mirror_once GL_S3_s3tc GL_EXT_texture_env_add GL_EXT_abgr GL_EXT_bgra GL_EXT_bindable_uniform GL_EXT_blend_color GL_EXT_blend_equation_separate GL_EXT_blend_func_separate GL_EXT_blend_minmax GL_EXT_blend_subtract GL_EXT_compiled_vertex_array GL_EXT_Cg_shader GL_EXT_depth_bounds_test GL_EXT_direct_state_access GL_EXT_draw_buffers2 GL_EXT_draw_instanced GL_EXT_draw_range_elements GL_EXT_fog_coord GL_EXT_framebuffer_blit GL_EXT_framebuffer_multisample GL_EXTX_framebuffer_mixed_formats GL_EXT_framebuffer_multisample_blit_scaled GL_EXT_framebuffer_object GL_EXT_framebuffer_sRGB GL_EXT_geometry_shader4 GL_EXT_gpu_program_parameters GL_EXT_gpu_shader4 GL_EXT_multi_draw_arrays GL_EXT_multiview_texture_multisample GL_EXT_multiview_timer_query GL_EXT_packed_depth_stencil GL_EXT_packed_float GL_EXT_packed_pixels GL_EXT_pixel_buffer_object GL_EXT_point_parameters GL_EXT_polygon_offset_clamp GL_EXT_post_depth_coverage GL_EXT_provoking_vertex GL_EXT_raster_multisample GL_EXT_rescale_normal GL_EXT_secondary_color GL_EXT_separate_shader_objects GL_EXT_separate_specular_color GL_EXT_shader_image_load_formatted GL_EXT_shader_image_load_store GL_EXT_shader_integer_mix GL_EXT_shadow_funcs GL_EXT_sparse_texture2 GL_EXT_stencil_two_side GL_EXT_stencil_wrap GL_EXT_texture3D GL_EXT_texture_array GL_EXT_texture_buffer_object GL_EXT_texture_compression_dxt1 GL_EXT_texture_compression_latc GL_EXT_texture_compression_rgtc GL_EXT_texture_compression_s3tc GL_EXT_texture_cube_map GL_EXT_texture_edge_clamp GL_EXT_texture_env_combine GL_EXT_texture_env_dot3 GL_EXT_texture_filter_anisotropic GL_EXT_texture_filter_minmax GL_EXT_texture_integer GL_EXT_texture_lod GL_EXT_texture_lod_bias GL_EXT_texture_mirror_clamp GL_EXT_texture_object GL_EXT_texture_shadow_lod GL_EXT_texture_shared_exponent GL_EXT_texture_sRGB GL_EXT_texture_sRGB_R8 GL_EXT_texture_sRGB_decode GL_EXT_texture_storage GL_EXT_texture_swizzle GL_EXT_timer_query GL_EXT_transform_feedback2 GL_EXT_vertex_array GL_EXT_vertex_array_bgra GL_EXT_vertex_attrib_64bit GL_EXT_window_rectangles GL_EXT_import_sync_object GL_IBM_rasterpos_clip GL_IBM_texture_mirrored_repeat GL_KHR_context_flush_control GL_KHR_debug GL_EXT_memory_object GL_EXT_memory_object_win32 GL_NV_memory_object_sparse GL_EXT_win32_keyed_mutex GL_KHR_parallel_shader_compile GL_KHR_no_error GL_KHR_robust_buffer_access_behavior GL_KHR_robustness GL_EXT_semaphore GL_EXT_semaphore_win32 GL_NV_timeline_semaphore GL_KHR_shader_subgroup GL_KTX_buffer_region GL_NV_alpha_to_coverage_dither_control GL_NV_bindless_multi_draw_indirect GL_NV_bindless_multi_draw_indirect_count GL_NV_bindless_texture GL_NV_blend_equation_advanced GL_NV_blend_equation_advanced_coherent GL_NVX_blend_equation_advanced_multi_draw_buffers GL_NV_blend_minmax_factor GL_NV_blend_square GL_NV_clip_space_w_scaling GL_NV_command_list GL_NV_compute_program5 GL_NV_compute_shader_derivatives GL_NV_conditional_render GL_NV_conservative_raster GL_NV_conservative_raster_dilate GL_NV_conservative_raster_pre_snap GL_NV_conservative_raster_pre_snap_triangles GL_NV_conservative_raster_underestimation GL_NV_copy_depth_to_color GL_NV_copy_image GL_NV_depth_buffer_float GL_NV_depth_clamp GL_NV_draw_texture GL_NV_draw_vulkan_image GL_NV_ES1_1_compatibility GL_NV_ES3_1_compatibility GL_NV_explicit_multisample GL_NV_feature_query GL_NV_fence GL_NV_fill_rectangle GL_NV_float_buffer GL_NV_fog_distance GL_NV_fragment_coverage_to_color GL_NV_fragment_program GL_NV_fragment_program_option GL_NV_fragment_program2 GL_NV_fragment_shader_barycentric GL_NV_fragment_shader_interlock GL_NV_framebuffer_mixed_samples GL_NV_framebuffer_multisample_coverage GL_NV_geometry_shader4 GL_NV_geometry_shader_passthrough GL_NV_gpu_program4 GL_NV_internalformat_sample_query GL_NV_gpu_program4_1 GL_NV_gpu_program5 GL_NV_gpu_program5_mem_extended GL_NV_gpu_program_fp64 GL_NV_gpu_program_multiview GL_NV_gpu_shader5 GL_NV_half_float GL_NV_light_max_exponent GL_NV_memory_attachment GL_NV_mesh_shader GL_NV_multisample_coverage GL_NV_multisample_filter_hint GL_NV_occlusion_query GL_NV_packed_depth_stencil GL_NV_parameter_buffer_object GL_NV_parameter_buffer_object2 GL_NV_path_rendering GL_NV_path_rendering_shared_edge GL_NV_pixel_data_range GL_NV_point_sprite GL_NV_primitive_restart GL_NV_primitive_shading_rate GL_NV_query_resource GL_NV_query_resource_tag GL_NV_register_combiners GL_NV_register_combiners2 GL_NV_representative_fragment_test GL_NV_sample_locations GL_NV_sample_mask_override_coverage GL_NV_scissor_exclusive GL_NV_shader_atomic_counters GL_NV_shader_atomic_float GL_NV_shader_atomic_float64 GL_NV_shader_atomic_fp16_vector GL_NV_shader_atomic_int64 GL_NV_shader_buffer_load GL_NV_shader_storage_buffer_object GL_NV_shader_subgroup_partitioned GL_NV_shader_texture_footprint GL_NV_shading_rate_image GL_NV_stereo_view_rendering GL_NV_texgen_reflection GL_NV_texture_barrier GL_NV_texture_compression_vtc GL_NV_texture_dirty_tile_map GL_NV_texture_env_combine4 GL_NV_texture_multisample GL_NV_texture_rectangle GL_NV_texture_rectangle_compressed GL_NV_texture_shader GL_NV_texture_shader2 GL_NV_texture_shader3 GL_NV_transform_feedback GL_NV_transform_feedback2 GL_NV_uniform_buffer_unified_memory GL_NV_uniform_buffer_std430_layout GL_NV_vertex_array_range GL_NV_vertex_array_range2 GL_NV_vertex_attrib_integer_64bit GL_NV_vertex_buffer_unified_memory GL_NV_vertex_program GL_NV_vertex_program1_1 GL_NV_vertex_program2 GL_NV_vertex_program2_option GL_NV_vertex_program3 GL_NV_viewport_array2 GL_NV_viewport_swizzle GL_NVX_conditional_render GL_NVX_linked_gpu_multicast GL_NV_gpu_multicast GL_NVX_gpu_multicast2 GL_NVX_progress_fence GL_NVX_gpu_memory_info GL_NVX_multigpu_info GL_NVX_nvenc_interop GL_NV_shader_thread_group GL_NV_shader_thread_shuffle GL_KHR_blend_equation_advanced GL_KHR_blend_equation_advanced_coherent GL_OVR_multiview GL_OVR_multiview2 GL_SGIS_generate_mipmap GL_SGIS_texture_lod GL_SGIX_depth_texture GL_SGIX_shadow GL_SUN_slice_accum GL_WIN_swap_hint WGL_EXT_swap_control 
[22:24:27] [Client thread/INFO]: GL_AMD_blend_minmax_factor false
[22:24:27] [Client thread/INFO]: GL_AMD_conservative_depth false
[22:24:27] [Client thread/INFO]: GL_AMD_debug_output false
[22:24:27] [Client thread/INFO]: GL_AMD_depth_clamp_separate false
[22:24:27] [Client thread/INFO]: GL_AMD_draw_buffers_blend false
[22:24:27] [Client thread/INFO]: GL_AMD_interleaved_elements false
[22:24:27] [Client thread/INFO]: GL_AMD_multi_draw_indirect true
[22:24:27] [Client thread/INFO]: GL_AMD_name_gen_delete false
[22:24:27] [Client thread/INFO]: GL_AMD_performance_monitor false
[22:24:27] [Client thread/INFO]: GL_AMD_pinned_memory false
[22:24:27] [Client thread/INFO]: GL_AMD_query_buffer_object false
[22:24:27] [Client thread/INFO]: GL_AMD_sample_positions false
[22:24:27] [Client thread/INFO]: GL_AMD_seamless_cubemap_per_texture true
[22:24:27] [Client thread/INFO]: GL_AMD_shader_atomic_counter_ops false
[22:24:27] [Client thread/INFO]: GL_AMD_shader_stencil_export false
[22:24:27] [Client thread/INFO]: GL_AMD_shader_trinary_minmax false
[22:24:27] [Client thread/INFO]: GL_AMD_sparse_texture false
[22:24:27] [Client thread/INFO]: GL_AMD_stencil_operation_extended false
[22:24:27] [Client thread/INFO]: GL_AMD_texture_texture4 false
[22:24:27] [Client thread/INFO]: GL_AMD_transform_feedback3_lines_triangles false
[22:24:27] [Client thread/INFO]: GL_AMD_vertex_shader_layer true
[22:24:27] [Client thread/INFO]: GL_AMD_vertex_shader_tessellator false
[22:24:27] [Client thread/INFO]: GL_AMD_vertex_shader_viewport_index true
[22:24:27] [Client thread/INFO]: GL_APPLE_aux_depth_stencil false
[22:24:27] [Client thread/INFO]: GL_APPLE_client_storage false
[22:24:27] [Client thread/INFO]: GL_APPLE_element_array false
[22:24:27] [Client thread/INFO]: GL_APPLE_fence false
[22:24:27] [Client thread/INFO]: GL_APPLE_float_pixels false
[22:24:27] [Client thread/INFO]: GL_APPLE_flush_buffer_range false
[22:24:27] [Client thread/INFO]: GL_APPLE_object_purgeable false
[22:24:27] [Client thread/INFO]: GL_APPLE_packed_pixels false
[22:24:27] [Client thread/INFO]: GL_APPLE_rgb_422 false
[22:24:27] [Client thread/INFO]: GL_APPLE_row_bytes false
[22:24:27] [Client thread/INFO]: GL_APPLE_texture_range false
[22:24:27] [Client thread/INFO]: GL_APPLE_vertex_array_object false
[22:24:27] [Client thread/INFO]: GL_APPLE_vertex_array_range false
[22:24:27] [Client thread/INFO]: GL_APPLE_vertex_program_evaluators false
[22:24:27] [Client thread/INFO]: GL_APPLE_ycbcr_422 false
[22:24:27] [Client thread/INFO]: GL_ARB_ES2_compatibility true
[22:24:27] [Client thread/INFO]: GL_ARB_ES3_1_compatibility true
[22:24:27] [Client thread/INFO]: GL_ARB_ES3_compatibility true
[22:24:27] [Client thread/INFO]: GL_ARB_arrays_of_arrays true
[22:24:27] [Client thread/INFO]: GL_ARB_base_instance true
[22:24:27] [Client thread/INFO]: GL_ARB_bindless_texture true
[22:24:27] [Client thread/INFO]: GL_ARB_blend_func_extended true
[22:24:27] [Client thread/INFO]: GL_ARB_buffer_storage true
[22:24:27] [Client thread/INFO]: GL_ARB_cl_event false
[22:24:27] [Client thread/INFO]: GL_ARB_clear_buffer_object true
[22:24:27] [Client thread/INFO]: GL_ARB_clear_texture true
[22:24:27] [Client thread/INFO]: GL_ARB_clip_control true
[22:24:27] [Client thread/INFO]: GL_ARB_color_buffer_float true
[22:24:27] [Client thread/INFO]: GL_ARB_compatibility true
[22:24:27] [Client thread/INFO]: GL_ARB_compressed_texture_pixel_storage true
[22:24:27] [Client thread/INFO]: GL_ARB_compute_shader true
[22:24:27] [Client thread/INFO]: GL_ARB_compute_variable_group_size true
[22:24:27] [Client thread/INFO]: GL_ARB_conditional_render_inverted true
[22:24:27] [Client thread/INFO]: GL_ARB_conservative_depth true
[22:24:27] [Client thread/INFO]: GL_ARB_copy_buffer true
[22:24:27] [Client thread/INFO]: GL_ARB_copy_image true
[22:24:27] [Client thread/INFO]: GL_ARB_cull_distance true
[22:24:27] [Client thread/INFO]: GL_ARB_debug_output true
[22:24:27] [Client thread/INFO]: GL_ARB_depth_buffer_float true
[22:24:27] [Client thread/INFO]: GL_ARB_depth_clamp true
[22:24:27] [Client thread/INFO]: GL_ARB_depth_texture true
[22:24:27] [Client thread/INFO]: GL_ARB_derivative_control true
[22:24:27] [Client thread/INFO]: GL_ARB_direct_state_access true
[22:24:27] [Client thread/INFO]: GL_ARB_draw_buffers true
[22:24:27] [Client thread/INFO]: GL_ARB_draw_buffers_blend true
[22:24:27] [Client thread/INFO]: GL_ARB_draw_elements_base_vertex true
[22:24:27] [Client thread/INFO]: GL_ARB_draw_indirect true
[22:24:27] [Client thread/INFO]: GL_ARB_draw_instanced true
[22:24:27] [Client thread/INFO]: GL_ARB_enhanced_layouts true
[22:24:27] [Client thread/INFO]: GL_ARB_explicit_attrib_location true
[22:24:27] [Client thread/INFO]: GL_ARB_explicit_uniform_location true
[22:24:27] [Client thread/INFO]: GL_ARB_fragment_coord_conventions true
[22:24:27] [Client thread/INFO]: GL_ARB_fragment_layer_viewport true
[22:24:27] [Client thread/INFO]: GL_ARB_fragment_program true
[22:24:27] [Client thread/INFO]: GL_ARB_fragment_program_shadow true
[22:24:27] [Client thread/INFO]: GL_ARB_fragment_shader true
[22:24:27] [Client thread/INFO]: GL_ARB_framebuffer_no_attachments true
[22:24:27] [Client thread/INFO]: GL_ARB_framebuffer_object true
[22:24:27] [Client thread/INFO]: GL_ARB_framebuffer_sRGB true
[22:24:27] [Client thread/INFO]: GL_ARB_geometry_shader4 true
[22:24:27] [Client thread/INFO]: GL_ARB_get_program_binary true
[22:24:27] [Client thread/INFO]: GL_ARB_get_texture_sub_image true
[22:24:27] [Client thread/INFO]: GL_ARB_gpu_shader5 true
[22:24:27] [Client thread/INFO]: GL_ARB_gpu_shader_fp64 true
[22:24:27] [Client thread/INFO]: GL_ARB_half_float_pixel true
[22:24:27] [Client thread/INFO]: GL_ARB_half_float_vertex true
[22:24:27] [Client thread/INFO]: GL_ARB_imaging true
[22:24:27] [Client thread/INFO]: GL_ARB_indirect_parameters true
[22:24:27] [Client thread/INFO]: GL_ARB_instanced_arrays true
[22:24:27] [Client thread/INFO]: GL_ARB_internalformat_query true
[22:24:27] [Client thread/INFO]: GL_ARB_internalformat_query2 true
[22:24:27] [Client thread/INFO]: GL_ARB_invalidate_subdata true
[22:24:27] [Client thread/INFO]: GL_ARB_map_buffer_alignment true
[22:24:27] [Client thread/INFO]: GL_ARB_map_buffer_range true
[22:24:27] [Client thread/INFO]: GL_ARB_matrix_palette false
[22:24:27] [Client thread/INFO]: GL_ARB_multi_bind true
[22:24:27] [Client thread/INFO]: GL_ARB_multi_draw_indirect true
[22:24:27] [Client thread/INFO]: GL_ARB_multisample true
[22:24:27] [Client thread/INFO]: GL_ARB_multitexture true
[22:24:27] [Client thread/INFO]: GL_ARB_occlusion_query true
[22:24:27] [Client thread/INFO]: GL_ARB_occlusion_query2 true
[22:24:27] [Client thread/INFO]: GL_ARB_pipeline_statistics_query true
[22:24:27] [Client thread/INFO]: GL_ARB_pixel_buffer_object true
[22:24:27] [Client thread/INFO]: GL_ARB_point_parameters true
[22:24:27] [Client thread/INFO]: GL_ARB_point_sprite true
[22:24:27] [Client thread/INFO]: GL_ARB_program_interface_query true
[22:24:27] [Client thread/INFO]: GL_ARB_provoking_vertex true
[22:24:27] [Client thread/INFO]: GL_ARB_query_buffer_object true
[22:24:27] [Client thread/INFO]: GL_ARB_robust_buffer_access_behavior true
[22:24:27] [Client thread/INFO]: GL_ARB_robustness true
[22:24:27] [Client thread/INFO]: GL_ARB_robustness_isolation false
[22:24:27] [Client thread/INFO]: GL_ARB_sample_shading true
[22:24:27] [Client thread/INFO]: GL_ARB_sampler_objects true
[22:24:27] [Client thread/INFO]: GL_ARB_seamless_cube_map true
[22:24:27] [Client thread/INFO]: GL_ARB_seamless_cubemap_per_texture true
[22:24:27] [Client thread/INFO]: GL_ARB_separate_shader_objects true
[22:24:27] [Client thread/INFO]: GL_ARB_shader_atomic_counters true
[22:24:27] [Client thread/INFO]: GL_ARB_shader_bit_encoding true
[22:24:27] [Client thread/INFO]: GL_ARB_shader_draw_parameters true
[22:24:27] [Client thread/INFO]: GL_ARB_shader_group_vote true
[22:24:27] [Client thread/INFO]: GL_ARB_shader_image_load_store true
[22:24:27] [Client thread/INFO]: GL_ARB_shader_image_size true
[22:24:27] [Client thread/INFO]: GL_ARB_shader_objects true
[22:24:27] [Client thread/INFO]: GL_ARB_shader_precision true
[22:24:27] [Client thread/INFO]: GL_ARB_shader_stencil_export false
[22:24:27] [Client thread/INFO]: GL_ARB_shader_storage_buffer_object true
[22:24:27] [Client thread/INFO]: GL_ARB_shader_subroutine true
[22:24:27] [Client thread/INFO]: GL_ARB_shader_texture_image_samples true
[22:24:27] [Client thread/INFO]: GL_ARB_shader_texture_lod true
[22:24:27] [Client thread/INFO]: GL_ARB_shading_language_100 true
[22:24:27] [Client thread/INFO]: GL_ARB_shading_language_420pack true
[22:24:27] [Client thread/INFO]: GL_ARB_shading_language_include true
[22:24:27] [Client thread/INFO]: GL_ARB_shading_language_packing true
[22:24:27] [Client thread/INFO]: GL_ARB_shadow true
[22:24:27] [Client thread/INFO]: GL_ARB_shadow_ambient false
[22:24:27] [Client thread/INFO]: GL_ARB_sparse_buffer true
[22:24:27] [Client thread/INFO]: GL_ARB_sparse_texture true
[22:24:27] [Client thread/INFO]: GL_ARB_stencil_texturing true
[22:24:27] [Client thread/INFO]: GL_ARB_sync true
[22:24:27] [Client thread/INFO]: GL_ARB_tessellation_shader true
[22:24:27] [Client thread/INFO]: GL_ARB_texture_barrier true
[22:24:27] [Client thread/INFO]: GL_ARB_texture_border_clamp true
[22:24:27] [Client thread/INFO]: GL_ARB_texture_buffer_object true
[22:24:27] [Client thread/INFO]: GL_ARB_texture_buffer_object_rgb32 true
[22:24:27] [Client thread/INFO]: GL_ARB_texture_buffer_range true
[22:24:27] [Client thread/INFO]: GL_ARB_texture_compression true
[22:24:27] [Client thread/INFO]: GL_ARB_texture_compression_bptc true
[22:24:27] [Client thread/INFO]: GL_ARB_texture_compression_rgtc true
[22:24:27] [Client thread/INFO]: GL_ARB_texture_cube_map true
[22:24:27] [Client thread/INFO]: GL_ARB_texture_cube_map_array true
[22:24:27] [Client thread/INFO]: GL_ARB_texture_env_add true
[22:24:27] [Client thread/INFO]: GL_ARB_texture_env_combine true
[22:24:27] [Client thread/INFO]: GL_ARB_texture_env_crossbar true
[22:24:27] [Client thread/INFO]: GL_ARB_texture_env_dot3 true
[22:24:27] [Client thread/INFO]: GL_ARB_texture_float true
[22:24:27] [Client thread/INFO]: GL_ARB_texture_gather true
[22:24:27] [Client thread/INFO]: GL_ARB_texture_mirror_clamp_to_edge true
[22:24:27] [Client thread/INFO]: GL_ARB_texture_mirrored_repeat true
[22:24:27] [Client thread/INFO]: GL_ARB_texture_multisample true
[22:24:27] [Client thread/INFO]: GL_ARB_texture_non_power_of_two true
[22:24:27] [Client thread/INFO]: GL_ARB_texture_query_levels true
[22:24:27] [Client thread/INFO]: GL_ARB_texture_query_lod true
[22:24:27] [Client thread/INFO]: GL_ARB_texture_rectangle true
[22:24:27] [Client thread/INFO]: GL_ARB_texture_rg true
[22:24:27] [Client thread/INFO]: GL_ARB_texture_rgb10_a2ui true
[22:24:27] [Client thread/INFO]: GL_ARB_texture_stencil8 true
[22:24:27] [Client thread/INFO]: GL_ARB_texture_storage true
[22:24:27] [Client thread/INFO]: GL_ARB_texture_storage_multisample true
[22:24:27] [Client thread/INFO]: GL_ARB_texture_swizzle true
[22:24:27] [Client thread/INFO]: GL_ARB_texture_view true
[22:24:27] [Client thread/INFO]: GL_ARB_timer_query true
[22:24:27] [Client thread/INFO]: GL_ARB_transform_feedback2 true
[22:24:27] [Client thread/INFO]: GL_ARB_transform_feedback3 true
[22:24:27] [Client thread/INFO]: GL_ARB_transform_feedback_instanced true
[22:24:27] [Client thread/INFO]: GL_ARB_transform_feedback_overflow_query true
[22:24:27] [Client thread/INFO]: GL_ARB_transpose_matrix true
[22:24:27] [Client thread/INFO]: GL_ARB_uniform_buffer_object true
[22:24:27] [Client thread/INFO]: GL_ARB_vertex_array_bgra true
[22:24:27] [Client thread/INFO]: GL_ARB_vertex_array_object true
[22:24:27] [Client thread/INFO]: GL_ARB_vertex_attrib_64bit true
[22:24:27] [Client thread/INFO]: GL_ARB_vertex_attrib_binding true
[22:24:27] [Client thread/INFO]: GL_ARB_vertex_blend false
[22:24:27] [Client thread/INFO]: GL_ARB_vertex_buffer_object true
[22:24:27] [Client thread/INFO]: GL_ARB_vertex_program true
[22:24:27] [Client thread/INFO]: GL_ARB_vertex_shader true
[22:24:27] [Client thread/INFO]: GL_ARB_vertex_type_10f_11f_11f_rev true
[22:24:27] [Client thread/INFO]: GL_ARB_vertex_type_2_10_10_10_rev true
[22:24:27] [Client thread/INFO]: GL_ARB_viewport_array true
[22:24:27] [Client thread/INFO]: GL_ARB_window_pos true
[22:24:27] [Client thread/INFO]: GL_ATI_draw_buffers true
[22:24:27] [Client thread/INFO]: GL_ATI_element_array false
[22:24:27] [Client thread/INFO]: GL_ATI_envmap_bumpmap false
[22:24:27] [Client thread/INFO]: GL_ATI_fragment_shader false
[22:24:27] [Client thread/INFO]: GL_ATI_map_object_buffer false
[22:24:27] [Client thread/INFO]: GL_ATI_meminfo false
[22:24:27] [Client thread/INFO]: GL_ATI_pn_triangles false
[22:24:27] [Client thread/INFO]: GL_ATI_separate_stencil false
[22:24:27] [Client thread/INFO]: GL_ATI_shader_texture_lod false
[22:24:27] [Client thread/INFO]: GL_ATI_text_fragment_shader false
[22:24:27] [Client thread/INFO]: GL_ATI_texture_compression_3dc false
[22:24:27] [Client thread/INFO]: GL_ATI_texture_env_combine3 false
[22:24:27] [Client thread/INFO]: GL_ATI_texture_float true
[22:24:27] [Client thread/INFO]: GL_ATI_texture_mirror_once true
[22:24:27] [Client thread/INFO]: GL_ATI_vertex_array_object false
[22:24:27] [Client thread/INFO]: GL_ATI_vertex_attrib_array_object false
[22:24:27] [Client thread/INFO]: GL_ATI_vertex_streams false
[22:24:27] [Client thread/INFO]: GL_EXT_Cg_shader true
[22:24:27] [Client thread/INFO]: GL_EXT_abgr true
[22:24:27] [Client thread/INFO]: GL_EXT_bgra true
[22:24:27] [Client thread/INFO]: GL_EXT_bindable_uniform true
[22:24:27] [Client thread/INFO]: GL_EXT_blend_color true
[22:24:27] [Client thread/INFO]: GL_EXT_blend_equation_separate true
[22:24:27] [Client thread/INFO]: GL_EXT_blend_func_separate true
[22:24:27] [Client thread/INFO]: GL_EXT_blend_minmax true
[22:24:27] [Client thread/INFO]: GL_EXT_blend_subtract true
[22:24:27] [Client thread/INFO]: GL_EXT_compiled_vertex_array true
[22:24:27] [Client thread/INFO]: GL_EXT_depth_bounds_test true
[22:24:27] [Client thread/INFO]: GL_EXT_direct_state_access true
[22:24:27] [Client thread/INFO]: GL_EXT_draw_buffers2 true
[22:24:27] [Client thread/INFO]: GL_EXT_draw_instanced true
[22:24:27] [Client thread/INFO]: GL_EXT_draw_range_elements true
[22:24:27] [Client thread/INFO]: GL_EXT_fog_coord true
[22:24:27] [Client thread/INFO]: GL_EXT_framebuffer_blit true
[22:24:27] [Client thread/INFO]: GL_EXT_framebuffer_multisample true
[22:24:27] [Client thread/INFO]: GL_EXT_framebuffer_multisample_blit_scaled true
[22:24:27] [Client thread/INFO]: GL_EXT_framebuffer_object true
[22:24:27] [Client thread/INFO]: GL_EXT_framebuffer_sRGB true
[22:24:27] [Client thread/INFO]: GL_EXT_geometry_shader4 true
[22:24:27] [Client thread/INFO]: GL_EXT_gpu_program_parameters true
[22:24:27] [Client thread/INFO]: GL_EXT_gpu_shader4 true
[22:24:27] [Client thread/INFO]: GL_EXT_multi_draw_arrays true
[22:24:27] [Client thread/INFO]: GL_EXT_packed_depth_stencil true
[22:24:27] [Client thread/INFO]: GL_EXT_packed_float true
[22:24:27] [Client thread/INFO]: GL_EXT_packed_pixels true
[22:24:27] [Client thread/INFO]: GL_EXT_paletted_texture false
[22:24:27] [Client thread/INFO]: GL_EXT_pixel_buffer_object true
[22:24:27] [Client thread/INFO]: GL_EXT_point_parameters true
[22:24:27] [Client thread/INFO]: GL_EXT_provoking_vertex true
[22:24:27] [Client thread/INFO]: GL_EXT_rescale_normal true
[22:24:27] [Client thread/INFO]: GL_EXT_secondary_color true
[22:24:27] [Client thread/INFO]: GL_EXT_separate_shader_objects true
[22:24:27] [Client thread/INFO]: GL_EXT_separate_specular_color true
[22:24:27] [Client thread/INFO]: GL_EXT_shader_image_load_store true
[22:24:27] [Client thread/INFO]: GL_EXT_shadow_funcs true
[22:24:27] [Client thread/INFO]: GL_EXT_shared_texture_palette false
[22:24:27] [Client thread/INFO]: GL_EXT_stencil_clear_tag false
[22:24:27] [Client thread/INFO]: GL_EXT_stencil_two_side true
[22:24:27] [Client thread/INFO]: GL_EXT_stencil_wrap true
[22:24:27] [Client thread/INFO]: GL_EXT_texture_3d false
[22:24:27] [Client thread/INFO]: GL_EXT_texture_array true
[22:24:27] [Client thread/INFO]: GL_EXT_texture_buffer_object true
[22:24:27] [Client thread/INFO]: GL_EXT_texture_compression_latc true
[22:24:27] [Client thread/INFO]: GL_EXT_texture_compression_rgtc true
[22:24:27] [Client thread/INFO]: GL_EXT_texture_compression_s3tc true
[22:24:27] [Client thread/INFO]: GL_EXT_texture_env_combine true
[22:24:27] [Client thread/INFO]: GL_EXT_texture_env_dot3 true
[22:24:27] [Client thread/INFO]: GL_EXT_texture_filter_anisotropic true
[22:24:27] [Client thread/INFO]: GL_EXT_texture_integer true
[22:24:27] [Client thread/INFO]: GL_EXT_texture_lod_bias true
[22:24:27] [Client thread/INFO]: GL_EXT_texture_mirror_clamp true
[22:24:27] [Client thread/INFO]: GL_EXT_texture_rectangle false
[22:24:27] [Client thread/INFO]: GL_EXT_texture_sRGB true
[22:24:27] [Client thread/INFO]: GL_EXT_texture_sRGB_decode true
[22:24:27] [Client thread/INFO]: GL_EXT_texture_shared_exponent true
[22:24:27] [Client thread/INFO]: GL_EXT_texture_snorm false
[22:24:27] [Client thread/INFO]: GL_EXT_texture_swizzle true
[22:24:27] [Client thread/INFO]: GL_EXT_timer_query true
[22:24:27] [Client thread/INFO]: GL_EXT_transform_feedback false
[22:24:27] [Client thread/INFO]: GL_EXT_vertex_array_bgra true
[22:24:27] [Client thread/INFO]: GL_EXT_vertex_attrib_64bit true
[22:24:27] [Client thread/INFO]: GL_EXT_vertex_shader false
[22:24:27] [Client thread/INFO]: GL_EXT_vertex_weighting false
[22:24:27] [Client thread/INFO]: OpenGL11 true
[22:24:27] [Client thread/INFO]: OpenGL12 true
[22:24:27] [Client thread/INFO]: OpenGL13 true
[22:24:27] [Client thread/INFO]: OpenGL14 true
[22:24:27] [Client thread/INFO]: OpenGL15 true
[22:24:27] [Client thread/INFO]: OpenGL20 true
[22:24:27] [Client thread/INFO]: OpenGL21 true
[22:24:27] [Client thread/INFO]: OpenGL30 true
[22:24:27] [Client thread/INFO]: OpenGL31 true
[22:24:27] [Client thread/INFO]: OpenGL32 true
[22:24:27] [Client thread/INFO]: OpenGL33 true
[22:24:27] [Client thread/INFO]: OpenGL40 true
[22:24:27] [Client thread/INFO]: OpenGL41 true
[22:24:27] [Client thread/INFO]: OpenGL42 true
[22:24:27] [Client thread/INFO]: OpenGL43 true
[22:24:27] [Client thread/INFO]: OpenGL44 true
[22:24:27] [Client thread/INFO]: OpenGL45 true
[22:24:27] [Client thread/INFO]: GL_GREMEDY_frame_terminator false
[22:24:27] [Client thread/INFO]: GL_GREMEDY_string_marker false
[22:24:27] [Client thread/INFO]: GL_HP_occlusion_test false
[22:24:27] [Client thread/INFO]: GL_IBM_rasterpos_clip true
[22:24:27] [Client thread/INFO]: GL_INTEL_map_texture false
[22:24:27] [Client thread/INFO]: GL_KHR_context_flush_control true
[22:24:27] [Client thread/INFO]: GL_KHR_debug true
[22:24:27] [Client thread/INFO]: GL_KHR_robust_buffer_access_behavior true
[22:24:27] [Client thread/INFO]: GL_KHR_robustness true
[22:24:27] [Client thread/INFO]: GL_KHR_texture_compression_astc_ldr false
[22:24:27] [Client thread/INFO]: GL_NVX_gpu_memory_info true
[22:24:27] [Client thread/INFO]: GL_NV_bindless_multi_draw_indirect true
[22:24:27] [Client thread/INFO]: GL_NV_bindless_texture true
[22:24:27] [Client thread/INFO]: GL_NV_blend_equation_advanced true
[22:24:27] [Client thread/INFO]: GL_NV_blend_square true
[22:24:27] [Client thread/INFO]: GL_NV_compute_program5 true
[22:24:27] [Client thread/INFO]: GL_NV_conditional_render true
[22:24:27] [Client thread/INFO]: GL_NV_copy_depth_to_color true
[22:24:27] [Client thread/INFO]: GL_NV_copy_image true
[22:24:27] [Client thread/INFO]: GL_NV_deep_texture3D false
[22:24:27] [Client thread/INFO]: GL_NV_depth_buffer_float true
[22:24:27] [Client thread/INFO]: GL_NV_depth_clamp true
[22:24:27] [Client thread/INFO]: GL_NV_draw_texture true
[22:24:27] [Client thread/INFO]: GL_NV_evaluators false
[22:24:27] [Client thread/INFO]: GL_NV_explicit_multisample true
[22:24:27] [Client thread/INFO]: GL_NV_fence true
[22:24:27] [Client thread/INFO]: GL_NV_float_buffer true
[22:24:27] [Client thread/INFO]: GL_NV_fog_distance true
[22:24:27] [Client thread/INFO]: GL_NV_fragment_program true
[22:24:27] [Client thread/INFO]: GL_NV_fragment_program2 true
[22:24:27] [Client thread/INFO]: GL_NV_fragment_program4 false
[22:24:27] [Client thread/INFO]: GL_NV_fragment_program_option true
[22:24:27] [Client thread/INFO]: GL_NV_framebuffer_multisample_coverage true
[22:24:27] [Client thread/INFO]: GL_NV_geometry_program4 false
[22:24:27] [Client thread/INFO]: GL_NV_geometry_shader4 true
[22:24:27] [Client thread/INFO]: GL_NV_gpu_program4 true
[22:24:27] [Client thread/INFO]: GL_NV_gpu_program5 true
[22:24:27] [Client thread/INFO]: GL_NV_gpu_program5_mem_extended true
[22:24:27] [Client thread/INFO]: GL_NV_gpu_shader5 true
[22:24:27] [Client thread/INFO]: GL_NV_half_float true
[22:24:27] [Client thread/INFO]: GL_NV_light_max_exponent true
[22:24:27] [Client thread/INFO]: GL_NV_multisample_coverage true
[22:24:27] [Client thread/INFO]: GL_NV_multisample_filter_hint true
[22:24:27] [Client thread/INFO]: GL_NV_occlusion_query true
[22:24:27] [Client thread/INFO]: GL_NV_packed_depth_stencil true
[22:24:27] [Client thread/INFO]: GL_NV_parameter_buffer_object true
[22:24:27] [Client thread/INFO]: GL_NV_parameter_buffer_object2 true
[22:24:27] [Client thread/INFO]: GL_NV_path_rendering true
[22:24:27] [Client thread/INFO]: GL_NV_pixel_data_range true
[22:24:27] [Client thread/INFO]: GL_NV_point_sprite true
[22:24:27] [Client thread/INFO]: GL_NV_present_video false
[22:24:27] [Client thread/INFO]: GL_NV_primitive_restart true
[22:24:27] [Client thread/INFO]: GL_NV_register_combiners true
[22:24:27] [Client thread/INFO]: GL_NV_register_combiners2 true
[22:24:27] [Client thread/INFO]: GL_NV_shader_atomic_counters true
[22:24:27] [Client thread/INFO]: GL_NV_shader_atomic_float true
[22:24:27] [Client thread/INFO]: GL_NV_shader_buffer_load true
[22:24:27] [Client thread/INFO]: GL_NV_shader_buffer_store false
[22:24:27] [Client thread/INFO]: GL_NV_shader_storage_buffer_object true
[22:24:27] [Client thread/INFO]: GL_NV_tessellation_program5 false
[22:24:27] [Client thread/INFO]: GL_NV_texgen_reflection true
[22:24:27] [Client thread/INFO]: GL_NV_texture_barrier true
[22:24:27] [Client thread/INFO]: GL_NV_texture_compression_vtc true
[22:24:27] [Client thread/INFO]: GL_NV_texture_env_combine4 true
[22:24:27] [Client thread/INFO]: GL_NV_texture_expand_normal false
[22:24:27] [Client thread/INFO]: GL_NV_texture_multisample true
[22:24:27] [Client thread/INFO]: GL_NV_texture_rectangle true
[22:24:27] [Client thread/INFO]: GL_NV_texture_shader true
[22:24:27] [Client thread/INFO]: GL_NV_texture_shader2 true
[22:24:27] [Client thread/INFO]: GL_NV_texture_shader3 true
[22:24:27] [Client thread/INFO]: GL_NV_transform_feedback true
[22:24:27] [Client thread/INFO]: GL_NV_transform_feedback2 true
[22:24:27] [Client thread/INFO]: GL_NV_vertex_array_range true
[22:24:27] [Client thread/INFO]: GL_NV_vertex_array_range2 true
[22:24:27] [Client thread/INFO]: GL_NV_vertex_attrib_integer_64bit true
[22:24:27] [Client thread/INFO]: GL_NV_vertex_buffer_unified_memory true
[22:24:27] [Client thread/INFO]: GL_NV_vertex_program true
[22:24:27] [Client thread/INFO]: GL_NV_vertex_program1_1 true
[22:24:27] [Client thread/INFO]: GL_NV_vertex_program2 true
[22:24:27] [Client thread/INFO]: GL_NV_vertex_program2_option true
[22:24:27] [Client thread/INFO]: GL_NV_vertex_program3 true
[22:24:27] [Client thread/INFO]: GL_NV_vertex_program4 false
[22:24:27] [Client thread/INFO]: GL_NV_video_capture false
[22:24:27] [Client thread/INFO]: GL_SGIS_generate_mipmap true
[22:24:27] [Client thread/INFO]: GL_SGIS_texture_lod true
[22:24:27] [Client thread/INFO]: GL_SUN_slice_accum true
[22:24:27] [Client thread/ERROR]: The mod reborncore is expecting signature 8727a3141c8ec7f173b87aa78b9b9807867c4e6b for source RebornCore-1.12.2-3.19.5-universal.jar, however there is no signature matching that description
[22:24:27] [Client thread/ERROR]: Invalid fingerprint detected for RebornCore!
[22:24:27] [Client thread/INFO]: Please don't hurt me. :S
[22:24:27] [Client thread/ERROR]: The mod notreepunching is expecting signature 3c2d6be715971d1ed58a028cdb3fae72987fc934 for source notreepunching-2.0.21.jar, however there is no signature matching that description
[22:24:28] [Client thread/INFO]: [pl.asie.foamfix.coremod.patches.GhostBusterDefinitionPatch:apply:136]: Added ghost buster patch (radius = 4) in net/minecraftforge/fluids/BlockFluidClassic func_180650_b
[22:24:28] [Client thread/INFO]: [com.tmtravlr.soundfilters.SoundFiltersMod:<clinit>:92]: [Sound Filters] Loaded modified library.
[22:24:28] [Client thread/INFO]: Transforming method (SpartanWeaponry): EventHandlerClient#onMouseEvent(MouseEvent)
[22:24:28] [Client thread/INFO]: Reloading ResourceManager: Default, FMLFileResourcePack:Forge Mod Loader, FMLFileResourcePack:Minecraft Forge, FMLFileResourcePack:Advanced Hook Launchers, FMLFileResourcePack:Advanced Fishing, FMLFileResourcePack:AI Reducer, FMLFileResourcePack:AlcatrazCore, FMLFileResourcePack:Antique Atlas, FMLFileResourcePack:Antique Atlas Overlay, FMLFileResourcePack:Antique Cities, FMLFileResourcePack:Anvil Patch - Lawful, FMLFileResourcePack:Aquaculture, FMLFileResourcePack:Armor Underwear, FMLFileResourcePack:AstikorCarts, FMLFileResourcePack:Attribute Fix, FMLFileResourcePack:AutoRegLib, FMLFileResourcePack:B.A.S.E, FMLFileResourcePack:Battle Towers, FMLFileResourcePack:Baubles, FMLFileResourcePack:BedBreakBegone, FMLFileResourcePack:Better Survival, FMLFileResourcePack:Better Biome Blend, FMLFileResourcePack:YUNG's Better Caves, FMLFileResourcePack:Better Foliage, FMLFileResourcePack:YUNG's Better Mineshafts, FMLFileResourcePack:Better Nether, FMLFileResourcePack:Better Questing, FMLFileResourcePack:BetterTabs, FMLFileResourcePack:Block Overlay Fix, FMLFileResourcePack:Bloodmoon, FMLFileResourcePack:BNBGamingLib, FMLFileResourcePack:Bountiful Baubles, FMLFileResourcePack:Bountiful, FMLFileResourcePack:BQ Multiblock and Structure Expansion, FMLFileResourcePack:BQTweaker, FMLFileResourcePack:Callable Horses, FMLFileResourcePack:Carrots Lib, FMLFileResourcePack:Carry On, FMLFileResourcePack:Champions, FMLFileResourcePack:Charm, FMLFileResourcePack:Chunk Animator, FMLFileResourcePack:Classy Hats, FMLFileResourcePack:CollisionDamage, FMLFileResourcePack:Comforts, FMLFileResourcePack:CompatSkills, FMLFileResourcePack:ContentTweaker, FMLFileResourcePack:Controlling, FMLFileResourcePack:Coralreef, FMLFileResourcePack:Corpse Complex, FMLFileResourcePack:Craftable Chainmail, FMLFileResourcePack:CT-GUI, FMLFileResourcePack:CraftTweaker2, FMLFileResourcePack:CraftTweaker JEI Support, FMLFileResourcePack:CreativeCore, FMLFileResourcePack:Custom Main Menu, FMLFileResourcePack:Defiled Lands, FMLFileResourcePack:Disenchanter, FMLFileResourcePack:Doomlike Dungeons, FMLFileResourcePack:Dynamic Surroundings, FMLFileResourcePack:Dynamic Trees, FMLFileResourcePack:Dynamic Trees for Defiled Lands, FMLFileResourcePack:Dynamic Trees for Traverse, FMLFileResourcePack:Elenai Dodge, FMLFileResourcePack:Enchantment Descriptions, FMLFileResourcePack:Enhanced Visuals, FMLFileResourcePack:EntityCulling, FMLFileResourcePack:Familiar Fauna, FMLFileResourcePack:Fancy Block Particles, FMLFileResourcePack:Fantastic Lib, FMLFileResourcePack:First Aid, FMLFileResourcePack:Fishing Made Better, FMLFileResourcePack:FoamFix, FMLFileResourcePack:Food Expansion, FMLFileResourcePack:Forge Endertech, FMLFileResourcePack:Shadowfacts' Forgelin, FMLFileResourcePack:Forgotten Items, FMLFileResourcePack:Frame Void Patch, FMLFileResourcePack:FriendlyEndermite, FMLFileResourcePack:FxControl, FMLFileResourcePack:Global GameRules, FMLFileResourcePack:GooglyEyes, FMLFileResourcePack:Grappling hook mod, FMLFileResourcePack:HelpFixer, FMLFileResourcePack:Ice and Fire, FMLFileResourcePack:iChunUtil, FMLFileResourcePack:InControl, FMLFileResourcePack:Infernal Mobs, FMLFileResourcePack:Inspirations, FMLFileResourcePack:Inventory Tweaks, FMLFileResourcePack:ISeeDragons, FMLFileResourcePack:It's the little things, FMLFileResourcePack:Just Enough Items, FMLFileResourcePack:Legendary Tooltips, FMLFileResourcePack:Level Up! Reloaded, FMLFileResourcePack:LibrarianLib Stage 2, FMLFileResourcePack:LibrarianLib, FMLFileResourcePack:Loading Screens, FMLFileResourcePack:Locks, FMLFileResourcePack:LootTweaker, FMLFileResourcePack:The Lost Cities, FMLFileResourcePack:Lycanites Mobs, FMLFileResourcePack:Main Menu Scale, FMLFileResourcePack:Mantle, FMLFileResourcePack:MaterialTweaker, FMLFileResourcePack:Macaw's Bridges, FMLFileResourcePack:MmmMmmMmmMmm, FMLFileResourcePack:Mo' Bends, FMLFileResourcePack:Mod Tweaker, FMLFileResourcePack:Mouse Tweaks, FMLFileResourcePack:MTLib, FMLFileResourcePack:Multi Mine, FMLFileResourcePack:Neat, FMLFileResourcePack:No Tree Punching, FMLFileResourcePack:Particle Culling, FMLFileResourcePack:Pigstep, FMLFileResourcePack:Placebo, FMLFileResourcePack:playerbosses, FMLFileResourcePack:PortalDupeBegone, FMLFileResourcePack:Potion Core, FMLFileResourcePack:Potion Fingers, FMLFileResourcePack:Quality Tools, FMLFileResourcePack:Quark, FMLFileResourcePack:Reach Fix, FMLFileResourcePack:Realistic Torches, FMLFileResourcePack:Reborn Core, FMLFileResourcePack:Recurrent Complex, FMLFileResourcePack:RenderLib, FMLFileResourcePack:Reskillable, FMLFileResourcePack:Resource Loader, FMLFileResourcePack:RLArtifacts, FMLFileResourcePack:RLCombat, FMLFileResourcePack:RLMixins, FMLFileResourcePack:RLTweaker, FMLFileResourcePack:Roguelike Dungeons, FMLFileResourcePack:Rough Tweaks, FMLFileResourcePack:Ruins Mod, FMLFileResourcePack:Rustic, FMLFileResourcePack:Scaling Health, FMLFileResourcePack:Serene Seasons, FMLFileResourcePack:Set Bonus, FMLFileResourcePack:ShieldBreak, FMLFileResourcePack:Silent Lib, FMLFileResourcePack:SimpleDifficulty, FMLFileResourcePack:Sit, FMLFileResourcePack:Snow! Real Magic!, FMLFileResourcePack:Rin's So Many Enchantments?, FMLFileResourcePack:Sound Filters, FMLFileResourcePack:spark, FMLFileResourcePack:Spartan Defiled, FMLFileResourcePack:Spartan Fire: RLCraft, FMLFileResourcePack:Spartan HUD: Baubles, FMLFileResourcePack:Spartan Shields, FMLFileResourcePack:Spartan Weaponry, FMLFileResourcePack:SpawnerControl, FMLFileResourcePack:Scape and Run Parasites, FMLFileResourcePack:Standard Expansion, FMLFileResourcePack:Surge, FMLFileResourcePack:Switch-Bow, FMLFileResourcePack:TNTUtils, FMLFileResourcePack:Toast Control, FMLFileResourcePack:Tool Belt, FMLFileResourcePack:Traverse, FMLFileResourcePack:Trinkets and Baubles, FMLFileResourcePack:Trumpet Skeleton, FMLFileResourcePack:TschippLib, FMLFileResourcePack:Tumbleweed, FMLFileResourcePack:Varied Commodities, FMLFileResourcePack:Waystones, FMLFileResourcePack:Wearable Backpacks RLCraft Edition, FMLFileResourcePack:Wolf Armor and Storage, FMLFileResourcePack:XP From Harvest, FMLFileResourcePack:XP Tome, FMLFileResourcePack:YUNG's Law, FMLFileResourcePack:Dynamic Surroundings: HUDs, FMLFileResourcePack:Kiwi, FMLFileResourcePack:LLibrary, FMLFileResourcePack:OreLib Support Mod, FMLFileResourcePack:Phosphor Lighting Engine, FMLFileResourcePack:Realistic Terrain Generation, Better Foliage generated, resources, Traverse-1.12.2-1.6.0-69.jar, CustomResources, RLHats.zip, LycanitesMobs32X.zip, Lum.1.12.2.zip, AnimEmis_InF_SW_Blue.zip, AnimEmis_defiledlands.zip, AnimEmis_Forgottenitems.zip, AnimEmis_srparasites.zip, Emis_Rlcraft.zip, RLTooltips.zip, CustomOverridingResources
[22:24:28] [Client thread/INFO]: Processing ObjectHolder annotations
[22:24:29] [Client thread/INFO]: ATTEMPTING TO PATCH  com.github.alexthe666.iceandfire.item.ItemModAxe!
[22:24:29] [Client thread/INFO]: Applying patch [Ice and Fire Axe fix] Make ItemModAxe extend ItemAxe and remove EFFECTIVE_ON hard-coded list
[22:24:29] [Client thread/INFO]: Writing class com.github.alexthe666.iceandfire.item.ItemModAxe with flags None
[22:24:29] [Client thread/INFO]: Found 1895 ObjectHolder annotations
[22:24:29] [Client thread/INFO]: Identifying ItemStackHolder annotations
[22:24:29] [Client thread/INFO]: Found 17 ItemStackHolder annotations
[22:24:29] [Client thread/INFO]: Configured a dormant chunk cache size of 8
[22:24:29] [Client thread/INFO]: Loaded texture set DL_DESERT with 3 custom texture(s)
[22:24:29] [Client thread/INFO]: Loaded texture set DL_HILLS with 3 custom texture(s)
[22:24:29] [Client thread/INFO]: Loaded texture set DL_ICE with 6 custom texture(s)
[22:24:29] [Client thread/INFO]: Loaded texture set DL_PLAINS with 3 custom texture(s)
[22:24:29] [Client thread/INFO]: Loaded texture set DL_SWAMP with 6 custom texture(s)
[22:24:29] [Client thread/INFO]: Loaded texture set DL_TENEBRA with 3 custom texture(s)
[22:24:29] [Client thread/INFO]: Loaded texture set DL_VILESPINE with 3 custom texture(s)
[22:24:29] [Client thread/INFO]: Loaded texture set TEST with 2 custom texture(s)
[22:24:29] [Client thread/INFO]: Loaded texture set T_AUTUMN with 3 custom texture(s)
[22:24:29] [Client thread/INFO]: Loaded texture set T_AUTUMN_HILLS with 3 custom texture(s)
[22:24:29] [Client thread/INFO]: Loaded texture set T_CANYON with 3 custom texture(s)
[22:24:29] [Client thread/INFO]: Loaded texture set T_CRAG with 4 custom texture(s)
[22:24:29] [Client thread/INFO]: Loaded texture set T_RED_DESERT with 3 custom texture(s)
[22:24:29] [Client thread/INFO]: Loaded texture set T_ROCKY_PLATEAU with 5 custom texture(s)
[22:24:29] [Client thread/INFO]: Loaded texture set bridge_coveredx with 1 custom texture(s)
[22:24:29] [Client thread/INFO]: Loaded texture set bridge_coveredxoccluded with 1 custom texture(s)
[22:24:29] [Client thread/INFO]: Loaded texture set bridge_coveredz with 1 custom texture(s)
[22:24:29] [Client thread/INFO]: Loaded texture set bridge_coveredzoccluded with 1 custom texture(s)
[22:24:29] [Client thread/INFO]: Loaded texture set bridge_openx with 1 custom texture(s)
[22:24:29] [Client thread/INFO]: Loaded texture set bridge_openxoccluded with 1 custom texture(s)
[22:24:29] [Client thread/INFO]: Loaded texture set bridge_openz with 1 custom texture(s)
[22:24:29] [Client thread/INFO]: Loaded texture set bridge_openzoccluded with 1 custom texture(s)
[22:24:29] [Client thread/INFO]: Loaded texture set buildingfloor1 with 1 custom texture(s)
[22:24:29] [Client thread/INFO]: Loaded texture set buildingfloor1occluded with 1 custom texture(s)
[22:24:29] [Client thread/INFO]: Loaded texture set buildingfloor2 with 1 custom texture(s)
[22:24:29] [Client thread/INFO]: Loaded texture set buildingfloor2occluded with 1 custom texture(s)
[22:24:29] [Client thread/INFO]: Loaded texture set buildingfloor3 with 1 custom texture(s)
[22:24:29] [Client thread/INFO]: Loaded texture set buildingfloor3occluded with 1 custom texture(s)
[22:24:29] [Client thread/INFO]: Loaded texture set buildingfloor4 with 1 custom texture(s)
[22:24:29] [Client thread/INFO]: Loaded texture set buildingfloor4occluded with 1 custom texture(s)
[22:24:29] [Client thread/INFO]: Loaded texture set buildingtall with 1 custom texture(s)
[22:24:29] [Client thread/INFO]: Loaded texture set buildingtalloccluded with 1 custom texture(s)
[22:24:29] [Client thread/INFO]: Loaded texture set buildingtallroof with 1 custom texture(s)
[22:24:29] [Client thread/INFO]: Loaded texture set fountain with 1 custom texture(s)
[22:24:29] [Client thread/INFO]: Loaded texture set fountainoccluded with 1 custom texture(s)
[22:24:29] [Client thread/INFO]: Loaded texture set highwayintersection with 1 custom texture(s)
[22:24:29] [Client thread/INFO]: Loaded texture set highwayintersectionoccluded with 1 custom texture(s)
[22:24:29] [Client thread/INFO]: Loaded texture set highwayx with 1 custom texture(s)
[22:24:29] [Client thread/INFO]: Loaded texture set highwayxoccluded with 1 custom texture(s)
[22:24:29] [Client thread/INFO]: Loaded texture set highwayz with 1 custom texture(s)
[22:24:29] [Client thread/INFO]: Loaded texture set highwayzoccluded with 1 custom texture(s)
[22:24:29] [Client thread/INFO]: Loaded texture set park with 1 custom texture(s)
[22:24:29] [Client thread/INFO]: Loaded texture set parkoccluded with 1 custom texture(s)
[22:24:29] [Client thread/INFO]: Loaded texture set ruinfloor1 with 1 custom texture(s)
[22:24:29] [Client thread/INFO]: Loaded texture set ruinfloor1occluded with 1 custom texture(s)
[22:24:29] [Client thread/INFO]: Loaded texture set ruinfloor2 with 1 custom texture(s)
[22:24:29] [Client thread/INFO]: Loaded texture set ruinfloor2occluded with 1 custom texture(s)
[22:24:29] [Client thread/INFO]: Loaded texture set ruinfloor3 with 1 custom texture(s)
[22:24:29] [Client thread/INFO]: Loaded texture set ruinfloor3occluded with 1 custom texture(s)
[22:24:29] [Client thread/INFO]: Loaded texture set ruinfloor4 with 1 custom texture(s)
[22:24:29] [Client thread/INFO]: Loaded texture set ruinfloor4occluded with 1 custom texture(s)
[22:24:29] [Client thread/INFO]: Loaded texture set street with 1 custom texture(s)
[22:24:29] [Client thread/INFO]: Loaded texture set streetoccluded with 1 custom texture(s)
[22:24:29] [Client thread/INFO]: Loaded texture set trainrampleft with 1 custom texture(s)
[22:24:29] [Client thread/INFO]: Loaded texture set trainrampleftoccluded with 1 custom texture(s)
[22:24:29] [Client thread/INFO]: Loaded texture set trainrampright with 1 custom texture(s)
[22:24:29] [Client thread/INFO]: Loaded texture set trainramprightoccluded with 1 custom texture(s)
[22:24:29] [Client thread/INFO]: Loaded texture set trainstationopen with 1 custom texture(s)
[22:24:29] [Client thread/INFO]: Loaded texture set trainstationopenoccluded with 1 custom texture(s)
[22:24:29] [Client thread/INFO]: Loaded texture set trainstationroofed with 1 custom texture(s)
[22:24:29] [Client thread/INFO]: Loaded texture set trainstationroofedoccluded with 1 custom texture(s)
[22:24:29] [Client thread/INFO]: Registered texture set bridge_coveredx for tile "bridge_coveredxTile"
[22:24:29] [Client thread/INFO]: Registered texture set bridge_coveredxoccluded for tile "bridge_coveredxoccludedTile"
[22:24:29] [Client thread/INFO]: Registered texture set bridge_coveredz for tile "bridge_coveredzTile"
[22:24:29] [Client thread/INFO]: Registered texture set bridge_coveredzoccluded for tile "bridge_coveredzoccludedTile"
[22:24:29] [Client thread/INFO]: Registered texture set bridge_openx for tile "bridge_openxTile"
[22:24:29] [Client thread/INFO]: Registered texture set bridge_openxoccluded for tile "bridge_openxoccludedTile"
[22:24:29] [Client thread/INFO]: Registered texture set bridge_openz for tile "bridge_openzTile"
[22:24:29] [Client thread/INFO]: Registered texture set bridge_openzoccluded for tile "bridge_openzoccludedTile"
[22:24:29] [Client thread/INFO]: Registered texture set buildingfloor1 for tile "buildingfloor1Tile"
[22:24:29] [Client thread/INFO]: Registered texture set buildingfloor1occluded for tile "buildingfloor1occludedTile"
[22:24:29] [Client thread/INFO]: Registered texture set buildingfloor2 for tile "buildingfloor2Tile"
[22:24:29] [Client thread/INFO]: Registered texture set buildingfloor2occluded for tile "buildingfloor2occludedTile"
[22:24:29] [Client thread/INFO]: Registered texture set buildingfloor3 for tile "buildingfloor3Tile"
[22:24:29] [Client thread/INFO]: Registered texture set buildingfloor3occluded for tile "buildingfloor3occludedTile"
[22:24:29] [Client thread/INFO]: Registered texture set buildingfloor4 for tile "buildingfloor4Tile"
[22:24:29] [Client thread/INFO]: Registered texture set buildingfloor4occluded for tile "buildingfloor4occludedTile"
[22:24:29] [Client thread/INFO]: Registered texture set buildingtall for tile "buildingtallTile"
[22:24:29] [Client thread/INFO]: Registered texture set buildingtalloccluded for tile "buildingtalloccludedTile"
[22:24:29] [Client thread/INFO]: Registered texture set buildingtallroof for tile "buildingtallroofTile"
[22:24:29] [Client thread/INFO]: Registered texture set END_ISLAND for tile "endIsland"
[22:24:29] [Client thread/INFO]: Registered texture set END_ISLAND_PLANTS for tile "endIslandPlants"
[22:24:29] [Client thread/INFO]: Registered texture set END_VOID for tile "endVoid"
[22:24:29] [Client thread/INFO]: Registered texture set fountain for tile "fountainTile"
[22:24:29] [Client thread/INFO]: Registered texture set fountainoccluded for tile "fountainoccludedTile"
[22:24:29] [Client thread/INFO]: Registered texture set highwayintersection for tile "highwayintersectionTile"
[22:24:29] [Client thread/INFO]: Registered texture set highwayintersectionoccluded for tile "highwayintersectionoccludedTile"
[22:24:29] [Client thread/INFO]: Registered texture set highwayx for tile "highwayxTile"
[22:24:29] [Client thread/INFO]: Registered texture set highwayxoccluded for tile "highwayxoccludedTile"
[22:24:29] [Client thread/INFO]: Registered texture set highwayz for tile "highwayzTile"
[22:24:29] [Client thread/INFO]: Registered texture set highwayzoccluded for tile "highwayzoccludedTile"
[22:24:29] [Client thread/INFO]: Registered texture set LAVA for tile "lava"
[22:24:29] [Client thread/INFO]: Registered texture set LAVA_SHORE for tile "lavaShore"
[22:24:29] [Client thread/INFO]: Registered texture set NETHER_BRIDGE for tile "netherBridge"
[22:24:29] [Client thread/INFO]: Registered texture set NETHER_BRIDGE_END_X for tile "netherBridgeEndX"
[22:24:29] [Client thread/INFO]: Registered texture set NETHER_BRIDGE_END_Z for tile "netherBridgeEndZ"
[22:24:29] [Client thread/INFO]: Registered texture set NETHER_BRIDGE_GATE for tile "netherBridgeGate"
[22:24:29] [Client thread/INFO]: Registered texture set NETHER_BRIDGE_X for tile "netherBridgeX"
[22:24:29] [Client thread/INFO]: Registered texture set NETHER_BRIDGE_Z for tile "netherBridgeZ"
[22:24:29] [Client thread/INFO]: Registered texture set NETHER_FORT_STAIRS for tile "netherFortStairs"
[22:24:29] [Client thread/INFO]: Registered texture set NETHER_HALL for tile "netherHall"
[22:24:29] [Client thread/INFO]: Registered texture set NETHER_THRONE for tile "netherThrone"
[22:24:29] [Client thread/INFO]: Registered texture set NETHER_TOWER for tile "netherTower"
[22:24:29] [Client thread/INFO]: Registered texture set NETHER_WALL for tile "netherWall"
[22:24:29] [Client thread/INFO]: Registered texture set BUTCHERS_SHOP for tile "npcVillageButchersShop"
[22:24:29] [Client thread/INFO]: Registered texture set CHURCH for tile "npcVillageChurch"
[22:24:29] [Client thread/INFO]: Registered texture set FARMLAND_LARGE for tile "npcVillageFarmlandLarge"
[22:24:29] [Client thread/INFO]: Registered texture set FARMLAND_SMALL for tile "npcVillageFarmlandSmall"
[22:24:29] [Client thread/INFO]: Registered texture set HUT for tile "npcVillageHut"
[22:24:29] [Client thread/INFO]: Registered texture set L-HOUSE for tile "npcVillageLHouse"
[22:24:29] [Client thread/INFO]: Registered texture set LIBRARY for tile "npcVillageLibrary"
[22:24:29] [Client thread/INFO]: Registered texture set HOUSE_SMALL for tile "npcVillageSmallHouse"
[22:24:29] [Client thread/INFO]: Registered texture set SMITHY for tile "npcVillageSmithy"
[22:24:29] [Client thread/INFO]: Registered texture set VILLAGE_TORCH for tile "npcVillageTorch"
[22:24:29] [Client thread/INFO]: Registered texture set WELL for tile "npcVillageWell"
[22:24:29] [Client thread/INFO]: Registered texture set park for tile "parkTile"
[22:24:29] [Client thread/INFO]: Registered texture set parkoccluded for tile "parkoccludedTile"
[22:24:29] [Client thread/INFO]: Registered texture set RAVINE for tile "ravine"
[22:24:29] [Client thread/INFO]: Registered texture set ruinfloor1 for tile "ruinfloor1Tile"
[22:24:29] [Client thread/INFO]: Registered texture set ruinfloor1occluded for tile "ruinfloor1occludedTile"
[22:24:29] [Client thread/INFO]: Registered texture set ruinfloor2 for tile "ruinfloor2Tile"
[22:24:29] [Client thread/INFO]: Registered texture set ruinfloor2occluded for tile "ruinfloor2occludedTile"
[22:24:29] [Client thread/INFO]: Registered texture set ruinfloor3 for tile "ruinfloor3Tile"
[22:24:29] [Client thread/INFO]: Registered texture set ruinfloor3occluded for tile "ruinfloor3occludedTile"
[22:24:29] [Client thread/INFO]: Registered texture set ruinfloor4 for tile "ruinfloor4Tile"
[22:24:29] [Client thread/INFO]: Registered texture set ruinfloor4occluded for tile "ruinfloor4occludedTile"
[22:24:29] [Client thread/INFO]: Registered texture set street for tile "streetTile"
[22:24:29] [Client thread/INFO]: Registered texture set streetoccluded for tile "streetoccludedTile"
[22:24:29] [Client thread/INFO]: Registered texture set trainrampleft for tile "trainrampleftTile"
[22:24:29] [Client thread/INFO]: Registered texture set trainrampleftoccluded for tile "trainrampleftoccludedTile"
[22:24:29] [Client thread/INFO]: Registered texture set trainrampright for tile "trainramprightTile"
[22:24:29] [Client thread/INFO]: Registered texture set trainramprightoccluded for tile "trainramprightoccludedTile"
[22:24:29] [Client thread/INFO]: Registered texture set trainstationopen for tile "trainstationopenTile"
[22:24:29] [Client thread/INFO]: Registered texture set trainstationopenoccluded for tile "trainstationopenoccludedTile"
[22:24:29] [Client thread/INFO]: Registered texture set trainstationroofed for tile "trainstationroofedTile"
[22:24:29] [Client thread/INFO]: Registered texture set trainstationroofedoccluded for tile "trainstationroofedoccludedTile"
[22:24:29] [Client thread/INFO]: Transforming StructureStart
[22:24:29] [Client thread/INFO]: Applying Transformation to method (Names [generateStructure, func_75068_a, a] Descriptor (Lnet/minecraft/world/World;Ljava/util/Random;Lnet/minecraft/world/gen/structure/StructureBoundingBox;)V / (Lamu;Ljava/util/Random;Lbbg;)V)
[22:24:29] [Client thread/INFO]: Located method, patching...
[22:24:29] [Client thread/INFO]: Located target INVOKEVIRTUAL bbx.a (Lamu;Ljava/util/Random;Lbbg;)Z
[22:24:29] [Client thread/INFO]: Patch result: true
[22:24:29] [Client thread/INFO]: Transforming StructureVillagePieces$Village
[22:24:29] [Client thread/INFO]: Applying Transformation to method (Names [biomeDoor, func_189925_i, i] Descriptor ()Lnet/minecraft/block/BlockDoor; / ()Laqa;)
[22:24:29] [Client thread/INFO]: Located method, patching...
[22:24:29] [Client thread/INFO]: Located target ALOAD 0
[22:24:29] [Client thread/INFO]: Patch result: true
[22:24:29] [Client thread/INFO]: Patch exists for net.minecraft.world.storage.loot.functions.EnchantRandomly
[22:24:29] [Client thread/INFO]: Writing class net.minecraft.world.storage.loot.functions.EnchantRandomly with flags MAXS
[22:24:29] [Client thread/INFO]: Starting[B] SP...
[22:24:30] [Client thread/INFO]: 'Better vanilla flower pot' is forcefully disabled as it's incompatible with the following loaded mods: [inspirations]
[22:24:30] [Client thread/INFO]: 'Greener grass' is forcefully disabled as it's incompatible with the following loaded mods: [sereneseasons]
[22:24:30] [Client thread/INFO]: 'Automatic tool restock' is forcefully disabled as it's incompatible with the following loaded mods: [inventorytweaks]
[22:24:30] [Client thread/INFO]: 'Inventory sorting' is forcefully disabled as it's incompatible with the following loaded mods: [inventorytweaks]
[22:24:30] [Client thread/INFO]: Module decoration is enabled
[22:24:30] [Client thread/INFO]: Module client is enabled
[22:24:30] [Client thread/INFO]: Module automation is enabled
[22:24:30] [Client thread/INFO]: Module experimental is disabled
[22:24:30] [Client thread/INFO]: Module management is enabled
[22:24:30] [Client thread/INFO]: Module tweaks is enabled
[22:24:30] [Client thread/INFO]: Module world is enabled
[22:24:30] [Client thread/INFO]: Module misc is enabled
[22:24:30] [Client thread/INFO]: Module building is enabled
[22:24:30] [Client thread/INFO]: Module vanity is enabled
[22:24:30] [Client thread/INFO]: [pl.asie.foamfix.coremod.FoamFixTransformer:spliceClasses:114]: Spliced in METHOD: net.minecraftforge.common.property.ExtendedBlockState.createState
[22:24:30] [Client thread/INFO]: [pl.asie.foamfix.coremod.FoamFixTransformer:spliceClasses:165]: Added FIELD: net.minecraftforge.common.property.ExtendedBlockState.foamfix_mapper
[22:24:31] [Client thread/INFO]: Reloading ResourceManager: Default, FMLFileResourcePack:Forge Mod Loader, FMLFileResourcePack:Minecraft Forge, FMLFileResourcePack:Advanced Hook Launchers, FMLFileResourcePack:Advanced Fishing, FMLFileResourcePack:AI Reducer, FMLFileResourcePack:AlcatrazCore, FMLFileResourcePack:Antique Atlas, FMLFileResourcePack:Antique Atlas Overlay, FMLFileResourcePack:Antique Cities, FMLFileResourcePack:Anvil Patch - Lawful, FMLFileResourcePack:Aquaculture, FMLFileResourcePack:Armor Underwear, FMLFileResourcePack:AstikorCarts, FMLFileResourcePack:Attribute Fix, FMLFileResourcePack:AutoRegLib, FMLFileResourcePack:B.A.S.E, FMLFileResourcePack:Battle Towers, FMLFileResourcePack:Baubles, FMLFileResourcePack:BedBreakBegone, FMLFileResourcePack:Better Survival, FMLFileResourcePack:Better Biome Blend, FMLFileResourcePack:YUNG's Better Caves, FMLFileResourcePack:Better Foliage, FMLFileResourcePack:YUNG's Better Mineshafts, FMLFileResourcePack:Better Nether, FMLFileResourcePack:Better Questing, FMLFileResourcePack:BetterTabs, FMLFileResourcePack:Block Overlay Fix, FMLFileResourcePack:Bloodmoon, FMLFileResourcePack:BNBGamingLib, FMLFileResourcePack:Bountiful Baubles, FMLFileResourcePack:Bountiful, FMLFileResourcePack:BQ Multiblock and Structure Expansion, FMLFileResourcePack:BQTweaker, FMLFileResourcePack:Callable Horses, FMLFileResourcePack:Carrots Lib, FMLFileResourcePack:Carry On, FMLFileResourcePack:Champions, FMLFileResourcePack:Charm, FMLFileResourcePack:Chunk Animator, FMLFileResourcePack:Classy Hats, FMLFileResourcePack:CollisionDamage, FMLFileResourcePack:Comforts, FMLFileResourcePack:CompatSkills, FMLFileResourcePack:ContentTweaker, FMLFileResourcePack:Controlling, FMLFileResourcePack:Coralreef, FMLFileResourcePack:Corpse Complex, FMLFileResourcePack:Craftable Chainmail, FMLFileResourcePack:CT-GUI, FMLFileResourcePack:CraftTweaker2, FMLFileResourcePack:CraftTweaker JEI Support, FMLFileResourcePack:CreativeCore, FMLFileResourcePack:Custom Main Menu, FMLFileResourcePack:Defiled Lands, FMLFileResourcePack:Disenchanter, FMLFileResourcePack:Doomlike Dungeons, FMLFileResourcePack:Dynamic Surroundings, FMLFileResourcePack:Dynamic Trees, FMLFileResourcePack:Dynamic Trees for Defiled Lands, FMLFileResourcePack:Dynamic Trees for Traverse, FMLFileResourcePack:Elenai Dodge, FMLFileResourcePack:Enchantment Descriptions, FMLFileResourcePack:Enhanced Visuals, FMLFileResourcePack:EntityCulling, FMLFileResourcePack:Familiar Fauna, FMLFileResourcePack:Fancy Block Particles, FMLFileResourcePack:Fantastic Lib, FMLFileResourcePack:First Aid, FMLFileResourcePack:Fishing Made Better, FMLFileResourcePack:FoamFix, FMLFileResourcePack:Food Expansion, FMLFileResourcePack:Forge Endertech, FMLFileResourcePack:Shadowfacts' Forgelin, FMLFileResourcePack:Forgotten Items, FMLFileResourcePack:Frame Void Patch, FMLFileResourcePack:FriendlyEndermite, FMLFileResourcePack:FxControl, FMLFileResourcePack:Global GameRules, FMLFileResourcePack:GooglyEyes, FMLFileResourcePack:Grappling hook mod, FMLFileResourcePack:HelpFixer, FMLFileResourcePack:Ice and Fire, FMLFileResourcePack:iChunUtil, FMLFileResourcePack:InControl, FMLFileResourcePack:Infernal Mobs, FMLFileResourcePack:Inspirations, FMLFileResourcePack:Inventory Tweaks, FMLFileResourcePack:ISeeDragons, FMLFileResourcePack:It's the little things, FMLFileResourcePack:Just Enough Items, FMLFileResourcePack:Legendary Tooltips, FMLFileResourcePack:Level Up! Reloaded, FMLFileResourcePack:LibrarianLib Stage 2, FMLFileResourcePack:LibrarianLib, FMLFileResourcePack:Loading Screens, FMLFileResourcePack:Locks, FMLFileResourcePack:LootTweaker, FMLFileResourcePack:The Lost Cities, FMLFileResourcePack:Lycanites Mobs, FMLFileResourcePack:Main Menu Scale, FMLFileResourcePack:Mantle, FMLFileResourcePack:MaterialTweaker, FMLFileResourcePack:Macaw's Bridges, FMLFileResourcePack:MmmMmmMmmMmm, FMLFileResourcePack:Mo' Bends, FMLFileResourcePack:Mod Tweaker, FMLFileResourcePack:Mouse Tweaks, FMLFileResourcePack:MTLib, FMLFileResourcePack:Multi Mine, FMLFileResourcePack:Neat, FMLFileResourcePack:No Tree Punching, FMLFileResourcePack:Particle Culling, FMLFileResourcePack:Pigstep, FMLFileResourcePack:Placebo, FMLFileResourcePack:playerbosses, FMLFileResourcePack:PortalDupeBegone, FMLFileResourcePack:Potion Core, FMLFileResourcePack:Potion Fingers, FMLFileResourcePack:Quality Tools, FMLFileResourcePack:Quark, FMLFileResourcePack:Reach Fix, FMLFileResourcePack:Realistic Torches, FMLFileResourcePack:Reborn Core, FMLFileResourcePack:Recurrent Complex, FMLFileResourcePack:RenderLib, FMLFileResourcePack:Reskillable, FMLFileResourcePack:Resource Loader, FMLFileResourcePack:RLArtifacts, FMLFileResourcePack:RLCombat, FMLFileResourcePack:RLMixins, FMLFileResourcePack:RLTweaker, FMLFileResourcePack:Roguelike Dungeons, FMLFileResourcePack:Rough Tweaks, FMLFileResourcePack:Ruins Mod, FMLFileResourcePack:Rustic, FMLFileResourcePack:Scaling Health, FMLFileResourcePack:Serene Seasons, FMLFileResourcePack:Set Bonus, FMLFileResourcePack:ShieldBreak, FMLFileResourcePack:Silent Lib, FMLFileResourcePack:SimpleDifficulty, FMLFileResourcePack:Sit, FMLFileResourcePack:Snow! Real Magic!, FMLFileResourcePack:Rin's So Many Enchantments?, FMLFileResourcePack:Sound Filters, FMLFileResourcePack:spark, FMLFileResourcePack:Spartan Defiled, FMLFileResourcePack:Spartan Fire: RLCraft, FMLFileResourcePack:Spartan HUD: Baubles, FMLFileResourcePack:Spartan Shields, FMLFileResourcePack:Spartan Weaponry, FMLFileResourcePack:SpawnerControl, FMLFileResourcePack:Scape and Run Parasites, FMLFileResourcePack:Standard Expansion, FMLFileResourcePack:Surge, FMLFileResourcePack:Switch-Bow, FMLFileResourcePack:TNTUtils, FMLFileResourcePack:Toast Control, FMLFileResourcePack:Tool Belt, FMLFileResourcePack:Traverse, FMLFileResourcePack:Trinkets and Baubles, FMLFileResourcePack:Trumpet Skeleton, FMLFileResourcePack:TschippLib, FMLFileResourcePack:Tumbleweed, FMLFileResourcePack:Varied Commodities, FMLFileResourcePack:Waystones, FMLFileResourcePack:Wearable Backpacks RLCraft Edition, FMLFileResourcePack:Wolf Armor and Storage, FMLFileResourcePack:XP From Harvest, FMLFileResourcePack:XP Tome, FMLFileResourcePack:YUNG's Law, FMLFileResourcePack:Dynamic Surroundings: HUDs, FMLFileResourcePack:Kiwi, FMLFileResourcePack:LLibrary, FMLFileResourcePack:OreLib Support Mod, FMLFileResourcePack:Phosphor Lighting Engine, FMLFileResourcePack:Realistic Terrain Generation, Better Foliage generated, resources, Traverse-1.12.2-1.6.0-69.jar, quark-texture-proxy, quark-emote-pack, CustomResources, RLHats.zip, LycanitesMobs32X.zip, Lum.1.12.2.zip, AnimEmis_InF_SW_Blue.zip, AnimEmis_defiledlands.zip, AnimEmis_Forgottenitems.zip, AnimEmis_srparasites.zip, Emis_Rlcraft.zip, RLTooltips.zip, CustomOverridingResources
[22:24:31] [Client thread/INFO]: Module Tool has successfully loaded
[22:24:31] [Client thread/FATAL]: Module JourneyMap did not load due to issue: Mod with modid: journeymap was not found
[22:24:31] [Client thread/INFO]: TabulaModelHandler: Domain llibrary has been added.
[22:24:31] [Client thread/INFO]: ATTEMPTING TO PATCH  com.github.alexthe666.iceandfire.event.EventLiving!
[22:24:31] [Client thread/INFO]: Applying patch [Patch Statue Dupe] 
[22:24:31] [Client thread/INFO]: Writing class com.github.alexthe666.iceandfire.event.EventLiving with flags FRAMES
[22:24:31] [Client thread/INFO]: Patch exists for com.github.alexthe666.iceandfire.entity.EntityAmphithere
[22:24:31] [Client thread/INFO]: Writing class com.github.alexthe666.iceandfire.entity.EntityAmphithere with flags MAXS | FRAMES
[22:24:31] [Client thread/INFO]: ATTEMPTING TO PATCH  com.github.alexthe666.iceandfire.entity.EntityDragonBase!
[22:24:31] [Client thread/INFO]: Applying patch [Fix Dragon Item Lag] hooks into EntityDragonBase#breakBlock to spawn less items
[22:24:31] [Client thread/INFO]: Writing class com.github.alexthe666.iceandfire.entity.EntityDragonBase with flags None
[22:24:31] [Client thread/INFO]: ATTEMPTING TO PATCH  com.github.alexthe666.iceandfire.entity.EntityMyrmexEgg!
[22:24:31] [Client thread/INFO]: Applying patch [Ice and Fire Myrmex egg dupe fix] adds a check to if the entity is already dead
[22:24:31] [Client thread/INFO]: Writing class com.github.alexthe666.iceandfire.entity.EntityMyrmexEgg with flags None
[22:24:31] [Client thread/INFO]: A raven flies from the north to the sea
[22:24:31] [Client thread/INFO]: A dragon whispers her name in the east
[22:24:31] [Client thread/WARN]: ****************************************
[22:24:31] [Client thread/WARN]: * A broken ore dictionary registration with name ingotSilver has occurred. It adds an item (type: class com.github.alexthe666.iceandfire.item.ItemGeneric) which is currently unknown to the game registry. This dictionary item can only support a single value when registered with ores like this, and NO I am not going to turn this spam off. Just register your ore dictionary entries after the GameRegistry.
TO USERS: YES this is a BUG in the mod Ice and Fire report it to them!
[22:24:31] [Client thread/WARN]: *  at net.minecraftforge.oredict.OreDictionary.registerOreImpl(OreDictionary.java:679)
[22:24:31] [Client thread/WARN]: *  at net.minecraftforge.oredict.OreDictionary.registerOre(OreDictionary.java:651)
[22:24:31] [Client thread/WARN]: *  at net.minecraftforge.oredict.OreDictionary.registerOre(OreDictionary.java:649)
[22:24:31] [Client thread/WARN]: *  at com.github.alexthe666.iceandfire.core.ModRecipes.preInit(ModRecipes.java:54)
[22:24:31] [Client thread/WARN]: *  at com.github.alexthe666.iceandfire.IceAndFire.preInit(IceAndFire.java:86)
[22:24:31] [Client thread/WARN]: *  at sun.reflect.NativeMethodAccessorImpl.invoke0(Native Method)...
[22:24:31] [Client thread/WARN]: ****************************************
[22:24:31] [Client thread/WARN]: ****************************************
[22:24:31] [Client thread/WARN]: * A broken ore dictionary registration with name nuggetSilver has occurred. It adds an item (type: class com.github.alexthe666.iceandfire.item.ItemGeneric) which is currently unknown to the game registry. This dictionary item can only support a single value when registered with ores like this, and NO I am not going to turn this spam off. Just register your ore dictionary entries after the GameRegistry.
TO USERS: YES this is a BUG in the mod Ice and Fire report it to them!
[22:24:31] [Client thread/WARN]: *  at net.minecraftforge.oredict.OreDictionary.registerOreImpl(OreDictionary.java:679)
[22:24:31] [Client thread/WARN]: *  at net.minecraftforge.oredict.OreDictionary.registerOre(OreDictionary.java:651)
[22:24:31] [Client thread/WARN]: *  at net.minecraftforge.oredict.OreDictionary.registerOre(OreDictionary.java:649)
[22:24:31] [Client thread/WARN]: *  at com.github.alexthe666.iceandfire.core.ModRecipes.preInit(ModRecipes.java:55)
[22:24:31] [Client thread/WARN]: *  at com.github.alexthe666.iceandfire.IceAndFire.preInit(IceAndFire.java:86)
[22:24:31] [Client thread/WARN]: *  at sun.reflect.NativeMethodAccessorImpl.invoke0(Native Method)...
[22:24:31] [Client thread/WARN]: ****************************************
[22:24:31] [Client thread/WARN]: Potentially Dangerous alternative prefix `minecraft` for name `lectern`, expected `iceandfire`. This could be a intended override, but in most cases indicates a broken mod.
[22:24:31] [Client thread/WARN]: Potentially Dangerous alternative prefix `minecraft` for name `podium`, expected `iceandfire`. This could be a intended override, but in most cases indicates a broken mod.
[22:24:31] [Client thread/WARN]: Potentially Dangerous alternative prefix `minecraft` for name `egginice`, expected `iceandfire`. This could be a intended override, but in most cases indicates a broken mod.
[22:24:31] [Client thread/WARN]: Potentially Dangerous alternative prefix `minecraft` for name `pixie_house`, expected `iceandfire`. This could be a intended override, but in most cases indicates a broken mod.
[22:24:31] [Client thread/WARN]: Potentially Dangerous alternative prefix `minecraft` for name `jar`, expected `iceandfire`. This could be a intended override, but in most cases indicates a broken mod.
[22:24:31] [Client thread/WARN]: Potentially Dangerous alternative prefix `minecraft` for name `dummygorgonheadidle`, expected `iceandfire`. This could be a intended override, but in most cases indicates a broken mod.
[22:24:31] [Client thread/WARN]: Potentially Dangerous alternative prefix `minecraft` for name `dummygorgonheadactive`, expected `iceandfire`. This could be a intended override, but in most cases indicates a broken mod.
[22:24:31] [Client thread/WARN]: Potentially Dangerous alternative prefix `minecraft` for name `myrmexcocoon`, expected `iceandfire`. This could be a intended override, but in most cases indicates a broken mod.
[22:24:31] [Client thread/WARN]: ****************************************
[22:24:31] [Client thread/WARN]: * Invalid registration attempt for an Ore Dictionary item with name oreSilver has occurred. The registration has been denied to prevent crashes. The mod responsible for the registration needs to correct this.
[22:24:31] [Client thread/WARN]: *  at net.minecraftforge.oredict.OreDictionary.registerOreImpl(OreDictionary.java:665)
[22:24:31] [Client thread/WARN]: *  at net.minecraftforge.oredict.OreDictionary.registerOre(OreDictionary.java:651)
[22:24:31] [Client thread/WARN]: *  at net.minecraftforge.oredict.OreDictionary.registerOre(OreDictionary.java:650)
[22:24:31] [Client thread/WARN]: *  at com.github.alexthe666.iceandfire.core.ModRecipes.preInit(ModRecipes.java:56)
[22:24:31] [Client thread/WARN]: *  at com.github.alexthe666.iceandfire.IceAndFire.preInit(IceAndFire.java:86)
[22:24:31] [Client thread/WARN]: *  at sun.reflect.NativeMethodAccessorImpl.invoke0(Native Method)...
[22:24:31] [Client thread/WARN]: ****************************************
[22:24:31] [Client thread/WARN]: ****************************************
[22:24:31] [Client thread/WARN]: * Invalid registration attempt for an Ore Dictionary item with name blockSilver has occurred. The registration has been denied to prevent crashes. The mod responsible for the registration needs to correct this.
[22:24:31] [Client thread/WARN]: *  at net.minecraftforge.oredict.OreDictionary.registerOreImpl(OreDictionary.java:665)
[22:24:31] [Client thread/WARN]: *  at net.minecraftforge.oredict.OreDictionary.registerOre(OreDictionary.java:651)
[22:24:31] [Client thread/WARN]: *  at net.minecraftforge.oredict.OreDictionary.registerOre(OreDictionary.java:650)
[22:24:31] [Client thread/WARN]: *  at com.github.alexthe666.iceandfire.core.ModRecipes.preInit(ModRecipes.java:57)
[22:24:31] [Client thread/WARN]: *  at com.github.alexthe666.iceandfire.IceAndFire.preInit(IceAndFire.java:86)
[22:24:31] [Client thread/WARN]: *  at sun.reflect.NativeMethodAccessorImpl.invoke0(Native Method)...
[22:24:31] [Client thread/WARN]: ****************************************
[22:24:31] [Client thread/WARN]: ****************************************
[22:24:31] [Client thread/WARN]: * A broken ore dictionary registration with name gemSapphire has occurred. It adds an item (type: class com.github.alexthe666.iceandfire.item.ItemGeneric) which is currently unknown to the game registry. This dictionary item can only support a single value when registered with ores like this, and NO I am not going to turn this spam off. Just register your ore dictionary entries after the GameRegistry.
TO USERS: YES this is a BUG in the mod Ice and Fire report it to them!
[22:24:31] [Client thread/WARN]: *  at net.minecraftforge.oredict.OreDictionary.registerOreImpl(OreDictionary.java:679)
[22:24:31] [Client thread/WARN]: *  at net.minecraftforge.oredict.OreDictionary.registerOre(OreDictionary.java:651)
[22:24:31] [Client thread/WARN]: *  at net.minecraftforge.oredict.OreDictionary.registerOre(OreDictionary.java:649)
[22:24:31] [Client thread/WARN]: *  at com.github.alexthe666.iceandfire.core.ModRecipes.preInit(ModRecipes.java:58)
[22:24:31] [Client thread/WARN]: *  at com.github.alexthe666.iceandfire.IceAndFire.preInit(IceAndFire.java:86)
[22:24:31] [Client thread/WARN]: *  at sun.reflect.NativeMethodAccessorImpl.invoke0(Native Method)...
[22:24:31] [Client thread/WARN]: ****************************************
[22:24:31] [Client thread/WARN]: ****************************************
[22:24:31] [Client thread/WARN]: * Invalid registration attempt for an Ore Dictionary item with name oreSapphire has occurred. The registration has been denied to prevent crashes. The mod responsible for the registration needs to correct this.
[22:24:31] [Client thread/WARN]: *  at net.minecraftforge.oredict.OreDictionary.registerOreImpl(OreDictionary.java:665)
[22:24:31] [Client thread/WARN]: *  at net.minecraftforge.oredict.OreDictionary.registerOre(OreDictionary.java:651)
[22:24:31] [Client thread/WARN]: *  at net.minecraftforge.oredict.OreDictionary.registerOre(OreDictionary.java:650)
[22:24:31] [Client thread/WARN]: *  at com.github.alexthe666.iceandfire.core.ModRecipes.preInit(ModRecipes.java:59)
[22:24:31] [Client thread/WARN]: *  at com.github.alexthe666.iceandfire.IceAndFire.preInit(IceAndFire.java:86)
[22:24:31] [Client thread/WARN]: *  at sun.reflect.NativeMethodAccessorImpl.invoke0(Native Method)...
[22:24:31] [Client thread/WARN]: ****************************************
[22:24:31] [Client thread/WARN]: ****************************************
[22:24:31] [Client thread/WARN]: * Invalid registration attempt for an Ore Dictionary item with name blockSapphire has occurred. The registration has been denied to prevent crashes. The mod responsible for the registration needs to correct this.
[22:24:31] [Client thread/WARN]: *  at net.minecraftforge.oredict.OreDictionary.registerOreImpl(OreDictionary.java:665)
[22:24:31] [Client thread/WARN]: *  at net.minecraftforge.oredict.OreDictionary.registerOre(OreDictionary.java:651)
[22:24:31] [Client thread/WARN]: *  at net.minecraftforge.oredict.OreDictionary.registerOre(OreDictionary.java:650)
[22:24:31] [Client thread/WARN]: *  at com.github.alexthe666.iceandfire.core.ModRecipes.preInit(ModRecipes.java:60)
[22:24:31] [Client thread/WARN]: *  at com.github.alexthe666.iceandfire.IceAndFire.preInit(IceAndFire.java:86)
[22:24:31] [Client thread/WARN]: *  at sun.reflect.NativeMethodAccessorImpl.invoke0(Native Method)...
[22:24:31] [Client thread/WARN]: ****************************************
[22:24:31] [Client thread/WARN]: ****************************************
[22:24:31] [Client thread/WARN]: * A broken ore dictionary registration with name boneWither has occurred. It adds an item (type: class com.github.alexthe666.iceandfire.item.ItemGeneric) which is currently unknown to the game registry. This dictionary item can only support a single value when registered with ores like this, and NO I am not going to turn this spam off. Just register your ore dictionary entries after the GameRegistry.
TO USERS: YES this is a BUG in the mod Ice and Fire report it to them!
[22:24:31] [Client thread/WARN]: *  at net.minecraftforge.oredict.OreDictionary.registerOreImpl(OreDictionary.java:679)
[22:24:31] [Client thread/WARN]: *  at net.minecraftforge.oredict.OreDictionary.registerOre(OreDictionary.java:651)
[22:24:31] [Client thread/WARN]: *  at net.minecraftforge.oredict.OreDictionary.registerOre(OreDictionary.java:649)
[22:24:31] [Client thread/WARN]: *  at com.github.alexthe666.iceandfire.core.ModRecipes.preInit(ModRecipes.java:61)
[22:24:31] [Client thread/WARN]: *  at com.github.alexthe666.iceandfire.IceAndFire.preInit(IceAndFire.java:86)
[22:24:31] [Client thread/WARN]: *  at sun.reflect.NativeMethodAccessorImpl.invoke0(Native Method)...
[22:24:31] [Client thread/WARN]: ****************************************
[22:24:31] [Client thread/WARN]: ****************************************
[22:24:31] [Client thread/WARN]: * A broken ore dictionary registration with name boneWithered has occurred. It adds an item (type: class com.github.alexthe666.iceandfire.item.ItemGeneric) which is currently unknown to the game registry. This dictionary item can only support a single value when registered with ores like this, and NO I am not going to turn this spam off. Just register your ore dictionary entries after the GameRegistry.
TO USERS: YES this is a BUG in the mod Ice and Fire report it to them!
[22:24:31] [Client thread/WARN]: *  at net.minecraftforge.oredict.OreDictionary.registerOreImpl(OreDictionary.java:679)
[22:24:31] [Client thread/WARN]: *  at net.minecraftforge.oredict.OreDictionary.registerOre(OreDictionary.java:651)
[22:24:31] [Client thread/WARN]: *  at net.minecraftforge.oredict.OreDictionary.registerOre(OreDictionary.java:649)
[22:24:31] [Client thread/WARN]: *  at com.github.alexthe666.iceandfire.core.ModRecipes.preInit(ModRecipes.java:73)
[22:24:31] [Client thread/WARN]: *  at com.github.alexthe666.iceandfire.IceAndFire.preInit(IceAndFire.java:86)
[22:24:31] [Client thread/WARN]: *  at sun.reflect.NativeMethodAccessorImpl.invoke0(Native Method)...
[22:24:31] [Client thread/WARN]: ****************************************
[22:24:31] [Client thread/WARN]: ****************************************
[22:24:31] [Client thread/WARN]: * A broken ore dictionary registration with name boneDragon has occurred. It adds an item (type: class com.github.alexthe666.iceandfire.item.ItemDragonBone) which is currently unknown to the game registry. This dictionary item can only support a single value when registered with ores like this, and NO I am not going to turn this spam off. Just register your ore dictionary entries after the GameRegistry.
TO USERS: YES this is a BUG in the mod Ice and Fire report it to them!
[22:24:31] [Client thread/WARN]: *  at net.minecraftforge.oredict.OreDictionary.registerOreImpl(OreDictionary.java:679)
[22:24:31] [Client thread/WARN]: *  at net.minecraftforge.oredict.OreDictionary.registerOre(OreDictionary.java:651)
[22:24:31] [Client thread/WARN]: *  at net.minecraftforge.oredict.OreDictionary.registerOre(OreDictionary.java:649)
[22:24:31] [Client thread/WARN]: *  at com.github.alexthe666.iceandfire.core.ModRecipes.preInit(ModRecipes.java:74)
[22:24:31] [Client thread/WARN]: *  at com.github.alexthe666.iceandfire.IceAndFire.preInit(IceAndFire.java:86)
[22:24:31] [Client thread/WARN]: *  at sun.reflect.NativeMethodAccessorImpl.invoke0(Native Method)...
[22:24:31] [Client thread/WARN]: ****************************************
[22:24:31] [Client thread/WARN]: ****************************************
[22:24:31] [Client thread/WARN]: * A broken ore dictionary registration with name seaSerpentScales has occurred. It adds an item (type: class com.github.alexthe666.iceandfire.item.ItemSeaSerpentScales) which is currently unknown to the game registry. This dictionary item can only support a single value when registered with ores like this, and NO I am not going to turn this spam off. Just register your ore dictionary entries after the GameRegistry.
TO USERS: YES this is a BUG in the mod Ice and Fire report it to them!
[22:24:31] [Client thread/WARN]: *  at net.minecraftforge.oredict.OreDictionary.registerOreImpl(OreDictionary.java:679)
[22:24:31] [Client thread/WARN]: *  at net.minecraftforge.oredict.OreDictionary.registerOre(OreDictionary.java:651)
[22:24:31] [Client thread/WARN]: *  at net.minecraftforge.oredict.OreDictionary.registerOre(OreDictionary.java:649)
[22:24:31] [Client thread/WARN]: *  at com.github.alexthe666.iceandfire.core.ModRecipes.preInit(ModRecipes.java:76)
[22:24:31] [Client thread/WARN]: *  at com.github.alexthe666.iceandfire.IceAndFire.preInit(IceAndFire.java:86)
[22:24:31] [Client thread/WARN]: *  at sun.reflect.NativeMethodAccessorImpl.invoke0(Native Method)...
[22:24:31] [Client thread/WARN]: ****************************************
[22:24:31] [Client thread/WARN]: ****************************************
[22:24:31] [Client thread/WARN]: * A broken ore dictionary registration with name seaSerpentScales has occurred. It adds an item (type: class com.github.alexthe666.iceandfire.item.ItemSeaSerpentScales) which is currently unknown to the game registry. This dictionary item can only support a single value when registered with ores like this, and NO I am not going to turn this spam off. Just register your ore dictionary entries after the GameRegistry.
TO USERS: YES this is a BUG in the mod Ice and Fire report it to them!
[22:24:31] [Client thread/WARN]: *  at net.minecraftforge.oredict.OreDictionary.registerOreImpl(OreDictionary.java:679)
[22:24:31] [Client thread/WARN]: *  at net.minecraftforge.oredict.OreDictionary.registerOre(OreDictionary.java:651)
[22:24:31] [Client thread/WARN]: *  at net.minecraftforge.oredict.OreDictionary.registerOre(OreDictionary.java:649)
[22:24:31] [Client thread/WARN]: *  at com.github.alexthe666.iceandfire.core.ModRecipes.preInit(ModRecipes.java:76)
[22:24:31] [Client thread/WARN]: *  at com.github.alexthe666.iceandfire.IceAndFire.preInit(IceAndFire.java:86)
[22:24:31] [Client thread/WARN]: *  at sun.reflect.NativeMethodAccessorImpl.invoke0(Native Method)...
[22:24:31] [Client thread/WARN]: ****************************************
[22:24:31] [Client thread/WARN]: ****************************************
[22:24:31] [Client thread/WARN]: * A broken ore dictionary registration with name seaSerpentScales has occurred. It adds an item (type: class com.github.alexthe666.iceandfire.item.ItemSeaSerpentScales) which is currently unknown to the game registry. This dictionary item can only support a single value when registered with ores like this, and NO I am not going to turn this spam off. Just register your ore dictionary entries after the GameRegistry.
TO USERS: YES this is a BUG in the mod Ice and Fire report it to them!
[22:24:31] [Client thread/WARN]: *  at net.minecraftforge.oredict.OreDictionary.registerOreImpl(OreDictionary.java:679)
[22:24:31] [Client thread/WARN]: *  at net.minecraftforge.oredict.OreDictionary.registerOre(OreDictionary.java:651)
[22:24:31] [Client thread/WARN]: *  at net.minecraftforge.oredict.OreDictionary.registerOre(OreDictionary.java:649)
[22:24:31] [Client thread/WARN]: *  at com.github.alexthe666.iceandfire.core.ModRecipes.preInit(ModRecipes.java:76)
[22:24:31] [Client thread/WARN]: *  at com.github.alexthe666.iceandfire.IceAndFire.preInit(IceAndFire.java:86)
[22:24:31] [Client thread/WARN]: *  at sun.reflect.NativeMethodAccessorImpl.invoke0(Native Method)...
[22:24:31] [Client thread/WARN]: ****************************************
[22:24:31] [Client thread/WARN]: ****************************************
[22:24:31] [Client thread/WARN]: * A broken ore dictionary registration with name seaSerpentScales has occurred. It adds an item (type: class com.github.alexthe666.iceandfire.item.ItemSeaSerpentScales) which is currently unknown to the game registry. This dictionary item can only support a single value when registered with ores like this, and NO I am not going to turn this spam off. Just register your ore dictionary entries after the GameRegistry.
TO USERS: YES this is a BUG in the mod Ice and Fire report it to them!
[22:24:31] [Client thread/WARN]: *  at net.minecraftforge.oredict.OreDictionary.registerOreImpl(OreDictionary.java:679)
[22:24:31] [Client thread/WARN]: *  at net.minecraftforge.oredict.OreDictionary.registerOre(OreDictionary.java:651)
[22:24:31] [Client thread/WARN]: *  at net.minecraftforge.oredict.OreDictionary.registerOre(OreDictionary.java:649)
[22:24:31] [Client thread/WARN]: *  at com.github.alexthe666.iceandfire.core.ModRecipes.preInit(ModRecipes.java:76)
[22:24:31] [Client thread/WARN]: *  at com.github.alexthe666.iceandfire.IceAndFire.preInit(IceAndFire.java:86)
[22:24:31] [Client thread/WARN]: *  at sun.reflect.NativeMethodAccessorImpl.invoke0(Native Method)...
[22:24:31] [Client thread/WARN]: ****************************************
[22:24:31] [Client thread/WARN]: ****************************************
[22:24:31] [Client thread/WARN]: * A broken ore dictionary registration with name seaSerpentScales has occurred. It adds an item (type: class com.github.alexthe666.iceandfire.item.ItemSeaSerpentScales) which is currently unknown to the game registry. This dictionary item can only support a single value when registered with ores like this, and NO I am not going to turn this spam off. Just register your ore dictionary entries after the GameRegistry.
TO USERS: YES this is a BUG in the mod Ice and Fire report it to them!
[22:24:31] [Client thread/WARN]: *  at net.minecraftforge.oredict.OreDictionary.registerOreImpl(OreDictionary.java:679)
[22:24:31] [Client thread/WARN]: *  at net.minecraftforge.oredict.OreDictionary.registerOre(OreDictionary.java:651)
[22:24:31] [Client thread/WARN]: *  at net.minecraftforge.oredict.OreDictionary.registerOre(OreDictionary.java:649)
[22:24:31] [Client thread/WARN]: *  at com.github.alexthe666.iceandfire.core.ModRecipes.preInit(ModRecipes.java:76)
[22:24:31] [Client thread/WARN]: *  at com.github.alexthe666.iceandfire.IceAndFire.preInit(IceAndFire.java:86)
[22:24:31] [Client thread/WARN]: *  at sun.reflect.NativeMethodAccessorImpl.invoke0(Native Method)...
[22:24:31] [Client thread/WARN]: ****************************************
[22:24:31] [Client thread/WARN]: ****************************************
[22:24:31] [Client thread/WARN]: * A broken ore dictionary registration with name seaSerpentScales has occurred. It adds an item (type: class com.github.alexthe666.iceandfire.item.ItemSeaSerpentScales) which is currently unknown to the game registry. This dictionary item can only support a single value when registered with ores like this, and NO I am not going to turn this spam off. Just register your ore dictionary entries after the GameRegistry.
TO USERS: YES this is a BUG in the mod Ice and Fire report it to them!
[22:24:31] [Client thread/WARN]: *  at net.minecraftforge.oredict.OreDictionary.registerOreImpl(OreDictionary.java:679)
[22:24:31] [Client thread/WARN]: *  at net.minecraftforge.oredict.OreDictionary.registerOre(OreDictionary.java:651)
[22:24:31] [Client thread/WARN]: *  at net.minecraftforge.oredict.OreDictionary.registerOre(OreDictionary.java:649)
[22:24:31] [Client thread/WARN]: *  at com.github.alexthe666.iceandfire.core.ModRecipes.preInit(ModRecipes.java:76)
[22:24:31] [Client thread/WARN]: *  at com.github.alexthe666.iceandfire.IceAndFire.preInit(IceAndFire.java:86)
[22:24:31] [Client thread/WARN]: *  at sun.reflect.NativeMethodAccessorImpl.invoke0(Native Method)...
[22:24:31] [Client thread/WARN]: ****************************************
[22:24:31] [Client thread/WARN]: ****************************************
[22:24:31] [Client thread/WARN]: * A broken ore dictionary registration with name seaSerpentScales has occurred. It adds an item (type: class com.github.alexthe666.iceandfire.item.ItemSeaSerpentScales) which is currently unknown to the game registry. This dictionary item can only support a single value when registered with ores like this, and NO I am not going to turn this spam off. Just register your ore dictionary entries after the GameRegistry.
TO USERS: YES this is a BUG in the mod Ice and Fire report it to them!
[22:24:31] [Client thread/WARN]: *  at net.minecraftforge.oredict.OreDictionary.registerOreImpl(OreDictionary.java:679)
[22:24:31] [Client thread/WARN]: *  at net.minecraftforge.oredict.OreDictionary.registerOre(OreDictionary.java:651)
[22:24:31] [Client thread/WARN]: *  at net.minecraftforge.oredict.OreDictionary.registerOre(OreDictionary.java:649)
[22:24:31] [Client thread/WARN]: *  at com.github.alexthe666.iceandfire.core.ModRecipes.preInit(ModRecipes.java:76)
[22:24:31] [Client thread/WARN]: *  at com.github.alexthe666.iceandfire.IceAndFire.preInit(IceAndFire.java:86)
[22:24:31] [Client thread/WARN]: *  at sun.reflect.NativeMethodAccessorImpl.invoke0(Native Method)...
[22:24:31] [Client thread/WARN]: ****************************************
[22:24:31] [Client thread/WARN]: ****************************************
[22:24:31] [Client thread/WARN]: * A broken ore dictionary registration with name listAllEgg has occurred. It adds an item (type: class com.github.alexthe666.iceandfire.item.ItemHippogryphEgg) which is currently unknown to the game registry. This dictionary item can only support a single value when registered with ores like this, and NO I am not going to turn this spam off. Just register your ore dictionary entries after the GameRegistry.
TO USERS: YES this is a BUG in the mod Ice and Fire report it to them!
[22:24:31] [Client thread/WARN]: *  at net.minecraftforge.oredict.OreDictionary.registerOreImpl(OreDictionary.java:679)
[22:24:31] [Client thread/WARN]: *  at net.minecraftforge.oredict.OreDictionary.registerOre(OreDictionary.java:651)
[22:24:31] [Client thread/WARN]: *  at com.github.alexthe666.iceandfire.core.ModRecipes.preInit(ModRecipes.java:78)
[22:24:31] [Client thread/WARN]: *  at com.github.alexthe666.iceandfire.IceAndFire.preInit(IceAndFire.java:86)
[22:24:31] [Client thread/WARN]: *  at sun.reflect.NativeMethodAccessorImpl.invoke0(Native Method)
[22:24:31] [Client thread/WARN]: *  at sun.reflect.NativeMethodAccessorImpl.invoke(NativeMethodAccessorImpl.java:62)...
[22:24:31] [Client thread/WARN]: ****************************************
[22:24:31] [Client thread/WARN]: ****************************************
[22:24:31] [Client thread/WARN]: * A broken ore dictionary registration with name objectEgg has occurred. It adds an item (type: class com.github.alexthe666.iceandfire.item.ItemHippogryphEgg) which is currently unknown to the game registry. This dictionary item can only support a single value when registered with ores like this, and NO I am not going to turn this spam off. Just register your ore dictionary entries after the GameRegistry.
TO USERS: YES this is a BUG in the mod Ice and Fire report it to them!
[22:24:31] [Client thread/WARN]: *  at net.minecraftforge.oredict.OreDictionary.registerOreImpl(OreDictionary.java:679)
[22:24:31] [Client thread/WARN]: *  at net.minecraftforge.oredict.OreDictionary.registerOre(OreDictionary.java:651)
[22:24:31] [Client thread/WARN]: *  at com.github.alexthe666.iceandfire.core.ModRecipes.preInit(ModRecipes.java:79)
[22:24:31] [Client thread/WARN]: *  at com.github.alexthe666.iceandfire.IceAndFire.preInit(IceAndFire.java:86)
[22:24:31] [Client thread/WARN]: *  at sun.reflect.NativeMethodAccessorImpl.invoke0(Native Method)
[22:24:31] [Client thread/WARN]: *  at sun.reflect.NativeMethodAccessorImpl.invoke(NativeMethodAccessorImpl.java:62)...
[22:24:31] [Client thread/WARN]: ****************************************
[22:24:31] [Client thread/WARN]: ****************************************
[22:24:31] [Client thread/WARN]: * A broken ore dictionary registration with name bakingEgg has occurred. It adds an item (type: class com.github.alexthe666.iceandfire.item.ItemHippogryphEgg) which is currently unknown to the game registry. This dictionary item can only support a single value when registered with ores like this, and NO I am not going to turn this spam off. Just register your ore dictionary entries after the GameRegistry.
TO USERS: YES this is a BUG in the mod Ice and Fire report it to them!
[22:24:31] [Client thread/WARN]: *  at net.minecraftforge.oredict.OreDictionary.registerOreImpl(OreDictionary.java:679)
[22:24:31] [Client thread/WARN]: *  at net.minecraftforge.oredict.OreDictionary.registerOre(OreDictionary.java:651)
[22:24:31] [Client thread/WARN]: *  at com.github.alexthe666.iceandfire.core.ModRecipes.preInit(ModRecipes.java:80)
[22:24:31] [Client thread/WARN]: *  at com.github.alexthe666.iceandfire.IceAndFire.preInit(IceAndFire.java:86)
[22:24:31] [Client thread/WARN]: *  at sun.reflect.NativeMethodAccessorImpl.invoke0(Native Method)
[22:24:31] [Client thread/WARN]: *  at sun.reflect.NativeMethodAccessorImpl.invoke(NativeMethodAccessorImpl.java:62)...
[22:24:31] [Client thread/WARN]: ****************************************
[22:24:31] [Client thread/WARN]: ****************************************
[22:24:31] [Client thread/WARN]: * A broken ore dictionary registration with name egg has occurred. It adds an item (type: class com.github.alexthe666.iceandfire.item.ItemHippogryphEgg) which is currently unknown to the game registry. This dictionary item can only support a single value when registered with ores like this, and NO I am not going to turn this spam off. Just register your ore dictionary entries after the GameRegistry.
TO USERS: YES this is a BUG in the mod Ice and Fire report it to them!
[22:24:31] [Client thread/WARN]: *  at net.minecraftforge.oredict.OreDictionary.registerOreImpl(OreDictionary.java:679)
[22:24:31] [Client thread/WARN]: *  at net.minecraftforge.oredict.OreDictionary.registerOre(OreDictionary.java:651)
[22:24:31] [Client thread/WARN]: *  at com.github.alexthe666.iceandfire.core.ModRecipes.preInit(ModRecipes.java:81)
[22:24:31] [Client thread/WARN]: *  at com.github.alexthe666.iceandfire.IceAndFire.preInit(IceAndFire.java:86)
[22:24:31] [Client thread/WARN]: *  at sun.reflect.NativeMethodAccessorImpl.invoke0(Native Method)
[22:24:31] [Client thread/WARN]: *  at sun.reflect.NativeMethodAccessorImpl.invoke(NativeMethodAccessorImpl.java:62)...
[22:24:31] [Client thread/WARN]: ****************************************
[22:24:31] [Client thread/WARN]: ****************************************
[22:24:31] [Client thread/WARN]: * A broken ore dictionary registration with name ingredientEgg has occurred. It adds an item (type: class com.github.alexthe666.iceandfire.item.ItemHippogryphEgg) which is currently unknown to the game registry. This dictionary item can only support a single value when registered with ores like this, and NO I am not going to turn this spam off. Just register your ore dictionary entries after the GameRegistry.
TO USERS: YES this is a BUG in the mod Ice and Fire report it to them!
[22:24:31] [Client thread/WARN]: *  at net.minecraftforge.oredict.OreDictionary.registerOreImpl(OreDictionary.java:679)
[22:24:31] [Client thread/WARN]: *  at net.minecraftforge.oredict.OreDictionary.registerOre(OreDictionary.java:651)
[22:24:31] [Client thread/WARN]: *  at com.github.alexthe666.iceandfire.core.ModRecipes.preInit(ModRecipes.java:82)
[22:24:31] [Client thread/WARN]: *  at com.github.alexthe666.iceandfire.IceAndFire.preInit(IceAndFire.java:86)
[22:24:31] [Client thread/WARN]: *  at sun.reflect.NativeMethodAccessorImpl.invoke0(Native Method)
[22:24:31] [Client thread/WARN]: *  at sun.reflect.NativeMethodAccessorImpl.invoke(NativeMethodAccessorImpl.java:62)...
[22:24:31] [Client thread/WARN]: ****************************************
[22:24:31] [Client thread/WARN]: ****************************************
[22:24:31] [Client thread/WARN]: * A broken ore dictionary registration with name foodSimpleEgg has occurred. It adds an item (type: class com.github.alexthe666.iceandfire.item.ItemHippogryphEgg) which is currently unknown to the game registry. This dictionary item can only support a single value when registered with ores like this, and NO I am not going to turn this spam off. Just register your ore dictionary entries after the GameRegistry.
TO USERS: YES this is a BUG in the mod Ice and Fire report it to them!
[22:24:31] [Client thread/WARN]: *  at net.minecraftforge.oredict.OreDictionary.registerOreImpl(OreDictionary.java:679)
[22:24:31] [Client thread/WARN]: *  at net.minecraftforge.oredict.OreDictionary.registerOre(OreDictionary.java:651)
[22:24:31] [Client thread/WARN]: *  at com.github.alexthe666.iceandfire.core.ModRecipes.preInit(ModRecipes.java:83)
[22:24:31] [Client thread/WARN]: *  at com.github.alexthe666.iceandfire.IceAndFire.preInit(IceAndFire.java:86)
[22:24:31] [Client thread/WARN]: *  at sun.reflect.NativeMethodAccessorImpl.invoke0(Native Method)
[22:24:31] [Client thread/WARN]: *  at sun.reflect.NativeMethodAccessorImpl.invoke(NativeMethodAccessorImpl.java:62)...
[22:24:31] [Client thread/WARN]: ****************************************
[22:24:31] [Client thread/WARN]: ****************************************
[22:24:31] [Client thread/WARN]: * A broken ore dictionary registration with name listAllEgg has occurred. It adds an item (type: class com.github.alexthe666.iceandfire.item.ItemDeathwormEgg) which is currently unknown to the game registry. This dictionary item can only support a single value when registered with ores like this, and NO I am not going to turn this spam off. Just register your ore dictionary entries after the GameRegistry.
TO USERS: YES this is a BUG in the mod Ice and Fire report it to them!
[22:24:31] [Client thread/WARN]: *  at net.minecraftforge.oredict.OreDictionary.registerOreImpl(OreDictionary.java:679)
[22:24:31] [Client thread/WARN]: *  at net.minecraftforge.oredict.OreDictionary.registerOre(OreDictionary.java:651)
[22:24:31] [Client thread/WARN]: *  at com.github.alexthe666.iceandfire.core.ModRecipes.preInit(ModRecipes.java:85)
[22:24:31] [Client thread/WARN]: *  at com.github.alexthe666.iceandfire.IceAndFire.preInit(IceAndFire.java:86)
[22:24:31] [Client thread/WARN]: *  at sun.reflect.NativeMethodAccessorImpl.invoke0(Native Method)
[22:24:31] [Client thread/WARN]: *  at sun.reflect.NativeMethodAccessorImpl.invoke(NativeMethodAccessorImpl.java:62)...
[22:24:31] [Client thread/WARN]: ****************************************
[22:24:31] [Client thread/WARN]: ****************************************
[22:24:31] [Client thread/WARN]: * A broken ore dictionary registration with name objectEgg has occurred. It adds an item (type: class com.github.alexthe666.iceandfire.item.ItemDeathwormEgg) which is currently unknown to the game registry. This dictionary item can only support a single value when registered with ores like this, and NO I am not going to turn this spam off. Just register your ore dictionary entries after the GameRegistry.
TO USERS: YES this is a BUG in the mod Ice and Fire report it to them!
[22:24:31] [Client thread/WARN]: *  at net.minecraftforge.oredict.OreDictionary.registerOreImpl(OreDictionary.java:679)
[22:24:31] [Client thread/WARN]: *  at net.minecraftforge.oredict.OreDictionary.registerOre(OreDictionary.java:651)
[22:24:31] [Client thread/WARN]: *  at com.github.alexthe666.iceandfire.core.ModRecipes.preInit(ModRecipes.java:86)
[22:24:31] [Client thread/WARN]: *  at com.github.alexthe666.iceandfire.IceAndFire.preInit(IceAndFire.java:86)
[22:24:31] [Client thread/WARN]: *  at sun.reflect.NativeMethodAccessorImpl.invoke0(Native Method)
[22:24:31] [Client thread/WARN]: *  at sun.reflect.NativeMethodAccessorImpl.invoke(NativeMethodAccessorImpl.java:62)...
[22:24:31] [Client thread/WARN]: ****************************************
[22:24:31] [Client thread/WARN]: ****************************************
[22:24:31] [Client thread/WARN]: * A broken ore dictionary registration with name bakingEgg has occurred. It adds an item (type: class com.github.alexthe666.iceandfire.item.ItemDeathwormEgg) which is currently unknown to the game registry. This dictionary item can only support a single value when registered with ores like this, and NO I am not going to turn this spam off. Just register your ore dictionary entries after the GameRegistry.
TO USERS: YES this is a BUG in the mod Ice and Fire report it to them!
[22:24:31] [Client thread/WARN]: *  at net.minecraftforge.oredict.OreDictionary.registerOreImpl(OreDictionary.java:679)
[22:24:31] [Client thread/WARN]: *  at net.minecraftforge.oredict.OreDictionary.registerOre(OreDictionary.java:651)
[22:24:31] [Client thread/WARN]: *  at com.github.alexthe666.iceandfire.core.ModRecipes.preInit(ModRecipes.java:87)
[22:24:31] [Client thread/WARN]: *  at com.github.alexthe666.iceandfire.IceAndFire.preInit(IceAndFire.java:86)
[22:24:31] [Client thread/WARN]: *  at sun.reflect.NativeMethodAccessorImpl.invoke0(Native Method)
[22:24:31] [Client thread/WARN]: *  at sun.reflect.NativeMethodAccessorImpl.invoke(NativeMethodAccessorImpl.java:62)...
[22:24:31] [Client thread/WARN]: ****************************************
[22:24:31] [Client thread/WARN]: ****************************************
[22:24:31] [Client thread/WARN]: * A broken ore dictionary registration with name egg has occurred. It adds an item (type: class com.github.alexthe666.iceandfire.item.ItemDeathwormEgg) which is currently unknown to the game registry. This dictionary item can only support a single value when registered with ores like this, and NO I am not going to turn this spam off. Just register your ore dictionary entries after the GameRegistry.
TO USERS: YES this is a BUG in the mod Ice and Fire report it to them!
[22:24:31] [Client thread/WARN]: *  at net.minecraftforge.oredict.OreDictionary.registerOreImpl(OreDictionary.java:679)
[22:24:31] [Client thread/WARN]: *  at net.minecraftforge.oredict.OreDictionary.registerOre(OreDictionary.java:651)
[22:24:31] [Client thread/WARN]: *  at com.github.alexthe666.iceandfire.core.ModRecipes.preInit(ModRecipes.java:88)
[22:24:31] [Client thread/WARN]: *  at com.github.alexthe666.iceandfire.IceAndFire.preInit(IceAndFire.java:86)
[22:24:31] [Client thread/WARN]: *  at sun.reflect.NativeMethodAccessorImpl.invoke0(Native Method)
[22:24:31] [Client thread/WARN]: *  at sun.reflect.NativeMethodAccessorImpl.invoke(NativeMethodAccessorImpl.java:62)...
[22:24:31] [Client thread/WARN]: ****************************************
[22:24:31] [Client thread/WARN]: ****************************************
[22:24:31] [Client thread/WARN]: * A broken ore dictionary registration with name ingredientEgg has occurred. It adds an item (type: class com.github.alexthe666.iceandfire.item.ItemDeathwormEgg) which is currently unknown to the game registry. This dictionary item can only support a single value when registered with ores like this, and NO I am not going to turn this spam off. Just register your ore dictionary entries after the GameRegistry.
TO USERS: YES this is a BUG in the mod Ice and Fire report it to them!
[22:24:31] [Client thread/WARN]: *  at net.minecraftforge.oredict.OreDictionary.registerOreImpl(OreDictionary.java:679)
[22:24:31] [Client thread/WARN]: *  at net.minecraftforge.oredict.OreDictionary.registerOre(OreDictionary.java:651)
[22:24:31] [Client thread/WARN]: *  at com.github.alexthe666.iceandfire.core.ModRecipes.preInit(ModRecipes.java:89)
[22:24:31] [Client thread/WARN]: *  at com.github.alexthe666.iceandfire.IceAndFire.preInit(IceAndFire.java:86)
[22:24:31] [Client thread/WARN]: *  at sun.reflect.NativeMethodAccessorImpl.invoke0(Native Method)
[22:24:31] [Client thread/WARN]: *  at sun.reflect.NativeMethodAccessorImpl.invoke(NativeMethodAccessorImpl.java:62)...
[22:24:31] [Client thread/WARN]: ****************************************
[22:24:31] [Client thread/WARN]: ****************************************
[22:24:31] [Client thread/WARN]: * A broken ore dictionary registration with name foodSimpleEgg has occurred. It adds an item (type: class com.github.alexthe666.iceandfire.item.ItemDeathwormEgg) which is currently unknown to the game registry. This dictionary item can only support a single value when registered with ores like this, and NO I am not going to turn this spam off. Just register your ore dictionary entries after the GameRegistry.
TO USERS: YES this is a BUG in the mod Ice and Fire report it to them!
[22:24:31] [Client thread/WARN]: *  at net.minecraftforge.oredict.OreDictionary.registerOreImpl(OreDictionary.java:679)
[22:24:31] [Client thread/WARN]: *  at net.minecraftforge.oredict.OreDictionary.registerOre(OreDictionary.java:651)
[22:24:31] [Client thread/WARN]: *  at com.github.alexthe666.iceandfire.core.ModRecipes.preInit(ModRecipes.java:90)
[22:24:31] [Client thread/WARN]: *  at com.github.alexthe666.iceandfire.IceAndFire.preInit(IceAndFire.java:86)
[22:24:31] [Client thread/WARN]: *  at sun.reflect.NativeMethodAccessorImpl.invoke0(Native Method)
[22:24:31] [Client thread/WARN]: *  at sun.reflect.NativeMethodAccessorImpl.invoke(NativeMethodAccessorImpl.java:62)...
[22:24:31] [Client thread/WARN]: ****************************************
[22:24:31] [Client thread/WARN]: ****************************************
[22:24:31] [Client thread/WARN]: * A broken ore dictionary registration with name listAllEgg has occurred. It adds an item (type: class com.github.alexthe666.iceandfire.item.ItemMyrmexEgg) which is currently unknown to the game registry. This dictionary item can only support a single value when registered with ores like this, and NO I am not going to turn this spam off. Just register your ore dictionary entries after the GameRegistry.
TO USERS: YES this is a BUG in the mod Ice and Fire report it to them!
[22:24:31] [Client thread/WARN]: *  at net.minecraftforge.oredict.OreDictionary.registerOreImpl(OreDictionary.java:679)
[22:24:31] [Client thread/WARN]: *  at net.minecraftforge.oredict.OreDictionary.registerOre(OreDictionary.java:651)
[22:24:31] [Client thread/WARN]: *  at com.github.alexthe666.iceandfire.core.ModRecipes.preInit(ModRecipes.java:92)
[22:24:31] [Client thread/WARN]: *  at com.github.alexthe666.iceandfire.IceAndFire.preInit(IceAndFire.java:86)
[22:24:31] [Client thread/WARN]: *  at sun.reflect.NativeMethodAccessorImpl.invoke0(Native Method)
[22:24:31] [Client thread/WARN]: *  at sun.reflect.NativeMethodAccessorImpl.invoke(NativeMethodAccessorImpl.java:62)...
[22:24:31] [Client thread/WARN]: ****************************************
[22:24:31] [Client thread/WARN]: ****************************************
[22:24:31] [Client thread/WARN]: * A broken ore dictionary registration with name objectEgg has occurred. It adds an item (type: class com.github.alexthe666.iceandfire.item.ItemMyrmexEgg) which is currently unknown to the game registry. This dictionary item can only support a single value when registered with ores like this, and NO I am not going to turn this spam off. Just register your ore dictionary entries after the GameRegistry.
TO USERS: YES this is a BUG in the mod Ice and Fire report it to them!
[22:24:31] [Client thread/WARN]: *  at net.minecraftforge.oredict.OreDictionary.registerOreImpl(OreDictionary.java:679)
[22:24:31] [Client thread/WARN]: *  at net.minecraftforge.oredict.OreDictionary.registerOre(OreDictionary.java:651)
[22:24:31] [Client thread/WARN]: *  at com.github.alexthe666.iceandfire.core.ModRecipes.preInit(ModRecipes.java:93)
[22:24:31] [Client thread/WARN]: *  at com.github.alexthe666.iceandfire.IceAndFire.preInit(IceAndFire.java:86)
[22:24:31] [Client thread/WARN]: *  at sun.reflect.NativeMethodAccessorImpl.invoke0(Native Method)
[22:24:31] [Client thread/WARN]: *  at sun.reflect.NativeMethodAccessorImpl.invoke(NativeMethodAccessorImpl.java:62)...
[22:24:31] [Client thread/WARN]: ****************************************
[22:24:31] [Client thread/WARN]: ****************************************
[22:24:31] [Client thread/WARN]: * A broken ore dictionary registration with name bakingEgg has occurred. It adds an item (type: class com.github.alexthe666.iceandfire.item.ItemMyrmexEgg) which is currently unknown to the game registry. This dictionary item can only support a single value when registered with ores like this, and NO I am not going to turn this spam off. Just register your ore dictionary entries after the GameRegistry.
TO USERS: YES this is a BUG in the mod Ice and Fire report it to them!
[22:24:31] [Client thread/WARN]: *  at net.minecraftforge.oredict.OreDictionary.registerOreImpl(OreDictionary.java:679)
[22:24:31] [Client thread/WARN]: *  at net.minecraftforge.oredict.OreDictionary.registerOre(OreDictionary.java:651)
[22:24:31] [Client thread/WARN]: *  at com.github.alexthe666.iceandfire.core.ModRecipes.preInit(ModRecipes.java:94)
[22:24:31] [Client thread/WARN]: *  at com.github.alexthe666.iceandfire.IceAndFire.preInit(IceAndFire.java:86)
[22:24:31] [Client thread/WARN]: *  at sun.reflect.NativeMethodAccessorImpl.invoke0(Native Method)
[22:24:31] [Client thread/WARN]: *  at sun.reflect.NativeMethodAccessorImpl.invoke(NativeMethodAccessorImpl.java:62)...
[22:24:31] [Client thread/WARN]: ****************************************
[22:24:31] [Client thread/WARN]: ****************************************
[22:24:31] [Client thread/WARN]: * A broken ore dictionary registration with name egg has occurred. It adds an item (type: class com.github.alexthe666.iceandfire.item.ItemMyrmexEgg) which is currently unknown to the game registry. This dictionary item can only support a single value when registered with ores like this, and NO I am not going to turn this spam off. Just register your ore dictionary entries after the GameRegistry.
TO USERS: YES this is a BUG in the mod Ice and Fire report it to them!
[22:24:31] [Client thread/WARN]: *  at net.minecraftforge.oredict.OreDictionary.registerOreImpl(OreDictionary.java:679)
[22:24:31] [Client thread/WARN]: *  at net.minecraftforge.oredict.OreDictionary.registerOre(OreDictionary.java:651)
[22:24:31] [Client thread/WARN]: *  at com.github.alexthe666.iceandfire.core.ModRecipes.preInit(ModRecipes.java:95)
[22:24:31] [Client thread/WARN]: *  at com.github.alexthe666.iceandfire.IceAndFire.preInit(IceAndFire.java:86)
[22:24:31] [Client thread/WARN]: *  at sun.reflect.NativeMethodAccessorImpl.invoke0(Native Method)
[22:24:31] [Client thread/WARN]: *  at sun.reflect.NativeMethodAccessorImpl.invoke(NativeMethodAccessorImpl.java:62)...
[22:24:31] [Client thread/WARN]: ****************************************
[22:24:31] [Client thread/WARN]: ****************************************
[22:24:31] [Client thread/WARN]: * A broken ore dictionary registration with name ingredientEgg has occurred. It adds an item (type: class com.github.alexthe666.iceandfire.item.ItemMyrmexEgg) which is currently unknown to the game registry. This dictionary item can only support a single value when registered with ores like this, and NO I am not going to turn this spam off. Just register your ore dictionary entries after the GameRegistry.
TO USERS: YES this is a BUG in the mod Ice and Fire report it to them!
[22:24:31] [Client thread/WARN]: *  at net.minecraftforge.oredict.OreDictionary.registerOreImpl(OreDictionary.java:679)
[22:24:31] [Client thread/WARN]: *  at net.minecraftforge.oredict.OreDictionary.registerOre(OreDictionary.java:651)
[22:24:31] [Client thread/WARN]: *  at com.github.alexthe666.iceandfire.core.ModRecipes.preInit(ModRecipes.java:96)
[22:24:31] [Client thread/WARN]: *  at com.github.alexthe666.iceandfire.IceAndFire.preInit(IceAndFire.java:86)
[22:24:31] [Client thread/WARN]: *  at sun.reflect.NativeMethodAccessorImpl.invoke0(Native Method)
[22:24:31] [Client thread/WARN]: *  at sun.reflect.NativeMethodAccessorImpl.invoke(NativeMethodAccessorImpl.java:62)...
[22:24:31] [Client thread/WARN]: ****************************************
[22:24:31] [Client thread/WARN]: ****************************************
[22:24:31] [Client thread/WARN]: * A broken ore dictionary registration with name foodSimpleEgg has occurred. It adds an item (type: class com.github.alexthe666.iceandfire.item.ItemMyrmexEgg) which is currently unknown to the game registry. This dictionary item can only support a single value when registered with ores like this, and NO I am not going to turn this spam off. Just register your ore dictionary entries after the GameRegistry.
TO USERS: YES this is a BUG in the mod Ice and Fire report it to them!
[22:24:31] [Client thread/WARN]: *  at net.minecraftforge.oredict.OreDictionary.registerOreImpl(OreDictionary.java:679)
[22:24:31] [Client thread/WARN]: *  at net.minecraftforge.oredict.OreDictionary.registerOre(OreDictionary.java:651)
[22:24:31] [Client thread/WARN]: *  at com.github.alexthe666.iceandfire.core.ModRecipes.preInit(ModRecipes.java:97)
[22:24:31] [Client thread/WARN]: *  at com.github.alexthe666.iceandfire.IceAndFire.preInit(IceAndFire.java:86)
[22:24:31] [Client thread/WARN]: *  at sun.reflect.NativeMethodAccessorImpl.invoke0(Native Method)
[22:24:31] [Client thread/WARN]: *  at sun.reflect.NativeMethodAccessorImpl.invoke(NativeMethodAccessorImpl.java:62)...
[22:24:31] [Client thread/WARN]: ****************************************
[22:24:31] [Client thread/WARN]: ****************************************
[22:24:31] [Client thread/WARN]: * A broken ore dictionary registration with name listAllEgg has occurred. It adds an item (type: class com.github.alexthe666.iceandfire.item.ItemMyrmexEgg) which is currently unknown to the game registry. This dictionary item can only support a single value when registered with ores like this, and NO I am not going to turn this spam off. Just register your ore dictionary entries after the GameRegistry.
TO USERS: YES this is a BUG in the mod Ice and Fire report it to them!
[22:24:31] [Client thread/WARN]: *  at net.minecraftforge.oredict.OreDictionary.registerOreImpl(OreDictionary.java:679)
[22:24:31] [Client thread/WARN]: *  at net.minecraftforge.oredict.OreDictionary.registerOre(OreDictionary.java:651)
[22:24:31] [Client thread/WARN]: *  at com.github.alexthe666.iceandfire.core.ModRecipes.preInit(ModRecipes.java:99)
[22:24:31] [Client thread/WARN]: *  at com.github.alexthe666.iceandfire.IceAndFire.preInit(IceAndFire.java:86)
[22:24:31] [Client thread/WARN]: *  at sun.reflect.NativeMethodAccessorImpl.invoke0(Native Method)
[22:24:31] [Client thread/WARN]: *  at sun.reflect.NativeMethodAccessorImpl.invoke(NativeMethodAccessorImpl.java:62)...
[22:24:31] [Client thread/WARN]: ****************************************
[22:24:31] [Client thread/WARN]: ****************************************
[22:24:31] [Client thread/WARN]: * A broken ore dictionary registration with name objectEgg has occurred. It adds an item (type: class com.github.alexthe666.iceandfire.item.ItemMyrmexEgg) which is currently unknown to the game registry. This dictionary item can only support a single value when registered with ores like this, and NO I am not going to turn this spam off. Just register your ore dictionary entries after the GameRegistry.
TO USERS: YES this is a BUG in the mod Ice and Fire report it to them!
[22:24:31] [Client thread/WARN]: *  at net.minecraftforge.oredict.OreDictionary.registerOreImpl(OreDictionary.java:679)
[22:24:31] [Client thread/WARN]: *  at net.minecraftforge.oredict.OreDictionary.registerOre(OreDictionary.java:651)
[22:24:31] [Client thread/WARN]: *  at com.github.alexthe666.iceandfire.core.ModRecipes.preInit(ModRecipes.java:100)
[22:24:31] [Client thread/WARN]: *  at com.github.alexthe666.iceandfire.IceAndFire.preInit(IceAndFire.java:86)
[22:24:31] [Client thread/WARN]: *  at sun.reflect.NativeMethodAccessorImpl.invoke0(Native Method)
[22:24:31] [Client thread/WARN]: *  at sun.reflect.NativeMethodAccessorImpl.invoke(NativeMethodAccessorImpl.java:62)...
[22:24:31] [Client thread/WARN]: ****************************************
[22:24:31] [Client thread/WARN]: ****************************************
[22:24:31] [Client thread/WARN]: * A broken ore dictionary registration with name bakingEgg has occurred. It adds an item (type: class com.github.alexthe666.iceandfire.item.ItemMyrmexEgg) which is currently unknown to the game registry. This dictionary item can only support a single value when registered with ores like this, and NO I am not going to turn this spam off. Just register your ore dictionary entries after the GameRegistry.
TO USERS: YES this is a BUG in the mod Ice and Fire report it to them!
[22:24:31] [Client thread/WARN]: *  at net.minecraftforge.oredict.OreDictionary.registerOreImpl(OreDictionary.java:679)
[22:24:31] [Client thread/WARN]: *  at net.minecraftforge.oredict.OreDictionary.registerOre(OreDictionary.java:651)
[22:24:31] [Client thread/WARN]: *  at com.github.alexthe666.iceandfire.core.ModRecipes.preInit(ModRecipes.java:101)
[22:24:31] [Client thread/WARN]: *  at com.github.alexthe666.iceandfire.IceAndFire.preInit(IceAndFire.java:86)
[22:24:31] [Client thread/WARN]: *  at sun.reflect.NativeMethodAccessorImpl.invoke0(Native Method)
[22:24:31] [Client thread/WARN]: *  at sun.reflect.NativeMethodAccessorImpl.invoke(NativeMethodAccessorImpl.java:62)...
[22:24:31] [Client thread/WARN]: ****************************************
[22:24:31] [Client thread/WARN]: ****************************************
[22:24:31] [Client thread/WARN]: * A broken ore dictionary registration with name egg has occurred. It adds an item (type: class com.github.alexthe666.iceandfire.item.ItemMyrmexEgg) which is currently unknown to the game registry. This dictionary item can only support a single value when registered with ores like this, and NO I am not going to turn this spam off. Just register your ore dictionary entries after the GameRegistry.
TO USERS: YES this is a BUG in the mod Ice and Fire report it to them!
[22:24:31] [Client thread/WARN]: *  at net.minecraftforge.oredict.OreDictionary.registerOreImpl(OreDictionary.java:679)
[22:24:31] [Client thread/WARN]: *  at net.minecraftforge.oredict.OreDictionary.registerOre(OreDictionary.java:651)
[22:24:31] [Client thread/WARN]: *  at com.github.alexthe666.iceandfire.core.ModRecipes.preInit(ModRecipes.java:102)
[22:24:31] [Client thread/WARN]: *  at com.github.alexthe666.iceandfire.IceAndFire.preInit(IceAndFire.java:86)
[22:24:31] [Client thread/WARN]: *  at sun.reflect.NativeMethodAccessorImpl.invoke0(Native Method)
[22:24:31] [Client thread/WARN]: *  at sun.reflect.NativeMethodAccessorImpl.invoke(NativeMethodAccessorImpl.java:62)...
[22:24:31] [Client thread/WARN]: ****************************************
[22:24:31] [Client thread/WARN]: ****************************************
[22:24:31] [Client thread/WARN]: * A broken ore dictionary registration with name ingredientEgg has occurred. It adds an item (type: class com.github.alexthe666.iceandfire.item.ItemMyrmexEgg) which is currently unknown to the game registry. This dictionary item can only support a single value when registered with ores like this, and NO I am not going to turn this spam off. Just register your ore dictionary entries after the GameRegistry.
TO USERS: YES this is a BUG in the mod Ice and Fire report it to them!
[22:24:31] [Client thread/WARN]: *  at net.minecraftforge.oredict.OreDictionary.registerOreImpl(OreDictionary.java:679)
[22:24:31] [Client thread/WARN]: *  at net.minecraftforge.oredict.OreDictionary.registerOre(OreDictionary.java:651)
[22:24:31] [Client thread/WARN]: *  at com.github.alexthe666.iceandfire.core.ModRecipes.preInit(ModRecipes.java:103)
[22:24:31] [Client thread/WARN]: *  at com.github.alexthe666.iceandfire.IceAndFire.preInit(IceAndFire.java:86)
[22:24:31] [Client thread/WARN]: *  at sun.reflect.NativeMethodAccessorImpl.invoke0(Native Method)
[22:24:31] [Client thread/WARN]: *  at sun.reflect.NativeMethodAccessorImpl.invoke(NativeMethodAccessorImpl.java:62)...
[22:24:31] [Client thread/WARN]: ****************************************
[22:24:31] [Client thread/WARN]: ****************************************
[22:24:31] [Client thread/WARN]: * A broken ore dictionary registration with name foodSimpleEgg has occurred. It adds an item (type: class com.github.alexthe666.iceandfire.item.ItemMyrmexEgg) which is currently unknown to the game registry. This dictionary item can only support a single value when registered with ores like this, and NO I am not going to turn this spam off. Just register your ore dictionary entries after the GameRegistry.
TO USERS: YES this is a BUG in the mod Ice and Fire report it to them!
[22:24:31] [Client thread/WARN]: *  at net.minecraftforge.oredict.OreDictionary.registerOreImpl(OreDictionary.java:679)
[22:24:31] [Client thread/WARN]: *  at net.minecraftforge.oredict.OreDictionary.registerOre(OreDictionary.java:651)
[22:24:31] [Client thread/WARN]: *  at com.github.alexthe666.iceandfire.core.ModRecipes.preInit(ModRecipes.java:104)
[22:24:31] [Client thread/WARN]: *  at com.github.alexthe666.iceandfire.IceAndFire.preInit(IceAndFire.java:86)
[22:24:31] [Client thread/WARN]: *  at sun.reflect.NativeMethodAccessorImpl.invoke0(Native Method)
[22:24:31] [Client thread/WARN]: *  at sun.reflect.NativeMethodAccessorImpl.invoke(NativeMethodAccessorImpl.java:62)...
[22:24:31] [Client thread/WARN]: ****************************************
[22:24:31] [Client thread/INFO]: Ignored smelting recipe with conflicting input: 1xtile.air@32767 = 1xitem.iceandfire.sapphireGem@0
[22:24:31] [Client thread/INFO]: Ignored smelting recipe with conflicting input: 1xtile.air@32767 = 1xtile.air@0
[22:24:31] [Client thread/INFO]: Ignored smelting recipe with conflicting input: 1xtile.air@32767 = 1xtile.air@0
[22:24:31] [Client thread/INFO]: Patch exists for com.tmtravlr.potioncore.potion.PotionCure
[22:24:31] [Client thread/INFO]: Writing class com.tmtravlr.potioncore.potion.PotionCure with flags MAXS | FRAMES
[22:24:31] [Client thread/INFO]: Patch exists for com.tmtravlr.potioncore.potion.PotionVulnerable
[22:24:31] [Client thread/INFO]: Writing class com.tmtravlr.potioncore.potion.PotionVulnerable with flags MAXS | FRAMES
[22:24:31] [Client thread/INFO]: Patch exists for com.tmtravlr.potioncore.PotionCoreEffects
[22:24:31] [Client thread/INFO]: Writing class com.tmtravlr.potioncore.PotionCoreEffects with flags MAXS | FRAMES
[22:24:31] [Client thread/INFO]: PreInitializing Rin's So Many Enchantments?...
[22:24:31] [Client thread/INFO]: [BetterFoliage] ShadersMod integration is disabled
[22:24:32] [Client thread/INFO]: [BetterFoliage] Initializing client overlay manager
[22:24:32] [Client thread/INFO]: [BetterFoliage] Optifine custom color support is disabled
[22:24:32] [Client thread/INFO]: [BetterFoliage] BetterFoliage initialized
[22:24:32] [Client thread/ERROR]: variants.json: Unable to read block 'quark:bark_dark_oak_stairs': java.lang.NullPointerException
[22:24:32] [Client thread/ERROR]: Using air instead...
[22:24:32] [Client thread/ERROR]: variants.json: Unable to read block 'quark:bark_dark_oak_stairs': java.lang.NullPointerException
[22:24:32] [Client thread/ERROR]: Using air instead...
[22:24:32] [Client thread/ERROR]: Error loading Better Mineshafts variants.json file: com.google.gson.JsonSyntaxException: duplicate key: minecraft:air
[22:24:32] [Client thread/ERROR]: Using default configuration...
[22:24:32] [Client thread/INFO]: Patch exists for paulevs.betternether.blocks.BlockChestOfDrawers
[22:24:32] [Client thread/INFO]: Writing class paulevs.betternether.blocks.BlockChestOfDrawers with flags MAXS | FRAMES
[22:24:32] [Client thread/INFO]: [com.lycanitesmobs.LycanitesMobs:logInfo:278]: [LycanitesMobs] [Info] [] Config version created successfully.
[22:24:32] [Client thread/INFO]: [com.lycanitesmobs.LycanitesMobs:logInfo:278]: [LycanitesMobs] [Info] [] Config general created successfully.
[22:24:32] [Client thread/INFO]: [com.lycanitesmobs.LycanitesMobs:logInfo:278]: [LycanitesMobs] [Info] [] Config itemlists created successfully.
[22:24:32] [Client thread/INFO]: [com.lycanitesmobs.LycanitesMobs:logDebug:290]: [LycanitesMobs] [Debug] [] Loading item pale_soup from JSON...
[22:24:32] [Client thread/INFO]: [com.lycanitesmobs.LycanitesMobs:logDebug:290]: [LycanitesMobs] [Debug] [] Loading item cooked_arisaur_meat from JSON...
[22:24:32] [Client thread/INFO]: [com.lycanitesmobs.LycanitesMobs:logDebug:290]: [LycanitesMobs] [Debug] [] Loading item cooked_yale_meat from JSON...
[22:24:32] [Client thread/INFO]: [com.lycanitesmobs.LycanitesMobs:logDebug:290]: [LycanitesMobs] [Debug] [] Loading item cooked_silex_meat from JSON...
[22:24:32] [Client thread/INFO]: [com.lycanitesmobs.LycanitesMobs:logDebug:290]: [LycanitesMobs] [Debug] [] Loading item explorers_risotto from JSON...
[22:24:32] [Client thread/INFO]: [com.lycanitesmobs.LycanitesMobs:logDebug:290]: [LycanitesMobs] [Debug] [] Loading item raw_silex_meat from JSON...
[22:24:32] [Client thread/INFO]: [com.lycanitesmobs.LycanitesMobs:logDebug:290]: [LycanitesMobs] [Debug] [] Loading item searing_taco from JSON...
[22:24:32] [Client thread/INFO]: [com.lycanitesmobs.LycanitesMobs:logDebug:290]: [LycanitesMobs] [Debug] [] Loading item raw_pinky_meat from JSON...
[22:24:32] [Client thread/INFO]: [com.lycanitesmobs.LycanitesMobs:logDebug:290]: [LycanitesMobs] [Debug] [] Loading item raw_bobeko_meat from JSON...
[22:24:32] [Client thread/INFO]: [com.lycanitesmobs.LycanitesMobs:logDebug:290]: [LycanitesMobs] [Debug] [] Loading item cooked_pinky_meat from JSON...
[22:24:32] [Client thread/INFO]: [com.lycanitesmobs.LycanitesMobs:logDebug:290]: [LycanitesMobs] [Debug] [] Loading item cooked_ika_meat from JSON...
[22:24:32] [Client thread/INFO]: [com.lycanitesmobs.LycanitesMobs:logDebug:290]: [LycanitesMobs] [Debug] [] Loading item paleo_salad from JSON...
[22:24:32] [Client thread/INFO]: [com.lycanitesmobs.LycanitesMobs:logDebug:290]: [LycanitesMobs] [Debug] [] Loading item cooked_chupacabra_meat from JSON...
[22:24:32] [Client thread/INFO]: [com.lycanitesmobs.LycanitesMobs:logDebug:290]: [LycanitesMobs] [Debug] [] Loading item tropical_curry from JSON...
[22:24:32] [Client thread/INFO]: [com.lycanitesmobs.LycanitesMobs:logDebug:290]: [LycanitesMobs] [Debug] [] Loading item cooked_cephignis_meat from JSON...
[22:24:32] [Client thread/INFO]: [com.lycanitesmobs.LycanitesMobs:logDebug:290]: [LycanitesMobs] [Debug] [] Loading item raw_ika_meat from JSON...
[22:24:32] [Client thread/INFO]: [com.lycanitesmobs.LycanitesMobs:logDebug:290]: [LycanitesMobs] [Debug] [] Loading item devil_lasagna from JSON...
[22:24:32] [Client thread/INFO]: [com.lycanitesmobs.LycanitesMobs:logDebug:290]: [LycanitesMobs] [Debug] [] Loading item raw_chupacabra_meat from JSON...
[22:24:32] [Client thread/INFO]: [com.lycanitesmobs.LycanitesMobs:logDebug:290]: [LycanitesMobs] [Debug] [] Loading item battle_burrito from JSON...
[22:24:32] [Client thread/INFO]: [com.lycanitesmobs.LycanitesMobs:logDebug:290]: [LycanitesMobs] [Debug] [] Loading item raw_aspid_meat from JSON...
[22:24:32] [Client thread/INFO]: [com.lycanitesmobs.LycanitesMobs:logDebug:290]: [LycanitesMobs] [Debug] [] Loading item cooked_aspid_meat from JSON...
[22:24:32] [Client thread/INFO]: [com.lycanitesmobs.LycanitesMobs:logDebug:290]: [LycanitesMobs] [Debug] [] Loading item blood_chili from JSON...
[22:24:32] [Client thread/INFO]: [com.lycanitesmobs.LycanitesMobs:logDebug:290]: [LycanitesMobs] [Debug] [] Loading item bulwark_burger from JSON...
[22:24:32] [Client thread/INFO]: [com.lycanitesmobs.LycanitesMobs:logDebug:290]: [LycanitesMobs] [Debug] [] Loading item cooked_maka_meat from JSON...
[22:24:32] [Client thread/INFO]: [com.lycanitesmobs.LycanitesMobs:logDebug:290]: [LycanitesMobs] [Debug] [] Loading item seashell_maki from JSON...
[22:24:32] [Client thread/INFO]: [com.lycanitesmobs.LycanitesMobs:logDebug:290]: [LycanitesMobs] [Debug] [] Loading item amber_cake from JSON...
[22:24:32] [Client thread/INFO]: [com.lycanitesmobs.LycanitesMobs:logDebug:290]: [LycanitesMobs] [Debug] [] Loading item raw_arisaur_meat from JSON...
[22:24:32] [Client thread/INFO]: [com.lycanitesmobs.LycanitesMobs:logDebug:290]: [LycanitesMobs] [Debug] [] Loading item cooked_concapede_meat from JSON...
[22:24:32] [Client thread/INFO]: [com.lycanitesmobs.LycanitesMobs:logDebug:290]: [LycanitesMobs] [Debug] [] Loading item lapis_fish_and_chips from JSON...
[22:24:32] [Client thread/INFO]: [com.lycanitesmobs.LycanitesMobs:logDebug:290]: [LycanitesMobs] [Debug] [] Loading item caecilian_ramen from JSON...
[22:24:32] [Client thread/INFO]: [com.lycanitesmobs.LycanitesMobs:logDebug:290]: [LycanitesMobs] [Debug] [] Loading item raw_concapede_meat from JSON...
[22:24:32] [Client thread/INFO]: [com.lycanitesmobs.LycanitesMobs:logDebug:290]: [LycanitesMobs] [Debug] [] Loading item peaks_kebab from JSON...
[22:24:32] [Client thread/INFO]: [com.lycanitesmobs.LycanitesMobs:logDebug:290]: [LycanitesMobs] [Debug] [] Loading item cooked_krake_meat from JSON...
[22:24:32] [Client thread/INFO]: [com.lycanitesmobs.LycanitesMobs:logDebug:290]: [LycanitesMobs] [Debug] [] Loading item cooked_joust_meat from JSON...
[22:24:32] [Client thread/INFO]: [com.lycanitesmobs.LycanitesMobs:logDebug:290]: [LycanitesMobs] [Debug] [] Loading item raw_maka_meat from JSON...
[22:24:32] [Client thread/INFO]: [com.lycanitesmobs.LycanitesMobs:logDebug:290]: [LycanitesMobs] [Debug] [] Loading item raw_krake_meat from JSON...
[22:24:32] [Client thread/INFO]: [com.lycanitesmobs.LycanitesMobs:logDebug:290]: [LycanitesMobs] [Debug] [] Loading item raw_joust_meat from JSON...
[22:24:32] [Client thread/INFO]: [com.lycanitesmobs.LycanitesMobs:logDebug:290]: [LycanitesMobs] [Debug] [] Loading item raw_yale_meat from JSON...
[22:24:32] [Client thread/INFO]: [com.lycanitesmobs.LycanitesMobs:logDebug:290]: [LycanitesMobs] [Debug] [] Loading item moss_pie from JSON...
[22:24:32] [Client thread/INFO]: [com.lycanitesmobs.LycanitesMobs:logDebug:290]: [LycanitesMobs] [Debug] [] Loading item cooked_bobeko_meat from JSON...
[22:24:32] [Client thread/INFO]: Ignored smelting recipe with conflicting input: 1xtile.air@32767 = 1xtile.clayHardened@0
[22:24:32] [Client thread/INFO]: Ignored smelting recipe with conflicting input: 1xtile.air@32767 = 6xitem.sugar@0
[22:24:33] [Client thread/WARN]: Potentially Dangerous alternative prefix `minecraft` for name `lycanitesmobs.summoningpedestal`, expected `lycanitesmobs`. This could be a intended override, but in most cases indicates a broken mod.
[22:24:33] [Client thread/WARN]: Potentially Dangerous alternative prefix `minecraft` for name `lycanitesmobs.equipmentforge`, expected `lycanitesmobs`. This could be a intended override, but in most cases indicates a broken mod.
[22:24:33] [Client thread/WARN]: Potentially Dangerous alternative prefix `minecraft` for name `lycanitesmobs.equipment_infuser`, expected `lycanitesmobs`. This could be a intended override, but in most cases indicates a broken mod.
[22:24:33] [Client thread/WARN]: Potentially Dangerous alternative prefix `minecraft` for name `lycanitesmobs.equipment_station`, expected `lycanitesmobs`. This could be a intended override, but in most cases indicates a broken mod.
[22:24:33] [Client thread/INFO]: [com.lycanitesmobs.LycanitesMobs:logInfo:278]: [LycanitesMobs] [Info] [] Config spawning created successfully.
[22:24:33] [Client thread/WARN]: defineId called for: class com.lycanitesmobs.core.entity.BaseCreatureEntity from class com.lycanitesmobs.core.entity.AgeableCreatureEntity
[22:24:33] [Client thread/WARN]: defineId called for: class com.lycanitesmobs.core.entity.BaseCreatureEntity from class com.lycanitesmobs.core.entity.AgeableCreatureEntity
[22:24:33] [Client thread/WARN]: defineId called for: class com.lycanitesmobs.core.entity.BaseCreatureEntity from class com.lycanitesmobs.core.entity.TameableCreatureEntity
[22:24:33] [Client thread/WARN]: defineId called for: class com.lycanitesmobs.core.entity.BaseCreatureEntity from class com.lycanitesmobs.core.entity.TameableCreatureEntity
[22:24:33] [Client thread/WARN]: defineId called for: class com.lycanitesmobs.core.entity.BaseCreatureEntity from class com.lycanitesmobs.core.entity.TameableCreatureEntity
[22:24:33] [Client thread/WARN]: defineId called for: class com.lycanitesmobs.core.entity.BaseCreatureEntity from class com.lycanitesmobs.core.entity.TameableCreatureEntity
[22:24:33] [Client thread/INFO]: [com.lycanitesmobs.LycanitesMobs:logDebug:290]: [LycanitesMobs] [Debug] [] Loading 92 JSON Spawners...
[22:24:33] [Client thread/INFO]: [com.lycanitesmobs.LycanitesMobs:logDebug:290]: [LycanitesMobs] [Debug] [] Complete! 92 JSON Spawners Loaded In Total.
[22:24:33] [Client thread/INFO]: [com.lycanitesmobs.LycanitesMobs:logInfo:278]: [LycanitesMobs] [Info] [] Config mobevents created successfully.
[22:24:34] [Client thread/INFO]: [com.lycanitesmobs.LycanitesMobs:logInfo:278]: [LycanitesMobs] [Info] [] Config worldgen created successfully.
[22:24:34] [Client thread/INFO]: [com.lycanitesmobs.LycanitesMobs:logDebug:290]: [LycanitesMobs] [Debug] [] Loading 8 JSON Dungeon Themes...
[22:24:34] [Client thread/INFO]: [com.lycanitesmobs.LycanitesMobs:logDebug:290]: [LycanitesMobs] [Debug] [] Complete! 8 JSON Dungeon Themes Loaded In Total.
[22:24:34] [Client thread/INFO]: [com.lycanitesmobs.LycanitesMobs:logDebug:290]: [LycanitesMobs] [Debug] [] Loading 1 JSON Dungeon Structures...
[22:24:34] [Client thread/INFO]: [com.lycanitesmobs.LycanitesMobs:logDebug:290]: [LycanitesMobs] [Debug] [] Complete! 1 JSON Dungeon Structures Loaded In Total.
[22:24:34] [Client thread/INFO]: [com.lycanitesmobs.LycanitesMobs:logDebug:290]: [LycanitesMobs] [Debug] [] Loading 14 JSON Dungeon Sectors...
[22:24:34] [Client thread/INFO]: [com.lycanitesmobs.LycanitesMobs:logDebug:290]: [LycanitesMobs] [Debug] [] Complete! 14 JSON Dungeon Sectors Loaded In Total.
[22:24:34] [Client thread/INFO]: [com.lycanitesmobs.LycanitesMobs:logDebug:290]: [LycanitesMobs] [Debug] [] Loading 9 JSON Dungeon Schematics...
[22:24:34] [Client thread/INFO]: [com.lycanitesmobs.LycanitesMobs:logDebug:290]: [LycanitesMobs] [Debug] [] Complete! 9 JSON Dungeon Schematics Loaded In Total.
[22:24:34] [Client thread/INFO]: Patch exists for cursedflames.bountifulbaubles.recipe.AnvilRecipes
[22:24:34] [Client thread/INFO]: Writing class cursedflames.bountifulbaubles.recipe.AnvilRecipes with flags MAXS | FRAMES
[22:24:34] [Client thread/INFO]: Configuring feature GunpowderBlock
[22:24:34] [Client thread/INFO]: Configuring feature RedstoneSand
[22:24:34] [Client thread/INFO]: Configuring feature VariableRedstoneLamp
[22:24:34] [Client thread/INFO]: Configuring feature Coffee
[22:24:34] [Client thread/INFO]: Configuring feature Decay
[22:24:34] [Client thread/INFO]: Configuring feature EnderSight
[22:24:34] [Client thread/INFO]: Configuring feature FlavoredCake
[22:24:34] [Client thread/INFO]: Configuring feature PoisonousPotatoBrew
[22:24:34] [Client thread/INFO]: Configuring feature Barrel
[22:24:34] [Client thread/INFO]: Configuring feature BookshelfChest
[22:24:34] [Client thread/INFO]: Configuring feature Composter
[22:24:34] [Client thread/INFO]: Configuring feature Crate
[22:24:34] [Client thread/INFO]: Configuring feature EnderPearlBlock
[22:24:34] [Client thread/INFO]: Configuring feature Lantern
[22:24:34] [Client thread/INFO]: Configuring feature RottenFleshBlock
[22:24:34] [Client thread/INFO]: Configuring feature SmoothGlowstone
[22:24:34] [Client thread/INFO]: Configuring feature SuspiciousSoup
[22:24:34] [Client thread/INFO]: Configuring feature CurseBreak
[22:24:34] [Client thread/INFO]: Configuring feature ExtraCurses
[22:24:34] [Client thread/INFO]: Configuring feature Homing
[22:24:34] [Client thread/INFO]: Configuring feature Magnetic
[22:24:34] [Client thread/INFO]: Configuring feature Salvage
[22:24:34] [Client thread/INFO]: Configuring feature DecreaseRepairCost
[22:24:34] [Client thread/INFO]: Configuring feature ExtendTotemOfReturning
[22:24:34] [Client thread/INFO]: Configuring feature ExtractBookXP
[22:24:34] [Client thread/INFO]: Configuring feature ExtractEnchantments
[22:24:34] [Client thread/INFO]: Configuring feature TallowIncreasesDurability
[22:24:34] [Client thread/INFO]: Configuring feature CactusWater
[22:24:34] [Client thread/INFO]: Configuring feature CauldronWaterSource
[22:24:34] [Client thread/INFO]: Configuring feature CompassBinding
[22:24:34] [Client thread/INFO]: Configuring feature DispensersUseAnyBow
[22:24:34] [Client thread/INFO]: Configuring feature ExtraRecords
[22:24:34] [Client thread/INFO]: Configuring feature FurnacesRecycleMore
[22:24:34] [Client thread/INFO]: Configuring feature GoldToolImprovements
[22:24:34] [Client thread/INFO]: Configuring feature LeatherArmorInvisibility
[22:24:34] [Client thread/INFO]: Configuring feature PickaxesBreakPistons
[22:24:34] [Client thread/INFO]: Configuring feature RandomAnimalTextures
[22:24:34] [Client thread/INFO]: Configuring feature RecordsStopBackgroundMusic
[22:24:34] [Client thread/INFO]: Configuring feature RemoveNitwits
[22:24:34] [Client thread/INFO]: Configuring feature RestrictFurnaceInput
[22:24:34] [Client thread/INFO]: Configuring feature ShearedMelons
[22:24:34] [Client thread/INFO]: Configuring feature SpongesReduceFallDamage
[22:24:34] [Client thread/INFO]: Configuring feature StackableEnchantedBooks
[22:24:34] [Client thread/INFO]: Configuring feature StackableMilkBuckets
[22:24:34] [Client thread/INFO]: Configuring feature StackablePotions
[22:24:34] [Client thread/INFO]: Configuring feature TamedAnimalsHealing
[22:24:34] [Client thread/INFO]: Configuring feature TamedAnimalsNoDamage
[22:24:34] [Client thread/INFO]: Configuring feature UseTotemFromInventory
[22:24:34] [Client thread/INFO]: Configuring feature WaterInHotBiomes
[22:24:34] [Client thread/INFO]: Configuring feature WitchesDropDecay
[22:24:34] [Client thread/INFO]: Configuring feature WitchesDropLuck
[22:24:34] [Client thread/INFO]: Configuring feature WitchHatProtection
[22:24:34] [Client thread/INFO]: Configuring feature AbandonedCrates
[22:24:34] [Client thread/INFO]: Configuring feature BatBucket
[22:24:34] [Client thread/INFO]: Configuring feature ChargedEmeralds
[22:24:34] [Client thread/INFO]: Configuring feature EndermitePowder
[22:24:34] [Client thread/INFO]: Configuring feature EndPortalRunes
[22:24:34] [Client thread/INFO]: Configuring feature IllusionersInRoofedForest
[22:24:34] [Client thread/INFO]: Configuring feature Moonstone
[22:24:34] [Client thread/INFO]: Configuring feature MoreVillageBiomes
[22:24:34] [Client thread/INFO]: Configuring feature NetherGoldDeposits
[22:24:34] [Client thread/INFO]: Configuring feature Spectre
[22:24:34] [Client thread/INFO]: Configuring feature SpectreHaunting
[22:24:34] [Client thread/INFO]: Configuring feature StructureMaps
[22:24:34] [Client thread/INFO]: Configuring feature SwampHutDecorations
[22:24:34] [Client thread/INFO]: Configuring feature TotemOfReturning
[22:24:34] [Client thread/INFO]: Configuring feature TotemOfShielding
[22:24:34] [Client thread/INFO]: Configuring feature VillageDecorations
[22:24:34] [Client thread/INFO]: Configuring feature VillagerTrades
[22:24:34] [Client thread/INFO]: Configuring feature VindicatorsInRoofedForest
[22:24:34] [Client thread/INFO]: Starting module CharmAutomation
[22:24:34] [Client thread/INFO]: Starting feature GunpowderBlock
[22:24:34] [Client thread/INFO]: Starting feature RedstoneSand
[22:24:34] [Client thread/INFO]: Starting feature VariableRedstoneLamp
[22:24:34] [Client thread/INFO]: Starting module CharmBrewing
[22:24:34] [Client thread/INFO]: Starting feature Coffee
[22:24:34] [Client thread/INFO]: Starting feature EnderSight
[22:24:34] [Client thread/INFO]: Starting feature FlavoredCake
[22:24:34] [Client thread/INFO]: Starting feature PoisonousPotatoBrew
[22:24:34] [Client thread/INFO]: Starting module CharmCrafting
[22:24:34] [Client thread/INFO]: Starting feature Barrel
[22:24:34] [Client thread/INFO]: Starting feature BookshelfChest
[22:24:34] [Client thread/INFO]: Starting feature Composter
[22:24:34] [Client thread/INFO]: Starting feature Crate
[22:24:34] [Client thread/INFO]: Starting feature EnderPearlBlock
[22:24:34] [Client thread/INFO]: Starting feature Lantern
[22:24:34] [Client thread/INFO]: Starting feature RottenFleshBlock
[22:24:34] [Client thread/INFO]: Starting feature SmoothGlowstone
[22:24:34] [Client thread/INFO]: Starting feature SuspiciousSoup
[22:24:34] [Client thread/INFO]: Starting module CharmEnchanting
[22:24:34] [Client thread/INFO]: Starting feature CurseBreak
[22:24:34] [Client thread/INFO]: Starting feature ExtraCurses
[22:24:34] [Client thread/INFO]: Transforming net.minecraft.enchantment.EnchantmentHelper
[22:24:34] [Client thread/INFO]: Applying Transformation to method (Names [getEnchantments, func_82781_a] Descriptor (Lnet/minecraft/item/ItemStack;)Ljava/util/Map;)
[22:24:34] [Client thread/INFO]: Located Method, patching...
[22:24:34] [Client thread/INFO]: Located patch target node INVOKEVIRTUAL net/minecraft/item/ItemStack.func_77986_q ()Lnet/minecraft/nbt/NBTTagList;
[22:24:34] [Client thread/INFO]: Patch result: true
[22:24:34] [Client thread/INFO]: Patch exists for net.minecraft.enchantment.EnchantmentHelper
[22:24:34] [Client thread/INFO]: Writing class net.minecraft.enchantment.EnchantmentHelper with flags MAXS
[22:24:34] [Client thread/INFO]: [com.Shultrea.Rin.Transformer.SMEASM:transform:48]: Patching EnchantmentHelper
[22:24:34] [Client thread/INFO]: Starting feature Homing
[22:24:34] [Client thread/INFO]: Starting feature Magnetic
[22:24:34] [Client thread/INFO]: Starting module CharmSmithing
[22:24:34] [Client thread/INFO]: Starting module CharmTweaks
[22:24:34] [Client thread/INFO]: Starting feature ExtraRecords
[22:24:34] [Client thread/INFO]: Starting feature RecordsStopBackgroundMusic
[22:24:34] [Client thread/INFO]: Starting feature SpongesReduceFallDamage
[22:24:34] [Client thread/INFO]: Starting feature TamedAnimalsHealing
[22:24:34] [Client thread/INFO]: Starting feature WitchesDropLuck
[22:24:34] [Client thread/INFO]: Starting feature WitchHatProtection
[22:24:34] [Client thread/INFO]: Starting module CharmWorld
[22:24:34] [Client thread/INFO]: Starting feature AbandonedCrates
[22:24:34] [Client thread/INFO]: Starting feature ChargedEmeralds
[22:24:34] [Client thread/INFO]: Starting feature EndermitePowder
[22:24:34] [Client thread/INFO]: Starting feature EndPortalRunes
[22:24:34] [Client thread/INFO]: Starting feature IllusionersInRoofedForest
[22:24:34] [Client thread/INFO]: Starting feature NetherGoldDeposits
[22:24:34] [Client thread/INFO]: Starting feature Spectre
[22:24:34] [Client thread/INFO]: Starting feature StructureMaps
[22:24:34] [Client thread/INFO]: Starting feature SwampHutDecorations
[22:24:34] [Client thread/INFO]: Starting feature VillageDecorations
[22:24:34] [Client thread/INFO]: Starting feature VindicatorsInRoofedForest
[22:24:34] [Client thread/INFO]: OBJLoader: Domain contenttweaker has been added.
[22:24:34] [Client thread/INFO]: Module Vanilla CraftTweaker has successfully loaded
[22:24:34] [Client thread/FATAL]: Module Chickens did not load due to issue: Mod with modid: chickens was not found
[22:24:34] [Client thread/INFO]: Module Materials has successfully loaded
[22:24:34] [Client thread/FATAL]: Module Tinkers did not load due to issue: Mod with modid: tconstruct was not found
[22:24:35] [Client thread/INFO]: [stanhebben.zenscript.parser.expression.ParsedExpressionFunction:compile:34]: Known predicted function type: ZenTypeNative: mods.contenttweaker.DropHandler
[22:24:35] [Client thread/INFO]: Pre-init OK!
[22:24:35] [Client thread/INFO]: Doomlike Dungeons is in preInit, should now load config.
[22:24:35] [Client thread/INFO]: themesdir is C:\Users\clkma\AppData\Roaming\.minecraft\modpacks\97310384-d078-3373-9553-2a4e6fca4cf5\config\DLDungeonsJBG
[22:24:35] [Client thread/INFO]: Frequency Scaling Factor Set To: 8
[22:24:35] [Client thread/INFO]: Minimum X Factor Set To: 16
[22:24:35] [Client thread/INFO]: Difficulty set to: Insane horror!
[22:24:35] [Client thread/INFO]: Will spawn dungeons in with world generation? true
[22:24:35] [Client thread/INFO]: Will spawn dungeons even with structures disabled? false
[22:24:35] [Client thread/INFO]: Will export item, block, and mob lists? false
[22:24:35] [Client thread/INFO]: Will announce use of OP/cheat commands? true
[22:24:35] [Client thread/INFO]: Will dungeons be easy to find? true
[22:24:35] [Client thread/INFO]: Hub room (entrances and boss rooms) will have high ceiling? true
[22:24:35] [Client thread/INFO]: All dungeon will be huge? false
[22:24:35] [Client thread/INFO]: Will dungeon all have single entrances? false
[22:24:35] [Client thread/INFO]: Will themes be automatically install if themes folder is empty? true
[22:24:35] [Client thread/INFO]: Can themes be (re)installed by command? true
[22:24:35] [Client thread/INFO]: adding END to excusion list
[22:24:35] [Client thread/INFO]: Will use API? true
[22:24:35] [Client thread/INFO]: Will allow API base mob change? true
[22:24:35] [Client thread/INFO]: Will self-profile? false
[22:24:35] [Client thread/INFO]: themesdir will be set to C:\Users\clkma\AppData\Roaming\.minecraft\modpacks\97310384-d078-3373-9553-2a4e6fca4cf5\config\DLDungeonsJBG\themes\
[22:24:35] [Client thread/INFO]: themesdir File is be set to C:\Users\clkma\AppData\Roaming\.minecraft\modpacks\97310384-d078-3373-9553-2a4e6fca4cf5\config\DLDungeonsJBG\themes
[22:24:35] [Client thread/INFO]: themesdir is C:\Users\clkma\AppData\Roaming\.minecraft\modpacks\97310384-d078-3373-9553-2a4e6fca4cf5\config\DLDungeonsJBG\themes
[22:24:35] [Client thread/INFO]: [jaredbgreat.dldungeons.setup.Externalizer:makeChestCfg:206]: [DLDUNGEONS] Installing files C:\Users\clkma\AppData\Roaming\.minecraft\modpacks\97310384-d078-3373-9553-2a4e6fca4cf5\config\DLDungeonsJBG\chests.cfg
[22:24:35] [Client thread/INFO]: Config should now be loaded.
[22:24:35] [Client thread/WARN]: Potentially Dangerous alternative prefix `minecraft` for name `season_sensor`, expected `sereneseasons`. This could be a intended override, but in most cases indicates a broken mod.
[22:24:35] [Client thread/INFO]: Loading language resources [orelib:en_us]
[22:24:35] [Client thread/WARN]: Unable to locate field [org.orecruncher.dsurround.ModOptions$profiles::PATH]
[22:24:35] [Client thread/WARN]: Unable to locate field [org.orecruncher.dsurround.ModOptions$commands::PATH]
[22:24:35] [Client thread/WARN]: Unable to locate field [org.orecruncher.dsurround.ModOptions$commands$calc::PATH]
[22:24:35] [Client thread/WARN]: Unable to locate field [org.orecruncher.dsurround.ModOptions$commands$ds::PATH]
[22:24:35] [Client thread/WARN]: Unable to locate field [org.orecruncher.dsurround.ModOptions$speechbubbles::PATH]
[22:24:35] [Client thread/WARN]: Unable to locate field [org.orecruncher.dsurround.ModOptions$player::PATH]
[22:24:35] [Client thread/WARN]: Unable to locate field [org.orecruncher.dsurround.ModOptions$sound::PATH]
[22:24:35] [Client thread/WARN]: Unable to locate field [org.orecruncher.dsurround.ModOptions$effects::PATH]
[22:24:35] [Client thread/WARN]: Unable to locate field [org.orecruncher.dsurround.ModOptions$biomes::PATH]
[22:24:35] [Client thread/WARN]: Unable to locate field [org.orecruncher.dsurround.ModOptions$aurora::PATH]
[22:24:35] [Client thread/WARN]: Unable to locate field [org.orecruncher.dsurround.ModOptions$general::PATH]
[22:24:35] [Client thread/WARN]: Unable to locate field [org.orecruncher.dsurround.ModOptions$fog::PATH]
[22:24:35] [Client thread/WARN]: Unable to locate field [org.orecruncher.dsurround.ModOptions$rain::PATH]
[22:24:35] [Client thread/WARN]: Unable to locate field [org.orecruncher.dsurround.ModOptions$logging::PATH]
[22:24:35] [Client thread/WARN]: Unable to locate field [org.orecruncher.dsurround.ModOptions$asm::PATH]
[22:24:35] [Client thread/INFO]: Loading language resources [dsurround:en_us]
[22:24:35] [Client thread/INFO]: [com.ferreusveritas.dynamictrees.ModConfigs:preInit:112]: DynamicTrees BlackListed DimValue: 7
[22:24:35] [Client thread/WARN]: Potentially Dangerous alternative prefix `minecraft` for name `species_tile_entity`, expected `dynamictrees`. This could be a intended override, but in most cases indicates a broken mod.
[22:24:35] [Client thread/WARN]: Potentially Dangerous alternative prefix `minecraft` for name `bonsai_tile_entity`, expected `dynamictrees`. This could be a intended override, but in most cases indicates a broken mod.
[22:24:36] [Client thread/INFO]: First Aid version 1.6.22 starting
[22:24:36] [Client thread/INFO]: Removing LaunchWrapper package manifest map...
[22:24:36] [Client thread/INFO]: Transforming net.minecraft.client.renderer.BlockModelRenderer
[22:24:36] [Client thread/INFO]: Applying Transformation to method (Names [renderQuadsFlat, func_187496_a] Descriptor (Lnet/minecraft/world/IBlockAccess;Lnet/minecraft/block/state/IBlockState;Lnet/minecraft/util/math/BlockPos;IZLnet/minecraft/client/renderer/BufferBuilder;Ljava/util/List;Ljava/util/BitSet;)V)
[22:24:36] [Client thread/INFO]: Located Method, patching...
[22:24:36] [Client thread/INFO]: Located patch target node INVOKEVIRTUAL net/minecraft/client/renderer/BufferBuilder.func_178987_a (DDD)V
[22:24:36] [Client thread/INFO]: Patch result: true
[22:24:36] [Client thread/INFO]: [pl.asie.foamfix.coremod.FoamFixTransformer:spliceClasses:114]: Spliced in METHOD: net.minecraftforge.client.model.ItemLayerModel.bake
[22:24:36] [Client thread/INFO]: Enabling support for Lost Cities
[22:24:36] [Client thread/INFO]: Enabling support for Serene Seasons
[22:24:36] [Client thread/INFO]: Enabling support for Baubles
[22:24:36] [Client thread/INFO]: Transforming NetHandlerPlayServer
[22:24:36] [Client thread/INFO]: Applying Transformation to method (Names [update, func_73660_a] Descriptor ()V)
[22:24:36] [Client thread/INFO]: Attempting to insert: Update hook
[22:24:36] [Client thread/INFO]: Patch result: Success
[22:24:36] [Client thread/INFO]: Enabling support for Lost Cities
[22:24:36] [Client thread/INFO]: Enabling support for Serene Seasons
[22:24:36] [Client thread/INFO]: Enabling support for Baubles
[22:24:36] [Client thread/INFO]: We are yelling at people
[22:24:36] [Client thread/INFO]: C:\Users\clkma\AppData\Roaming\.minecraft\modpacks\97310384-d078-3373-9553-2a4e6fca4cf5\config\itlt
[22:24:36] [Client thread/INFO]: Custom modpack icon found
[22:24:37] [Client thread/INFO]: Pre loaded registries in 20ms
[22:24:37] [Client thread/INFO]: Loaded registrys for reborncore.common.registration.RegistryConstructionEvent in 21ms
[22:24:37] [Client thread/INFO]: Loaded power manager from: ForgePowerManager
[22:24:37] [Client thread/INFO]: Loaded registrys for net.minecraftforge.fml.common.event.FMLPreInitializationEvent in 2ms
[22:24:37] [Client thread/INFO]: ATTEMPTING TO PATCH  boni.dummy.client.RenderFloatingNumber!
[22:24:37] [Client thread/INFO]: Applying patch [Patch MmmMmm dummy] 
[22:24:37] [Client thread/INFO]: Writing class boni.dummy.client.RenderFloatingNumber with flags None
[22:24:39] [Client thread/WARN]: You are not running an official build. This version will NOT be supported by the author.
[22:24:39] [Client thread/WARN]: defineId called for: class net.minecraft.entity.monster.EntityGiantZombie from class com.lothrazar.playerbosses.EntityPlayerBoss
[22:24:39] [Client thread/INFO]: Torch burnout rate: 576000 ticks (480 minutes)
[22:24:39] [Client thread/INFO]: Handheld light sources are disabled.
[22:24:39] [Client thread/WARN]: Potentially Dangerous alternative prefix `minecraft` for name `te_moving_light_source`, expected `realistictorches`. This could be a intended override, but in most cases indicates a broken mod.
[22:24:39] [Client thread/INFO]: Registered com.charles445.rltweaker.handler.ReskillableHandler$ManualSubscriber onToggleableTraitLockedPost to the event bus
[22:24:39] [Client thread/INFO]: Registered com.charles445.rltweaker.handler.WaystonesHandler onGenerateWaystone to the event bus
[22:24:39] [Client thread/INFO]: Patch exists for rustic.common.blocks.fluids.ModFluids$12
[22:24:39] [Client thread/INFO]: Writing class rustic.common.blocks.fluids.ModFluids$12 with flags MAXS | FRAMES
[22:24:39] [Client thread/INFO]: Patch exists for rustic.common.blocks.fluids.ModFluids$13
[22:24:39] [Client thread/INFO]: Writing class rustic.common.blocks.fluids.ModFluids$13 with flags MAXS | FRAMES
[22:24:39] [Client thread/INFO]: Patch exists for rustic.common.potions.PotionTipsy
[22:24:39] [Client thread/INFO]: Writing class rustic.common.potions.PotionTipsy with flags MAXS | FRAMES
[22:24:39] [Client thread/INFO]: Trying to change max health cap to 69420
[22:24:39] [Client thread/INFO]: Config successfully loaded!
[22:24:40] [Client thread/INFO]: Extra Items Initialization
[22:24:40] [Client thread/INFO]: Trinkets and Baubles: Generating VIP List
[22:24:40] [Client thread/INFO]: Trinkets and Baubles: Finished Gathering VIP List, Took 113ms
[22:24:40] [Client thread/INFO]: Setting Up Races
[22:24:40] [Client thread/INFO]: Setting Up Blocks
[22:24:40] [Client thread/INFO]: Instantiating Flowers
[22:24:40] [Client thread/INFO]: Instantiating Placeables
[22:24:40] [Client thread/INFO]: Setting Up Items
[22:24:40] [Client thread/INFO]: Setting Up Capabilities
[22:24:40] [Client thread/INFO]: Setting Up Networking
[22:24:40] [Client thread/INFO]: Pre-init
[22:24:40] [Client thread/INFO]: OBJLoader: Domain xat has been added.
[22:24:40] [Client thread/INFO]: Starting up Spartan Weaponry!
[22:24:40] [Client thread/INFO]: API: Loaded internal method handler. API functionality should work now!
[22:24:40] [Client thread/INFO]: Defined config version: 2.0 - Loaded config version: 2.0
[22:24:40] [Client thread/INFO]: Finished preInit phase!
[22:24:40] [Client thread/INFO]: Starting up Spartan Shields!
[22:24:41] [Client thread/INFO]: Registered new provider SophisticatedWolvesProvider for mod sophisticatedwolves
[22:24:41] [Client thread/INFO]: Registered new provider LetSleepingDogsLieProvider for mod dogslie
[22:24:41] [Client thread/INFO]: Registered new provider WizardryProvider for mod ebwizardry
[22:24:41] [Client thread/INFO]: Registered new provider MoBendsProvider for mod mobends
[22:24:41] [Client thread/INFO]: Performing server-side compatibility preInit for mobends...
[22:24:41] [Client thread/INFO]: Performing client-side compatibility preInit for mobends...
[22:24:41] [Client thread/INFO]: Loading language resources [dshuds:en_us]
[22:24:41] [Client thread/INFO]: Processing 1 KiwiModule annotations
[22:24:42] [Client thread/WARN]: Potentially Dangerous alternative prefix `classyhats` for name `tile_hat_container`, expected `librarianliblate`. This could be a intended override, but in most cases indicates a broken mod.
[22:24:42] [Client thread/INFO]: Shaded 1 string constants in BreakIterator
[22:24:42] [Client thread/INFO]: Shaded 1 string constants in VersionInfo
[22:24:42] [Client thread/INFO]: Shaded 3 string constants in ULocale
[22:24:42] [Client thread/INFO]: Shaded 1 string constants in BreakIteratorFactory
[22:24:42] [Client thread/INFO]: Shaded 1 string constants in ICULocaleService$ICUResourceBundleFactory
[22:24:42] [Client thread/INFO]: Shaded 6 string constants in UResourceBundle
[22:24:42] [Client thread/INFO]: Shaded 12 string constants in ICUResourceBundle
[22:24:42] [Client thread/INFO]: Shaded 11 string constants in ICUData
[22:24:42] [Client thread/INFO]: Shaded 2 string constants in ICUResourceBundleReader$ReaderCache
[22:24:42] [Client thread/INFO]: Shaded 1 string constants in ICUBinary
[22:24:43] [Client thread/WARN]: Potentially Dangerous alternative prefix `minecraft` for name `anvil`, expected `inspirations`. This could be a intended override, but in most cases indicates a broken mod.
[22:24:43] [Client thread/WARN]: Potentially Dangerous alternative prefix `minecraft` for name `cauldron`, expected `inspirations`. This could be a intended override, but in most cases indicates a broken mod.
[22:24:43] [Client thread/WARN]: Potentially Dangerous alternative prefix `minecraft` for name `carpet`, expected `inspirations`. This could be a intended override, but in most cases indicates a broken mod.
[22:24:43] [Client thread/WARN]: Potentially Dangerous alternative prefix `minecraft` for name `flower_pot`, expected `inspirations`. This could be a intended override, but in most cases indicates a broken mod.
[22:24:43] [Client thread/WARN]: Potentially Dangerous alternative prefix `traverse` for name `fir_log`, expected `dttraverse`. This could be a intended override, but in most cases indicates a broken mod.
[22:24:43] [Client thread/INFO]: FIRLOG:Block{traverse:fir_log} 1xtile.traverse:fir_log@0
[22:24:43] [Client thread/WARN]: Potentially Dangerous alternative prefix `minecraft` for name `snow_layer`, expected `snowrealmagic`. This could be a intended override, but in most cases indicates a broken mod.
[22:24:43] [Client thread/INFO]: Registering Flower Blocks
[22:24:43] [Client thread/INFO]: Registering Placeable Blocks
[22:24:43] [Client thread/INFO]: Applying holder lookups
[22:24:43] [Client thread/WARN]: Potentially Dangerous alternative prefix `minecraft` for name `poison`, expected `firstaid`. This could be a intended override, but in most cases indicates a broken mod.
[22:24:43] [Client thread/INFO]: Don't worry, the minecraft poison override IS intended.
[22:24:43] [Client thread/INFO]: Holder lookups applied
[22:24:43] [Client thread/WARN]: Potentially Dangerous alternative prefix `minecraft` for name `shield`, expected `inspirations`. This could be a intended override, but in most cases indicates a broken mod.
[22:24:43] [Client thread/INFO]: Registering Items
[22:24:43] [Client thread/INFO]: Registering Crafting
[22:24:43] [Client thread/INFO]: Registering Foods
[22:24:43] [Client thread/INFO]: Registering Misc
[22:24:43] [Client thread/INFO]: Registering Baubles
[22:24:43] [Client thread/INFO]: Registering 10 modded material based weapons
[22:24:43] [Client thread/INFO]: Adding weapons for materials: Copper, Tin, Bronze, Steel, Silver, Invar, Platinum, Electrum, Nickel, Lead
[22:24:43] [Client thread/INFO]: Items Registered!
[22:24:43] [Client thread/INFO]: Items Registered!
[22:24:43] [Client thread/INFO]: RLMixins replacing Parasites Living Armor Material
[22:24:43] [Client thread/INFO]: RLMixins replacing Parasites Sentient Armor Material
[22:24:43] [Client thread/INFO]: Patch exists for net.blay09.mods.waystones.item.ItemBoundScroll
[22:24:43] [Client thread/INFO]: Writing class net.blay09.mods.waystones.item.ItemBoundScroll with flags MAXS
[22:24:43] [Client thread/INFO]: Fixing Ice and Fire axes
[22:24:43] [Client thread/INFO]: Fixing broken Ice and Fire OreDictionary entries. (all that ore dictionary spam that you can now ignore!)
[22:24:43] [Client thread/INFO]: Done fixing Ice and Fire ore dictionary
[22:24:43] [Client thread/INFO]: Applying holder lookups
[22:24:43] [Client thread/INFO]: Holder lookups applied
[22:24:43] [Client thread/WARN]: Potentially Dangerous alternative prefix `minecraft` for name `thorns`, expected `inspirations`. This could be a intended override, but in most cases indicates a broken mod.
[22:24:43] [Client thread/WARN]: Potentially Dangerous alternative prefix `minecraft` for name `knockback`, expected `inspirations`. This could be a intended override, but in most cases indicates a broken mod.
[22:24:43] [Client thread/WARN]: Potentially Dangerous alternative prefix `minecraft` for name `fire_aspect`, expected `inspirations`. This could be a intended override, but in most cases indicates a broken mod.
[22:24:43] [Client thread/WARN]: Potentially Dangerous alternative prefix `minecraft` for name `looting`, expected `inspirations`. This could be a intended override, but in most cases indicates a broken mod.
[22:24:43] [Client thread/WARN]: Potentially Dangerous alternative prefix `minecraft` for name `sharpness`, expected `inspirations`. This could be a intended override, but in most cases indicates a broken mod.
[22:24:43] [Client thread/WARN]: Potentially Dangerous alternative prefix `minecraft` for name `smite`, expected `inspirations`. This could be a intended override, but in most cases indicates a broken mod.
[22:24:43] [Client thread/WARN]: Potentially Dangerous alternative prefix `minecraft` for name `bane_of_arthropods`, expected `inspirations`. This could be a intended override, but in most cases indicates a broken mod.
[22:24:43] [Client thread/INFO]: Registering Enchantments!
[22:24:43] [Client thread/INFO]: Patch exists for com.github.alexthe666.iceandfire.entity.EntityGorgon
[22:24:43] [Client thread/INFO]: Writing class com.github.alexthe666.iceandfire.entity.EntityGorgon with flags MAXS
[22:24:43] [Client thread/INFO]: Patch exists for com.github.alexthe666.iceandfire.entity.EntityHippocampus
[22:24:43] [Client thread/INFO]: Writing class com.github.alexthe666.iceandfire.entity.EntityHippocampus with flags MAXS
[22:24:43] [Client thread/INFO]: Patch exists for com.github.alexthe666.iceandfire.entity.EntityMyrmexQueen
[22:24:43] [Client thread/INFO]: Writing class com.github.alexthe666.iceandfire.entity.EntityMyrmexQueen with flags MAXS | FRAMES
[22:24:43] [Client thread/INFO]: ATTEMPTING TO PATCH  com.github.alexthe666.iceandfire.entity.EntitySeaSerpent!
[22:24:43] [Client thread/INFO]: Applying patch [Sea Serpent Spawn Fix] Fix an off-by-one bug that prevents the last sea serpent type from spawning
[22:24:43] [Client thread/INFO]: Writing class com.github.alexthe666.iceandfire.entity.EntitySeaSerpent with flags None
[22:24:43] [Client thread/INFO]: Registering entities!
[22:24:44] [Client thread/INFO]: Patch exists for com.tmtravlr.potioncore.PotionCoreAttributes
[22:24:44] [Client thread/INFO]: Writing class com.tmtravlr.potioncore.PotionCoreAttributes with flags MAXS | FRAMES
[22:24:44] [Client thread/WARN]: Potentially Dangerous alternative prefix `minecraft` for name `saturation`, expected `potioncore`. This could be a intended override, but in most cases indicates a broken mod.
[22:24:44] [Client thread/INFO]: Registering Potions
[22:24:44] [Client thread/INFO]: Generating Potions
[22:24:44] [Client thread/INFO]: Finished Generating Potions
[22:24:44] [Client thread/INFO]: Applying holder lookups
[22:24:44] [Client thread/INFO]: Holder lookups applied
[22:24:44] [Placebo Patreon Loader/INFO]: Loading patreon data...
[22:24:44] [Client thread/INFO]: Registered all item renders!
[22:24:44] [Client thread/INFO]: Registered all block renders!
[22:24:44] [Client thread/INFO]: Registered all item renders!
[22:24:44] [Client thread/INFO]: [com.yyon.grapplinghook.ClientProxyClass:registerAllModels:207]: REGISTERING ALL MODELS!!!!!!!!!!!!!
[22:24:44] [Placebo Patreon Loader/ERROR]: Exception loading patreon data!
[22:24:44] [Placebo Patreon Loader/INFO]: [shadows.placebo.patreon.PatreonManager:lambda$init$0:66]: java.io.FileNotFoundException: https://raw.githubusercontent.com/Shadows-of-Fire/Placebo/master/PatreonInfo.txt
[22:24:44] [Placebo Patreon Loader/INFO]: [shadows.placebo.patreon.PatreonManager:lambda$init$0:66]: 	at sun.net.www.protocol.http.HttpURLConnection.getInputStream0(HttpURLConnection.java:1835)
[22:24:44] [Placebo Patreon Loader/INFO]: [shadows.placebo.patreon.PatreonManager:lambda$init$0:66]: 	at sun.net.www.protocol.http.HttpURLConnection.access$200(HttpURLConnection.java:90)
[22:24:44] [Placebo Patreon Loader/INFO]: [shadows.placebo.patreon.PatreonManager:lambda$init$0:66]: 	at sun.net.www.protocol.http.HttpURLConnection$9.run(HttpURLConnection.java:1432)
[22:24:44] [Placebo Patreon Loader/INFO]: [shadows.placebo.patreon.PatreonManager:lambda$init$0:66]: 	at sun.net.www.protocol.http.HttpURLConnection$9.run(HttpURLConnection.java:1430)
[22:24:44] [Placebo Patreon Loader/INFO]: [shadows.placebo.patreon.PatreonManager:lambda$init$0:66]: 	at java.security.AccessController.doPrivileged(Native Method)
[22:24:44] [Placebo Patreon Loader/INFO]: [shadows.placebo.patreon.PatreonManager:lambda$init$0:66]: 	at java.security.AccessController.doPrivileged(AccessController.java:713)
[22:24:44] [Placebo Patreon Loader/INFO]: [shadows.placebo.patreon.PatreonManager:lambda$init$0:66]: 	at sun.net.www.protocol.http.HttpURLConnection.getInputStream(HttpURLConnection.java:1429)
[22:24:44] [Placebo Patreon Loader/INFO]: [shadows.placebo.patreon.PatreonManager:lambda$init$0:66]: 	at sun.net.www.protocol.https.HttpsURLConnectionImpl.getInputStream(HttpsURLConnectionImpl.java:254)
[22:24:44] [Placebo Patreon Loader/INFO]: [shadows.placebo.patreon.PatreonManager:lambda$init$0:66]: 	at java.net.URL.openStream(URL.java:1038)
[22:24:44] [Placebo Patreon Loader/INFO]: [shadows.placebo.patreon.PatreonManager:lambda$init$0:66]: 	at shadows.placebo.patreon.PatreonManager.lambda$init$0(PatreonManager.java:47)
[22:24:44] [Placebo Patreon Loader/INFO]: [shadows.placebo.patreon.PatreonManager:lambda$init$0:66]: 	at shadows.placebo.patreon.PatreonManager$$Lambda$1287/1400691784.run(Unknown Source)
[22:24:44] [Placebo Patreon Loader/INFO]: [shadows.placebo.patreon.PatreonManager:lambda$init$0:66]: 	at java.lang.Thread.run(Thread.java:745)
[22:24:44] [Client thread/INFO]: Applying holder lookups
[22:24:44] [Client thread/INFO]: Holder lookups applied
[22:24:44] [Client thread/INFO]: Injecting itemstacks
[22:24:44] [Client thread/INFO]: Itemstack injection complete
[22:24:44] [Client thread/INFO]: Sound channels: 207 normal, 16 streaming (total avail: 223)
[22:24:44] [Client thread/INFO]: Stream buffers: 3 x 16384
[22:24:45] [Client thread/WARN]: File lycanitesmobs:sounds/entity/malayang/say.ogg does not exist, cannot add it to event lycanitesmobs:entity.malayang.say
[22:24:45] [Client thread/WARN]: File lycanitesmobs:sounds/entity/malayang/hurt.ogg does not exist, cannot add it to event lycanitesmobs:entity.malayang.hurt
[22:24:45] [Client thread/WARN]: File lycanitesmobs:sounds/entity/malayang/death.ogg does not exist, cannot add it to event lycanitesmobs:entity.malayang.death
[22:24:45] [Client thread/WARN]: File lycanitesmobs:sounds/entity/malayang/fly.ogg does not exist, cannot add it to event lycanitesmobs:entity.malayang.fly
[22:24:45] [Client thread/WARN]: File lycanitesmobs:sounds/entity/malayang/attack.ogg does not exist, cannot add it to event lycanitesmobs:entity.malayang.attack
[22:24:45] [Client thread/WARN]: File lycanitesmobs:sounds/entity/malayang/beg.ogg does not exist, cannot add it to event lycanitesmobs:entity.malayang.beg
[22:24:45] [Client thread/WARN]: File lycanitesmobs:sounds/entity/malayang/tame.ogg does not exist, cannot add it to event lycanitesmobs:entity.malayang.tame
[22:24:46] [Client thread/WARN]: File somanyenchantments:sounds/culling/failed.ogg does not exist, cannot add it to event somanyenchantments:attack_culling_failed
[22:24:46] [Client thread/WARN]: File somanyenchantments:sounds/culling/finished.ogg does not exist, cannot add it to event somanyenchantments:attack_culling_finished
[22:24:46] [Client thread/WARN]: File somanyenchantments:sounds/crit/hit.ogg does not exist, cannot add it to event somanyenchantments:attack_crit_hit
[22:24:46] [Client thread/WARN]: File srparasites:sounds/anged_death.ogg does not exist, cannot add it to event srparasites:anged.death
[22:24:46] [Client thread/WARN]: File srparasites:sounds/anged_growl.ogg does not exist, cannot add it to event srparasites:anged.growl
[22:24:46] [Client thread/WARN]: File srparasites:sounds/anged_hurt.ogg does not exist, cannot add it to event srparasites:anged.hurt
[22:24:46] [Client thread/WARN]: Missing sound for event: lycanitesmobs:block.rabbitooze
[22:24:46] [Client thread/WARN]: Missing sound for event: lycanitesmobs:block.primefire
[22:24:46] [Client thread/WARN]: Missing sound for event: lycanitesmobs:entity.spriggan.step
[22:24:46] [Client thread/WARN]: Missing sound for event: lycanitesmobs:entity.spriggan.attack
[22:24:46] [Client thread/WARN]: Missing sound for event: lycanitesmobs:entity.spriggan.jump
[22:24:46] [Client thread/WARN]: Missing sound for event: lycanitesmobs:entity.spriggan.fly
[22:24:46] [Client thread/WARN]: Missing sound for event: lycanitesmobs:entity.arisaur.attack
[22:24:46] [Client thread/WARN]: Missing sound for event: lycanitesmobs:entity.arisaur.jump
[22:24:46] [Client thread/WARN]: Missing sound for event: lycanitesmobs:entity.arisaur.fly
[22:24:46] [Client thread/WARN]: Missing sound for event: lycanitesmobs:entity.vespidqueen.step
[22:24:46] [Client thread/WARN]: Missing sound for event: lycanitesmobs:entity.vespidqueen.jump
[22:24:46] [Client thread/WARN]: Missing sound for event: lycanitesmobs:entity.vespidqueen.fly
[22:24:46] [Client thread/WARN]: Missing sound for event: lycanitesmobs:entity.vespidqueen.tame
[22:24:46] [Client thread/WARN]: Missing sound for event: lycanitesmobs:entity.vespidqueen.beg
[22:24:46] [Client thread/WARN]: Missing sound for event: lycanitesmobs:entity.reiver.step
[22:24:46] [Client thread/WARN]: Missing sound for event: lycanitesmobs:entity.reiver.attack
[22:24:46] [Client thread/WARN]: Missing sound for event: lycanitesmobs:entity.reiver.jump
[22:24:46] [Client thread/WARN]: Missing sound for event: lycanitesmobs:entity.reiver.fly
[22:24:46] [Client thread/WARN]: Missing sound for event: lycanitesmobs:entity.lacedon.jump
[22:24:46] [Client thread/WARN]: Missing sound for event: lycanitesmobs:entity.lacedon.fly
[22:24:46] [Client thread/WARN]: Missing sound for event: lycanitesmobs:entity.barghest.fly
[22:24:46] [Client thread/WARN]: Missing sound for event: lycanitesmobs:entity.kobold.jump
[22:24:46] [Client thread/WARN]: Missing sound for event: lycanitesmobs:entity.kobold.fly
[22:24:46] [Client thread/WARN]: Missing sound for event: lycanitesmobs:entity.makaalpha.jump
[22:24:46] [Client thread/WARN]: Missing sound for event: lycanitesmobs:entity.makaalpha.fly
[22:24:46] [Client thread/WARN]: Missing sound for event: lycanitesmobs:entity.chupacabra.jump
[22:24:46] [Client thread/WARN]: Missing sound for event: lycanitesmobs:entity.chupacabra.fly
[22:24:46] [Client thread/WARN]: Missing sound for event: lycanitesmobs:entity.cacodemon.step
[22:24:46] [Client thread/WARN]: Missing sound for event: lycanitesmobs:entity.cacodemon.attack
[22:24:46] [Client thread/WARN]: Missing sound for event: lycanitesmobs:entity.cacodemon.jump
[22:24:46] [Client thread/WARN]: Missing sound for event: lycanitesmobs:entity.cacodemon.fly
[22:24:46] [Client thread/WARN]: Missing sound for event: lycanitesmobs:entity.arix.attack
[22:24:46] [Client thread/WARN]: Missing sound for event: lycanitesmobs:entity.arix.jump
[22:24:46] [Client thread/WARN]: Missing sound for event: lycanitesmobs:entity.skylus.step
[22:24:46] [Client thread/WARN]: Missing sound for event: lycanitesmobs:entity.skylus.jump
[22:24:46] [Client thread/WARN]: Missing sound for event: lycanitesmobs:entity.skylus.fly
[22:24:46] [Client thread/WARN]: Missing sound for event: lycanitesmobs:entity.wendigo.attack
[22:24:46] [Client thread/WARN]: Missing sound for event: lycanitesmobs:entity.wendigo.jump
[22:24:46] [Client thread/WARN]: Missing sound for event: lycanitesmobs:entity.wendigo.fly
[22:24:46] [Client thread/WARN]: Missing sound for event: lycanitesmobs:entity.djinn.step
[22:24:46] [Client thread/WARN]: Missing sound for event: lycanitesmobs:entity.djinn.attack
[22:24:46] [Client thread/WARN]: Missing sound for event: lycanitesmobs:entity.djinn.jump
[22:24:46] [Client thread/WARN]: Missing sound for event: lycanitesmobs:entity.djinn.fly
[22:24:46] [Client thread/WARN]: Missing sound for event: lycanitesmobs:entity.eechetik.step
[22:24:46] [Client thread/WARN]: Missing sound for event: lycanitesmobs:entity.eechetik.jump
[22:24:46] [Client thread/WARN]: Missing sound for event: lycanitesmobs:entity.eechetik.fly
[22:24:46] [Client thread/WARN]: Missing sound for event: lycanitesmobs:entity.maug.fly
[22:24:46] [Client thread/WARN]: Missing sound for event: lycanitesmobs:entity.crusk.jump
[22:24:46] [Client thread/WARN]: Missing sound for event: lycanitesmobs:entity.crusk.fly
[22:24:46] [Client thread/WARN]: Missing sound for event: lycanitesmobs:entity.uvaraptor.fly
[22:24:46] [Client thread/WARN]: Missing sound for event: lycanitesmobs:entity.concapede.jump
[22:24:46] [Client thread/WARN]: Missing sound for event: lycanitesmobs:entity.concapede.fly
[22:24:46] [Client thread/WARN]: Missing sound for event: lycanitesmobs:entity.ghoul.attack
[22:24:46] [Client thread/WARN]: Missing sound for event: lycanitesmobs:entity.ghoul.jump
[22:24:46] [Client thread/WARN]: Missing sound for event: lycanitesmobs:entity.ghoul.fly
[22:24:46] [Client thread/WARN]: Missing sound for event: lycanitesmobs:entity.amalgalich.jump
[22:24:46] [Client thread/WARN]: Missing sound for event: lycanitesmobs:entity.amalgalich.fly
[22:24:46] [Client thread/WARN]: Missing sound for event: lycanitesmobs:entity.joustalpha.jump
[22:24:46] [Client thread/WARN]: Missing sound for event: lycanitesmobs:entity.joustalpha.fly
[22:24:46] [Client thread/WARN]: Missing sound for event: lycanitesmobs:entity.astaroth.attack
[22:24:46] [Client thread/WARN]: Missing sound for event: lycanitesmobs:entity.astaroth.jump
[22:24:46] [Client thread/WARN]: Missing sound for event: lycanitesmobs:entity.astaroth.fly
[22:24:46] [Client thread/WARN]: Missing sound for event: lycanitesmobs:entity.astaroth.beg
[22:24:46] [Client thread/WARN]: Missing sound for event: lycanitesmobs:entity.astaroth.void.attack
[22:24:46] [Client thread/WARN]: Missing sound for event: lycanitesmobs:entity.astaroth.void.jump
[22:24:46] [Client thread/WARN]: Missing sound for event: lycanitesmobs:entity.astaroth.void.fly
[22:24:46] [Client thread/WARN]: Missing sound for event: lycanitesmobs:entity.astaroth.void.beg
[22:24:46] [Client thread/WARN]: Missing sound for event: lycanitesmobs:entity.bobeko.attack
[22:24:46] [Client thread/WARN]: Missing sound for event: lycanitesmobs:entity.bobeko.jump
[22:24:46] [Client thread/WARN]: Missing sound for event: lycanitesmobs:entity.bobeko.fly
[22:24:46] [Client thread/WARN]: Missing sound for event: lycanitesmobs:entity.thresher.step
[22:24:46] [Client thread/WARN]: Missing sound for event: lycanitesmobs:entity.thresher.jump
[22:24:46] [Client thread/WARN]: Missing sound for event: lycanitesmobs:entity.thresher.fly
[22:24:46] [Client thread/WARN]: Missing sound for event: lycanitesmobs:entity.geist.jump
[22:24:46] [Client thread/WARN]: Missing sound for event: lycanitesmobs:entity.geist.fly
[22:24:46] [Client thread/WARN]: Missing sound for event: lycanitesmobs:entity.eyewig.fly
[22:24:46] [Client thread/WARN]: Missing sound for event: lycanitesmobs:entity.aglebemu.jump
[22:24:46] [Client thread/WARN]: Missing sound for event: lycanitesmobs:entity.aglebemu.fly
[22:24:46] [Client thread/WARN]: Missing sound for event: lycanitesmobs:entity.khalk.jump
[22:24:46] [Client thread/WARN]: Missing sound for event: lycanitesmobs:entity.khalk.fly
[22:24:46] [Client thread/WARN]: Missing sound for event: lycanitesmobs:entity.joust.jump
[22:24:46] [Client thread/WARN]: Missing sound for event: lycanitesmobs:entity.joust.fly
[22:24:46] [Client thread/WARN]: Missing sound for event: lycanitesmobs:entity.zoataur.jump
[22:24:46] [Client thread/WARN]: Missing sound for event: lycanitesmobs:entity.zoataur.fly
[22:24:46] [Client thread/WARN]: Missing sound for event: lycanitesmobs:entity.zoataur.eat
[22:24:46] [Client thread/WARN]: Missing sound for event: lycanitesmobs:entity.zoataur.mount
[22:24:46] [Client thread/WARN]: Missing sound for event: lycanitesmobs:entity.asmodeus.fly
[22:24:46] [Client thread/WARN]: Missing sound for event: lycanitesmobs:entity.grell.step
[22:24:46] [Client thread/WARN]: Missing sound for event: lycanitesmobs:entity.grell.jump
[22:24:46] [Client thread/WARN]: Missing sound for event: lycanitesmobs:entity.grell.fly
[22:24:46] [Client thread/WARN]: Missing sound for event: lycanitesmobs:entity.grell.mount
[22:24:46] [Client thread/WARN]: Missing sound for event: lycanitesmobs:entity.nymph.step
[22:24:46] [Client thread/WARN]: Missing sound for event: lycanitesmobs:entity.nymph.attack
[22:24:46] [Client thread/WARN]: Missing sound for event: lycanitesmobs:entity.nymph.jump
[22:24:46] [Client thread/WARN]: Missing sound for event: lycanitesmobs:entity.nymph.fly
[22:24:46] [Client thread/WARN]: Missing sound for event: lycanitesmobs:entity.gorgomite.jump
[22:24:46] [Client thread/WARN]: Missing sound for event: lycanitesmobs:entity.gorgomite.fly
[22:24:46] [Client thread/WARN]: Missing sound for event: lycanitesmobs:entity.serpix.step
[22:24:46] [Client thread/WARN]: Missing sound for event: lycanitesmobs:entity.serpix.attack
[22:24:46] [Client thread/WARN]: Missing sound for event: lycanitesmobs:entity.serpix.jump
[22:24:46] [Client thread/WARN]: Missing sound for event: lycanitesmobs:entity.serpix.fly
[22:24:46] [Client thread/WARN]: Missing sound for event: lycanitesmobs:entity.spectre.step
[22:24:46] [Client thread/WARN]: Missing sound for event: lycanitesmobs:entity.spectre.jump
[22:24:46] [Client thread/WARN]: Missing sound for event: lycanitesmobs:entity.spectre.fly
[22:24:46] [Client thread/WARN]: Missing sound for event: lycanitesmobs:entity.vespid.step
[22:24:46] [Client thread/WARN]: Missing sound for event: lycanitesmobs:entity.vespid.jump
[22:24:46] [Client thread/WARN]: Missing sound for event: lycanitesmobs:entity.vespid.fly
[22:24:46] [Client thread/WARN]: Missing sound for event: lycanitesmobs:entity.warg.fly
[22:24:46] [Client thread/WARN]: Missing sound for event: lycanitesmobs:entity.cryptkeeper.attack
[22:24:46] [Client thread/WARN]: Missing sound for event: lycanitesmobs:entity.cryptkeeper.jump
[22:24:46] [Client thread/WARN]: Missing sound for event: lycanitesmobs:entity.cryptkeeper.fly
[22:24:46] [Client thread/WARN]: Missing sound for event: lycanitesmobs:entity.zephyr.step
[22:24:46] [Client thread/WARN]: Missing sound for event: lycanitesmobs:entity.zephyr.jump
[22:24:46] [Client thread/WARN]: Missing sound for event: lycanitesmobs:entity.zephyr.fly
[22:24:46] [Client thread/WARN]: Missing sound for event: lycanitesmobs:entity.ettin.jump
[22:24:46] [Client thread/WARN]: Missing sound for event: lycanitesmobs:entity.ettin.fly
[22:24:46] [Client thread/WARN]: Missing sound for event: lycanitesmobs:entity.abtu.step
[22:24:46] [Client thread/WARN]: Missing sound for event: lycanitesmobs:entity.abtu.jump
[22:24:46] [Client thread/WARN]: Missing sound for event: lycanitesmobs:entity.abtu.fly
[22:24:46] [Client thread/WARN]: Missing sound for event: lycanitesmobs:entity.abtu.tame
[22:24:46] [Client thread/WARN]: Missing sound for event: lycanitesmobs:entity.abtu.beg
[22:24:46] [Client thread/WARN]: Missing sound for event: lycanitesmobs:entity.behemoth.attack
[22:24:46] [Client thread/WARN]: Missing sound for event: lycanitesmobs:entity.behemoth.jump
[22:24:46] [Client thread/WARN]: Missing sound for event: lycanitesmobs:entity.behemoth.fly
[22:24:46] [Client thread/WARN]: Missing sound for event: lycanitesmobs:entity.morock.jump
[22:24:46] [Client thread/WARN]: Missing sound for event: lycanitesmobs:entity.dawon.jump
[22:24:46] [Client thread/WARN]: Missing sound for event: lycanitesmobs:entity.dawon.fly
[22:24:46] [Client thread/WARN]: Missing sound for event: lycanitesmobs:entity.shambler.jump
[22:24:46] [Client thread/WARN]: Missing sound for event: lycanitesmobs:entity.shambler.fly
[22:24:46] [Client thread/WARN]: Missing sound for event: lycanitesmobs:entity.lurker.jump
[22:24:46] [Client thread/WARN]: Missing sound for event: lycanitesmobs:entity.lurker.fly
[22:24:46] [Client thread/WARN]: Missing sound for event: lycanitesmobs:entity.afrit.attack
[22:24:46] [Client thread/WARN]: Missing sound for event: lycanitesmobs:entity.afrit.jump
[22:24:46] [Client thread/WARN]: Missing sound for event: lycanitesmobs:entity.jabberwock.jump
[22:24:46] [Client thread/WARN]: Missing sound for event: lycanitesmobs:entity.jabberwock.fly
[22:24:46] [Client thread/WARN]: Missing sound for event: lycanitesmobs:entity.beholder.step
[22:24:46] [Client thread/WARN]: Missing sound for event: lycanitesmobs:entity.beholder.attack
[22:24:46] [Client thread/WARN]: Missing sound for event: lycanitesmobs:entity.beholder.jump
[22:24:46] [Client thread/WARN]: Missing sound for event: lycanitesmobs:entity.beholder.fly
[22:24:46] [Client thread/WARN]: Missing sound for event: lycanitesmobs:entity.tremor.step
[22:24:46] [Client thread/WARN]: Missing sound for event: lycanitesmobs:entity.tremor.jump
[22:24:46] [Client thread/WARN]: Missing sound for event: lycanitesmobs:entity.tremor.fly
[22:24:46] [Client thread/WARN]: Missing sound for event: lycanitesmobs:entity.geonach.step
[22:24:46] [Client thread/WARN]: Missing sound for event: lycanitesmobs:entity.geonach.jump
[22:24:46] [Client thread/WARN]: Missing sound for event: lycanitesmobs:entity.geonach.fly
[22:24:46] [Client thread/WARN]: Missing sound for event: lycanitesmobs:entity.lobber.attack
[22:24:46] [Client thread/WARN]: Missing sound for event: lycanitesmobs:entity.lobber.jump
[22:24:46] [Client thread/WARN]: Missing sound for event: lycanitesmobs:entity.lobber.fly
[22:24:46] [Client thread/WARN]: Missing sound for event: lycanitesmobs:entity.troll.attack
[22:24:46] [Client thread/WARN]: Missing sound for event: lycanitesmobs:entity.troll.jump
[22:24:46] [Client thread/WARN]: Missing sound for event: lycanitesmobs:entity.troll.fly
[22:24:46] [Client thread/WARN]: Missing sound for event: lycanitesmobs:entity.geken.jump
[22:24:46] [Client thread/WARN]: Missing sound for event: lycanitesmobs:entity.geken.fly
[22:24:46] [Client thread/WARN]: Missing sound for event: lycanitesmobs:entity.strider.fly
[22:24:46] [Client thread/WARN]: Missing sound for event: lycanitesmobs:entity.strider.mount
[22:24:46] [Client thread/WARN]: Missing sound for event: lycanitesmobs:entity.wraith.step
[22:24:46] [Client thread/WARN]: Missing sound for event: lycanitesmobs:entity.wraith.jump
[22:24:46] [Client thread/WARN]: Missing sound for event: lycanitesmobs:entity.wraith.fly
[22:24:46] [Client thread/WARN]: Missing sound for event: lycanitesmobs:entity.quillbeast.attack
[22:24:46] [Client thread/WARN]: Missing sound for event: lycanitesmobs:entity.quillbeast.jump
[22:24:46] [Client thread/WARN]: Missing sound for event: lycanitesmobs:entity.quillbeast.fly
[22:24:46] [Client thread/WARN]: Missing sound for event: lycanitesmobs:entity.clink.attack
[22:24:46] [Client thread/WARN]: Missing sound for event: lycanitesmobs:entity.clink.jump
[22:24:46] [Client thread/WARN]: Missing sound for event: lycanitesmobs:entity.clink.fly
[22:24:46] [Client thread/WARN]: Missing sound for event: lycanitesmobs:entity.archvile.jump
[22:24:46] [Client thread/WARN]: Missing sound for event: lycanitesmobs:entity.archvile.fly
[22:24:46] [Client thread/WARN]: Missing sound for event: lycanitesmobs:entity.ika.attack
[22:24:46] [Client thread/WARN]: Missing sound for event: lycanitesmobs:entity.ika.jump
[22:24:46] [Client thread/WARN]: Missing sound for event: lycanitesmobs:entity.ika.fly
[22:24:46] [Client thread/WARN]: Missing sound for event: lycanitesmobs:entity.herma.jump
[22:24:46] [Client thread/WARN]: Missing sound for event: lycanitesmobs:entity.herma.fly
[22:24:46] [Client thread/WARN]: Missing sound for event: lycanitesmobs:entity.vapula.step
[22:24:46] [Client thread/WARN]: Missing sound for event: lycanitesmobs:entity.vapula.jump
[22:24:46] [Client thread/WARN]: Missing sound for event: lycanitesmobs:entity.vapula.fly
[22:24:46] [Client thread/WARN]: Missing sound for event: lycanitesmobs:entity.treant.jump
[22:24:46] [Client thread/WARN]: Missing sound for event: lycanitesmobs:entity.treant.fly
[22:24:46] [Client thread/WARN]: Missing sound for event: lycanitesmobs:entity.reaper.step
[22:24:46] [Client thread/WARN]: Missing sound for event: lycanitesmobs:entity.reaper.attack
[22:24:46] [Client thread/WARN]: Missing sound for event: lycanitesmobs:entity.reaper.jump
[22:24:46] [Client thread/WARN]: Missing sound for event: lycanitesmobs:entity.reaper.fly
[22:24:46] [Client thread/WARN]: Missing sound for event: lycanitesmobs:entity.raiko.step
[22:24:46] [Client thread/WARN]: Missing sound for event: lycanitesmobs:entity.raiko.jump
[22:24:46] [Client thread/WARN]: Missing sound for event: lycanitesmobs:entity.grue.step
[22:24:46] [Client thread/WARN]: Missing sound for event: lycanitesmobs:entity.grue.fly
[22:24:46] [Client thread/WARN]: Missing sound for event: lycanitesmobs:entity.silex.step
[22:24:46] [Client thread/WARN]: Missing sound for event: lycanitesmobs:entity.silex.attack
[22:24:46] [Client thread/WARN]: Missing sound for event: lycanitesmobs:entity.silex.jump
[22:24:46] [Client thread/WARN]: Missing sound for event: lycanitesmobs:entity.silex.fly
[22:24:46] [Client thread/WARN]: Missing sound for event: lycanitesmobs:entity.quetzodracl.step
[22:24:46] [Client thread/WARN]: Missing sound for event: lycanitesmobs:entity.quetzodracl.jump
[22:24:46] [Client thread/WARN]: Missing sound for event: lycanitesmobs:entity.wildkin.jump
[22:24:46] [Client thread/WARN]: Missing sound for event: lycanitesmobs:entity.wildkin.fly
[22:24:46] [Client thread/WARN]: Missing sound for event: lycanitesmobs:entity.aspid.jump
[22:24:46] [Client thread/WARN]: Missing sound for event: lycanitesmobs:entity.aspid.fly
[22:24:46] [Client thread/WARN]: Missing sound for event: lycanitesmobs:entity.wisp.step
[22:24:46] [Client thread/WARN]: Missing sound for event: lycanitesmobs:entity.wisp.attack
[22:24:46] [Client thread/WARN]: Missing sound for event: lycanitesmobs:entity.wisp.jump
[22:24:46] [Client thread/WARN]: Missing sound for event: lycanitesmobs:entity.wisp.fly
[22:24:46] [Client thread/WARN]: Missing sound for event: lycanitesmobs:entity.pinky.fly
[22:24:46] [Client thread/WARN]: Missing sound for event: lycanitesmobs:entity.pinky.moloch.fly
[22:24:46] [Client thread/WARN]: Missing sound for event: lycanitesmobs:entity.gorger.step
[22:24:46] [Client thread/WARN]: Missing sound for event: lycanitesmobs:entity.gorger.attack
[22:24:46] [Client thread/WARN]: Missing sound for event: lycanitesmobs:entity.gorger.jump
[22:24:46] [Client thread/WARN]: Missing sound for event: lycanitesmobs:entity.gorger.fly
[22:24:46] [Client thread/WARN]: Missing sound for event: lycanitesmobs:entity.dweller.jump
[22:24:46] [Client thread/WARN]: Missing sound for event: lycanitesmobs:entity.dweller.fly
[22:24:46] [Client thread/WARN]: Missing sound for event: lycanitesmobs:entity.vorach.jump
[22:24:46] [Client thread/WARN]: Missing sound for event: lycanitesmobs:entity.vorach.fly
[22:24:46] [Client thread/WARN]: Missing sound for event: lycanitesmobs:entity.sutiramu.jump
[22:24:46] [Client thread/WARN]: Missing sound for event: lycanitesmobs:entity.sutiramu.fly
[22:24:46] [Client thread/WARN]: Missing sound for event: lycanitesmobs:entity.cinder.step
[22:24:46] [Client thread/WARN]: Missing sound for event: lycanitesmobs:entity.cinder.attack
[22:24:46] [Client thread/WARN]: Missing sound for event: lycanitesmobs:entity.cinder.jump
[22:24:46] [Client thread/WARN]: Missing sound for event: lycanitesmobs:entity.cinder.fly
[22:24:46] [Client thread/WARN]: Missing sound for event: lycanitesmobs:entity.shade.fly
[22:24:46] [Client thread/WARN]: Missing sound for event: lycanitesmobs:entity.shade.mount
[22:24:46] [Client thread/WARN]: Missing sound for event: lycanitesmobs:entity.banshee.step
[22:24:46] [Client thread/WARN]: Missing sound for event: lycanitesmobs:entity.banshee.jump
[22:24:46] [Client thread/WARN]: Missing sound for event: lycanitesmobs:entity.banshee.fly
[22:24:46] [Client thread/WARN]: Missing sound for event: lycanitesmobs:entity.aegis.step
[22:24:46] [Client thread/WARN]: Missing sound for event: lycanitesmobs:entity.aegis.jump
[22:24:46] [Client thread/WARN]: Missing sound for event: lycanitesmobs:entity.aegis.fly
[22:24:46] [Client thread/WARN]: Missing sound for event: lycanitesmobs:entity.krake.jump
[22:24:46] [Client thread/WARN]: Missing sound for event: lycanitesmobs:entity.krake.fly
[22:24:46] [Client thread/WARN]: Missing sound for event: lycanitesmobs:entity.erepede.attack
[22:24:46] [Client thread/WARN]: Missing sound for event: lycanitesmobs:entity.erepede.fly
[22:24:46] [Client thread/WARN]: Missing sound for event: lycanitesmobs:entity.sylph.step
[22:24:46] [Client thread/WARN]: Missing sound for event: lycanitesmobs:entity.sylph.attack
[22:24:46] [Client thread/WARN]: Missing sound for event: lycanitesmobs:entity.sylph.jump
[22:24:46] [Client thread/WARN]: Missing sound for event: lycanitesmobs:entity.sylph.fly
[22:24:46] [Client thread/WARN]: Missing sound for event: lycanitesmobs:entity.volcan.step
[22:24:46] [Client thread/WARN]: Missing sound for event: lycanitesmobs:entity.volcan.jump
[22:24:46] [Client thread/WARN]: Missing sound for event: lycanitesmobs:entity.volcan.fly
[22:24:46] [Client thread/WARN]: Missing sound for event: lycanitesmobs:entity.yale.attack
[22:24:46] [Client thread/WARN]: Missing sound for event: lycanitesmobs:entity.yale.jump
[22:24:46] [Client thread/WARN]: Missing sound for event: lycanitesmobs:entity.yale.fly
[22:24:46] [Client thread/WARN]: Missing sound for event: lycanitesmobs:entity.darkling.jump
[22:24:46] [Client thread/WARN]: Missing sound for event: lycanitesmobs:entity.darkling.fly
[22:24:46] [Client thread/WARN]: Missing sound for event: lycanitesmobs:entity.epion.step
[22:24:46] [Client thread/WARN]: Missing sound for event: lycanitesmobs:entity.epion.attack
[22:24:46] [Client thread/WARN]: Missing sound for event: lycanitesmobs:entity.epion.jump
[22:24:46] [Client thread/WARN]: Missing sound for event: lycanitesmobs:entity.epion.tame
[22:24:46] [Client thread/WARN]: Missing sound for event: lycanitesmobs:entity.epion.beg
[22:24:46] [Client thread/WARN]: Missing sound for event: lycanitesmobs:entity.epion.eat
[22:24:46] [Client thread/WARN]: Missing sound for event: lycanitesmobs:entity.epion.mount
[22:24:46] [Client thread/WARN]: Missing sound for event: lycanitesmobs:entity.ioray.step
[22:24:46] [Client thread/WARN]: Missing sound for event: lycanitesmobs:entity.ioray.attack
[22:24:46] [Client thread/WARN]: Missing sound for event: lycanitesmobs:entity.ioray.jump
[22:24:46] [Client thread/WARN]: Missing sound for event: lycanitesmobs:entity.ioray.fly
[22:24:46] [Client thread/WARN]: Missing sound for event: lycanitesmobs:entity.trite.jump
[22:24:46] [Client thread/WARN]: Missing sound for event: lycanitesmobs:entity.trite.fly
[22:24:46] [Client thread/WARN]: Missing sound for event: lycanitesmobs:entity.trite.tame
[22:24:46] [Client thread/WARN]: Missing sound for event: lycanitesmobs:entity.trite.beg
[22:24:46] [Client thread/WARN]: Missing sound for event: lycanitesmobs:entity.trite.void.jump
[22:24:46] [Client thread/WARN]: Missing sound for event: lycanitesmobs:entity.trite.void.fly
[22:24:46] [Client thread/WARN]: Missing sound for event: lycanitesmobs:entity.trite.void.tame
[22:24:46] [Client thread/WARN]: Missing sound for event: lycanitesmobs:entity.trite.void.beg
[22:24:46] [Client thread/WARN]: Missing sound for event: lycanitesmobs:entity.jengu.step
[22:24:46] [Client thread/WARN]: Missing sound for event: lycanitesmobs:entity.jengu.attack
[22:24:46] [Client thread/WARN]: Missing sound for event: lycanitesmobs:entity.jengu.jump
[22:24:46] [Client thread/WARN]: Missing sound for event: lycanitesmobs:entity.jengu.fly
[22:24:46] [Client thread/WARN]: Missing sound for event: lycanitesmobs:entity.roa.step
[22:24:46] [Client thread/WARN]: Missing sound for event: lycanitesmobs:entity.roa.jump
[22:24:46] [Client thread/WARN]: Missing sound for event: lycanitesmobs:entity.roa.fly
[22:24:46] [Client thread/WARN]: Missing sound for event: lycanitesmobs:entity.roc.step
[22:24:46] [Client thread/WARN]: Missing sound for event: lycanitesmobs:entity.roc.jump
[22:24:46] [Client thread/WARN]: Missing sound for event: lycanitesmobs:entity.ventoraptor.fly
[22:24:46] [Client thread/WARN]: Missing sound for event: lycanitesmobs:entity.salamander.fly
[22:24:46] [Client thread/WARN]: Missing sound for event: lycanitesmobs:entity.calpod.jump
[22:24:46] [Client thread/WARN]: Missing sound for event: lycanitesmobs:entity.calpod.fly
[22:24:46] [Client thread/WARN]: Missing sound for event: lycanitesmobs:entity.remobra.step
[22:24:46] [Client thread/WARN]: Missing sound for event: lycanitesmobs:entity.remobra.attack
[22:24:46] [Client thread/WARN]: Missing sound for event: lycanitesmobs:entity.remobra.jump
[22:24:46] [Client thread/WARN]: Missing sound for event: lycanitesmobs:entity.concapedesegment.jump
[22:24:46] [Client thread/WARN]: Missing sound for event: lycanitesmobs:entity.concapedesegment.fly
[22:24:46] [Client thread/WARN]: Missing sound for event: lycanitesmobs:entity.pixen.attack
[22:24:46] [Client thread/WARN]: Missing sound for event: lycanitesmobs:entity.pixen.jump
[22:24:46] [Client thread/WARN]: Missing sound for event: lycanitesmobs:entity.triffid.jump
[22:24:46] [Client thread/WARN]: Missing sound for event: lycanitesmobs:entity.triffid.fly
[22:24:46] [Client thread/WARN]: Missing sound for event: lycanitesmobs:entity.belph.attack
[22:24:46] [Client thread/WARN]: Missing sound for event: lycanitesmobs:entity.belph.jump
[22:24:46] [Client thread/WARN]: Missing sound for event: lycanitesmobs:entity.belph.fly
[22:24:46] [Client thread/WARN]: Missing sound for event: lycanitesmobs:entity.necrovore.step
[22:24:46] [Client thread/WARN]: Missing sound for event: lycanitesmobs:entity.necrovore.attack
[22:24:46] [Client thread/WARN]: Missing sound for event: lycanitesmobs:entity.necrovore.jump
[22:24:46] [Client thread/WARN]: Missing sound for event: lycanitesmobs:entity.necrovore.fly
[22:24:46] [Client thread/WARN]: Missing sound for event: lycanitesmobs:entity.cephignis.step
[22:24:46] [Client thread/WARN]: Missing sound for event: lycanitesmobs:entity.cephignis.attack
[22:24:46] [Client thread/WARN]: Missing sound for event: lycanitesmobs:entity.cephignis.jump
[22:24:46] [Client thread/WARN]: Missing sound for event: lycanitesmobs:entity.cephignis.fly
[22:24:46] [Client thread/WARN]: Missing sound for event: lycanitesmobs:entity.maka.jump
[22:24:46] [Client thread/WARN]: Missing sound for event: lycanitesmobs:entity.maka.fly
[22:24:46] [Client thread/WARN]: Missing sound for event: lycanitesmobs:entity.feradon.fly
[22:24:46] [Client thread/WARN]: Missing sound for event: lycanitesmobs:entity.xaphan.step
[22:24:46] [Client thread/WARN]: Missing sound for event: lycanitesmobs:entity.xaphan.attack
[22:24:46] [Client thread/WARN]: Missing sound for event: lycanitesmobs:entity.xaphan.jump
[22:24:46] [Client thread/WARN]: Missing sound for event: lycanitesmobs:entity.xaphan.fly
[22:24:46] [Client thread/WARN]: Missing sound for event: lycanitesmobs:entity.grigori.step
[22:24:46] [Client thread/WARN]: Missing sound for event: lycanitesmobs:entity.grigori.jump
[22:24:46] [Client thread/WARN]: Missing sound for event: lycanitesmobs:entity.grigori.fly
[22:24:46] [Client thread/WARN]: Missing sound for event: lycanitesmobs:entity.gnekk.fly
[22:24:46] [Client thread/WARN]: Missing sound for event: lycanitesmobs:entity.cockatrice.jump
[22:24:46] [Client thread/WARN]: Missing sound for event: lycanitesmobs:entity.wraamon.jump
[22:24:46] [Client thread/WARN]: Missing sound for event: lycanitesmobs:entity.wraamon.fly
[22:24:46] [Client thread/WARN]: Missing sound for event: lycanitesmobs:entity.conba.jump
[22:24:46] [Client thread/WARN]: Missing sound for event: lycanitesmobs:entity.conba.fly
[22:24:46] [Client thread/WARN]: Missing sound for event: lycanitesmobs:entity.conba.tame
[22:24:46] [Client thread/WARN]: Missing sound for event: lycanitesmobs:entity.conba.beg
[22:24:46] [Client thread/WARN]: Missing sound for event: lycanitesmobs:entity.ent.jump
[22:24:46] [Client thread/WARN]: Missing sound for event: lycanitesmobs:entity.ent.fly
[22:24:46] [Client thread/WARN]: Missing sound for event: lycanitesmobs:entity.tarantula.jump
[22:24:46] [Client thread/WARN]: Missing sound for event: lycanitesmobs:entity.tarantula.fly
[22:24:46] [Client thread/WARN]: Missing sound for event: lycanitesmobs:entity.rahovart.jump
[22:24:46] [Client thread/WARN]: Missing sound for event: lycanitesmobs:entity.rahovart.fly
[22:24:46] [Client thread/WARN]: Missing sound for event: lycanitesmobs:entity.frostweaver.attack
[22:24:46] [Client thread/WARN]: Missing sound for event: lycanitesmobs:entity.frostweaver.jump
[22:24:46] [Client thread/WARN]: Missing sound for event: lycanitesmobs:entity.frostweaver.fly
[22:24:46] [Client thread/WARN]: Missing sound for event: lycanitesmobs:entity.ignibus.step
[22:24:46] [Client thread/WARN]: Missing sound for event: lycanitesmobs:entity.ignibus.attack
[22:24:46] [Client thread/WARN]: Missing sound for event: lycanitesmobs:entity.ignibus.jump
[22:24:46] [Client thread/WARN]: Missing sound for event: lycanitesmobs:entity.argus.step
[22:24:46] [Client thread/WARN]: Missing sound for event: lycanitesmobs:entity.argus.jump
[22:24:46] [Client thread/WARN]: Missing sound for event: lycanitesmobs:entity.argus.fly
[22:24:46] [Client thread/WARN]: Missing sound for event: lycanitesmobs:entity.tpumpkyn.jump
[22:24:46] [Client thread/WARN]: Missing sound for event: lycanitesmobs:entity.tpumpkyn.fly
[22:24:46] [Client thread/WARN]: Missing sound for event: lycanitesmobs:entity.abaia.step
[22:24:46] [Client thread/WARN]: Missing sound for event: lycanitesmobs:entity.abaia.jump
[22:24:46] [Client thread/WARN]: Missing sound for event: lycanitesmobs:entity.abaia.fly
[22:24:46] [Client thread/WARN]: Missing sound for event: lycanitesmobs:entity.balayang.step
[22:24:46] [Client thread/WARN]: Missing sound for event: lycanitesmobs:entity.balayang.jump
[22:24:46] [Client thread/WARN]: Missing sound for event: lycanitesmobs:entity.balayang.eat
[22:24:46] [Client thread/WARN]: Missing sound for event: lycanitesmobs:projectile.smitefireball
[22:24:46] [Client thread/WARN]: Missing sound for event: lycanitesmobs:projectile.primeember
[22:24:46] [Client thread/WARN]: Missing sound for event: lycanitesmobs:projectile.fireballspark
[22:24:46] [Client thread/WARN]: Missing sound for event: lycanitesmobs:projectile.lobdarklings
[22:24:46] [Client thread/WARN]: Missing sound for event: lycanitesmobs:projectile.summoningseed
[22:24:46] [Client thread/WARN]: Missing sound for event: lycanitesmobs:projectile.shadowfirebarrier
[22:24:46] [Client thread/WARN]: Missing sound for event: lycanitesmobs:projectile.hellfirewall
[22:24:46] [Client thread/WARN]: Missing sound for event: lycanitesmobs:projectile.hellfireorb
[22:24:46] [Client thread/WARN]: Missing sound for event: lycanitesmobs:projectile.hellfirewave
[22:24:46] [Client thread/WARN]: Missing sound for event: lycanitesmobs:projectile.hellfirewavepart
[22:24:46] [Client thread/WARN]: Missing sound for event: lycanitesmobs:projectile.hellfirebarrier
[22:24:46] [Client thread/WARN]: Missing sound for event: lycanitesmobs:projectile.hellfirebarrierpart
[22:24:46] [Client thread/WARN]: Missing sound for event: lycanitesmobs:projectile.hellshield
[22:24:46] [Client thread/WARN]: Missing sound for event: lycanitesmobs:projectile.helllaser
[22:24:46] [Client thread/WARN]: Missing sound for event: lycanitesmobs:projectile.helllaserend
[22:24:46] [Sound Library Loader/INFO]: Starting up SoundSystem...
[22:24:46] [Client thread/INFO]: [pl.asie.patchy.helpers.ConstructorReplacingTransformer$FFMethodVisitor:visitTypeInsn:73]: Replaced NEW for net/minecraft/client/renderer/block/model/multipart/ConditionOr to pl/asie/foamfix/client/condition/FoamyConditionOr
[22:24:46] [Client thread/INFO]: [pl.asie.patchy.helpers.ConstructorReplacingTransformer$FFMethodVisitor:visitMethodInsn:85]: Replaced INVOKESPECIAL for net/minecraft/client/renderer/block/model/multipart/ConditionOr to pl/asie/foamfix/client/condition/FoamyConditionOr
[22:24:46] [Client thread/INFO]: [pl.asie.patchy.helpers.ConstructorReplacingTransformer$FFMethodVisitor:visitTypeInsn:73]: Replaced NEW for net/minecraft/client/renderer/block/model/multipart/ConditionAnd to pl/asie/foamfix/client/condition/FoamyConditionAnd
[22:24:46] [Client thread/INFO]: [pl.asie.patchy.helpers.ConstructorReplacingTransformer$FFMethodVisitor:visitMethodInsn:85]: Replaced INVOKESPECIAL for net/minecraft/client/renderer/block/model/multipart/ConditionAnd to pl/asie/foamfix/client/condition/FoamyConditionAnd
[22:24:46] [Client thread/INFO]: [pl.asie.patchy.helpers.ConstructorReplacingTransformer$FFMethodVisitor:visitTypeInsn:73]: Replaced NEW for net/minecraft/client/renderer/block/model/multipart/ConditionAnd to pl/asie/foamfix/client/condition/FoamyConditionAnd
[22:24:46] [Client thread/INFO]: [pl.asie.patchy.helpers.ConstructorReplacingTransformer$FFMethodVisitor:visitMethodInsn:85]: Replaced INVOKESPECIAL for net/minecraft/client/renderer/block/model/multipart/ConditionAnd to pl/asie/foamfix/client/condition/FoamyConditionAnd
[22:24:46] [Client thread/INFO]: [pl.asie.patchy.helpers.ConstructorReplacingTransformer$FFMethodVisitor:visitTypeInsn:73]: Replaced NEW for net/minecraft/client/renderer/block/model/multipart/ConditionPropertyValue to pl/asie/foamfix/client/condition/FoamyConditionPropertyValue
[22:24:46] [Client thread/INFO]: [pl.asie.patchy.helpers.ConstructorReplacingTransformer$FFMethodVisitor:visitMethodInsn:85]: Replaced INVOKESPECIAL for net/minecraft/client/renderer/block/model/multipart/ConditionPropertyValue to pl/asie/foamfix/client/condition/FoamyConditionPropertyValue
[22:24:46] [Client thread/INFO]: [pl.asie.foamfix.coremod.FoamFixTransformer:spliceClasses:114]: Spliced in METHOD: net.minecraftforge.client.model.ModelLoader$VanillaModelWrapper.bakeNormal
[22:24:46] [Thread-15/INFO]: Initializing LWJGL OpenAL
[22:24:46] [Thread-15/INFO]: (The LWJGL binding of OpenAL.  For more information, see http://www.lwjgl.org)
[22:24:46] [Thread-15/INFO]: OpenAL initialized.
[22:24:46] [Sound Library Loader/INFO]: Sound engine started
[22:24:52] [Client thread/WARN]: Unable to resolve texture due to upward reference: #item in traverse:models/block/itemblock
[22:24:52] [Client thread/INFO]: [BetterFoliage] Registered 5 grass textures
[22:24:52] [Client thread/INFO]: [BetterFoliage] Registered 2 snowed grass textures
[22:24:52] [Client thread/INFO]: [BetterFoliage] Registered 4 mycelium textures
[22:24:52] [Client thread/INFO]: [BetterFoliage] Registered 2 cactus arm textures
[22:24:52] [Client thread/INFO]: [BetterFoliage] Registered 3 lilypad root textures
[22:24:52] [Client thread/INFO]: [BetterFoliage] Registered 2 lilypad flower textures
[22:24:52] [Client thread/INFO]: [BetterFoliage] Registered 4 reed textures
[22:24:52] [Client thread/INFO]: [BetterFoliage] Registered 4 algae textures
[22:24:52] [Client thread/INFO]: [BetterFoliage] Registered 6 coral textures
[22:24:52] [Client thread/INFO]: [BetterFoliage] Registered 4 coral crust textures
[22:24:52] [Client thread/INFO]: [BetterFoliage] Registered 3 netherrack textures
[22:24:52] [Client thread/INFO]: [BetterFoliage] Registered 2 soul particle textures
[22:24:52] [Client thread/INFO]: Max texture size: 16384
[22:24:56] [Client thread/INFO]: Created: 2048x2048 textures-atlas
[22:24:57] [Client thread/INFO]: [com.ferreusveritas.dynamictrees.models.bakedmodels.BakedModelSapling:<init>:73]: net.minecraftforge.client.model.ModelLoaderRegistry$LoaderException: Exception loading model dynamictrees:block/saplings/tallbirch with loader VanillaLoader.INSTANCE, skipping
[22:24:57] [Client thread/INFO]: [com.ferreusveritas.dynamictrees.models.bakedmodels.BakedModelSapling:<init>:73]: 	at net.minecraftforge.client.model.ModelLoaderRegistry.getModel(ModelLoaderRegistry.java:161)
[22:24:57] [Client thread/INFO]: [com.ferreusveritas.dynamictrees.models.bakedmodels.BakedModelSapling:<init>:73]: 	at com.ferreusveritas.dynamictrees.models.bakedmodels.BakedModelSapling.<init>(BakedModelSapling.java:68)
[22:24:57] [Client thread/INFO]: [com.ferreusveritas.dynamictrees.models.bakedmodels.BakedModelSapling:<init>:73]: 	at com.ferreusveritas.dynamictrees.models.loaders.ModelLoaderSapling$1.bake(ModelLoaderSapling.java:26)
[22:24:57] [Client thread/INFO]: [com.ferreusveritas.dynamictrees.models.bakedmodels.BakedModelSapling:<init>:73]: 	at net.minecraftforge.client.model.ModelLoader$WeightedRandomModel.bake(ModelLoader.java:719)
[22:24:57] [Client thread/INFO]: [com.ferreusveritas.dynamictrees.models.bakedmodels.BakedModelSapling:<init>:73]: 	at net.minecraftforge.client.model.ModelLoader.func_177570_a(ModelLoader.java:180)
[22:24:57] [Client thread/INFO]: [com.ferreusveritas.dynamictrees.models.bakedmodels.BakedModelSapling:<init>:73]: 	at net.minecraft.client.renderer.block.model.ModelManager.func_110549_a(ModelManager.java:28)
[22:24:57] [Client thread/INFO]: [com.ferreusveritas.dynamictrees.models.bakedmodels.BakedModelSapling:<init>:73]: 	at net.minecraft.client.resources.SimpleReloadableResourceManager.func_110542_a(SimpleReloadableResourceManager.java:121)
[22:24:57] [Client thread/INFO]: [com.ferreusveritas.dynamictrees.models.bakedmodels.BakedModelSapling:<init>:73]: 	at net.minecraft.client.Minecraft.func_71384_a(Minecraft.java:513)
[22:24:57] [Client thread/INFO]: [com.ferreusveritas.dynamictrees.models.bakedmodels.BakedModelSapling:<init>:73]: 	at net.minecraft.client.Minecraft.func_99999_d(Minecraft.java:378)
[22:24:57] [Client thread/INFO]: [com.ferreusveritas.dynamictrees.models.bakedmodels.BakedModelSapling:<init>:73]: 	at net.minecraft.client.main.Main.main(SourceFile:123)
[22:24:57] [Client thread/INFO]: [com.ferreusveritas.dynamictrees.models.bakedmodels.BakedModelSapling:<init>:73]: 	at sun.reflect.NativeMethodAccessorImpl.invoke0(Native Method)
[22:24:57] [Client thread/INFO]: [com.ferreusveritas.dynamictrees.models.bakedmodels.BakedModelSapling:<init>:73]: 	at sun.reflect.NativeMethodAccessorImpl.invoke(NativeMethodAccessorImpl.java:62)
[22:24:57] [Client thread/INFO]: [com.ferreusveritas.dynamictrees.models.bakedmodels.BakedModelSapling:<init>:73]: 	at sun.reflect.DelegatingMethodAccessorImpl.invoke(DelegatingMethodAccessorImpl.java:43)
[22:24:57] [Client thread/INFO]: [com.ferreusveritas.dynamictrees.models.bakedmodels.BakedModelSapling:<init>:73]: 	at java.lang.reflect.Method.invoke(Method.java:497)
[22:24:57] [Client thread/INFO]: [com.ferreusveritas.dynamictrees.models.bakedmodels.BakedModelSapling:<init>:73]: 	at net.minecraft.launchwrapper.Launch.launch(Launch.java:135)
[22:24:57] [Client thread/INFO]: [com.ferreusveritas.dynamictrees.models.bakedmodels.BakedModelSapling:<init>:73]: 	at net.minecraft.launchwrapper.Launch.main(Launch.java:28)
[22:24:57] [Client thread/INFO]: [java.lang.Throwable:printStackTrace:634]: Caused by: java.io.FileNotFoundException: dynamictrees:models/block/saplings/tallbirch.json
[22:24:57] [Client thread/INFO]: [java.lang.Throwable:printStackTrace:634]: 	at net.minecraft.client.resources.FallbackResourceManager.func_110536_a(FallbackResourceManager.java:69)
[22:24:57] [Client thread/INFO]: [java.lang.Throwable:printStackTrace:634]: 	at net.minecraft.client.resources.SimpleReloadableResourceManager.func_110536_a(SimpleReloadableResourceManager.java:65)
[22:24:57] [Client thread/INFO]: [java.lang.Throwable:printStackTrace:634]: 	at net.minecraft.client.renderer.block.model.ModelBakery.func_177594_c(ModelBakery.java:334)
[22:24:57] [Client thread/INFO]: [java.lang.Throwable:printStackTrace:634]: 	at net.minecraftforge.client.model.ModelLoader.access$1400(ModelLoader.java:115)
[22:24:57] [Client thread/INFO]: [java.lang.Throwable:printStackTrace:634]: 	at net.minecraftforge.client.model.ModelLoader$VanillaLoader.loadModel(ModelLoader.java:861)
[22:24:57] [Client thread/INFO]: [java.lang.Throwable:printStackTrace:634]: 	at net.minecraftforge.client.model.ModelLoaderRegistry.getModel(ModelLoaderRegistry.java:157)
[22:24:57] [Client thread/INFO]: [java.lang.Throwable:printStackTrace:634]: 	... 15 more
[22:24:57] [Client thread/ERROR]: MultiModel minecraft:builtin/missing is empty (no base model or parts were provided/resolved)
[22:24:57] [Client thread/ERROR]: MultiModel minecraft:builtin/missing is empty (no base model or parts were provided/resolved)
[22:24:57] [Client thread/ERROR]: MultiModel minecraft:builtin/missing is empty (no base model or parts were provided/resolved)
[22:24:57] [Client thread/INFO]: Transforming net.minecraftforge.client.model.pipeline.LightUtil
[22:24:57] [Client thread/INFO]: Applying Transformation to method (Names [renderQuadColor, ] Descriptor (Lnet/minecraft/client/renderer/BufferBuilder;Lnet/minecraft/client/renderer/block/model/BakedQuad;I)V)
[22:24:57] [Client thread/INFO]: Located Method, patching...
[22:24:57] [Client thread/INFO]: Patch result: true
[22:24:57] [Client thread/INFO]: Clearing ModelLoaderRegistry cache (35867 items)...
[22:24:57] [Client thread/INFO]: Cleared 35862 objects.
[22:24:57] [Client thread/INFO]: Deduplicating...
[22:24:57] [Client thread/INFO]: Deduplicating models...
[22:24:58] [Client thread/INFO]: Deduplicated 164827 (+ 109834) objects.
[22:24:58] [Client thread/ERROR]: Exception loading model for variant minecraft:air#inventory, normal location exception: 
net.minecraftforge.client.model.ModelLoaderRegistry$LoaderException: Exception loading model minecraft:item/air with loader VanillaLoader.INSTANCE, skipping
	at net.minecraftforge.client.model.ModelLoaderRegistry.getModel(ModelLoaderRegistry.java:161) ~[ModelLoaderRegistry.class:?]
	at net.minecraftforge.client.model.ModelLoader.func_177590_d(ModelLoader.java:302) ~[ModelLoader.class:?]
	at net.minecraft.client.renderer.block.model.ModelBakery.func_177577_b(ModelBakery.java:175) ~[cgb.class:?]
	at net.minecraftforge.client.model.ModelLoader.func_177570_a(ModelLoader.java:151) ~[ModelLoader.class:?]
	at net.minecraft.client.renderer.block.model.ModelManager.func_110549_a(ModelManager.java:28) [cgc.class:?]
	at net.minecraft.client.resources.SimpleReloadableResourceManager.func_110542_a(SimpleReloadableResourceManager.java:121) [cev.class:?]
	at net.minecraft.client.Minecraft.func_71384_a(Minecraft.java:513) [bib.class:?]
	at net.minecraft.client.Minecraft.func_99999_d(Minecraft.java:378) [bib.class:?]
	at net.minecraft.client.main.Main.main(SourceFile:123) [Main.class:?]
	at sun.reflect.NativeMethodAccessorImpl.invoke0(Native Method) ~[?:1.8.0_51]
	at sun.reflect.NativeMethodAccessorImpl.invoke(NativeMethodAccessorImpl.java:62) ~[?:1.8.0_51]
	at sun.reflect.DelegatingMethodAccessorImpl.invoke(DelegatingMethodAccessorImpl.java:43) ~[?:1.8.0_51]
	at java.lang.reflect.Method.invoke(Method.java:497) ~[?:1.8.0_51]
	at net.minecraft.launchwrapper.Launch.launch(Launch.java:135) [launchwrapper-1.12.jar:?]
	at net.minecraft.launchwrapper.Launch.main(Launch.java:28) [launchwrapper-1.12.jar:?]
Caused by: java.io.FileNotFoundException: minecraft:models/item/air.json
	at net.minecraft.client.resources.FallbackResourceManager.func_110536_a(FallbackResourceManager.java:69) ~[cei.class:?]
	at net.minecraft.client.resources.SimpleReloadableResourceManager.func_110536_a(SimpleReloadableResourceManager.java:65) ~[cev.class:?]
	at net.minecraft.client.renderer.block.model.ModelBakery.func_177594_c(ModelBakery.java:334) ~[cgb.class:?]
	at net.minecraftforge.client.model.ModelLoader.access$1400(ModelLoader.java:115) ~[ModelLoader.class:?]
	at net.minecraftforge.client.model.ModelLoader$VanillaLoader.loadModel(ModelLoader.java:861) ~[ModelLoader$VanillaLoader.class:?]
	at net.minecraftforge.client.model.ModelLoaderRegistry.getModel(ModelLoaderRegistry.java:157) ~[ModelLoaderRegistry.class:?]
	... 14 more
[22:24:58] [Client thread/ERROR]: Exception loading model for variant minecraft:air#inventory, blockstate location exception: 
net.minecraftforge.client.model.ModelLoaderRegistry$LoaderException: Exception loading model minecraft:air#inventory with loader VariantLoader.INSTANCE, skipping
	at net.minecraftforge.client.model.ModelLoaderRegistry.getModel(ModelLoaderRegistry.java:161) ~[ModelLoaderRegistry.class:?]
	at net.minecraftforge.client.model.ModelLoader.func_177590_d(ModelLoader.java:296) ~[ModelLoader.class:?]
	at net.minecraft.client.renderer.block.model.ModelBakery.func_177577_b(ModelBakery.java:175) ~[cgb.class:?]
	at net.minecraftforge.client.model.ModelLoader.func_177570_a(ModelLoader.java:151) ~[ModelLoader.class:?]
	at net.minecraft.client.renderer.block.model.ModelManager.func_110549_a(ModelManager.java:28) [cgc.class:?]
	at net.minecraft.client.resources.SimpleReloadableResourceManager.func_110542_a(SimpleReloadableResourceManager.java:121) [cev.class:?]
	at net.minecraft.client.Minecraft.func_71384_a(Minecraft.java:513) [bib.class:?]
	at net.minecraft.client.Minecraft.func_99999_d(Minecraft.java:378) [bib.class:?]
	at net.minecraft.client.main.Main.main(SourceFile:123) [Main.class:?]
	at sun.reflect.NativeMethodAccessorImpl.invoke0(Native Method) ~[?:1.8.0_51]
	at sun.reflect.NativeMethodAccessorImpl.invoke(NativeMethodAccessorImpl.java:62) ~[?:1.8.0_51]
	at sun.reflect.DelegatingMethodAccessorImpl.invoke(DelegatingMethodAccessorImpl.java:43) ~[?:1.8.0_51]
	at java.lang.reflect.Method.invoke(Method.java:497) ~[?:1.8.0_51]
	at net.minecraft.launchwrapper.Launch.launch(Launch.java:135) [launchwrapper-1.12.jar:?]
	at net.minecraft.launchwrapper.Launch.main(Launch.java:28) [launchwrapper-1.12.jar:?]
Caused by: net.minecraft.client.renderer.block.model.ModelBlockDefinition$MissingVariantException
	at net.minecraft.client.renderer.block.model.ModelBlockDefinition.func_188004_c(ModelBlockDefinition.java:83) ~[bvv.class:?]
	at net.minecraftforge.client.model.ModelLoader$VariantLoader.loadModel(ModelLoader.java:1175) ~[ModelLoader$VariantLoader.class:?]
	at net.minecraftforge.client.model.ModelLoaderRegistry.getModel(ModelLoaderRegistry.java:157) ~[ModelLoaderRegistry.class:?]
	... 14 more
[22:24:58] [Client thread/ERROR]: Exception loading model for variant xat:dragons_eye_fire#inventory, normal location exception: 
net.minecraftforge.client.model.ModelLoaderRegistry$LoaderException: Exception loading model xat:item/dragons_eye_fire with loader VanillaLoader.INSTANCE, skipping
	at net.minecraftforge.client.model.ModelLoaderRegistry.getModel(ModelLoaderRegistry.java:161) ~[ModelLoaderRegistry.class:?]
	at net.minecraftforge.client.model.ModelLoader.func_177590_d(ModelLoader.java:302) ~[ModelLoader.class:?]
	at net.minecraft.client.renderer.block.model.ModelBakery.func_177577_b(ModelBakery.java:175) ~[cgb.class:?]
	at net.minecraftforge.client.model.ModelLoader.func_177570_a(ModelLoader.java:151) ~[ModelLoader.class:?]
	at net.minecraft.client.renderer.block.model.ModelManager.func_110549_a(ModelManager.java:28) [cgc.class:?]
	at net.minecraft.client.resources.SimpleReloadableResourceManager.func_110542_a(SimpleReloadableResourceManager.java:121) [cev.class:?]
	at net.minecraft.client.Minecraft.func_71384_a(Minecraft.java:513) [bib.class:?]
	at net.minecraft.client.Minecraft.func_99999_d(Minecraft.java:378) [bib.class:?]
	at net.minecraft.client.main.Main.main(SourceFile:123) [Main.class:?]
	at sun.reflect.NativeMethodAccessorImpl.invoke0(Native Method) ~[?:1.8.0_51]
	at sun.reflect.NativeMethodAccessorImpl.invoke(NativeMethodAccessorImpl.java:62) ~[?:1.8.0_51]
	at sun.reflect.DelegatingMethodAccessorImpl.invoke(DelegatingMethodAccessorImpl.java:43) ~[?:1.8.0_51]
	at java.lang.reflect.Method.invoke(Method.java:497) ~[?:1.8.0_51]
	at net.minecraft.launchwrapper.Launch.launch(Launch.java:135) [launchwrapper-1.12.jar:?]
	at net.minecraft.launchwrapper.Launch.main(Launch.java:28) [launchwrapper-1.12.jar:?]
Caused by: java.io.FileNotFoundException: xat:models/item/dragons_eye_fire.json
	at net.minecraft.client.resources.FallbackResourceManager.func_110536_a(FallbackResourceManager.java:69) ~[cei.class:?]
	at net.minecraft.client.resources.SimpleReloadableResourceManager.func_110536_a(SimpleReloadableResourceManager.java:65) ~[cev.class:?]
	at net.minecraft.client.renderer.block.model.ModelBakery.func_177594_c(ModelBakery.java:334) ~[cgb.class:?]
	at net.minecraftforge.client.model.ModelLoader.access$1400(ModelLoader.java:115) ~[ModelLoader.class:?]
	at net.minecraftforge.client.model.ModelLoader$VanillaLoader.loadModel(ModelLoader.java:861) ~[ModelLoader$VanillaLoader.class:?]
	at net.minecraftforge.client.model.ModelLoaderRegistry.getModel(ModelLoaderRegistry.java:157) ~[ModelLoaderRegistry.class:?]
	... 14 more
[22:24:58] [Client thread/ERROR]: Exception loading model for variant xat:dragons_eye_fire#inventory, blockstate location exception: 
net.minecraftforge.client.model.ModelLoaderRegistry$LoaderException: Exception loading model xat:dragons_eye_fire#inventory with loader VariantLoader.INSTANCE, skipping
	at net.minecraftforge.client.model.ModelLoaderRegistry.getModel(ModelLoaderRegistry.java:161) ~[ModelLoaderRegistry.class:?]
	at net.minecraftforge.client.model.ModelLoader.func_177590_d(ModelLoader.java:296) ~[ModelLoader.class:?]
	at net.minecraft.client.renderer.block.model.ModelBakery.func_177577_b(ModelBakery.java:175) ~[cgb.class:?]
	at net.minecraftforge.client.model.ModelLoader.func_177570_a(ModelLoader.java:151) ~[ModelLoader.class:?]
	at net.minecraft.client.renderer.block.model.ModelManager.func_110549_a(ModelManager.java:28) [cgc.class:?]
	at net.minecraft.client.resources.SimpleReloadableResourceManager.func_110542_a(SimpleReloadableResourceManager.java:121) [cev.class:?]
	at net.minecraft.client.Minecraft.func_71384_a(Minecraft.java:513) [bib.class:?]
	at net.minecraft.client.Minecraft.func_99999_d(Minecraft.java:378) [bib.class:?]
	at net.minecraft.client.main.Main.main(SourceFile:123) [Main.class:?]
	at sun.reflect.NativeMethodAccessorImpl.invoke0(Native Method) ~[?:1.8.0_51]
	at sun.reflect.NativeMethodAccessorImpl.invoke(NativeMethodAccessorImpl.java:62) ~[?:1.8.0_51]
	at sun.reflect.DelegatingMethodAccessorImpl.invoke(DelegatingMethodAccessorImpl.java:43) ~[?:1.8.0_51]
	at java.lang.reflect.Method.invoke(Method.java:497) ~[?:1.8.0_51]
	at net.minecraft.launchwrapper.Launch.launch(Launch.java:135) [launchwrapper-1.12.jar:?]
	at net.minecraft.launchwrapper.Launch.main(Launch.java:28) [launchwrapper-1.12.jar:?]
Caused by: net.minecraft.client.renderer.block.model.ModelBlockDefinition$MissingVariantException
	at net.minecraft.client.renderer.block.model.ModelBlockDefinition.func_188004_c(ModelBlockDefinition.java:83) ~[bvv.class:?]
	at net.minecraftforge.client.model.ModelLoader$VariantLoader.loadModel(ModelLoader.java:1175) ~[ModelLoader$VariantLoader.class:?]
	at net.minecraftforge.client.model.ModelLoaderRegistry.getModel(ModelLoaderRegistry.java:157) ~[ModelLoaderRegistry.class:?]
	... 14 more
[22:24:58] [Client thread/INFO]: Cleaning up ModelLoader...
[22:24:58] [Client thread/INFO]: Transforming LayerArmorBase
[22:24:58] [Client thread/INFO]: Applying Transformation to method (Names [renderArmorLayer, func_188361_a, a] Descriptor (Lnet/minecraft/entity/EntityLivingBase;FFFFFFFLnet/minecraft/inventory/EntityEquipmentSlot;)V / (Lvp;FFFFFFFLvl;)V)
[22:24:58] [Client thread/INFO]: Located method, patching...
[22:24:58] [Client thread/INFO]: Located target ASTORE 10
[22:24:58] [Client thread/INFO]: Patch result: true
[22:24:58] [Client thread/INFO]: Transforming LayerArmorBase
[22:24:58] [Client thread/INFO]: Applying Transformation to method (Names [renderEnchantedGlint, func_188364_a] Descriptor (Lnet/minecraft/client/renderer/entity/RenderLivingBase;Lnet/minecraft/entity/EntityLivingBase;Lnet/minecraft/client/model/ModelBase;FFFFFFF)V)
[22:24:58] [Client thread/INFO]: Attempting to insert: Enchantment glint glow activation
[22:24:58] [Client thread/INFO]: Patch result: Success
[22:24:58] [Client thread/INFO]: Applying Transformation to method (Names [renderEnchantedGlint, func_188364_a] Descriptor (Lnet/minecraft/client/renderer/entity/RenderLivingBase;Lnet/minecraft/entity/EntityLivingBase;Lnet/minecraft/client/model/ModelBase;FFFFFFF)V)
[22:24:58] [Client thread/INFO]: Attempting to insert: Enchantment glint glow return
[22:24:58] [Client thread/INFO]: Patch result: Success
[22:24:58] [Client thread/INFO]: Transforming net.minecraft.client.renderer.entity.layers.LayerArmorBase
[22:24:58] [Client thread/INFO]: Applying Transformation to method (Names [renderArmorLayer, func_188361_a] Descriptor (Lnet/minecraft/entity/EntityLivingBase;FFFFFFFLnet/minecraft/inventory/EntityEquipmentSlot;)V)
[22:24:58] [Client thread/INFO]: Located Method, patching...
[22:24:58] [Client thread/INFO]: Patch result: true
[22:24:58] [Client thread/INFO]: Applying Transformation to method (Names [renderEnchantedGlint, func_188364_a] Descriptor (Lnet/minecraft/client/renderer/entity/RenderLivingBase;Lnet/minecraft/entity/EntityLivingBase;Lnet/minecraft/client/model/ModelBase;FFFFFFF)V)
[22:24:58] [Client thread/INFO]: Located Method, patching...
[22:24:58] [Client thread/INFO]: Located patch target node INVOKESTATIC net/minecraft/client/renderer/GlStateManager.func_179131_c (FFFF)V
[22:24:58] [Client thread/INFO]: Located patch target node INVOKESTATIC net/minecraft/client/renderer/GlStateManager.func_179131_c (FFFF)V
[22:24:58] [Client thread/INFO]: Patch result: true
[22:24:58] [Client thread/INFO]: Transforming net.minecraft.client.renderer.entity.RenderBoat
[22:24:58] [Client thread/INFO]: Applying Transformation to method (Names [doRender, func_188300_b] Descriptor (Lnet/minecraft/entity/item/EntityBoat;DDDFF)V)
[22:24:58] [Client thread/INFO]: Located Method, patching...
[22:24:58] [Client thread/INFO]: Located patch target node INVOKEINTERFACE net/minecraft/client/model/IMultipassModel.func_187054_b (Lnet/minecraft/entity/Entity;FFFFFF)V
[22:24:58] [Client thread/INFO]: Patch result: true
[22:24:58] [Client thread/INFO]: Transforming net.minecraft.client.renderer.entity.layers.LayerEntityOnShoulder
[22:24:58] [Client thread/INFO]: Applying Transformation to method (Names [renderEntityOnShoulder, func_192864_a] Descriptor (Lnet/minecraft/entity/player/EntityPlayer;Ljava/util/UUID;Lnet/minecraft/nbt/NBTTagCompound;Lnet/minecraft/client/renderer/entity/RenderLivingBase;Lnet/minecraft/client/model/ModelBase;Lnet/minecraft/util/ResourceLocation;Ljava/lang/Class;FFFFFFFZ)Lnet/minecraft/client/renderer/entity/layers/LayerEntityOnShoulder$DataHolder;)
[22:24:58] [Client thread/INFO]: Located Method, patching...
[22:24:58] [Client thread/INFO]: Located patch target node INVOKEVIRTUAL net/minecraft/client/renderer/entity/RenderLivingBase.func_110776_a (Lnet/minecraft/util/ResourceLocation;)V
[22:24:58] [Client thread/INFO]: Patch result: true
[22:24:59] [Client thread/INFO]: Patch exists for ichttt.mods.firstaid.common.util.ArmorUtils
[22:24:59] [Client thread/INFO]: Writing class ichttt.mods.firstaid.common.util.ArmorUtils with flags MAXS | FRAMES
[22:24:59] [Client thread/INFO]: Quality Tools mod present. Enabling compat...
[22:25:00] [Client thread/INFO]: JEI search tree manager injection complete!
[22:25:00] [Client thread/ERROR]: Parsing error loading recipe mujmajnkraftsbettersurvival:jungle_chitin_nunchaku
com.google.gson.JsonSyntaxException: Unknown item 'iceandfire:chain'
	at net.minecraftforge.common.crafting.CraftingHelper.getItemStackBasic(CraftingHelper.java:262) ~[CraftingHelper.class:?]
	at net.minecraftforge.common.crafting.CraftingHelper.lambda$init$16(CraftingHelper.java:544) ~[CraftingHelper.class:?]
	at net.minecraftforge.common.crafting.CraftingHelper$$Lambda$1249/774343352.parse(Unknown Source) ~[?:?]
	at net.minecraftforge.common.crafting.CraftingHelper.getIngredient(CraftingHelper.java:204) ~[CraftingHelper.class:?]
	at net.minecraftforge.common.crafting.CraftingHelper.lambda$init$14(CraftingHelper.java:481) ~[CraftingHelper.class:?]
	at net.minecraftforge.common.crafting.CraftingHelper$$Lambda$1245/540481048.parse(Unknown Source) ~[?:?]
	at net.minecraftforge.common.crafting.CraftingHelper.getRecipe(CraftingHelper.java:416) ~[CraftingHelper.class:?]
	at net.minecraftforge.common.crafting.CraftingHelper.lambda$loadRecipes$22(CraftingHelper.java:723) [CraftingHelper.class:?]
	at net.minecraftforge.common.crafting.CraftingHelper$$Lambda$1476/137617237.apply(Unknown Source) [CraftingHelper.class:?]
	at net.minecraftforge.common.crafting.CraftingHelper.findFiles(CraftingHelper.java:833) [CraftingHelper.class:?]
	at net.minecraftforge.common.crafting.CraftingHelper.loadRecipes(CraftingHelper.java:688) [CraftingHelper.class:?]
	at net.minecraftforge.common.crafting.CraftingHelper$$Lambda$1474/228538821.accept(Unknown Source) [CraftingHelper.class:?]
	at java.util.ArrayList.forEach(ArrayList.java:1249) [?:1.8.0_51]
	at net.minecraftforge.common.crafting.CraftingHelper.loadRecipes(CraftingHelper.java:633) [CraftingHelper.class:?]
	at net.minecraftforge.fml.common.Loader.initializeMods(Loader.java:747) [Loader.class:?]
	at net.minecraftforge.fml.client.FMLClientHandler.finishMinecraftLoading(FMLClientHandler.java:336) [FMLClientHandler.class:?]
	at net.minecraft.client.Minecraft.func_71384_a(Minecraft.java:535) [bib.class:?]
	at net.minecraft.client.Minecraft.func_99999_d(Minecraft.java:378) [bib.class:?]
	at net.minecraft.client.main.Main.main(SourceFile:123) [Main.class:?]
	at sun.reflect.NativeMethodAccessorImpl.invoke0(Native Method) ~[?:1.8.0_51]
	at sun.reflect.NativeMethodAccessorImpl.invoke(NativeMethodAccessorImpl.java:62) ~[?:1.8.0_51]
	at sun.reflect.DelegatingMethodAccessorImpl.invoke(DelegatingMethodAccessorImpl.java:43) ~[?:1.8.0_51]
	at java.lang.reflect.Method.invoke(Method.java:497) ~[?:1.8.0_51]
	at net.minecraft.launchwrapper.Launch.launch(Launch.java:135) [launchwrapper-1.12.jar:?]
	at net.minecraft.launchwrapper.Launch.main(Launch.java:28) [launchwrapper-1.12.jar:?]
[22:25:00] [Client thread/ERROR]: Parsing error loading recipe mujmajnkraftsbettersurvival:dragon_bone_nunchaku
com.google.gson.JsonSyntaxException: Unknown item 'iceandfire:chain'
	at net.minecraftforge.common.crafting.CraftingHelper.getItemStackBasic(CraftingHelper.java:262) ~[CraftingHelper.class:?]
	at net.minecraftforge.common.crafting.CraftingHelper.lambda$init$16(CraftingHelper.java:544) ~[CraftingHelper.class:?]
	at net.minecraftforge.common.crafting.CraftingHelper$$Lambda$1249/774343352.parse(Unknown Source) ~[?:?]
	at net.minecraftforge.common.crafting.CraftingHelper.getIngredient(CraftingHelper.java:204) ~[CraftingHelper.class:?]
	at net.minecraftforge.common.crafting.CraftingHelper.lambda$init$14(CraftingHelper.java:481) ~[CraftingHelper.class:?]
	at net.minecraftforge.common.crafting.CraftingHelper$$Lambda$1245/540481048.parse(Unknown Source) ~[?:?]
	at net.minecraftforge.common.crafting.CraftingHelper.getRecipe(CraftingHelper.java:416) ~[CraftingHelper.class:?]
	at net.minecraftforge.common.crafting.CraftingHelper.lambda$loadRecipes$22(CraftingHelper.java:723) [CraftingHelper.class:?]
	at net.minecraftforge.common.crafting.CraftingHelper$$Lambda$1476/137617237.apply(Unknown Source) [CraftingHelper.class:?]
	at net.minecraftforge.common.crafting.CraftingHelper.findFiles(CraftingHelper.java:833) [CraftingHelper.class:?]
	at net.minecraftforge.common.crafting.CraftingHelper.loadRecipes(CraftingHelper.java:688) [CraftingHelper.class:?]
	at net.minecraftforge.common.crafting.CraftingHelper$$Lambda$1474/228538821.accept(Unknown Source) [CraftingHelper.class:?]
	at java.util.ArrayList.forEach(ArrayList.java:1249) [?:1.8.0_51]
	at net.minecraftforge.common.crafting.CraftingHelper.loadRecipes(CraftingHelper.java:633) [CraftingHelper.class:?]
	at net.minecraftforge.fml.common.Loader.initializeMods(Loader.java:747) [Loader.class:?]
	at net.minecraftforge.fml.client.FMLClientHandler.finishMinecraftLoading(FMLClientHandler.java:336) [FMLClientHandler.class:?]
	at net.minecraft.client.Minecraft.func_71384_a(Minecraft.java:535) [bib.class:?]
	at net.minecraft.client.Minecraft.func_99999_d(Minecraft.java:378) [bib.class:?]
	at net.minecraft.client.main.Main.main(SourceFile:123) [Main.class:?]
	at sun.reflect.NativeMethodAccessorImpl.invoke0(Native Method) ~[?:1.8.0_51]
	at sun.reflect.NativeMethodAccessorImpl.invoke(NativeMethodAccessorImpl.java:62) ~[?:1.8.0_51]
	at sun.reflect.DelegatingMethodAccessorImpl.invoke(DelegatingMethodAccessorImpl.java:43) ~[?:1.8.0_51]
	at java.lang.reflect.Method.invoke(Method.java:497) ~[?:1.8.0_51]
	at net.minecraft.launchwrapper.Launch.launch(Launch.java:135) [launchwrapper-1.12.jar:?]
	at net.minecraft.launchwrapper.Launch.main(Launch.java:28) [launchwrapper-1.12.jar:?]
[22:25:00] [Client thread/ERROR]: Parsing error loading recipe mujmajnkraftsbettersurvival:desert_chitin_nunchaku
com.google.gson.JsonSyntaxException: Unknown item 'iceandfire:chain'
	at net.minecraftforge.common.crafting.CraftingHelper.getItemStackBasic(CraftingHelper.java:262) ~[CraftingHelper.class:?]
	at net.minecraftforge.common.crafting.CraftingHelper.lambda$init$16(CraftingHelper.java:544) ~[CraftingHelper.class:?]
	at net.minecraftforge.common.crafting.CraftingHelper$$Lambda$1249/774343352.parse(Unknown Source) ~[?:?]
	at net.minecraftforge.common.crafting.CraftingHelper.getIngredient(CraftingHelper.java:204) ~[CraftingHelper.class:?]
	at net.minecraftforge.common.crafting.CraftingHelper.lambda$init$14(CraftingHelper.java:481) ~[CraftingHelper.class:?]
	at net.minecraftforge.common.crafting.CraftingHelper$$Lambda$1245/540481048.parse(Unknown Source) ~[?:?]
	at net.minecraftforge.common.crafting.CraftingHelper.getRecipe(CraftingHelper.java:416) ~[CraftingHelper.class:?]
	at net.minecraftforge.common.crafting.CraftingHelper.lambda$loadRecipes$22(CraftingHelper.java:723) [CraftingHelper.class:?]
	at net.minecraftforge.common.crafting.CraftingHelper$$Lambda$1476/137617237.apply(Unknown Source) [CraftingHelper.class:?]
	at net.minecraftforge.common.crafting.CraftingHelper.findFiles(CraftingHelper.java:833) [CraftingHelper.class:?]
	at net.minecraftforge.common.crafting.CraftingHelper.loadRecipes(CraftingHelper.java:688) [CraftingHelper.class:?]
	at net.minecraftforge.common.crafting.CraftingHelper$$Lambda$1474/228538821.accept(Unknown Source) [CraftingHelper.class:?]
	at java.util.ArrayList.forEach(ArrayList.java:1249) [?:1.8.0_51]
	at net.minecraftforge.common.crafting.CraftingHelper.loadRecipes(CraftingHelper.java:633) [CraftingHelper.class:?]
	at net.minecraftforge.fml.common.Loader.initializeMods(Loader.java:747) [Loader.class:?]
	at net.minecraftforge.fml.client.FMLClientHandler.finishMinecraftLoading(FMLClientHandler.java:336) [FMLClientHandler.class:?]
	at net.minecraft.client.Minecraft.func_71384_a(Minecraft.java:535) [bib.class:?]
	at net.minecraft.client.Minecraft.func_99999_d(Minecraft.java:378) [bib.class:?]
	at net.minecraft.client.main.Main.main(SourceFile:123) [Main.class:?]
	at sun.reflect.NativeMethodAccessorImpl.invoke0(Native Method) ~[?:1.8.0_51]
	at sun.reflect.NativeMethodAccessorImpl.invoke(NativeMethodAccessorImpl.java:62) ~[?:1.8.0_51]
	at sun.reflect.DelegatingMethodAccessorImpl.invoke(DelegatingMethodAccessorImpl.java:43) ~[?:1.8.0_51]
	at java.lang.reflect.Method.invoke(Method.java:497) ~[?:1.8.0_51]
	at net.minecraft.launchwrapper.Launch.launch(Launch.java:135) [launchwrapper-1.12.jar:?]
	at net.minecraft.launchwrapper.Launch.main(Launch.java:28) [launchwrapper-1.12.jar:?]
[22:25:00] [Client thread/ERROR]: Parsing error loading recipe lycanitesmobs:belpharm_break
com.google.gson.JsonSyntaxException: Unknown item 'lycanitesmobs:belpharm'
	at net.minecraftforge.common.crafting.CraftingHelper.getItemStackBasic(CraftingHelper.java:262) ~[CraftingHelper.class:?]
	at net.minecraftforge.common.crafting.CraftingHelper.lambda$init$16(CraftingHelper.java:544) ~[CraftingHelper.class:?]
	at net.minecraftforge.common.crafting.CraftingHelper$$Lambda$1249/774343352.parse(Unknown Source) ~[?:?]
	at net.minecraftforge.common.crafting.CraftingHelper.getIngredient(CraftingHelper.java:204) ~[CraftingHelper.class:?]
	at net.minecraftforge.oredict.ShapelessOreRecipe.factory(ShapelessOreRecipe.java:152) ~[ShapelessOreRecipe.class:?]
	at net.minecraftforge.common.crafting.CraftingHelper$$Lambda$1248/1028837873.parse(Unknown Source) ~[?:?]
	at net.minecraftforge.common.crafting.CraftingHelper.getRecipe(CraftingHelper.java:416) ~[CraftingHelper.class:?]
	at net.minecraftforge.common.crafting.CraftingHelper.lambda$loadRecipes$22(CraftingHelper.java:723) [CraftingHelper.class:?]
	at net.minecraftforge.common.crafting.CraftingHelper$$Lambda$1476/137617237.apply(Unknown Source) [CraftingHelper.class:?]
	at net.minecraftforge.common.crafting.CraftingHelper.findFiles(CraftingHelper.java:833) [CraftingHelper.class:?]
	at net.minecraftforge.common.crafting.CraftingHelper.loadRecipes(CraftingHelper.java:688) [CraftingHelper.class:?]
	at net.minecraftforge.common.crafting.CraftingHelper$$Lambda$1474/228538821.accept(Unknown Source) [CraftingHelper.class:?]
	at java.util.ArrayList.forEach(ArrayList.java:1249) [?:1.8.0_51]
	at net.minecraftforge.common.crafting.CraftingHelper.loadRecipes(CraftingHelper.java:633) [CraftingHelper.class:?]
	at net.minecraftforge.fml.common.Loader.initializeMods(Loader.java:747) [Loader.class:?]
	at net.minecraftforge.fml.client.FMLClientHandler.finishMinecraftLoading(FMLClientHandler.java:336) [FMLClientHandler.class:?]
	at net.minecraft.client.Minecraft.func_71384_a(Minecraft.java:535) [bib.class:?]
	at net.minecraft.client.Minecraft.func_99999_d(Minecraft.java:378) [bib.class:?]
	at net.minecraft.client.main.Main.main(SourceFile:123) [Main.class:?]
	at sun.reflect.NativeMethodAccessorImpl.invoke0(Native Method) ~[?:1.8.0_51]
	at sun.reflect.NativeMethodAccessorImpl.invoke(NativeMethodAccessorImpl.java:62) ~[?:1.8.0_51]
	at sun.reflect.DelegatingMethodAccessorImpl.invoke(DelegatingMethodAccessorImpl.java:43) ~[?:1.8.0_51]
	at java.lang.reflect.Method.invoke(Method.java:497) ~[?:1.8.0_51]
	at net.minecraft.launchwrapper.Launch.launch(Launch.java:135) [launchwrapper-1.12.jar:?]
	at net.minecraft.launchwrapper.Launch.main(Launch.java:28) [launchwrapper-1.12.jar:?]
[22:25:01] [Client thread/INFO]: Registering recipes for Tipped Bolts!
[22:25:01] [Client thread/INFO]: Recipes added!
[22:25:01] [Client thread/INFO]: Recipes added!
[22:25:01] [Client thread/INFO]: Found and replaced 9 Log -> Planks recipes with Saw + Log -> Plank recipes. (First Pass)
[22:25:01] [Client thread/INFO]: [stanhebben.zenscript.parser.expression.ParsedExpressionFunction:compile:34]: Known predicted function type: ZenTypeNative: crafttweaker.events.IEventHandler
[22:25:01] [Client thread/INFO]: [stanhebben.zenscript.parser.expression.ParsedExpressionFunction:compile:34]: Known predicted function type: ZenTypeNative: crafttweaker.events.IEventHandler
[22:25:01] [Client thread/INFO]: [stanhebben.zenscript.parser.expression.ParsedExpressionFunction:compile:34]: Known predicted function type: ZenTypeNative: crafttweaker.events.IEventHandler
[22:25:01] [Client thread/INFO]: Applying holder lookups
[22:25:01] [Client thread/INFO]: Holder lookups applied
[22:25:01] [Client thread/WARN]: defineId called for: class com.endertech.minecraft.mods.adhooks.shot.HookShot from class com.endertech.minecraft.mods.adhooks.shot.HookShot$WatchedBool
[22:25:01] [Client thread/WARN]: defineId called for: class com.endertech.minecraft.mods.adhooks.shot.HookShot from class com.endertech.minecraft.mods.adhooks.shot.HookShot$WatchedBool
[22:25:01] [Client thread/WARN]: defineId called for: class com.endertech.minecraft.mods.adhooks.shot.HookShot from class com.endertech.minecraft.mods.adhooks.shot.HookShot$WatchedBool
[22:25:01] [Client thread/WARN]: defineId called for: class com.endertech.minecraft.mods.adhooks.shot.HookShot from class com.endertech.minecraft.mods.adhooks.shot.HookShot$WatchedBool
[22:25:01] [Client thread/WARN]: defineId called for: class com.endertech.minecraft.mods.adhooks.shot.HookShot from class com.endertech.minecraft.mods.adhooks.shot.HookShot$WatchedBool
[22:25:01] [Client thread/WARN]: defineId called for: class com.endertech.minecraft.mods.adhooks.shot.HookShot from class com.endertech.minecraft.mods.adhooks.shot.HookShot$WatchedBool
[22:25:01] [Client thread/WARN]: defineId called for: class com.endertech.minecraft.mods.adhooks.shot.HookShot from class com.endertech.minecraft.mods.adhooks.shot.HookShot$WatchedBool
[22:25:01] [Client thread/WARN]: defineId called for: class com.endertech.minecraft.mods.adhooks.shot.HookShot from class com.endertech.minecraft.mods.adhooks.shot.HookShot$WatchedBool
[22:25:01] [Client thread/INFO]: Registered texture set DL_DESERT for biome defiledlands:desert_defiled
[22:25:01] [Client thread/INFO]: Registered texture set DL_TENEBRA for biome defiledlands:forest_tenebra
[22:25:01] [Client thread/INFO]: Registered texture set DL_VILESPINE for biome defiledlands:forest_vilespine
[22:25:01] [Client thread/INFO]: Registered texture set DL_HILLS for biome defiledlands:hills_defiled
[22:25:01] [Client thread/INFO]: Registered texture set DL_ICE for biome defiledlands:ice_plains_defiled
[22:25:01] [Client thread/INFO]: Registered texture set DL_PLAINS for biome defiledlands:plains_defiled
[22:25:01] [Client thread/INFO]: Registered texture set DL_SWAMP for biome defiledlands:swamp_defiled
[22:25:01] [Client thread/INFO]: Registered texture set SNOW_HILLS for biome iceandfire:glacier
[22:25:01] [Client thread/INFO]: Registered texture set SHORE for biome minecraft:beaches
[22:25:01] [Client thread/INFO]: Registered texture set BIRCH for biome minecraft:birch_forest
[22:25:01] [Client thread/INFO]: Registered texture set BIRCH_HILLS for biome minecraft:birch_forest_hills
[22:25:01] [Client thread/INFO]: Registered texture set SHORE for biome minecraft:cold_beach
[22:25:01] [Client thread/INFO]: Registered texture set WATER for biome minecraft:deep_ocean
[22:25:01] [Client thread/INFO]: Registered texture set DESERT for biome minecraft:desert
[22:25:01] [Client thread/INFO]: Registered texture set DESERT_HILLS for biome minecraft:desert_hills
[22:25:01] [Client thread/INFO]: Registered texture set MOUNTAINS for biome minecraft:extreme_hills
[22:25:01] [Client thread/INFO]: Registered texture set MOUNTAINS_ALL for biome minecraft:extreme_hills_with_trees
[22:25:01] [Client thread/INFO]: Registered texture set FOREST for biome minecraft:forest
[22:25:01] [Client thread/INFO]: Registered texture set FOREST_HILLS for biome minecraft:forest_hills
[22:25:01] [Client thread/INFO]: Registered texture set ICE for biome minecraft:frozen_ocean
[22:25:01] [Client thread/INFO]: Registered texture set ICE for biome minecraft:frozen_river
[22:25:01] [Client thread/INFO]: Registered texture set CAVE_WALLS for biome minecraft:hell
[22:25:01] [Client thread/INFO]: Registered texture set SNOW for biome minecraft:ice_flats
[22:25:01] [Client thread/INFO]: Registered texture set SNOW_HILLS for biome minecraft:ice_mountains
[22:25:01] [Client thread/INFO]: Registered texture set JUNGLE for biome minecraft:jungle
[22:25:01] [Client thread/INFO]: Registered texture set JUNGLE_EDGE for biome minecraft:jungle_edge
[22:25:01] [Client thread/INFO]: Registered texture set JUNGLE_HILLS for biome minecraft:jungle_hills
[22:25:01] [Client thread/INFO]: Registered texture set MESA for biome minecraft:mesa
[22:25:01] [Client thread/INFO]: Registered texture set PLATEAU_MESA for biome minecraft:mesa_clear_rock
[22:25:01] [Client thread/INFO]: Registered texture set PLATEAU_MESA_TREES for biome minecraft:mesa_rock
[22:25:01] [Client thread/INFO]: Registered texture set MUSHROOM for biome minecraft:mushroom_island
[22:25:01] [Client thread/INFO]: Registered texture set SHORE for biome minecraft:mushroom_island_shore
[22:25:01] [Client thread/INFO]: Registered texture set TALL_BIRCH for biome minecraft:mutated_birch_forest
[22:25:01] [Client thread/INFO]: Registered texture set TALL_BIRCH_HILLS for biome minecraft:mutated_birch_forest_hills
[22:25:01] [Client thread/INFO]: Registered texture set DESERT for biome minecraft:mutated_desert
[22:25:01] [Client thread/INFO]: Registered texture set MOUNTAINS_SNOW_CAPS for biome minecraft:mutated_extreme_hills
[22:25:01] [Client thread/INFO]: Registered texture set MOUNTAINS_SNOW_CAPS for biome minecraft:mutated_extreme_hills_with_trees
[22:25:01] [Client thread/INFO]: Registered texture set FOREST_FLOWERS for biome minecraft:mutated_forest
[22:25:01] [Client thread/INFO]: Registered texture set ICE_SPIKES for biome minecraft:mutated_ice_flats
[22:25:01] [Client thread/INFO]: Registered texture set JUNGLE_CLIFFS for biome minecraft:mutated_jungle
[22:25:01] [Client thread/INFO]: Registered texture set JUNGLE_EDGE_HILLS for biome minecraft:mutated_jungle_edge
[22:25:01] [Client thread/INFO]: Registered texture set BRYCE for biome minecraft:mutated_mesa
[22:25:01] [Client thread/INFO]: Registered texture set PLATEAU_MESA_LOW for biome minecraft:mutated_mesa_clear_rock
[22:25:01] [Client thread/INFO]: Registered texture set PLATEAU_MESA_TREES_LOW for biome minecraft:mutated_mesa_rock
[22:25:01] [Client thread/INFO]: Registered texture set SUNFLOWERS for biome minecraft:mutated_plains
[22:25:01] [Client thread/INFO]: Registered texture set MEGA_SPRUCE for biome minecraft:mutated_redwood_taiga
[22:25:01] [Client thread/INFO]: Registered texture set MEGA_SPRUCE_HILLS for biome minecraft:mutated_redwood_taiga_hills
[22:25:01] [Client thread/INFO]: Registered texture set DENSE_FOREST_HILLS for biome minecraft:mutated_roofed_forest
[22:25:01] [Client thread/INFO]: Registered texture set SAVANNA_CLIFFS for biome minecraft:mutated_savanna
[22:25:01] [Client thread/INFO]: Registered texture set PLATEAU_SAVANNA_M for biome minecraft:mutated_savanna_rock
[22:25:01] [Client thread/INFO]: Registered texture set SWAMP_HILLS for biome minecraft:mutated_swampland
[22:25:01] [Client thread/INFO]: Registered texture set PINES_HILLS for biome minecraft:mutated_taiga
[22:25:01] [Client thread/INFO]: Registered texture set SNOW_PINES_HILLS for biome minecraft:mutated_taiga_cold
[22:25:01] [Client thread/INFO]: Registered texture set WATER for biome minecraft:ocean
[22:25:01] [Client thread/INFO]: Registered texture set PLAINS for biome minecraft:plains
[22:25:01] [Client thread/INFO]: Registered texture set MEGA_TAIGA for biome minecraft:redwood_taiga
[22:25:01] [Client thread/INFO]: Registered texture set MEGA_TAIGA_HILLS for biome minecraft:redwood_taiga_hills
[22:25:01] [Client thread/INFO]: Registered texture set WATER for biome minecraft:river
[22:25:01] [Client thread/INFO]: Registered texture set DENSE_FOREST for biome minecraft:roofed_forest
[22:25:01] [Client thread/INFO]: Registered texture set SAVANNA for biome minecraft:savanna
[22:25:01] [Client thread/INFO]: Registered texture set PLATEAU_SAVANNA for biome minecraft:savanna_rock
[22:25:01] [Client thread/INFO]: Registered texture set SHORE for biome minecraft:sky
[22:25:01] [Client thread/INFO]: Registered texture set MOUNTAINS for biome minecraft:smaller_extreme_hills
[22:25:01] [Client thread/INFO]: Registered texture set ROCK_SHORE for biome minecraft:stone_beach
[22:25:01] [Client thread/INFO]: Registered texture set SWAMP for biome minecraft:swampland
[22:25:01] [Client thread/INFO]: Registered texture set PINES for biome minecraft:taiga
[22:25:01] [Client thread/INFO]: Registered texture set SNOW_PINES for biome minecraft:taiga_cold
[22:25:01] [Client thread/INFO]: Registered texture set SNOW_PINES_HILLS for biome minecraft:taiga_cold_hills
[22:25:01] [Client thread/INFO]: Registered texture set PINES_HILLS for biome minecraft:taiga_hills
[22:25:01] [Client thread/INFO]: Registered texture set END_VOID for biome minecraft:void
[22:25:01] [Client thread/INFO]: Registered texture set PLAINS for biome srparasites:biome_parasite
[22:25:01] [Client thread/INFO]: Registered texture set MOUNTAINS_NAKED for biome traverse:arid_highland
[22:25:01] [Client thread/INFO]: Registered texture set T_AUTUMN_HILLS for biome traverse:autumnal_wooded_hills
[22:25:01] [Client thread/INFO]: Registered texture set T_AUTUMN for biome traverse:autumnal_woods
[22:25:01] [Client thread/INFO]: Registered texture set MOUNTAINS_NAKED for biome traverse:badlands
[22:25:01] [Client thread/INFO]: Registered texture set BIRCH_HILLS for biome traverse:birch_forested_hills
[22:25:01] [Client thread/INFO]: Registered texture set T_CANYON for biome traverse:canyon
[22:25:01] [Client thread/INFO]: Registered texture set MOUNTAINS_NAKED for biome traverse:cliffs
[22:25:01] [Client thread/INFO]: Registered texture set T_CRAG for biome traverse:crag_cliffs
[22:25:01] [Client thread/INFO]: Registered texture set PLAINS for biome traverse:desert_shrubland
[22:25:01] [Client thread/INFO]: Registered texture set FOREST_HILLS for biome traverse:forested_hills
[22:25:01] [Client thread/INFO]: Registered texture set SNOW_HILLS for biome traverse:glacier
[22:25:01] [Client thread/INFO]: Registered texture set ICE_SPIKES for biome traverse:glacier_spikes
[22:25:01] [Client thread/INFO]: Registered texture set SWAMP for biome traverse:green_swamp
[22:25:01] [Client thread/INFO]: Registered texture set FOREST_HILLS for biome traverse:lush_hills
[22:25:01] [Client thread/INFO]: Registered texture set FOREST_FLOWERS for biome traverse:meadow
[22:25:01] [Client thread/INFO]: Registered texture set JUNGLE for biome traverse:mini_jungle
[22:25:01] [Client thread/INFO]: Registered texture set DESERT_HILLS for biome traverse:mountainous_desert
[22:25:01] [Client thread/INFO]: Registered texture set T_RED_DESERT for biome traverse:red_desert
[22:25:01] [Client thread/INFO]: Registered texture set HILLS for biome traverse:rocky_plains
[22:25:01] [Client thread/INFO]: Registered texture set T_ROCKY_PLATEAU for biome traverse:rocky_plateau
[22:25:01] [Client thread/INFO]: Registered texture set PINES for biome traverse:snowy_coniferous_forest
[22:25:01] [Client thread/INFO]: Registered texture set PINES for biome traverse:temperate_rainforest
[22:25:01] [Client thread/INFO]: Registered texture set DENSE_FOREST for biome traverse:thicket
[22:25:01] [Client thread/INFO]: Registered texture set FOREST for biome traverse:woodlands
[22:25:01] [Client thread/INFO]: antique cities, initializing
[22:25:01] [Client thread/INFO]: Created: 256x128 textures-atlas
[22:25:01] [Client thread/INFO]: [pl.asie.foamfix.coremod.FoamFixTransformer:spliceClasses:114]: Spliced in METHOD: vazkii.quark.base.client.gui.config.GuiConfigBase.openWebLink
[22:25:01] [Client thread/WARN]: PriceRange(2, 1) invalid, 1 smaller than 2
[22:25:01] [Client thread/WARN]: PriceRange(4, 1) invalid, 1 smaller than 4
[22:25:01] [Client thread/WARN]: PriceRange(10, 1) invalid, 1 smaller than 10
[22:25:01] [Client thread/WARN]: PriceRange(9, 1) invalid, 1 smaller than 9
[22:25:01] [Client thread/WARN]: PriceRange(3, 2) invalid, 2 smaller than 3
[22:25:01] [Client thread/INFO]: The watcher waits on the northern wall
[22:25:01] [Client thread/INFO]: A daughter picks up a warrior's sword
[22:25:02] [Client thread/INFO]: [com.github.alexthe666.iceandfire.client.model.util.EnumSeaSerpentAnimations:initializeDragonModels:41]: sea serpent model at: seaserpentJumping1.tbl doesn't exist!
[22:25:02] [Client thread/INFO]: [com.github.alexthe666.iceandfire.client.model.util.EnumSeaSerpentAnimations:initializeDragonModels:42]: java.lang.NullPointerException: in is null
[22:25:02] [Client thread/INFO]: [com.github.alexthe666.iceandfire.client.model.util.EnumSeaSerpentAnimations:initializeDragonModels:42]: 	at java.util.zip.ZipInputStream.<init>(ZipInputStream.java:101)
[22:25:02] [Client thread/INFO]: [com.github.alexthe666.iceandfire.client.model.util.EnumSeaSerpentAnimations:initializeDragonModels:42]: 	at java.util.zip.ZipInputStream.<init>(ZipInputStream.java:80)
[22:25:02] [Client thread/INFO]: [com.github.alexthe666.iceandfire.client.model.util.EnumSeaSerpentAnimations:initializeDragonModels:42]: 	at net.ilexiconn.llibrary.client.model.tabula.TabulaModelHandler.getModelJsonStream(TabulaModelHandler.java:202)
[22:25:02] [Client thread/INFO]: [com.github.alexthe666.iceandfire.client.model.util.EnumSeaSerpentAnimations:initializeDragonModels:42]: 	at net.ilexiconn.llibrary.client.model.tabula.TabulaModelHandler.loadTabulaModel(TabulaModelHandler.java:75)
[22:25:02] [Client thread/INFO]: [com.github.alexthe666.iceandfire.client.model.util.EnumSeaSerpentAnimations:initializeDragonModels:42]: 	at com.github.alexthe666.iceandfire.client.model.util.EnumSeaSerpentAnimations.initializeDragonModels(EnumSeaSerpentAnimations.java:39)
[22:25:02] [Client thread/INFO]: [com.github.alexthe666.iceandfire.client.model.util.EnumSeaSerpentAnimations:initializeDragonModels:42]: 	at com.github.alexthe666.iceandfire.ClientProxy.renderEntities(ClientProxy.java:245)
[22:25:02] [Client thread/INFO]: [com.github.alexthe666.iceandfire.client.model.util.EnumSeaSerpentAnimations:initializeDragonModels:42]: 	at com.github.alexthe666.iceandfire.ClientProxy.render(ClientProxy.java:228)
[22:25:02] [Client thread/INFO]: [com.github.alexthe666.iceandfire.client.model.util.EnumSeaSerpentAnimations:initializeDragonModels:42]: 	at com.github.alexthe666.iceandfire.IceAndFire.init(IceAndFire.java:118)
[22:25:02] [Client thread/INFO]: [com.github.alexthe666.iceandfire.client.model.util.EnumSeaSerpentAnimations:initializeDragonModels:42]: 	at sun.reflect.NativeMethodAccessorImpl.invoke0(Native Method)
[22:25:02] [Client thread/INFO]: [com.github.alexthe666.iceandfire.client.model.util.EnumSeaSerpentAnimations:initializeDragonModels:42]: 	at sun.reflect.NativeMethodAccessorImpl.invoke(NativeMethodAccessorImpl.java:62)
[22:25:02] [Client thread/INFO]: [com.github.alexthe666.iceandfire.client.model.util.EnumSeaSerpentAnimations:initializeDragonModels:42]: 	at sun.reflect.DelegatingMethodAccessorImpl.invoke(DelegatingMethodAccessorImpl.java:43)
[22:25:02] [Client thread/INFO]: [com.github.alexthe666.iceandfire.client.model.util.EnumSeaSerpentAnimations:initializeDragonModels:42]: 	at java.lang.reflect.Method.invoke(Method.java:497)
[22:25:02] [Client thread/INFO]: [com.github.alexthe666.iceandfire.client.model.util.EnumSeaSerpentAnimations:initializeDragonModels:42]: 	at net.minecraftforge.fml.common.FMLModContainer.handleModStateEvent(FMLModContainer.java:637)
[22:25:02] [Client thread/INFO]: [com.github.alexthe666.iceandfire.client.model.util.EnumSeaSerpentAnimations:initializeDragonModels:42]: 	at sun.reflect.GeneratedMethodAccessor3.invoke(Unknown Source)
[22:25:02] [Client thread/INFO]: [com.github.alexthe666.iceandfire.client.model.util.EnumSeaSerpentAnimations:initializeDragonModels:42]: 	at sun.reflect.DelegatingMethodAccessorImpl.invoke(DelegatingMethodAccessorImpl.java:43)
[22:25:02] [Client thread/INFO]: [com.github.alexthe666.iceandfire.client.model.util.EnumSeaSerpentAnimations:initializeDragonModels:42]: 	at java.lang.reflect.Method.invoke(Method.java:497)
[22:25:02] [Client thread/INFO]: [com.github.alexthe666.iceandfire.client.model.util.EnumSeaSerpentAnimations:initializeDragonModels:42]: 	at com.google.common.eventbus.Subscriber.invokeSubscriberMethod(Subscriber.java:91)
[22:25:02] [Client thread/INFO]: [com.github.alexthe666.iceandfire.client.model.util.EnumSeaSerpentAnimations:initializeDragonModels:42]: 	at com.google.common.eventbus.Subscriber$SynchronizedSubscriber.invokeSubscriberMethod(Subscriber.java:150)
[22:25:02] [Client thread/INFO]: [com.github.alexthe666.iceandfire.client.model.util.EnumSeaSerpentAnimations:initializeDragonModels:42]: 	at com.google.common.eventbus.Subscriber$1.run(Subscriber.java:76)
[22:25:02] [Client thread/INFO]: [com.github.alexthe666.iceandfire.client.model.util.EnumSeaSerpentAnimations:initializeDragonModels:42]: 	at com.google.common.util.concurrent.MoreExecutors$DirectExecutor.execute(MoreExecutors.java:399)
[22:25:02] [Client thread/INFO]: [com.github.alexthe666.iceandfire.client.model.util.EnumSeaSerpentAnimations:initializeDragonModels:42]: 	at com.google.common.eventbus.Subscriber.dispatchEvent(Subscriber.java:71)
[22:25:02] [Client thread/INFO]: [com.github.alexthe666.iceandfire.client.model.util.EnumSeaSerpentAnimations:initializeDragonModels:42]: 	at com.google.common.eventbus.Dispatcher$PerThreadQueuedDispatcher.dispatch(Dispatcher.java:116)
[22:25:02] [Client thread/INFO]: [com.github.alexthe666.iceandfire.client.model.util.EnumSeaSerpentAnimations:initializeDragonModels:42]: 	at com.google.common.eventbus.EventBus.post(EventBus.java:217)
[22:25:02] [Client thread/INFO]: [com.github.alexthe666.iceandfire.client.model.util.EnumSeaSerpentAnimations:initializeDragonModels:42]: 	at net.minecraftforge.fml.common.LoadController.sendEventToModContainer(LoadController.java:219)
[22:25:02] [Client thread/INFO]: [com.github.alexthe666.iceandfire.client.model.util.EnumSeaSerpentAnimations:initializeDragonModels:42]: 	at net.minecraftforge.fml.common.LoadController.propogateStateMessage(LoadController.java:197)
[22:25:02] [Client thread/INFO]: [com.github.alexthe666.iceandfire.client.model.util.EnumSeaSerpentAnimations:initializeDragonModels:42]: 	at sun.reflect.NativeMethodAccessorImpl.invoke0(Native Method)
[22:25:02] [Client thread/INFO]: [com.github.alexthe666.iceandfire.client.model.util.EnumSeaSerpentAnimations:initializeDragonModels:42]: 	at sun.reflect.NativeMethodAccessorImpl.invoke(NativeMethodAccessorImpl.java:62)
[22:25:02] [Client thread/INFO]: [com.github.alexthe666.iceandfire.client.model.util.EnumSeaSerpentAnimations:initializeDragonModels:42]: 	at sun.reflect.DelegatingMethodAccessorImpl.invoke(DelegatingMethodAccessorImpl.java:43)
[22:25:02] [Client thread/INFO]: [com.github.alexthe666.iceandfire.client.model.util.EnumSeaSerpentAnimations:initializeDragonModels:42]: 	at java.lang.reflect.Method.invoke(Method.java:497)
[22:25:02] [Client thread/INFO]: [com.github.alexthe666.iceandfire.client.model.util.EnumSeaSerpentAnimations:initializeDragonModels:42]: 	at com.google.common.eventbus.Subscriber.invokeSubscriberMethod(Subscriber.java:91)
[22:25:02] [Client thread/INFO]: [com.github.alexthe666.iceandfire.client.model.util.EnumSeaSerpentAnimations:initializeDragonModels:42]: 	at com.google.common.eventbus.Subscriber$SynchronizedSubscriber.invokeSubscriberMethod(Subscriber.java:150)
[22:25:02] [Client thread/INFO]: [com.github.alexthe666.iceandfire.client.model.util.EnumSeaSerpentAnimations:initializeDragonModels:42]: 	at com.google.common.eventbus.Subscriber$1.run(Subscriber.java:76)
[22:25:02] [Client thread/INFO]: [com.github.alexthe666.iceandfire.client.model.util.EnumSeaSerpentAnimations:initializeDragonModels:42]: 	at com.google.common.util.concurrent.MoreExecutors$DirectExecutor.execute(MoreExecutors.java:399)
[22:25:02] [Client thread/INFO]: [com.github.alexthe666.iceandfire.client.model.util.EnumSeaSerpentAnimations:initializeDragonModels:42]: 	at com.google.common.eventbus.Subscriber.dispatchEvent(Subscriber.java:71)
[22:25:02] [Client thread/INFO]: [com.github.alexthe666.iceandfire.client.model.util.EnumSeaSerpentAnimations:initializeDragonModels:42]: 	at com.google.common.eventbus.Dispatcher$PerThreadQueuedDispatcher.dispatch(Dispatcher.java:116)
[22:25:02] [Client thread/INFO]: [com.github.alexthe666.iceandfire.client.model.util.EnumSeaSerpentAnimations:initializeDragonModels:42]: 	at com.google.common.eventbus.EventBus.post(EventBus.java:217)
[22:25:02] [Client thread/INFO]: [com.github.alexthe666.iceandfire.client.model.util.EnumSeaSerpentAnimations:initializeDragonModels:42]: 	at net.minecraftforge.fml.common.LoadController.distributeStateMessage(LoadController.java:136)
[22:25:02] [Client thread/INFO]: [com.github.alexthe666.iceandfire.client.model.util.EnumSeaSerpentAnimations:initializeDragonModels:42]: 	at net.minecraftforge.fml.common.Loader.initializeMods(Loader.java:749)
[22:25:02] [Client thread/INFO]: [com.github.alexthe666.iceandfire.client.model.util.EnumSeaSerpentAnimations:initializeDragonModels:42]: 	at net.minecraftforge.fml.client.FMLClientHandler.finishMinecraftLoading(FMLClientHandler.java:336)
[22:25:02] [Client thread/INFO]: [com.github.alexthe666.iceandfire.client.model.util.EnumSeaSerpentAnimations:initializeDragonModels:42]: 	at net.minecraft.client.Minecraft.func_71384_a(Minecraft.java:535)
[22:25:02] [Client thread/INFO]: [com.github.alexthe666.iceandfire.client.model.util.EnumSeaSerpentAnimations:initializeDragonModels:42]: 	at net.minecraft.client.Minecraft.func_99999_d(Minecraft.java:378)
[22:25:02] [Client thread/INFO]: [com.github.alexthe666.iceandfire.client.model.util.EnumSeaSerpentAnimations:initializeDragonModels:42]: 	at net.minecraft.client.main.Main.main(SourceFile:123)
[22:25:02] [Client thread/INFO]: [com.github.alexthe666.iceandfire.client.model.util.EnumSeaSerpentAnimations:initializeDragonModels:42]: 	at sun.reflect.NativeMethodAccessorImpl.invoke0(Native Method)
[22:25:02] [Client thread/INFO]: [com.github.alexthe666.iceandfire.client.model.util.EnumSeaSerpentAnimations:initializeDragonModels:42]: 	at sun.reflect.NativeMethodAccessorImpl.invoke(NativeMethodAccessorImpl.java:62)
[22:25:02] [Client thread/INFO]: [com.github.alexthe666.iceandfire.client.model.util.EnumSeaSerpentAnimations:initializeDragonModels:42]: 	at sun.reflect.DelegatingMethodAccessorImpl.invoke(DelegatingMethodAccessorImpl.java:43)
[22:25:02] [Client thread/INFO]: [com.github.alexthe666.iceandfire.client.model.util.EnumSeaSerpentAnimations:initializeDragonModels:42]: 	at java.lang.reflect.Method.invoke(Method.java:497)
[22:25:02] [Client thread/INFO]: [com.github.alexthe666.iceandfire.client.model.util.EnumSeaSerpentAnimations:initializeDragonModels:42]: 	at net.minecraft.launchwrapper.Launch.launch(Launch.java:135)
[22:25:02] [Client thread/INFO]: [com.github.alexthe666.iceandfire.client.model.util.EnumSeaSerpentAnimations:initializeDragonModels:42]: 	at net.minecraft.launchwrapper.Launch.main(Launch.java:28)
[22:25:02] [Client thread/INFO]: ATTEMPTING TO PATCH  com.github.alexthe666.iceandfire.event.StructureGenerator!
[22:25:02] [Client thread/INFO]: Applying patch [Hook Structure Generator] 
[22:25:02] [Client thread/INFO]: Writing class com.github.alexthe666.iceandfire.event.StructureGenerator with flags FRAMES
[22:25:02] [Client thread/INFO]: Initializing Rin's So Many Enchantments?...
[22:25:02] [Client thread/INFO]: Cannot find PotionType for quark:danger_sight, skipping
[22:25:02] [Client thread/INFO]: Cannot find PotionType for quark:resistance, skipping
[22:25:02] [Client thread/INFO]: ATTEMPTING TO PATCH  net.minecraft.advancements.AdvancementManager!
[22:25:02] [Client thread/INFO]: Applying patch [Stop Log Spammers] 
[22:25:02] [Client thread/INFO]: Writing class net.minecraft.advancements.AdvancementManager with flags None
[22:25:02] [Client thread/INFO]: Init OK!
[22:25:03] [Client thread/INFO]: Found method net.minecraft.client.renderer.chunk.RenderChunk.func_178581_b (FFFLnet/minecraft/client/renderer/chunk/ChunkCompileTaskGenerator;)V (matching rebuildChunk)
[22:25:03] [Client thread/INFO]: [BetterFoliageLoader] Applying RenderChunk block render override
[22:25:03] [Client thread/INFO]: [BetterFoliageLoader] Applying RenderChunk block layer override (non-Optifine)
[22:25:03] [Client thread/INFO]: [pl.asie.foamfix.coremod.FoamFixTransformer:spliceClasses:114]: Spliced in METHOD: net.minecraftforge.fml.common.network.ByteBufUtils.writeUTF8String
[22:25:03] [Client thread/INFO]: Removed 43 Aquaculture crafting recipes.
[22:25:03] [Client thread/INFO]: Removed 1 Aquaculture smelting recipes.
[22:25:03] [Client thread/INFO]: Removed 28 AdvancedFishing crafting recipes.
[22:25:03] [Client thread/INFO]: Removed 41 AdvancedFishing smelting recipes.
[22:25:03] [Client thread/INFO]: Deduplicated 260 property sets.
[22:25:03] [Client thread/INFO]: Weakening LaunchWrapper resource cache...
[22:25:03] [Client thread/INFO]: Registered client-side world unload notifier!
[22:25:03] [Client thread/INFO]: InfernalMobsCore load() completed! Modifiers ready: 26, config file at: C:\Users\clkma\AppData\Roaming\.minecraft\modpacks\97310384-d078-3373-9553-2a4e6fca4cf5\config\infernalmobs.cfg
[22:25:03] [Client thread/WARN]: Failed to check item tree version: null
[22:25:03] [Client thread/INFO]: Merging tree files.
[22:25:03] [Client thread/INFO]: Saving merged tree in TEMP folder.
[22:25:03] [Client thread/INFO]: Merged tree files.
[22:25:03] [Client thread/INFO]: Mod initialized
[22:25:03] [Client thread/INFO]: Found 81 ores
[22:25:03] [Client thread/INFO]: Created new network wrapper rc&reborncore.&64769
[22:25:03] [Client thread/INFO]: Registed packet to rc&reborncore.&64769 side: SERVER id:0
[22:25:03] [Client thread/INFO]: Created new network wrapper rc&reborncore.&39932
[22:25:03] [Client thread/INFO]: Registed packet to rc&reborncore.&39932 side: CLIENT id:0
[22:25:03] [Client thread/INFO]: Registed packet to rc&reborncore.&39932 side: SERVER id:1
[22:25:03] [Client thread/INFO]: Registed packet to rc&reborncore.&39932 side: SERVER id:2
[22:25:03] [Client thread/INFO]: Registed packet to rc&reborncore.&39932 side: SERVER id:3
[22:25:03] [Client thread/INFO]: Registed packet to rc&reborncore.&39932 side: CLIENT id:4
[22:25:03] [Client thread/INFO]: Registed packet to rc&reborncore.&39932 side: CLIENT id:5
[22:25:03] [Client thread/INFO]: Registed packet to rc&reborncore.&39932 side: SERVER id:6
[22:25:03] [Client thread/INFO]: Registed packet to rc&reborncore.&39932 side: SERVER id:7
[22:25:03] [Client thread/INFO]: Registed packet to rc&reborncore.&39932 side: CLIENT id:8
[22:25:03] [Client thread/INFO]: Registed packet to rc&reborncore.&39932 side: CLIENT id:9
[22:25:03] [Client thread/INFO]: Registed packet to rc&reborncore.&39932 side: CLIENT id:10
[22:25:03] [Client thread/INFO]: Loaded registrys for net.minecraftforge.fml.common.event.FMLInitializationEvent in 0ms
[22:25:03] [iChunUtil Online Resource Thread/WARN]: Error retrieving iChunUtil patron list.
[22:25:03] [iChunUtil Online Resource Thread/INFO]: [me.ichun.mods.ichunutil.common.thread.ThreadGetResources:run:61]: java.io.FileNotFoundException: https://raw.githubusercontent.com/iChun/iChunUtil/master/src/main/resources/assets/ichunutil/mod/patrons.json
[22:25:03] [iChunUtil Online Resource Thread/INFO]: [me.ichun.mods.ichunutil.common.thread.ThreadGetResources:run:61]: 	at sun.net.www.protocol.http.HttpURLConnection.getInputStream0(HttpURLConnection.java:1835)
[22:25:03] [iChunUtil Online Resource Thread/INFO]: [me.ichun.mods.ichunutil.common.thread.ThreadGetResources:run:61]: 	at sun.net.www.protocol.http.HttpURLConnection.access$200(HttpURLConnection.java:90)
[22:25:03] [iChunUtil Online Resource Thread/INFO]: [me.ichun.mods.ichunutil.common.thread.ThreadGetResources:run:61]: 	at sun.net.www.protocol.http.HttpURLConnection$9.run(HttpURLConnection.java:1432)
[22:25:03] [iChunUtil Online Resource Thread/INFO]: [me.ichun.mods.ichunutil.common.thread.ThreadGetResources:run:61]: 	at sun.net.www.protocol.http.HttpURLConnection$9.run(HttpURLConnection.java:1430)
[22:25:03] [iChunUtil Online Resource Thread/INFO]: [me.ichun.mods.ichunutil.common.thread.ThreadGetResources:run:61]: 	at java.security.AccessController.doPrivileged(Native Method)
[22:25:03] [iChunUtil Online Resource Thread/INFO]: [me.ichun.mods.ichunutil.common.thread.ThreadGetResources:run:61]: 	at java.security.AccessController.doPrivileged(AccessController.java:713)
[22:25:03] [iChunUtil Online Resource Thread/INFO]: [me.ichun.mods.ichunutil.common.thread.ThreadGetResources:run:61]: 	at sun.net.www.protocol.http.HttpURLConnection.getInputStream(HttpURLConnection.java:1429)
[22:25:03] [iChunUtil Online Resource Thread/INFO]: [me.ichun.mods.ichunutil.common.thread.ThreadGetResources:run:61]: 	at sun.net.www.protocol.https.HttpsURLConnectionImpl.getInputStream(HttpsURLConnectionImpl.java:254)
[22:25:03] [iChunUtil Online Resource Thread/INFO]: [me.ichun.mods.ichunutil.common.thread.ThreadGetResources:run:61]: 	at java.net.URL.openStream(URL.java:1038)
[22:25:03] [iChunUtil Online Resource Thread/INFO]: [me.ichun.mods.ichunutil.common.thread.ThreadGetResources:run:61]: 	at me.ichun.mods.ichunutil.common.thread.ThreadGetResources.run(ThreadGetResources.java:38)
[22:25:04] [Client thread/INFO]: [yalter.mousetweaks.Logger:Log:6]: [Mouse Tweaks] A call to initialize, entry point: FORGE.
[22:25:04] [Client thread/INFO]: [yalter.mousetweaks.Logger:Log:6]: [Mouse Tweaks] Reflecting GuiContainer...
[22:25:04] [Client thread/INFO]: [yalter.mousetweaks.Logger:Log:6]: [Mouse Tweaks] Detected obfuscation: FORGE.
[22:25:04] [Client thread/INFO]: [yalter.mousetweaks.Logger:Log:6]: [Mouse Tweaks] Success.
[22:25:04] [Client thread/INFO]: [yalter.mousetweaks.Logger:Log:6]: [Mouse Tweaks] Minecraft Forge is installed.
[22:25:04] [Client thread/INFO]: [yalter.mousetweaks.Logger:Log:6]: [Mouse Tweaks] LiteLoader is not installed.
[22:25:04] [Client thread/INFO]: [yalter.mousetweaks.Logger:Log:6]: [Mouse Tweaks] Using Forge for the mod operation.
[22:25:04] [Client thread/INFO]: [yalter.mousetweaks.Logger:Log:6]: [Mouse Tweaks] Mouse Tweaks has been initialized.
[22:25:04] [Client thread/WARN]: You are not running an official build. This version will NOT be supported by the author.
[22:25:04] [Client thread/INFO]: Found and removed com.github.alexthe666.iceandfire.event.EventLiving IEventListener onEntityUseItem from the event bus
[22:25:04] [Client thread/INFO]: Registering IAFUseItem to the event bus
[22:25:04] [Client thread/INFO]: Removed a snow villager trade: minecraft:snow
[22:25:04] [Client thread/INFO]: Found and removed ivorius.reccomplex.events.handlers.RCForgeEventHandler IEventListener onPreChunkDecoration from the event bus
[22:25:04] [Client thread/INFO]: Registering RCHandler to the event bus
[22:25:04] [Client thread/INFO]: Registering RCCleanup to the event bus
[22:25:04] [Client thread/INFO]: Registered com.charles445.rltweaker.handler.RecurrentHandler$RCCleanup onWorldLoad to the event bus
[22:25:04] [Client thread/INFO]: Registered com.charles445.rltweaker.handler.RecurrentHandler$RCCleanup onStructureGenerationLitePost to the event bus
[22:25:04] [Client thread/INFO]: Found and removed ladysnake.spawnercontrol.SpawnerEventHandler IEventListener onTickWorldTick from the event bus
[22:25:04] [Client thread/INFO]: Registering SCWorldTick to the event bus
[22:25:04] [iChunUtil Online Resource Thread/WARN]: Error retrieving mods versions list.
[22:25:04] [iChunUtil Online Resource Thread/INFO]: [me.ichun.mods.ichunutil.common.thread.ThreadGetResources:run:77]: java.io.FileNotFoundException: https://raw.githubusercontent.com/iChun/iChunUtil/master/src/main/resources/assets/ichunutil/mod/versions.json
[22:25:04] [iChunUtil Online Resource Thread/INFO]: [me.ichun.mods.ichunutil.common.thread.ThreadGetResources:run:77]: 	at sun.net.www.protocol.http.HttpURLConnection.getInputStream0(HttpURLConnection.java:1835)
[22:25:04] [iChunUtil Online Resource Thread/INFO]: [me.ichun.mods.ichunutil.common.thread.ThreadGetResources:run:77]: 	at sun.net.www.protocol.http.HttpURLConnection.access$200(HttpURLConnection.java:90)
[22:25:04] [iChunUtil Online Resource Thread/INFO]: [me.ichun.mods.ichunutil.common.thread.ThreadGetResources:run:77]: 	at sun.net.www.protocol.http.HttpURLConnection$9.run(HttpURLConnection.java:1432)
[22:25:04] [iChunUtil Online Resource Thread/INFO]: [me.ichun.mods.ichunutil.common.thread.ThreadGetResources:run:77]: 	at sun.net.www.protocol.http.HttpURLConnection$9.run(HttpURLConnection.java:1430)
[22:25:04] [iChunUtil Online Resource Thread/INFO]: [me.ichun.mods.ichunutil.common.thread.ThreadGetResources:run:77]: 	at java.security.AccessController.doPrivileged(Native Method)
[22:25:04] [iChunUtil Online Resource Thread/INFO]: [me.ichun.mods.ichunutil.common.thread.ThreadGetResources:run:77]: 	at java.security.AccessController.doPrivileged(AccessController.java:713)
[22:25:04] [iChunUtil Online Resource Thread/INFO]: [me.ichun.mods.ichunutil.common.thread.ThreadGetResources:run:77]: 	at sun.net.www.protocol.http.HttpURLConnection.getInputStream(HttpURLConnection.java:1429)
[22:25:04] [iChunUtil Online Resource Thread/INFO]: [me.ichun.mods.ichunutil.common.thread.ThreadGetResources:run:77]: 	at sun.net.www.protocol.https.HttpsURLConnectionImpl.getInputStream(HttpsURLConnectionImpl.java:254)
[22:25:04] [iChunUtil Online Resource Thread/INFO]: [me.ichun.mods.ichunutil.common.thread.ThreadGetResources:run:77]: 	at java.net.URL.openStream(URL.java:1038)
[22:25:04] [iChunUtil Online Resource Thread/INFO]: [me.ichun.mods.ichunutil.common.thread.ThreadGetResources:run:77]: 	at me.ichun.mods.ichunutil.common.thread.ThreadGetResources.run(ThreadGetResources.java:67)
[22:25:04] [Client thread/INFO]: Registering OreDictionary entries
[22:25:04] [Client thread/INFO]: Attempting to add new advancement triggers...
[22:25:04] [Client thread/INFO]: New advancement triggers added successfully!
[22:25:04] [Client thread/INFO]: Finished init phase!
[22:25:04] [Client thread/WARN]: Potentially Dangerous alternative prefix `minecraft` for name `arrowlancher`, expected `switchbow`. This could be a intended override, but in most cases indicates a broken mod.
[22:25:04] [Client thread/WARN]: Potentially Dangerous alternative prefix `minecraft` for name `podest`, expected `switchbow`. This could be a intended override, but in most cases indicates a broken mod.
[22:25:04] [Client thread/INFO]: Performing server-side compatibility init for mobends...
[22:25:04] [Client thread/INFO]: Performing client-side compatibility init for mobends...
[22:25:04] [Client thread/INFO]: Injecting itemstacks
[22:25:04] [Client thread/INFO]: Itemstack injection complete
[22:25:05] [Client thread/INFO]: Starting[E] SP...
[22:25:05] [Client thread/INFO]: [atomicstryker.battletowers.common.TowerStageItemManager:<init>:72]: Battletowers parsed Item/Block/ChestGenHook com.oblivioussp.spartanweaponry.item.ItemDagger@44f4ee15
[22:25:05] [Client thread/INFO]: [atomicstryker.battletowers.common.TowerStageItemManager:<init>:72]: Battletowers parsed Item/Block/ChestGenHook com.oblivioussp.spartanweaponry.item.ItemLongsword@2b6de905
[22:25:05] [Client thread/INFO]: [atomicstryker.battletowers.common.TowerStageItemManager:<init>:72]: Battletowers parsed Item/Block/ChestGenHook com.oblivioussp.spartanweaponry.item.ItemKatana@4edd99f7
[22:25:05] [Client thread/INFO]: [atomicstryker.battletowers.common.TowerStageItemManager:<init>:72]: Battletowers parsed Item/Block/ChestGenHook com.oblivioussp.spartanweaponry.item.ItemSaber@1ddc1ad1
[22:25:05] [Client thread/INFO]: [atomicstryker.battletowers.common.TowerStageItemManager:<init>:72]: Battletowers parsed Item/Block/ChestGenHook com.oblivioussp.spartanweaponry.item.ItemRapier@4dca888c
[22:25:05] [Client thread/INFO]: [atomicstryker.battletowers.common.TowerStageItemManager:<init>:72]: Battletowers parsed Item/Block/ChestGenHook com.oblivioussp.spartanweaponry.item.ItemGreatsword@37faabdc
[22:25:05] [Client thread/INFO]: [atomicstryker.battletowers.common.TowerStageItemManager:<init>:72]: Battletowers parsed Item/Block/ChestGenHook com.oblivioussp.spartanweaponry.item.ItemHammer@8c545d9
[22:25:05] [Client thread/INFO]: [atomicstryker.battletowers.common.TowerStageItemManager:<init>:72]: Battletowers parsed Item/Block/ChestGenHook com.oblivioussp.spartanweaponry.item.ItemWarhammer@f6d11d
[22:25:05] [Client thread/INFO]: [atomicstryker.battletowers.common.TowerStageItemManager:<init>:72]: Battletowers parsed Item/Block/ChestGenHook com.oblivioussp.spartanweaponry.item.ItemSpear@1b24d6e2
[22:25:05] [Client thread/INFO]: [atomicstryker.battletowers.common.TowerStageItemManager:<init>:72]: Battletowers parsed Item/Block/ChestGenHook com.oblivioussp.spartanweaponry.item.ItemHalberd@5fffc37c
[22:25:05] [Client thread/INFO]: [atomicstryker.battletowers.common.TowerStageItemManager:<init>:72]: Battletowers parsed Item/Block/ChestGenHook net.minecraft.item.ItemArmor@7be6dabb
[22:25:05] [Client thread/INFO]: [atomicstryker.battletowers.common.TowerStageItemManager:<init>:72]: Battletowers parsed Item/Block/ChestGenHook net.minecraft.item.ItemArmor@68fc636a
[22:25:05] [Client thread/INFO]: [atomicstryker.battletowers.common.TowerStageItemManager:<init>:72]: Battletowers parsed Item/Block/ChestGenHook net.minecraft.item.ItemArmor@18301763
[22:25:05] [Client thread/INFO]: [atomicstryker.battletowers.common.TowerStageItemManager:<init>:72]: Battletowers parsed Item/Block/ChestGenHook net.minecraft.item.ItemArmor@237ee2e1
[22:25:05] [Client thread/INFO]: [atomicstryker.battletowers.common.TowerStageItemManager:<init>:72]: Battletowers parsed Item/Block/ChestGenHook net.minecraft.item.Item@391e2a
[22:25:05] [Client thread/INFO]: [atomicstryker.battletowers.common.TowerStageItemManager:<init>:72]: Battletowers parsed Item/Block/ChestGenHook net.minecraft.item.ItemSeeds@64f613da
[22:25:05] [Client thread/INFO]: [atomicstryker.battletowers.common.TowerStageItemManager:<init>:72]: Battletowers parsed Item/Block/ChestGenHook net.minecraft.item.ItemMultiTexture@f996445
[22:25:05] [Client thread/INFO]: [atomicstryker.battletowers.common.TowerStageItemManager:<init>:72]: Battletowers parsed Item/Block/ChestGenHook net.minecraft.item.ItemBlockSpecial@4edd8a0a
[22:25:05] [Client thread/INFO]: [atomicstryker.battletowers.common.TowerStageItemManager:<init>:72]: Battletowers parsed Item/Block/ChestGenHook net.minecraft.item.ItemBlock@3abdc11d
[22:25:05] [Client thread/INFO]: [atomicstryker.battletowers.common.TowerStageItemManager:<init>:72]: Battletowers parsed Item/Block/ChestGenHook net.minecraft.item.ItemExpBottle@75a6bd06
[22:25:05] [Client thread/INFO]: [atomicstryker.battletowers.common.TowerStageItemManager:<init>:72]: Battletowers parsed Item/Block/ChestGenHook net.silentchaos512.scalinghealth.item.ItemHeartContainer@69c87f5
[22:25:05] [Client thread/INFO]: [atomicstryker.battletowers.common.TowerStageItemManager:<init>:72]: Battletowers parsed Item/Block/ChestGenHook com.oblivioussp.spartanweaponry.item.ItemPike@71798ed5
[22:25:05] [Client thread/INFO]: [atomicstryker.battletowers.common.TowerStageItemManager:<init>:72]: Battletowers parsed Item/Block/ChestGenHook com.oblivioussp.spartanweaponry.item.ItemLance@38c24def
[22:25:05] [Client thread/INFO]: [atomicstryker.battletowers.common.TowerStageItemManager:<init>:72]: Battletowers parsed Item/Block/ChestGenHook com.oblivioussp.spartanweaponry.item.ItemLongbow@dc7f378
[22:25:05] [Client thread/INFO]: [atomicstryker.battletowers.common.TowerStageItemManager:<init>:72]: Battletowers parsed Item/Block/ChestGenHook com.oblivioussp.spartanweaponry.item.ItemCrossbow@138cb411
[22:25:05] [Client thread/INFO]: [atomicstryker.battletowers.common.TowerStageItemManager:<init>:72]: Battletowers parsed Item/Block/ChestGenHook com.oblivioussp.spartanweaponry.item.ItemThrowingKnife@43429ac7
[22:25:05] [Client thread/INFO]: [atomicstryker.battletowers.common.TowerStageItemManager:<init>:72]: Battletowers parsed Item/Block/ChestGenHook com.oblivioussp.spartanweaponry.item.ItemThrowingAxe@196acbcc
[22:25:05] [Client thread/INFO]: [atomicstryker.battletowers.common.TowerStageItemManager:<init>:72]: Battletowers parsed Item/Block/ChestGenHook com.oblivioussp.spartanweaponry.item.ItemJavelin@57cf8d9c
[22:25:05] [Client thread/INFO]: [atomicstryker.battletowers.common.TowerStageItemManager:<init>:72]: Battletowers parsed Item/Block/ChestGenHook com.oblivioussp.spartanweaponry.item.ItemBoomerang@580446
[22:25:05] [Client thread/INFO]: [atomicstryker.battletowers.common.TowerStageItemManager:<init>:72]: Battletowers parsed Item/Block/ChestGenHook com.oblivioussp.spartanweaponry.item.ItemBattleaxe@a498ecf
[22:25:05] [Client thread/INFO]: [atomicstryker.battletowers.common.TowerStageItemManager:<init>:72]: Battletowers parsed Item/Block/ChestGenHook com.oblivioussp.spartanweaponry.item.ItemMace@2ab0613f
[22:25:05] [Client thread/INFO]: [atomicstryker.battletowers.common.TowerStageItemManager:<init>:72]: Battletowers parsed Item/Block/ChestGenHook net.minecraft.item.ItemArmor@7be6dabb
[22:25:05] [Client thread/INFO]: [atomicstryker.battletowers.common.TowerStageItemManager:<init>:72]: Battletowers parsed Item/Block/ChestGenHook net.minecraft.item.ItemArmor@68fc636a
[22:25:05] [Client thread/INFO]: [atomicstryker.battletowers.common.TowerStageItemManager:<init>:72]: Battletowers parsed Item/Block/ChestGenHook net.minecraft.item.ItemArmor@18301763
[22:25:05] [Client thread/INFO]: [atomicstryker.battletowers.common.TowerStageItemManager:<init>:72]: Battletowers parsed Item/Block/ChestGenHook net.minecraft.item.ItemArmor@237ee2e1
[22:25:05] [Client thread/INFO]: [atomicstryker.battletowers.common.TowerStageItemManager:<init>:72]: Battletowers parsed Item/Block/ChestGenHook net.minecraft.item.ItemCloth@35e357b
[22:25:05] [Client thread/INFO]: [atomicstryker.battletowers.common.TowerStageItemManager:<init>:72]: Battletowers parsed Item/Block/ChestGenHook net.minecraft.item.ItemCloth@35e357b
[22:25:05] [Client thread/INFO]: [atomicstryker.battletowers.common.TowerStageItemManager:<init>:72]: Battletowers parsed Item/Block/ChestGenHook net.minecraft.item.ItemCloth@35e357b
[22:25:05] [Client thread/INFO]: [atomicstryker.battletowers.common.TowerStageItemManager:<init>:72]: Battletowers parsed Item/Block/ChestGenHook net.minecraft.item.ItemSword@7901a5ab
[22:25:05] [Client thread/INFO]: [atomicstryker.battletowers.common.TowerStageItemManager:<init>:72]: Battletowers parsed Item/Block/ChestGenHook net.minecraft.item.ItemPickaxe@ca2a03f
[22:25:05] [Client thread/INFO]: [atomicstryker.battletowers.common.TowerStageItemManager:<init>:72]: Battletowers parsed Item/Block/ChestGenHook net.minecraft.item.ItemAxe@4a7c72af
[22:25:05] [Client thread/INFO]: [atomicstryker.battletowers.common.TowerStageItemManager:<init>:72]: Battletowers parsed Item/Block/ChestGenHook net.minecraft.item.ItemBlock@3abdc11d
[22:25:05] [Client thread/INFO]: [atomicstryker.battletowers.common.TowerStageItemManager:<init>:72]: Battletowers parsed Item/Block/ChestGenHook net.minecraft.item.ItemBlock@3b0c38f2
[22:25:05] [Client thread/INFO]: [atomicstryker.battletowers.common.TowerStageItemManager:<init>:72]: Battletowers parsed Item/Block/ChestGenHook net.minecraft.item.ItemBlock@28e24663
[22:25:05] [Client thread/INFO]: [atomicstryker.battletowers.common.TowerStageItemManager:<init>:72]: Battletowers parsed Item/Block/ChestGenHook net.minecraft.item.ItemBlock@28e24663
[22:25:05] [Client thread/INFO]: [atomicstryker.battletowers.common.TowerStageItemManager:<init>:72]: Battletowers parsed Item/Block/ChestGenHook net.silentchaos512.scalinghealth.item.ItemHeartContainer@69c87f5
[22:25:05] [Client thread/INFO]: [atomicstryker.battletowers.common.TowerStageItemManager:<init>:72]: Battletowers parsed Item/Block/ChestGenHook net.minecraft.item.ItemArmor@6e00d737
[22:25:05] [Client thread/INFO]: [atomicstryker.battletowers.common.TowerStageItemManager:<init>:72]: Battletowers parsed Item/Block/ChestGenHook net.minecraft.item.ItemArmor@656c0eae
[22:25:05] [Client thread/INFO]: [atomicstryker.battletowers.common.TowerStageItemManager:<init>:72]: Battletowers parsed Item/Block/ChestGenHook net.minecraft.item.ItemArmor@7d7f966f
[22:25:05] [Client thread/INFO]: [atomicstryker.battletowers.common.TowerStageItemManager:<init>:72]: Battletowers parsed Item/Block/ChestGenHook net.minecraft.item.ItemArmor@29c21acb
[22:25:05] [Client thread/INFO]: [atomicstryker.battletowers.common.TowerStageItemManager:<init>:72]: Battletowers parsed Item/Block/ChestGenHook net.minecraft.item.Item@c414eb3
[22:25:05] [Client thread/INFO]: [atomicstryker.battletowers.common.TowerStageItemManager:<init>:72]: Battletowers parsed Item/Block/ChestGenHook net.minecraft.item.Item@c414eb3
[22:25:05] [Client thread/INFO]: [atomicstryker.battletowers.common.TowerStageItemManager:<init>:72]: Battletowers parsed Item/Block/ChestGenHook net.minecraft.item.ItemBlock@58041b11
[22:25:05] [Client thread/INFO]: [atomicstryker.battletowers.common.TowerStageItemManager:<init>:72]: Battletowers parsed Item/Block/ChestGenHook net.minecraft.item.ItemBlock@58041b11
[22:25:05] [Client thread/INFO]: [atomicstryker.battletowers.common.TowerStageItemManager:<init>:72]: Battletowers parsed Item/Block/ChestGenHook net.minecraft.item.Item@641cea11
[22:25:05] [Client thread/INFO]: [atomicstryker.battletowers.common.TowerStageItemManager:<init>:72]: Battletowers parsed Item/Block/ChestGenHook net.minecraft.item.ItemCoal@7fb9a83c
[22:25:05] [Client thread/INFO]: [atomicstryker.battletowers.common.TowerStageItemManager:<init>:72]: Battletowers parsed Item/Block/ChestGenHook net.minecraft.item.ItemBlockSpecial@b814e23
[22:25:05] [Client thread/INFO]: [atomicstryker.battletowers.common.TowerStageItemManager:<init>:72]: Battletowers parsed Item/Block/ChestGenHook net.minecraft.item.ItemCloth@35e357b
[22:25:05] [Client thread/INFO]: [atomicstryker.battletowers.common.TowerStageItemManager:<init>:72]: Battletowers parsed Item/Block/ChestGenHook net.minecraft.item.ItemCloth@35e357b
[22:25:05] [Client thread/INFO]: [atomicstryker.battletowers.common.TowerStageItemManager:<init>:72]: Battletowers parsed Item/Block/ChestGenHook net.minecraft.item.ItemCloth@35e357b
[22:25:05] [Client thread/INFO]: [atomicstryker.battletowers.common.TowerStageItemManager:<init>:72]: Battletowers parsed Item/Block/ChestGenHook net.silentchaos512.scalinghealth.item.ItemHeartContainer@69c87f5
[22:25:05] [Client thread/INFO]: [atomicstryker.battletowers.common.TowerStageItemManager:<init>:72]: Battletowers parsed Item/Block/ChestGenHook ChestGenHook:gameplay/fishing/junk:5
[22:25:05] [Client thread/INFO]: [atomicstryker.battletowers.common.TowerStageItemManager:<init>:72]: Battletowers parsed Item/Block/ChestGenHook net.minecraft.item.Item@4880a9d
[22:25:05] [Client thread/INFO]: [atomicstryker.battletowers.common.TowerStageItemManager:<init>:72]: Battletowers parsed Item/Block/ChestGenHook net.minecraft.item.ItemArmor@6e00d737
[22:25:05] [Client thread/INFO]: [atomicstryker.battletowers.common.TowerStageItemManager:<init>:72]: Battletowers parsed Item/Block/ChestGenHook net.minecraft.item.ItemArmor@656c0eae
[22:25:05] [Client thread/INFO]: [atomicstryker.battletowers.common.TowerStageItemManager:<init>:72]: Battletowers parsed Item/Block/ChestGenHook net.minecraft.item.ItemArmor@7d7f966f
[22:25:05] [Client thread/INFO]: [atomicstryker.battletowers.common.TowerStageItemManager:<init>:72]: Battletowers parsed Item/Block/ChestGenHook net.minecraft.item.ItemArmor@29c21acb
[22:25:05] [Client thread/INFO]: [atomicstryker.battletowers.common.TowerStageItemManager:<init>:72]: Battletowers parsed Item/Block/ChestGenHook com.github.alexthe666.iceandfire.item.ItemModArmor@3ccbb2af
[22:25:05] [Client thread/INFO]: [atomicstryker.battletowers.common.TowerStageItemManager:<init>:72]: Battletowers parsed Item/Block/ChestGenHook com.github.alexthe666.iceandfire.item.ItemModArmor@4609b8b5
[22:25:05] [Client thread/INFO]: [atomicstryker.battletowers.common.TowerStageItemManager:<init>:72]: Battletowers parsed Item/Block/ChestGenHook com.github.alexthe666.iceandfire.item.ItemModArmor@3100147b
[22:25:05] [Client thread/INFO]: [atomicstryker.battletowers.common.TowerStageItemManager:<init>:72]: Battletowers parsed Item/Block/ChestGenHook com.github.alexthe666.iceandfire.item.ItemModArmor@772ec1f5
[22:25:05] [Client thread/INFO]: [atomicstryker.battletowers.common.TowerStageItemManager:<init>:72]: Battletowers parsed Item/Block/ChestGenHook net.minecraft.item.Item@4880a9d
[22:25:05] [Client thread/INFO]: [atomicstryker.battletowers.common.TowerStageItemManager:<init>:72]: Battletowers parsed Item/Block/ChestGenHook net.minecraft.item.ItemBlock@193d7ac7
[22:25:05] [Client thread/INFO]: [atomicstryker.battletowers.common.TowerStageItemManager:<init>:72]: Battletowers parsed Item/Block/ChestGenHook net.minecraft.item.ItemBlock@193d7ac7
[22:25:05] [Client thread/INFO]: [atomicstryker.battletowers.common.TowerStageItemManager:<init>:72]: Battletowers parsed Item/Block/ChestGenHook net.minecraft.item.ItemBlock@193d7ac7
[22:25:05] [Client thread/INFO]: [atomicstryker.battletowers.common.TowerStageItemManager:<init>:72]: Battletowers parsed Item/Block/ChestGenHook net.minecraft.item.Item@5f81507a
[22:25:05] [Client thread/INFO]: [atomicstryker.battletowers.common.TowerStageItemManager:<init>:72]: Battletowers parsed Item/Block/ChestGenHook net.minecraft.item.ItemFood@16c1d11
[22:25:05] [Client thread/INFO]: [atomicstryker.battletowers.common.TowerStageItemManager:<init>:72]: Battletowers parsed Item/Block/ChestGenHook net.minecraft.item.ItemFood@18fa5af6
[22:25:05] [Client thread/INFO]: [atomicstryker.battletowers.common.TowerStageItemManager:<init>:72]: Battletowers parsed Item/Block/ChestGenHook net.silentchaos512.scalinghealth.item.ItemHeartContainer@69c87f5
[22:25:05] [Client thread/INFO]: [atomicstryker.battletowers.common.TowerStageItemManager:<init>:72]: Battletowers parsed Item/Block/ChestGenHook ChestGenHook:gameplay/fishing/treasure:5
[22:25:05] [Client thread/INFO]: [atomicstryker.battletowers.common.TowerStageItemManager:<init>:72]: Battletowers parsed Item/Block/ChestGenHook gigaherz.toolbelt.belt.ItemToolBelt@669adcbb
[22:25:05] [Client thread/INFO]: [atomicstryker.battletowers.common.TowerStageItemManager:<init>:72]: Battletowers parsed Item/Block/ChestGenHook gigaherz.toolbelt.shadow.commons.ItemRegistered@1d56f2a2
[22:25:05] [Client thread/INFO]: [atomicstryker.battletowers.common.TowerStageItemManager:<init>:72]: Battletowers parsed Item/Block/ChestGenHook net.mcft.copy.backpacks.item.ItemBackpack@5975487b
[22:25:05] [Client thread/INFO]: [atomicstryker.battletowers.common.TowerStageItemManager:<init>:72]: Battletowers parsed Item/Block/ChestGenHook net.minecraft.item.ItemCompass@40d04cf8
[22:25:05] [Client thread/INFO]: [atomicstryker.battletowers.common.TowerStageItemManager:<init>:72]: Battletowers parsed Item/Block/ChestGenHook net.minecraft.item.ItemEmptyMap@14d513ca
[22:25:05] [Client thread/INFO]: [atomicstryker.battletowers.common.TowerStageItemManager:<init>:72]: Battletowers parsed Item/Block/ChestGenHook com.github.alexthe666.iceandfire.item.ItemModArmor@3ccbb2af
[22:25:05] [Client thread/INFO]: [atomicstryker.battletowers.common.TowerStageItemManager:<init>:72]: Battletowers parsed Item/Block/ChestGenHook com.github.alexthe666.iceandfire.item.ItemModArmor@4609b8b5
[22:25:05] [Client thread/INFO]: [atomicstryker.battletowers.common.TowerStageItemManager:<init>:72]: Battletowers parsed Item/Block/ChestGenHook com.github.alexthe666.iceandfire.item.ItemModArmor@3100147b
[22:25:05] [Client thread/INFO]: [atomicstryker.battletowers.common.TowerStageItemManager:<init>:72]: Battletowers parsed Item/Block/ChestGenHook com.github.alexthe666.iceandfire.item.ItemModArmor@772ec1f5
[22:25:05] [Client thread/INFO]: [atomicstryker.battletowers.common.TowerStageItemManager:<init>:72]: Battletowers parsed Item/Block/ChestGenHook net.minecraft.item.Item@4880a9d
[22:25:05] [Client thread/INFO]: [atomicstryker.battletowers.common.TowerStageItemManager:<init>:72]: Battletowers parsed Item/Block/ChestGenHook net.minecraft.item.ItemClock@774189d0
[22:25:05] [Client thread/INFO]: [atomicstryker.battletowers.common.TowerStageItemManager:<init>:72]: Battletowers parsed Item/Block/ChestGenHook net.minecraft.item.ItemBlock@5464aeec
[22:25:05] [Client thread/INFO]: [atomicstryker.battletowers.common.TowerStageItemManager:<init>:72]: Battletowers parsed Item/Block/ChestGenHook net.minecraft.item.ItemBlock@1b3a95d9
[22:25:05] [Client thread/INFO]: [atomicstryker.battletowers.common.TowerStageItemManager:<init>:72]: Battletowers parsed Item/Block/ChestGenHook net.minecraft.item.ItemMultiTexture@7282f7b1
[22:25:05] [Client thread/INFO]: [atomicstryker.battletowers.common.TowerStageItemManager:<init>:72]: Battletowers parsed Item/Block/ChestGenHook net.minecraft.item.Item@2f64f99f
[22:25:05] [Client thread/INFO]: [atomicstryker.battletowers.common.TowerStageItemManager:<init>:72]: Battletowers parsed Item/Block/ChestGenHook net.silentchaos512.scalinghealth.item.ItemHeartContainer@69c87f5
[22:25:05] [Client thread/INFO]: [atomicstryker.battletowers.common.TowerStageItemManager:<init>:72]: Battletowers parsed Item/Block/ChestGenHook ChestGenHook:chests/abandoned_mineshaft:5
[22:25:05] [Client thread/INFO]: [atomicstryker.battletowers.common.TowerStageItemManager:<init>:72]: Battletowers parsed Item/Block/ChestGenHook gigaherz.toolbelt.belt.ItemToolBelt@669adcbb
[22:25:05] [Client thread/INFO]: [atomicstryker.battletowers.common.TowerStageItemManager:<init>:72]: Battletowers parsed Item/Block/ChestGenHook gigaherz.toolbelt.shadow.commons.ItemRegistered@1d56f2a2
[22:25:05] [Client thread/INFO]: [atomicstryker.battletowers.common.TowerStageItemManager:<init>:72]: Battletowers parsed Item/Block/ChestGenHook net.mcft.copy.backpacks.item.ItemBackpack@5975487b
[22:25:05] [Client thread/INFO]: [atomicstryker.battletowers.common.TowerStageItemManager:<init>:72]: Battletowers parsed Item/Block/ChestGenHook net.minecraft.item.Item@4880a9d
[22:25:05] [Client thread/INFO]: [atomicstryker.battletowers.common.TowerStageItemManager:<init>:72]: Battletowers parsed Item/Block/ChestGenHook net.minecraft.item.ItemEmptyMap@14d513ca
[22:25:05] [Client thread/INFO]: [atomicstryker.battletowers.common.TowerStageItemManager:<init>:72]: Battletowers parsed Item/Block/ChestGenHook hunternif.mc.atlas.item.ItemEmptyAtlas@4fdaa41b
[22:25:05] [Client thread/INFO]: [atomicstryker.battletowers.common.TowerStageItemManager:<init>:72]: Battletowers parsed Item/Block/ChestGenHook net.minecraft.item.ItemArmor@4113d9ab
[22:25:05] [Client thread/INFO]: [atomicstryker.battletowers.common.TowerStageItemManager:<init>:72]: Battletowers parsed Item/Block/ChestGenHook net.minecraft.item.ItemArmor@448fa659
[22:25:05] [Client thread/INFO]: [atomicstryker.battletowers.common.TowerStageItemManager:<init>:72]: Battletowers parsed Item/Block/ChestGenHook net.minecraft.item.ItemArmor@45c28c49
[22:25:05] [Client thread/INFO]: [atomicstryker.battletowers.common.TowerStageItemManager:<init>:72]: Battletowers parsed Item/Block/ChestGenHook net.minecraft.item.ItemArmor@7c6fc278
[22:25:05] [Client thread/INFO]: [atomicstryker.battletowers.common.TowerStageItemManager:<init>:72]: Battletowers parsed Item/Block/ChestGenHook net.minecraft.item.ItemArmor@4113d9ab
[22:25:05] [Client thread/INFO]: [atomicstryker.battletowers.common.TowerStageItemManager:<init>:72]: Battletowers parsed Item/Block/ChestGenHook net.minecraft.item.Item@4880a9d
[22:25:05] [Client thread/INFO]: [atomicstryker.battletowers.common.TowerStageItemManager:<init>:72]: Battletowers parsed Item/Block/ChestGenHook net.minecraft.item.ItemCompass@40d04cf8
[22:25:05] [Client thread/INFO]: [atomicstryker.battletowers.common.TowerStageItemManager:<init>:72]: Battletowers parsed Item/Block/ChestGenHook net.minecraft.item.ItemBlock@49222187
[22:25:05] [Client thread/INFO]: [atomicstryker.battletowers.common.TowerStageItemManager:<init>:72]: Battletowers parsed Item/Block/ChestGenHook net.minecraft.item.ItemBlock@58189b85
[22:25:05] [Client thread/INFO]: [atomicstryker.battletowers.common.TowerStageItemManager:<init>:72]: Battletowers parsed Item/Block/ChestGenHook net.minecraft.item.ItemSign@44e7c06b
[22:25:05] [Client thread/INFO]: [atomicstryker.battletowers.common.TowerStageItemManager:<init>:72]: Battletowers parsed Item/Block/ChestGenHook net.minecraft.item.ItemFishingRod@5d373794
[22:25:05] [Client thread/INFO]: [atomicstryker.battletowers.common.TowerStageItemManager:<init>:72]: Battletowers parsed Item/Block/ChestGenHook net.minecraft.item.ItemSeeds@43201f84
[22:25:05] [Client thread/INFO]: [atomicstryker.battletowers.common.TowerStageItemManager:<init>:72]: Battletowers parsed Item/Block/ChestGenHook net.minecraft.item.ItemSeeds@2c51c756
[22:25:05] [Client thread/INFO]: [atomicstryker.battletowers.common.TowerStageItemManager:<init>:72]: Battletowers parsed Item/Block/ChestGenHook net.silentchaos512.scalinghealth.item.ItemHeartContainer@69c87f5
[22:25:05] [Client thread/INFO]: [atomicstryker.battletowers.common.TowerStageItemManager:<init>:72]: Battletowers parsed Item/Block/ChestGenHook ChestGenHook:chests/simple_dungeon:1
[22:25:05] [Client thread/INFO]: [atomicstryker.battletowers.common.TowerStageItemManager:<init>:72]: Battletowers parsed Item/Block/ChestGenHook hunternif.mc.atlas.item.ItemEmptyAtlas@4fdaa41b
[22:25:05] [Client thread/INFO]: [atomicstryker.battletowers.common.TowerStageItemManager:<init>:72]: Battletowers parsed Item/Block/ChestGenHook net.minecraft.item.ItemArmor@4113d9ab
[22:25:05] [Client thread/INFO]: [atomicstryker.battletowers.common.TowerStageItemManager:<init>:72]: Battletowers parsed Item/Block/ChestGenHook net.minecraft.item.ItemArmor@448fa659
[22:25:05] [Client thread/INFO]: [atomicstryker.battletowers.common.TowerStageItemManager:<init>:72]: Battletowers parsed Item/Block/ChestGenHook net.minecraft.item.ItemArmor@45c28c49
[22:25:05] [Client thread/INFO]: [atomicstryker.battletowers.common.TowerStageItemManager:<init>:72]: Battletowers parsed Item/Block/ChestGenHook net.minecraft.item.ItemArmor@7c6fc278
[22:25:05] [Client thread/INFO]: [atomicstryker.battletowers.common.TowerStageItemManager:<init>:72]: Battletowers parsed Item/Block/ChestGenHook net.minecraft.item.ItemArmor@4113d9ab
[22:25:05] [Client thread/INFO]: [atomicstryker.battletowers.common.TowerStageItemManager:<init>:72]: Battletowers parsed Item/Block/ChestGenHook org.jwaresoftware.mcmods.armorunder.ModItem@26bd5681
[22:25:05] [Client thread/INFO]: [atomicstryker.battletowers.common.TowerStageItemManager:<init>:72]: Battletowers parsed Item/Block/ChestGenHook org.jwaresoftware.mcmods.armorunder.ModItem@50303c8a
[22:25:05] [Client thread/INFO]: [atomicstryker.battletowers.common.TowerStageItemManager:<init>:72]: Battletowers parsed Item/Block/ChestGenHook net.minecraft.item.Item@7e741d6b
[22:25:05] [Client thread/INFO]: [atomicstryker.battletowers.common.TowerStageItemManager:<init>:72]: Battletowers parsed Item/Block/ChestGenHook net.minecraft.item.Item@7e741d6b
[22:25:05] [Client thread/INFO]: [atomicstryker.battletowers.common.TowerStageItemManager:<init>:72]: Battletowers parsed Item/Block/ChestGenHook net.minecraft.item.ItemBlock@49222187
[22:25:05] [Client thread/INFO]: [atomicstryker.battletowers.common.TowerStageItemManager:<init>:72]: Battletowers parsed Item/Block/ChestGenHook net.minecraft.item.ItemSword@3e24bab6
[22:25:05] [Client thread/INFO]: [atomicstryker.battletowers.common.TowerStageItemManager:<init>:72]: Battletowers parsed Item/Block/ChestGenHook net.minecraft.item.ItemPickaxe@3293030b
[22:25:05] [Client thread/INFO]: [atomicstryker.battletowers.common.TowerStageItemManager:<init>:72]: Battletowers parsed Item/Block/ChestGenHook net.minecraft.item.ItemAppleGold@10ae002e
[22:25:05] [Client thread/INFO]: [atomicstryker.battletowers.common.TowerStageItemManager:<init>:72]: Battletowers parsed Item/Block/ChestGenHook net.minecraft.item.ItemSword@2a7392a3
[22:25:05] [Client thread/INFO]: [atomicstryker.battletowers.common.TowerStageItemManager:<init>:72]: Battletowers parsed Item/Block/ChestGenHook net.minecraft.item.Item@7d7c05fa
[22:25:05] [Client thread/INFO]: [atomicstryker.battletowers.common.TowerStageItemManager:<init>:72]: Battletowers parsed Item/Block/ChestGenHook net.minecraft.item.Item@630e5010
[22:25:05] [Client thread/INFO]: [atomicstryker.battletowers.common.TowerStageItemManager:<init>:72]: Battletowers parsed Item/Block/ChestGenHook net.minecraft.item.ItemFishFood@3a012678
[22:25:05] [Client thread/INFO]: [atomicstryker.battletowers.common.TowerStageItemManager:<init>:72]: Battletowers parsed Item/Block/ChestGenHook net.minecraft.item.ItemDye@1bcf2c64
[22:25:05] [Client thread/INFO]: [atomicstryker.battletowers.common.TowerStageItemManager:<init>:72]: Battletowers parsed Item/Block/ChestGenHook net.silentchaos512.scalinghealth.item.ItemHeartContainer@69c87f5
[22:25:05] [Client thread/INFO]: [atomicstryker.battletowers.common.TowerStageItemManager:<init>:72]: Battletowers parsed Item/Block/ChestGenHook ChestGenHook:chests/simple_dungeon:2
[22:25:05] [Client thread/INFO]: [atomicstryker.battletowers.common.TowerStageItemManager:<init>:72]: Battletowers parsed Item/Block/ChestGenHook org.jwaresoftware.mcmods.armorunder.ModItem@26bd5681
[22:25:05] [Client thread/INFO]: [atomicstryker.battletowers.common.TowerStageItemManager:<init>:72]: Battletowers parsed Item/Block/ChestGenHook org.jwaresoftware.mcmods.armorunder.ModItem@50303c8a
[22:25:05] [Client thread/INFO]: [atomicstryker.battletowers.common.TowerStageItemManager:<init>:72]: Battletowers parsed Item/Block/ChestGenHook baubles.common.items.ItemRing@37594453
[22:25:05] [Client thread/INFO]: [atomicstryker.battletowers.common.TowerStageItemManager:<init>:72]: Battletowers parsed Item/Block/ChestGenHook com.tmtravlr.qualitytools.items.ItemEmeraldBauble@671c575c
[22:25:05] [Client thread/INFO]: [atomicstryker.battletowers.common.TowerStageItemManager:<init>:72]: Battletowers parsed Item/Block/ChestGenHook com.tmtravlr.qualitytools.items.ItemEmeraldBauble@44aad40f
[22:25:05] [Client thread/INFO]: [atomicstryker.battletowers.common.TowerStageItemManager:<init>:72]: Battletowers parsed Item/Block/ChestGenHook net.minecraft.item.Item@56351c02
[22:25:05] [Client thread/INFO]: [atomicstryker.battletowers.common.TowerStageItemManager:<init>:72]: Battletowers parsed Item/Block/ChestGenHook net.minecraft.item.Item@56351c02
[22:25:05] [Client thread/INFO]: [atomicstryker.battletowers.common.TowerStageItemManager:<init>:72]: Battletowers parsed Item/Block/ChestGenHook net.minecraft.item.ItemBlock@185b7cc6
[22:25:05] [Client thread/INFO]: [atomicstryker.battletowers.common.TowerStageItemManager:<init>:72]: Battletowers parsed Item/Block/ChestGenHook net.minecraft.item.Item@22c4354d
[22:25:05] [Client thread/INFO]: [atomicstryker.battletowers.common.TowerStageItemManager:<init>:72]: Battletowers parsed Item/Block/ChestGenHook net.minecraft.item.ItemBlock@49222187
[22:25:05] [Client thread/INFO]: [atomicstryker.battletowers.common.TowerStageItemManager:<init>:72]: Battletowers parsed Item/Block/ChestGenHook net.minecraft.item.Item@5216532a
[22:25:05] [Client thread/INFO]: [atomicstryker.battletowers.common.TowerStageItemManager:<init>:72]: Battletowers parsed Item/Block/ChestGenHook net.minecraft.item.Item@5216532a
[22:25:05] [Client thread/INFO]: [atomicstryker.battletowers.common.TowerStageItemManager:<init>:72]: Battletowers parsed Item/Block/ChestGenHook net.minecraft.item.Item@5216532a
[22:25:05] [Client thread/INFO]: [atomicstryker.battletowers.common.TowerStageItemManager:<init>:72]: Battletowers parsed Item/Block/ChestGenHook net.silentchaos512.scalinghealth.item.ItemHeartContainer@69c87f5
[22:25:05] [Client thread/INFO]: [atomicstryker.battletowers.common.TowerStageItemManager:<init>:72]: Battletowers parsed Item/Block/ChestGenHook ChestGenHook:chests/simple_dungeon:3
[22:25:05] [Client thread/INFO]: [atomicstryker.battletowers.common.TowerStageItemManager:<init>:72]: Battletowers parsed Item/Block/ChestGenHook cursedflames.bountifulbaubles.item.ItemSpectralSilt@4f90e940
[22:25:05] [Client thread/INFO]: [atomicstryker.battletowers.common.TowerStageItemManager:<init>:72]: Battletowers parsed Item/Block/ChestGenHook xzeroair.trinkets.items.base.ItemBase@4f276f20
[22:25:05] [Client thread/INFO]: [atomicstryker.battletowers.common.TowerStageItemManager:<init>:72]: Battletowers parsed Item/Block/ChestGenHook vazkii.potionfingers.ItemRing@7bc74235
[22:25:05] [Client thread/INFO]: [atomicstryker.battletowers.common.TowerStageItemManager:<init>:72]: Battletowers parsed Item/Block/ChestGenHook net.minecraft.item.Item@15bcecf9
[22:25:05] [Client thread/INFO]: [atomicstryker.battletowers.common.TowerStageItemManager:<init>:72]: Battletowers parsed Item/Block/ChestGenHook org.jwaresoftware.mcmods.armorunder.ModItem@26bd5681
[22:25:05] [Client thread/INFO]: [atomicstryker.battletowers.common.TowerStageItemManager:<init>:72]: Battletowers parsed Item/Block/ChestGenHook org.jwaresoftware.mcmods.armorunder.ModItem@50303c8a
[22:25:05] [Client thread/INFO]: [atomicstryker.battletowers.common.TowerStageItemManager:<init>:72]: Battletowers parsed Item/Block/ChestGenHook baubles.common.items.ItemRing@37594453
[22:25:05] [Client thread/INFO]: [atomicstryker.battletowers.common.TowerStageItemManager:<init>:72]: Battletowers parsed Item/Block/ChestGenHook com.tmtravlr.qualitytools.items.ItemEmeraldBauble@671c575c
[22:25:05] [Client thread/INFO]: [atomicstryker.battletowers.common.TowerStageItemManager:<init>:72]: Battletowers parsed Item/Block/ChestGenHook com.tmtravlr.qualitytools.items.ItemEmeraldBauble@44aad40f
[22:25:05] [Client thread/INFO]: [atomicstryker.battletowers.common.TowerStageItemManager:<init>:72]: Battletowers parsed Item/Block/ChestGenHook net.minecraft.item.Item@51097500
[22:25:05] [Client thread/INFO]: [atomicstryker.battletowers.common.TowerStageItemManager:<init>:72]: Battletowers parsed Item/Block/ChestGenHook net.minecraft.item.Item@51097500
[22:25:05] [Client thread/INFO]: [atomicstryker.battletowers.common.TowerStageItemManager:<init>:72]: Battletowers parsed Item/Block/ChestGenHook net.minecraft.item.ItemBlock@185b7cc6
[22:25:05] [Client thread/INFO]: [atomicstryker.battletowers.common.TowerStageItemManager:<init>:72]: Battletowers parsed Item/Block/ChestGenHook net.minecraft.item.ItemExpBottle@75a6bd06
[22:25:05] [Client thread/INFO]: [atomicstryker.battletowers.common.TowerStageItemManager:<init>:72]: Battletowers parsed Item/Block/ChestGenHook net.minecraft.item.Item@1b120d48
[22:25:05] [Client thread/INFO]: [atomicstryker.battletowers.common.TowerStageItemManager:<init>:72]: Battletowers parsed Item/Block/ChestGenHook net.minecraft.item.Item@22c4354d
[22:25:05] [Client thread/INFO]: [atomicstryker.battletowers.common.TowerStageItemManager:<init>:72]: Battletowers parsed Item/Block/ChestGenHook net.minecraft.item.Item@22c4354d
[22:25:05] [Client thread/INFO]: [atomicstryker.battletowers.common.TowerStageItemManager:<init>:72]: Battletowers parsed Item/Block/ChestGenHook net.minecraft.item.ItemArmor@23ee92df
[22:25:05] [Client thread/INFO]: [atomicstryker.battletowers.common.TowerStageItemManager:<init>:72]: Battletowers parsed Item/Block/ChestGenHook net.minecraft.item.ItemArmor@1a6a4595
[22:25:05] [Client thread/INFO]: [atomicstryker.battletowers.common.TowerStageItemManager:<init>:72]: Battletowers parsed Item/Block/ChestGenHook net.minecraft.item.ItemArmor@4b1b2255
[22:25:05] [Client thread/INFO]: [atomicstryker.battletowers.common.TowerStageItemManager:<init>:72]: Battletowers parsed Item/Block/ChestGenHook net.minecraft.item.ItemArmor@4965454c
[22:25:05] [Client thread/INFO]: [atomicstryker.battletowers.common.TowerStageItemManager:<init>:72]: Battletowers parsed Item/Block/ChestGenHook net.minecraft.item.ItemBlock@49222187
[22:25:05] [Client thread/INFO]: [atomicstryker.battletowers.common.TowerStageItemManager:<init>:72]: Battletowers parsed Item/Block/ChestGenHook net.minecraft.item.ItemBlock@49222187
[22:25:05] [Client thread/INFO]: [atomicstryker.battletowers.common.TowerStageItemManager:<init>:72]: Battletowers parsed Item/Block/ChestGenHook net.minecraft.item.ItemBlock@49222187
[22:25:05] [Client thread/INFO]: [atomicstryker.battletowers.common.TowerStageItemManager:<init>:72]: Battletowers parsed Item/Block/ChestGenHook net.minecraft.item.ItemEnderPearl@49770ef9
[22:25:05] [Client thread/INFO]: [atomicstryker.battletowers.common.TowerStageItemManager:<init>:72]: Battletowers parsed Item/Block/ChestGenHook net.minecraft.item.Item@1a22c1ba
[22:25:05] [Client thread/INFO]: [atomicstryker.battletowers.common.TowerStageItemManager:<init>:72]: Battletowers parsed Item/Block/ChestGenHook net.minecraft.item.Item@1a22c1ba
[22:25:05] [Client thread/INFO]: [atomicstryker.battletowers.common.TowerStageItemManager:<init>:72]: Battletowers parsed Item/Block/ChestGenHook net.minecraft.item.ItemBlock@32c08610
[22:25:05] [Client thread/INFO]: [atomicstryker.battletowers.common.TowerStageItemManager:<init>:72]: Battletowers parsed Item/Block/ChestGenHook net.minecraft.item.ItemBlock@658098a2
[22:25:05] [Client thread/INFO]: [atomicstryker.battletowers.common.TowerStageItemManager:<init>:72]: Battletowers parsed Item/Block/ChestGenHook net.minecraft.item.ItemBlockSpecial@14ee143a
[22:25:05] [Client thread/INFO]: [atomicstryker.battletowers.common.TowerStageItemManager:<init>:72]: Battletowers parsed Item/Block/ChestGenHook net.silentchaos512.scalinghealth.item.ItemHeartContainer@69c87f5
[22:25:05] [Client thread/INFO]: [atomicstryker.battletowers.common.TowerStageItemManager:<init>:72]: Battletowers parsed Item/Block/ChestGenHook ChestGenHook:chests/simple_dungeon:4
[22:25:05] [Client thread/INFO]: [atomicstryker.battletowers.common.TowerStageItemManager:<init>:72]: Battletowers parsed Item/Block/ChestGenHook net.minecraft.item.ItemSimpleFoiled@2a7b4f09
[22:25:05] [Client thread/INFO]: [atomicstryker.battletowers.common.TowerStageItemManager:<init>:72]: Battletowers parsed Item/Block/ChestGenHook net.minecraft.item.ItemSimpleFoiled@aead1b7
[22:25:05] [Client thread/INFO]: [atomicstryker.battletowers.common.TowerStageItemManager:<init>:72]: Battletowers parsed Item/Block/ChestGenHook net.minecraft.item.ItemSimpleFoiled@1cb3cb9d
[22:25:05] [Client thread/INFO]: [atomicstryker.battletowers.common.TowerStageItemManager:<init>:72]: Battletowers parsed Item/Block/ChestGenHook cursedflames.bountifulbaubles.item.ItemSpectralSilt@4f90e940
[22:25:05] [Client thread/INFO]: [atomicstryker.battletowers.common.TowerStageItemManager:<init>:72]: Battletowers parsed Item/Block/ChestGenHook xzeroair.trinkets.items.base.ItemBase@4f276f20
[22:25:05] [Client thread/INFO]: [atomicstryker.battletowers.common.TowerStageItemManager:<init>:72]: Battletowers parsed Item/Block/ChestGenHook vazkii.potionfingers.ItemRing@7bc74235
[22:25:05] [Client thread/INFO]: [atomicstryker.battletowers.common.TowerStageItemManager:<init>:72]: Battletowers parsed Item/Block/ChestGenHook baubles.common.items.ItemRing@37594453
[22:25:05] [Client thread/INFO]: [atomicstryker.battletowers.common.TowerStageItemManager:<init>:72]: Battletowers parsed Item/Block/ChestGenHook bl4ckscor3.mod.xptome.ItemXPTome@16cf0d0f
[22:25:05] [Client thread/INFO]: [atomicstryker.battletowers.common.TowerStageItemManager:<init>:72]: Battletowers parsed Item/Block/ChestGenHook bl4ckscor3.mod.xptome.ItemXPTome@16cf0d0f
[22:25:05] [Client thread/INFO]: [atomicstryker.battletowers.common.TowerStageItemManager:<init>:72]: Battletowers parsed Item/Block/ChestGenHook bl4ckscor3.mod.xptome.ItemXPTome@16cf0d0f
[22:25:05] [Client thread/INFO]: [atomicstryker.battletowers.common.TowerStageItemManager:<init>:72]: Battletowers parsed Item/Block/ChestGenHook bl4ckscor3.mod.xptome.ItemXPTome@16cf0d0f
[22:25:05] [Client thread/INFO]: [atomicstryker.battletowers.common.TowerStageItemManager:<init>:72]: Battletowers parsed Item/Block/ChestGenHook com.tmtravlr.qualitytools.items.ItemEmeraldBauble@671c575c
[22:25:05] [Client thread/INFO]: [atomicstryker.battletowers.common.TowerStageItemManager:<init>:72]: Battletowers parsed Item/Block/ChestGenHook com.tmtravlr.qualitytools.items.ItemEmeraldBauble@44aad40f
[22:25:05] [Client thread/INFO]: [atomicstryker.battletowers.common.TowerStageItemManager:<init>:72]: Battletowers parsed Item/Block/ChestGenHook net.minecraft.item.ItemSimpleFoiled@e08d871
[22:25:05] [Client thread/INFO]: [atomicstryker.battletowers.common.TowerStageItemManager:<init>:72]: Battletowers parsed Item/Block/ChestGenHook net.minecraft.item.ItemBlock@185b7cc6
[22:25:05] [Client thread/INFO]: [atomicstryker.battletowers.common.TowerStageItemManager:<init>:72]: Battletowers parsed Item/Block/ChestGenHook net.minecraft.item.ItemExpBottle@75a6bd06
[22:25:05] [Client thread/INFO]: [atomicstryker.battletowers.common.TowerStageItemManager:<init>:72]: Battletowers parsed Item/Block/ChestGenHook net.minecraft.item.ItemExpBottle@75a6bd06
[22:25:05] [Client thread/INFO]: [atomicstryker.battletowers.common.TowerStageItemManager:<init>:72]: Battletowers parsed Item/Block/ChestGenHook net.minecraft.item.Item@1b120d48
[22:25:05] [Client thread/INFO]: [atomicstryker.battletowers.common.TowerStageItemManager:<init>:72]: Battletowers parsed Item/Block/ChestGenHook net.minecraft.item.Item@15bcecf9
[22:25:05] [Client thread/INFO]: [atomicstryker.battletowers.common.TowerStageItemManager:<init>:72]: Battletowers parsed Item/Block/ChestGenHook net.minecraft.item.Item@22c4354d
[22:25:05] [Client thread/INFO]: [atomicstryker.battletowers.common.TowerStageItemManager:<init>:72]: Battletowers parsed Item/Block/ChestGenHook net.minecraft.item.Item@22c4354d
[22:25:05] [Client thread/INFO]: [atomicstryker.battletowers.common.TowerStageItemManager:<init>:72]: Battletowers parsed Item/Block/ChestGenHook net.minecraft.item.Item@22c4354d
[22:25:05] [Client thread/INFO]: [atomicstryker.battletowers.common.TowerStageItemManager:<init>:72]: Battletowers parsed Item/Block/ChestGenHook net.minecraft.item.ItemEnderPearl@49770ef9
[22:25:05] [Client thread/INFO]: [atomicstryker.battletowers.common.TowerStageItemManager:<init>:72]: Battletowers parsed Item/Block/ChestGenHook net.minecraft.item.Item@517d9cd5
[22:25:05] [Client thread/INFO]: [atomicstryker.battletowers.common.TowerStageItemManager:<init>:72]: Battletowers parsed Item/Block/ChestGenHook net.minecraft.item.Item@517d9cd5
[22:25:05] [Client thread/INFO]: [atomicstryker.battletowers.common.TowerStageItemManager:<init>:72]: Battletowers parsed Item/Block/ChestGenHook net.minecraft.item.Item@517d9cd5
[22:25:05] [Client thread/INFO]: [atomicstryker.battletowers.common.TowerStageItemManager:<init>:72]: Battletowers parsed Item/Block/ChestGenHook net.minecraft.item.ItemBlock@394331a8
[22:25:05] [Client thread/INFO]: [atomicstryker.battletowers.common.TowerStageItemManager:<init>:72]: Battletowers parsed Item/Block/ChestGenHook net.minecraft.item.ItemRedstone@4056cdb2
[22:25:05] [Client thread/INFO]: [atomicstryker.battletowers.common.TowerStageItemManager:<init>:72]: Battletowers parsed Item/Block/ChestGenHook net.minecraft.item.Item@862624f
[22:25:05] [Client thread/INFO]: [atomicstryker.battletowers.common.TowerStageItemManager:<init>:72]: Battletowers parsed Item/Block/ChestGenHook net.silentchaos512.scalinghealth.item.ItemHeartContainer@69c87f5
[22:25:05] [Client thread/INFO]: [atomicstryker.battletowers.common.TowerStageItemManager:<init>:72]: Battletowers parsed Item/Block/ChestGenHook ChestGenHook:chests/simple_dungeon:5
[22:25:05] [Client thread/INFO]: A brother bound to a love he must hide
[22:25:05] [Client thread/INFO]: The younger's armor is worn in the mind
[22:25:05] [Client thread/INFO]: A cold iron throne holds a boy barely grown
[22:25:05] [Client thread/INFO]: And now it is known
[22:25:05] [Client thread/INFO]: A claim to the prize, a crown laced in lies
[22:25:05] [Client thread/INFO]: You win or you die
[22:25:05] [Client thread/INFO]: PostInitializing Rin's So Many Enchantments?...
[22:25:05] [Client thread/INFO]: Loaded 177 hats.
[22:25:05] [Client thread/INFO]: Wow, that's a lot of hats!
[22:25:05] [Client thread/INFO]: [levelup2.skills.SkillRegistry:loadFromJson:368]: java.nio.file.NoSuchFileException: C:\Users\clkma\AppData\Roaming\.minecraft\modpacks\97310384-d078-3373-9553-2a4e6fca4cf5\config\levelup2\json\skills\combat\combat_bonus.json
[22:25:05] [Client thread/INFO]: [levelup2.skills.SkillRegistry:loadFromJson:368]: 	at sun.nio.fs.WindowsException.translateToIOException(WindowsException.java:79)
[22:25:05] [Client thread/INFO]: [levelup2.skills.SkillRegistry:loadFromJson:368]: 	at sun.nio.fs.WindowsException.rethrowAsIOException(WindowsException.java:97)
[22:25:05] [Client thread/INFO]: [levelup2.skills.SkillRegistry:loadFromJson:368]: 	at sun.nio.fs.WindowsException.rethrowAsIOException(WindowsException.java:102)
[22:25:05] [Client thread/INFO]: [levelup2.skills.SkillRegistry:loadFromJson:368]: 	at sun.nio.fs.WindowsFileSystemProvider.newByteChannel(WindowsFileSystemProvider.java:230)
[22:25:05] [Client thread/INFO]: [levelup2.skills.SkillRegistry:loadFromJson:368]: 	at java.nio.file.Files.newByteChannel(Files.java:361)
[22:25:05] [Client thread/INFO]: [levelup2.skills.SkillRegistry:loadFromJson:368]: 	at java.nio.file.Files.newByteChannel(Files.java:407)
[22:25:05] [Client thread/INFO]: [levelup2.skills.SkillRegistry:loadFromJson:368]: 	at java.nio.file.spi.FileSystemProvider.newInputStream(FileSystemProvider.java:384)
[22:25:05] [Client thread/INFO]: [levelup2.skills.SkillRegistry:loadFromJson:368]: 	at java.nio.file.Files.newInputStream(Files.java:152)
[22:25:05] [Client thread/INFO]: [levelup2.skills.SkillRegistry:loadFromJson:368]: 	at java.nio.file.Files.newBufferedReader(Files.java:2784)
[22:25:05] [Client thread/INFO]: [levelup2.skills.SkillRegistry:loadFromJson:368]: 	at java.nio.file.Files.newBufferedReader(Files.java:2816)
[22:25:05] [Client thread/INFO]: [levelup2.skills.SkillRegistry:loadFromJson:368]: 	at levelup2.skills.SkillRegistry.loadFromJson(SkillRegistry.java:365)
[22:25:05] [Client thread/INFO]: [levelup2.skills.SkillRegistry:loadFromJson:368]: 	at levelup2.skills.SkillRegistry.registerSkillProperties(SkillRegistry.java:351)
[22:25:05] [Client thread/INFO]: [levelup2.skills.SkillRegistry:loadFromJson:368]: 	at levelup2.config.LevelUpConfig.registerSkillProperties(LevelUpConfig.java:169)
[22:25:05] [Client thread/INFO]: [levelup2.skills.SkillRegistry:loadFromJson:368]: 	at levelup2.LevelUp2.postInit(LevelUp2.java:63)
[22:25:05] [Client thread/INFO]: [levelup2.skills.SkillRegistry:loadFromJson:368]: 	at sun.reflect.NativeMethodAccessorImpl.invoke0(Native Method)
[22:25:05] [Client thread/INFO]: [levelup2.skills.SkillRegistry:loadFromJson:368]: 	at sun.reflect.NativeMethodAccessorImpl.invoke(NativeMethodAccessorImpl.java:62)
[22:25:05] [Client thread/INFO]: [levelup2.skills.SkillRegistry:loadFromJson:368]: 	at sun.reflect.DelegatingMethodAccessorImpl.invoke(DelegatingMethodAccessorImpl.java:43)
[22:25:05] [Client thread/INFO]: [levelup2.skills.SkillRegistry:loadFromJson:368]: 	at java.lang.reflect.Method.invoke(Method.java:497)
[22:25:05] [Client thread/INFO]: [levelup2.skills.SkillRegistry:loadFromJson:368]: 	at net.minecraftforge.fml.common.FMLModContainer.handleModStateEvent(FMLModContainer.java:637)
[22:25:05] [Client thread/INFO]: [levelup2.skills.SkillRegistry:loadFromJson:368]: 	at sun.reflect.GeneratedMethodAccessor3.invoke(Unknown Source)
[22:25:05] [Client thread/INFO]: [levelup2.skills.SkillRegistry:loadFromJson:368]: 	at sun.reflect.DelegatingMethodAccessorImpl.invoke(DelegatingMethodAccessorImpl.java:43)
[22:25:05] [Client thread/INFO]: [levelup2.skills.SkillRegistry:loadFromJson:368]: 	at java.lang.reflect.Method.invoke(Method.java:497)
[22:25:05] [Client thread/INFO]: [levelup2.skills.SkillRegistry:loadFromJson:368]: 	at com.google.common.eventbus.Subscriber.invokeSubscriberMethod(Subscriber.java:91)
[22:25:05] [Client thread/INFO]: [levelup2.skills.SkillRegistry:loadFromJson:368]: 	at com.google.common.eventbus.Subscriber$SynchronizedSubscriber.invokeSubscriberMethod(Subscriber.java:150)
[22:25:05] [Client thread/INFO]: [levelup2.skills.SkillRegistry:loadFromJson:368]: 	at com.google.common.eventbus.Subscriber$1.run(Subscriber.java:76)
[22:25:05] [Client thread/INFO]: [levelup2.skills.SkillRegistry:loadFromJson:368]: 	at com.google.common.util.concurrent.MoreExecutors$DirectExecutor.execute(MoreExecutors.java:399)
[22:25:05] [Client thread/INFO]: [levelup2.skills.SkillRegistry:loadFromJson:368]: 	at com.google.common.eventbus.Subscriber.dispatchEvent(Subscriber.java:71)
[22:25:05] [Client thread/INFO]: [levelup2.skills.SkillRegistry:loadFromJson:368]: 	at com.google.common.eventbus.Dispatcher$PerThreadQueuedDispatcher.dispatch(Dispatcher.java:116)
[22:25:05] [Client thread/INFO]: [levelup2.skills.SkillRegistry:loadFromJson:368]: 	at com.google.common.eventbus.EventBus.post(EventBus.java:217)
[22:25:05] [Client thread/INFO]: [levelup2.skills.SkillRegistry:loadFromJson:368]: 	at net.minecraftforge.fml.common.LoadController.sendEventToModContainer(LoadController.java:219)
[22:25:05] [Client thread/INFO]: [levelup2.skills.SkillRegistry:loadFromJson:368]: 	at net.minecraftforge.fml.common.LoadController.propogateStateMessage(LoadController.java:197)
[22:25:05] [Client thread/INFO]: [levelup2.skills.SkillRegistry:loadFromJson:368]: 	at sun.reflect.NativeMethodAccessorImpl.invoke0(Native Method)
[22:25:05] [Client thread/INFO]: [levelup2.skills.SkillRegistry:loadFromJson:368]: 	at sun.reflect.NativeMethodAccessorImpl.invoke(NativeMethodAccessorImpl.java:62)
[22:25:05] [Client thread/INFO]: [levelup2.skills.SkillRegistry:loadFromJson:368]: 	at sun.reflect.DelegatingMethodAccessorImpl.invoke(DelegatingMethodAccessorImpl.java:43)
[22:25:05] [Client thread/INFO]: [levelup2.skills.SkillRegistry:loadFromJson:368]: 	at java.lang.reflect.Method.invoke(Method.java:497)
[22:25:05] [Client thread/INFO]: [levelup2.skills.SkillRegistry:loadFromJson:368]: 	at com.google.common.eventbus.Subscriber.invokeSubscriberMethod(Subscriber.java:91)
[22:25:05] [Client thread/INFO]: [levelup2.skills.SkillRegistry:loadFromJson:368]: 	at com.google.common.eventbus.Subscriber$SynchronizedSubscriber.invokeSubscriberMethod(Subscriber.java:150)
[22:25:05] [Client thread/INFO]: [levelup2.skills.SkillRegistry:loadFromJson:368]: 	at com.google.common.eventbus.Subscriber$1.run(Subscriber.java:76)
[22:25:05] [Client thread/INFO]: [levelup2.skills.SkillRegistry:loadFromJson:368]: 	at com.google.common.util.concurrent.MoreExecutors$DirectExecutor.execute(MoreExecutors.java:399)
[22:25:05] [Client thread/INFO]: [levelup2.skills.SkillRegistry:loadFromJson:368]: 	at com.google.common.eventbus.Subscriber.dispatchEvent(Subscriber.java:71)
[22:25:05] [Client thread/INFO]: [levelup2.skills.SkillRegistry:loadFromJson:368]: 	at com.google.common.eventbus.Dispatcher$PerThreadQueuedDispatcher.dispatch(Dispatcher.java:116)
[22:25:05] [Client thread/INFO]: [levelup2.skills.SkillRegistry:loadFromJson:368]: 	at com.google.common.eventbus.EventBus.post(EventBus.java:217)
[22:25:05] [Client thread/INFO]: [levelup2.skills.SkillRegistry:loadFromJson:368]: 	at net.minecraftforge.fml.common.LoadController.distributeStateMessage(LoadController.java:136)
[22:25:05] [Client thread/INFO]: [levelup2.skills.SkillRegistry:loadFromJson:368]: 	at net.minecraftforge.fml.common.Loader.initializeMods(Loader.java:754)
[22:25:05] [Client thread/INFO]: [levelup2.skills.SkillRegistry:loadFromJson:368]: 	at net.minecraftforge.fml.client.FMLClientHandler.finishMinecraftLoading(FMLClientHandler.java:336)
[22:25:05] [Client thread/INFO]: [levelup2.skills.SkillRegistry:loadFromJson:368]: 	at net.minecraft.client.Minecraft.func_71384_a(Minecraft.java:535)
[22:25:05] [Client thread/INFO]: [levelup2.skills.SkillRegistry:loadFromJson:368]: 	at net.minecraft.client.Minecraft.func_99999_d(Minecraft.java:378)
[22:25:05] [Client thread/INFO]: [levelup2.skills.SkillRegistry:loadFromJson:368]: 	at net.minecraft.client.main.Main.main(SourceFile:123)
[22:25:05] [Client thread/INFO]: [levelup2.skills.SkillRegistry:loadFromJson:368]: 	at sun.reflect.NativeMethodAccessorImpl.invoke0(Native Method)
[22:25:05] [Client thread/INFO]: [levelup2.skills.SkillRegistry:loadFromJson:368]: 	at sun.reflect.NativeMethodAccessorImpl.invoke(NativeMethodAccessorImpl.java:62)
[22:25:05] [Client thread/INFO]: [levelup2.skills.SkillRegistry:loadFromJson:368]: 	at sun.reflect.DelegatingMethodAccessorImpl.invoke(DelegatingMethodAccessorImpl.java:43)
[22:25:05] [Client thread/INFO]: [levelup2.skills.SkillRegistry:loadFromJson:368]: 	at java.lang.reflect.Method.invoke(Method.java:497)
[22:25:05] [Client thread/INFO]: [levelup2.skills.SkillRegistry:loadFromJson:368]: 	at net.minecraft.launchwrapper.Launch.launch(Launch.java:135)
[22:25:05] [Client thread/INFO]: [levelup2.skills.SkillRegistry:loadFromJson:368]: 	at net.minecraft.launchwrapper.Launch.main(Launch.java:28)
[22:25:05] [Client thread/INFO]: [levelup2.skills.SkillRegistry:loadFromJson:368]: java.nio.file.NoSuchFileException: C:\Users\clkma\AppData\Roaming\.minecraft\modpacks\97310384-d078-3373-9553-2a4e6fca4cf5\config\levelup2\json\skills\crafting\craft_bonus.json
[22:25:05] [Client thread/INFO]: [levelup2.skills.SkillRegistry:loadFromJson:368]: 	at sun.nio.fs.WindowsException.translateToIOException(WindowsException.java:79)
[22:25:05] [Client thread/INFO]: [levelup2.skills.SkillRegistry:loadFromJson:368]: 	at sun.nio.fs.WindowsException.rethrowAsIOException(WindowsException.java:97)
[22:25:05] [Client thread/INFO]: [levelup2.skills.SkillRegistry:loadFromJson:368]: 	at sun.nio.fs.WindowsException.rethrowAsIOException(WindowsException.java:102)
[22:25:05] [Client thread/INFO]: [levelup2.skills.SkillRegistry:loadFromJson:368]: 	at sun.nio.fs.WindowsFileSystemProvider.newByteChannel(WindowsFileSystemProvider.java:230)
[22:25:05] [Client thread/INFO]: [levelup2.skills.SkillRegistry:loadFromJson:368]: 	at java.nio.file.Files.newByteChannel(Files.java:361)
[22:25:05] [Client thread/INFO]: [levelup2.skills.SkillRegistry:loadFromJson:368]: 	at java.nio.file.Files.newByteChannel(Files.java:407)
[22:25:05] [Client thread/INFO]: [levelup2.skills.SkillRegistry:loadFromJson:368]: 	at java.nio.file.spi.FileSystemProvider.newInputStream(FileSystemProvider.java:384)
[22:25:05] [Client thread/INFO]: [levelup2.skills.SkillRegistry:loadFromJson:368]: 	at java.nio.file.Files.newInputStream(Files.java:152)
[22:25:05] [Client thread/INFO]: [levelup2.skills.SkillRegistry:loadFromJson:368]: 	at java.nio.file.Files.newBufferedReader(Files.java:2784)
[22:25:05] [Client thread/INFO]: [levelup2.skills.SkillRegistry:loadFromJson:368]: 	at java.nio.file.Files.newBufferedReader(Files.java:2816)
[22:25:05] [Client thread/INFO]: [levelup2.skills.SkillRegistry:loadFromJson:368]: 	at levelup2.skills.SkillRegistry.loadFromJson(SkillRegistry.java:365)
[22:25:05] [Client thread/INFO]: [levelup2.skills.SkillRegistry:loadFromJson:368]: 	at levelup2.skills.SkillRegistry.registerSkillProperties(SkillRegistry.java:351)
[22:25:05] [Client thread/INFO]: [levelup2.skills.SkillRegistry:loadFromJson:368]: 	at levelup2.config.LevelUpConfig.registerSkillProperties(LevelUpConfig.java:169)
[22:25:05] [Client thread/INFO]: [levelup2.skills.SkillRegistry:loadFromJson:368]: 	at levelup2.LevelUp2.postInit(LevelUp2.java:63)
[22:25:05] [Client thread/INFO]: [levelup2.skills.SkillRegistry:loadFromJson:368]: 	at sun.reflect.NativeMethodAccessorImpl.invoke0(Native Method)
[22:25:05] [Client thread/INFO]: [levelup2.skills.SkillRegistry:loadFromJson:368]: 	at sun.reflect.NativeMethodAccessorImpl.invoke(NativeMethodAccessorImpl.java:62)
[22:25:05] [Client thread/INFO]: [levelup2.skills.SkillRegistry:loadFromJson:368]: 	at sun.reflect.DelegatingMethodAccessorImpl.invoke(DelegatingMethodAccessorImpl.java:43)
[22:25:05] [Client thread/INFO]: [levelup2.skills.SkillRegistry:loadFromJson:368]: 	at java.lang.reflect.Method.invoke(Method.java:497)
[22:25:05] [Client thread/INFO]: [levelup2.skills.SkillRegistry:loadFromJson:368]: 	at net.minecraftforge.fml.common.FMLModContainer.handleModStateEvent(FMLModContainer.java:637)
[22:25:05] [Client thread/INFO]: [levelup2.skills.SkillRegistry:loadFromJson:368]: 	at sun.reflect.GeneratedMethodAccessor3.invoke(Unknown Source)
[22:25:05] [Client thread/INFO]: [levelup2.skills.SkillRegistry:loadFromJson:368]: 	at sun.reflect.DelegatingMethodAccessorImpl.invoke(DelegatingMethodAccessorImpl.java:43)
[22:25:05] [Client thread/INFO]: [levelup2.skills.SkillRegistry:loadFromJson:368]: 	at java.lang.reflect.Method.invoke(Method.java:497)
[22:25:05] [Client thread/INFO]: [levelup2.skills.SkillRegistry:loadFromJson:368]: 	at com.google.common.eventbus.Subscriber.invokeSubscriberMethod(Subscriber.java:91)
[22:25:05] [Client thread/INFO]: [levelup2.skills.SkillRegistry:loadFromJson:368]: 	at com.google.common.eventbus.Subscriber$SynchronizedSubscriber.invokeSubscriberMethod(Subscriber.java:150)
[22:25:05] [Client thread/INFO]: [levelup2.skills.SkillRegistry:loadFromJson:368]: 	at com.google.common.eventbus.Subscriber$1.run(Subscriber.java:76)
[22:25:05] [Client thread/INFO]: [levelup2.skills.SkillRegistry:loadFromJson:368]: 	at com.google.common.util.concurrent.MoreExecutors$DirectExecutor.execute(MoreExecutors.java:399)
[22:25:05] [Client thread/INFO]: [levelup2.skills.SkillRegistry:loadFromJson:368]: 	at com.google.common.eventbus.Subscriber.dispatchEvent(Subscriber.java:71)
[22:25:05] [Client thread/INFO]: [levelup2.skills.SkillRegistry:loadFromJson:368]: 	at com.google.common.eventbus.Dispatcher$PerThreadQueuedDispatcher.dispatch(Dispatcher.java:116)
[22:25:05] [Client thread/INFO]: [levelup2.skills.SkillRegistry:loadFromJson:368]: 	at com.google.common.eventbus.EventBus.post(EventBus.java:217)
[22:25:05] [Client thread/INFO]: [levelup2.skills.SkillRegistry:loadFromJson:368]: 	at net.minecraftforge.fml.common.LoadController.sendEventToModContainer(LoadController.java:219)
[22:25:05] [Client thread/INFO]: [levelup2.skills.SkillRegistry:loadFromJson:368]: 	at net.minecraftforge.fml.common.LoadController.propogateStateMessage(LoadController.java:197)
[22:25:05] [Client thread/INFO]: [levelup2.skills.SkillRegistry:loadFromJson:368]: 	at sun.reflect.NativeMethodAccessorImpl.invoke0(Native Method)
[22:25:05] [Client thread/INFO]: [levelup2.skills.SkillRegistry:loadFromJson:368]: 	at sun.reflect.NativeMethodAccessorImpl.invoke(NativeMethodAccessorImpl.java:62)
[22:25:05] [Client thread/INFO]: [levelup2.skills.SkillRegistry:loadFromJson:368]: 	at sun.reflect.DelegatingMethodAccessorImpl.invoke(DelegatingMethodAccessorImpl.java:43)
[22:25:05] [Client thread/INFO]: [levelup2.skills.SkillRegistry:loadFromJson:368]: 	at java.lang.reflect.Method.invoke(Method.java:497)
[22:25:05] [Client thread/INFO]: [levelup2.skills.SkillRegistry:loadFromJson:368]: 	at com.google.common.eventbus.Subscriber.invokeSubscriberMethod(Subscriber.java:91)
[22:25:05] [Client thread/INFO]: [levelup2.skills.SkillRegistry:loadFromJson:368]: 	at com.google.common.eventbus.Subscriber$SynchronizedSubscriber.invokeSubscriberMethod(Subscriber.java:150)
[22:25:05] [Client thread/INFO]: [levelup2.skills.SkillRegistry:loadFromJson:368]: 	at com.google.common.eventbus.Subscriber$1.run(Subscriber.java:76)
[22:25:05] [Client thread/INFO]: [levelup2.skills.SkillRegistry:loadFromJson:368]: 	at com.google.common.util.concurrent.MoreExecutors$DirectExecutor.execute(MoreExecutors.java:399)
[22:25:05] [Client thread/INFO]: [levelup2.skills.SkillRegistry:loadFromJson:368]: 	at com.google.common.eventbus.Subscriber.dispatchEvent(Subscriber.java:71)
[22:25:05] [Client thread/INFO]: [levelup2.skills.SkillRegistry:loadFromJson:368]: 	at com.google.common.eventbus.Dispatcher$PerThreadQueuedDispatcher.dispatch(Dispatcher.java:116)
[22:25:05] [Client thread/INFO]: [levelup2.skills.SkillRegistry:loadFromJson:368]: 	at com.google.common.eventbus.EventBus.post(EventBus.java:217)
[22:25:05] [Client thread/INFO]: [levelup2.skills.SkillRegistry:loadFromJson:368]: 	at net.minecraftforge.fml.common.LoadController.distributeStateMessage(LoadController.java:136)
[22:25:05] [Client thread/INFO]: [levelup2.skills.SkillRegistry:loadFromJson:368]: 	at net.minecraftforge.fml.common.Loader.initializeMods(Loader.java:754)
[22:25:05] [Client thread/INFO]: [levelup2.skills.SkillRegistry:loadFromJson:368]: 	at net.minecraftforge.fml.client.FMLClientHandler.finishMinecraftLoading(FMLClientHandler.java:336)
[22:25:05] [Client thread/INFO]: [levelup2.skills.SkillRegistry:loadFromJson:368]: 	at net.minecraft.client.Minecraft.func_71384_a(Minecraft.java:535)
[22:25:05] [Client thread/INFO]: [levelup2.skills.SkillRegistry:loadFromJson:368]: 	at net.minecraft.client.Minecraft.func_99999_d(Minecraft.java:378)
[22:25:05] [Client thread/INFO]: [levelup2.skills.SkillRegistry:loadFromJson:368]: 	at net.minecraft.client.main.Main.main(SourceFile:123)
[22:25:05] [Client thread/INFO]: [levelup2.skills.SkillRegistry:loadFromJson:368]: 	at sun.reflect.NativeMethodAccessorImpl.invoke0(Native Method)
[22:25:05] [Client thread/INFO]: [levelup2.skills.SkillRegistry:loadFromJson:368]: 	at sun.reflect.NativeMethodAccessorImpl.invoke(NativeMethodAccessorImpl.java:62)
[22:25:05] [Client thread/INFO]: [levelup2.skills.SkillRegistry:loadFromJson:368]: 	at sun.reflect.DelegatingMethodAccessorImpl.invoke(DelegatingMethodAccessorImpl.java:43)
[22:25:05] [Client thread/INFO]: [levelup2.skills.SkillRegistry:loadFromJson:368]: 	at java.lang.reflect.Method.invoke(Method.java:497)
[22:25:05] [Client thread/INFO]: [levelup2.skills.SkillRegistry:loadFromJson:368]: 	at net.minecraft.launchwrapper.Launch.launch(Launch.java:135)
[22:25:05] [Client thread/INFO]: [levelup2.skills.SkillRegistry:loadFromJson:368]: 	at net.minecraft.launchwrapper.Launch.main(Launch.java:28)
[22:25:05] [Client thread/INFO]: [levelup2.skills.SkillRegistry:loadFromJson:368]: java.nio.file.NoSuchFileException: C:\Users\clkma\AppData\Roaming\.minecraft\modpacks\97310384-d078-3373-9553-2a4e6fca4cf5\config\levelup2\json\skills\mining\mining_bonus.json
[22:25:05] [Client thread/INFO]: [levelup2.skills.SkillRegistry:loadFromJson:368]: 	at sun.nio.fs.WindowsException.translateToIOException(WindowsException.java:79)
[22:25:05] [Client thread/INFO]: [levelup2.skills.SkillRegistry:loadFromJson:368]: 	at sun.nio.fs.WindowsException.rethrowAsIOException(WindowsException.java:97)
[22:25:05] [Client thread/INFO]: [levelup2.skills.SkillRegistry:loadFromJson:368]: 	at sun.nio.fs.WindowsException.rethrowAsIOException(WindowsException.java:102)
[22:25:05] [Client thread/INFO]: [levelup2.skills.SkillRegistry:loadFromJson:368]: 	at sun.nio.fs.WindowsFileSystemProvider.newByteChannel(WindowsFileSystemProvider.java:230)
[22:25:05] [Client thread/INFO]: [levelup2.skills.SkillRegistry:loadFromJson:368]: 	at java.nio.file.Files.newByteChannel(Files.java:361)
[22:25:05] [Client thread/INFO]: [levelup2.skills.SkillRegistry:loadFromJson:368]: 	at java.nio.file.Files.newByteChannel(Files.java:407)
[22:25:05] [Client thread/INFO]: [levelup2.skills.SkillRegistry:loadFromJson:368]: 	at java.nio.file.spi.FileSystemProvider.newInputStream(FileSystemProvider.java:384)
[22:25:05] [Client thread/INFO]: [levelup2.skills.SkillRegistry:loadFromJson:368]: 	at java.nio.file.Files.newInputStream(Files.java:152)
[22:25:05] [Client thread/INFO]: [levelup2.skills.SkillRegistry:loadFromJson:368]: 	at java.nio.file.Files.newBufferedReader(Files.java:2784)
[22:25:05] [Client thread/INFO]: [levelup2.skills.SkillRegistry:loadFromJson:368]: 	at java.nio.file.Files.newBufferedReader(Files.java:2816)
[22:25:05] [Client thread/INFO]: [levelup2.skills.SkillRegistry:loadFromJson:368]: 	at levelup2.skills.SkillRegistry.loadFromJson(SkillRegistry.java:365)
[22:25:05] [Client thread/INFO]: [levelup2.skills.SkillRegistry:loadFromJson:368]: 	at levelup2.skills.SkillRegistry.registerSkillProperties(SkillRegistry.java:351)
[22:25:05] [Client thread/INFO]: [levelup2.skills.SkillRegistry:loadFromJson:368]: 	at levelup2.config.LevelUpConfig.registerSkillProperties(LevelUpConfig.java:169)
[22:25:05] [Client thread/INFO]: [levelup2.skills.SkillRegistry:loadFromJson:368]: 	at levelup2.LevelUp2.postInit(LevelUp2.java:63)
[22:25:05] [Client thread/INFO]: [levelup2.skills.SkillRegistry:loadFromJson:368]: 	at sun.reflect.NativeMethodAccessorImpl.invoke0(Native Method)
[22:25:05] [Client thread/INFO]: [levelup2.skills.SkillRegistry:loadFromJson:368]: 	at sun.reflect.NativeMethodAccessorImpl.invoke(NativeMethodAccessorImpl.java:62)
[22:25:05] [Client thread/INFO]: [levelup2.skills.SkillRegistry:loadFromJson:368]: 	at sun.reflect.DelegatingMethodAccessorImpl.invoke(DelegatingMethodAccessorImpl.java:43)
[22:25:05] [Client thread/INFO]: [levelup2.skills.SkillRegistry:loadFromJson:368]: 	at java.lang.reflect.Method.invoke(Method.java:497)
[22:25:05] [Client thread/INFO]: [levelup2.skills.SkillRegistry:loadFromJson:368]: 	at net.minecraftforge.fml.common.FMLModContainer.handleModStateEvent(FMLModContainer.java:637)
[22:25:05] [Client thread/INFO]: [levelup2.skills.SkillRegistry:loadFromJson:368]: 	at sun.reflect.GeneratedMethodAccessor3.invoke(Unknown Source)
[22:25:05] [Client thread/INFO]: [levelup2.skills.SkillRegistry:loadFromJson:368]: 	at sun.reflect.DelegatingMethodAccessorImpl.invoke(DelegatingMethodAccessorImpl.java:43)
[22:25:05] [Client thread/INFO]: [levelup2.skills.SkillRegistry:loadFromJson:368]: 	at java.lang.reflect.Method.invoke(Method.java:497)
[22:25:05] [Client thread/INFO]: [levelup2.skills.SkillRegistry:loadFromJson:368]: 	at com.google.common.eventbus.Subscriber.invokeSubscriberMethod(Subscriber.java:91)
[22:25:05] [Client thread/INFO]: [levelup2.skills.SkillRegistry:loadFromJson:368]: 	at com.google.common.eventbus.Subscriber$SynchronizedSubscriber.invokeSubscriberMethod(Subscriber.java:150)
[22:25:05] [Client thread/INFO]: [levelup2.skills.SkillRegistry:loadFromJson:368]: 	at com.google.common.eventbus.Subscriber$1.run(Subscriber.java:76)
[22:25:05] [Client thread/INFO]: [levelup2.skills.SkillRegistry:loadFromJson:368]: 	at com.google.common.util.concurrent.MoreExecutors$DirectExecutor.execute(MoreExecutors.java:399)
[22:25:05] [Client thread/INFO]: [levelup2.skills.SkillRegistry:loadFromJson:368]: 	at com.google.common.eventbus.Subscriber.dispatchEvent(Subscriber.java:71)
[22:25:05] [Client thread/INFO]: [levelup2.skills.SkillRegistry:loadFromJson:368]: 	at com.google.common.eventbus.Dispatcher$PerThreadQueuedDispatcher.dispatch(Dispatcher.java:116)
[22:25:05] [Client thread/INFO]: [levelup2.skills.SkillRegistry:loadFromJson:368]: 	at com.google.common.eventbus.EventBus.post(EventBus.java:217)
[22:25:05] [Client thread/INFO]: [levelup2.skills.SkillRegistry:loadFromJson:368]: 	at net.minecraftforge.fml.common.LoadController.sendEventToModContainer(LoadController.java:219)
[22:25:05] [Client thread/INFO]: [levelup2.skills.SkillRegistry:loadFromJson:368]: 	at net.minecraftforge.fml.common.LoadController.propogateStateMessage(LoadController.java:197)
[22:25:05] [Client thread/INFO]: [levelup2.skills.SkillRegistry:loadFromJson:368]: 	at sun.reflect.NativeMethodAccessorImpl.invoke0(Native Method)
[22:25:05] [Client thread/INFO]: [levelup2.skills.SkillRegistry:loadFromJson:368]: 	at sun.reflect.NativeMethodAccessorImpl.invoke(NativeMethodAccessorImpl.java:62)
[22:25:05] [Client thread/INFO]: [levelup2.skills.SkillRegistry:loadFromJson:368]: 	at sun.reflect.DelegatingMethodAccessorImpl.invoke(DelegatingMethodAccessorImpl.java:43)
[22:25:05] [Client thread/INFO]: [levelup2.skills.SkillRegistry:loadFromJson:368]: 	at java.lang.reflect.Method.invoke(Method.java:497)
[22:25:05] [Client thread/INFO]: [levelup2.skills.SkillRegistry:loadFromJson:368]: 	at com.google.common.eventbus.Subscriber.invokeSubscriberMethod(Subscriber.java:91)
[22:25:05] [Client thread/INFO]: [levelup2.skills.SkillRegistry:loadFromJson:368]: 	at com.google.common.eventbus.Subscriber$SynchronizedSubscriber.invokeSubscriberMethod(Subscriber.java:150)
[22:25:05] [Client thread/INFO]: [levelup2.skills.SkillRegistry:loadFromJson:368]: 	at com.google.common.eventbus.Subscriber$1.run(Subscriber.java:76)
[22:25:05] [Client thread/INFO]: [levelup2.skills.SkillRegistry:loadFromJson:368]: 	at com.google.common.util.concurrent.MoreExecutors$DirectExecutor.execute(MoreExecutors.java:399)
[22:25:05] [Client thread/INFO]: [levelup2.skills.SkillRegistry:loadFromJson:368]: 	at com.google.common.eventbus.Subscriber.dispatchEvent(Subscriber.java:71)
[22:25:05] [Client thread/INFO]: [levelup2.skills.SkillRegistry:loadFromJson:368]: 	at com.google.common.eventbus.Dispatcher$PerThreadQueuedDispatcher.dispatch(Dispatcher.java:116)
[22:25:05] [Client thread/INFO]: [levelup2.skills.SkillRegistry:loadFromJson:368]: 	at com.google.common.eventbus.EventBus.post(EventBus.java:217)
[22:25:05] [Client thread/INFO]: [levelup2.skills.SkillRegistry:loadFromJson:368]: 	at net.minecraftforge.fml.common.LoadController.distributeStateMessage(LoadController.java:136)
[22:25:05] [Client thread/INFO]: [levelup2.skills.SkillRegistry:loadFromJson:368]: 	at net.minecraftforge.fml.common.Loader.initializeMods(Loader.java:754)
[22:25:05] [Client thread/INFO]: [levelup2.skills.SkillRegistry:loadFromJson:368]: 	at net.minecraftforge.fml.client.FMLClientHandler.finishMinecraftLoading(FMLClientHandler.java:336)
[22:25:05] [Client thread/INFO]: [levelup2.skills.SkillRegistry:loadFromJson:368]: 	at net.minecraft.client.Minecraft.func_71384_a(Minecraft.java:535)
[22:25:05] [Client thread/INFO]: [levelup2.skills.SkillRegistry:loadFromJson:368]: 	at net.minecraft.client.Minecraft.func_99999_d(Minecraft.java:378)
[22:25:05] [Client thread/INFO]: [levelup2.skills.SkillRegistry:loadFromJson:368]: 	at net.minecraft.client.main.Main.main(SourceFile:123)
[22:25:05] [Client thread/INFO]: [levelup2.skills.SkillRegistry:loadFromJson:368]: 	at sun.reflect.NativeMethodAccessorImpl.invoke0(Native Method)
[22:25:05] [Client thread/INFO]: [levelup2.skills.SkillRegistry:loadFromJson:368]: 	at sun.reflect.NativeMethodAccessorImpl.invoke(NativeMethodAccessorImpl.java:62)
[22:25:05] [Client thread/INFO]: [levelup2.skills.SkillRegistry:loadFromJson:368]: 	at sun.reflect.DelegatingMethodAccessorImpl.invoke(DelegatingMethodAccessorImpl.java:43)
[22:25:05] [Client thread/INFO]: [levelup2.skills.SkillRegistry:loadFromJson:368]: 	at java.lang.reflect.Method.invoke(Method.java:497)
[22:25:05] [Client thread/INFO]: [levelup2.skills.SkillRegistry:loadFromJson:368]: 	at net.minecraft.launchwrapper.Launch.launch(Launch.java:135)
[22:25:05] [Client thread/INFO]: [levelup2.skills.SkillRegistry:loadFromJson:368]: 	at net.minecraft.launchwrapper.Launch.main(Launch.java:28)
[22:25:05] [Client thread/INFO]: [ejektaflex.bountiful.proxy.CommonProxy:postInit:118]: Bounties: 363
[22:25:05] [Client thread/INFO]: [ejektaflex.bountiful.proxy.CommonProxy:postInit:119]: Pickable [Item: minecraft:dirt, Amount: 16..128, Unit Worth: 1, Weight: 100, Stages: []]
[22:25:05] [Client thread/INFO]: [ejektaflex.bountiful.proxy.CommonProxy:postInit:119]: Pickable [Item: minecraft:stone, Amount: 16..128, Unit Worth: 3, Weight: 100, Stages: []]
[22:25:05] [Client thread/INFO]: [ejektaflex.bountiful.proxy.CommonProxy:postInit:119]: Pickable [Item: minecraft:cobblestone, Amount: 16..128, Unit Worth: 2, Weight: 100, Stages: []]
[22:25:05] [Client thread/INFO]: [ejektaflex.bountiful.proxy.CommonProxy:postInit:119]: Pickable [Item: quark:marble, Amount: 16..128, Unit Worth: 5, Weight: 100, Stages: []]
[22:25:05] [Client thread/INFO]: [ejektaflex.bountiful.proxy.CommonProxy:postInit:119]: Pickable [Item: quark:slate, Amount: 16..128, Unit Worth: 5, Weight: 100, Stages: []]
[22:25:05] [Client thread/INFO]: [ejektaflex.bountiful.proxy.CommonProxy:postInit:119]: Pickable [Item: quark:jasper, Amount: 16..128, Unit Worth: 5, Weight: 100, Stages: []]
[22:25:05] [Client thread/INFO]: [ejektaflex.bountiful.proxy.CommonProxy:postInit:119]: Pickable [Item: quark:limestone, Amount: 16..128, Unit Worth: 5, Weight: 100, Stages: []]
[22:25:05] [Client thread/INFO]: [ejektaflex.bountiful.proxy.CommonProxy:postInit:119]: Pickable [Item: traverse:red_rock, Amount: 16..128, Unit Worth: 5, Weight: 100, Stages: []]
[22:25:05] [Client thread/INFO]: [ejektaflex.bountiful.proxy.CommonProxy:postInit:119]: Pickable [Item: traverse:blue_rock, Amount: 16..128, Unit Worth: 5, Weight: 100, Stages: []]
[22:25:05] [Client thread/INFO]: [ejektaflex.bountiful.proxy.CommonProxy:postInit:119]: Pickable [Item: minecraft:fish, Amount: 1..16, Unit Worth: 20, Weight: 100, Stages: []]
[22:25:05] [Client thread/INFO]: [ejektaflex.bountiful.proxy.CommonProxy:postInit:119]: Pickable [Item: minecraft:fish:1, Amount: 1..16, Unit Worth: 20, Weight: 100, Stages: []]
[22:25:05] [Client thread/INFO]: [ejektaflex.bountiful.proxy.CommonProxy:postInit:119]: Pickable [Item: minecraft:fish:2, Amount: 1..8, Unit Worth: 50, Weight: 50, Stages: []]
[22:25:05] [Client thread/INFO]: [ejektaflex.bountiful.proxy.CommonProxy:postInit:119]: Pickable [Item: minecraft:fish:3, Amount: 1..8, Unit Worth: 50, Weight: 50, Stages: []]
[22:25:05] [Client thread/INFO]: [ejektaflex.bountiful.proxy.CommonProxy:postInit:119]: Pickable [Item: minecraft:apple, Amount: 1..32, Unit Worth: 15, Weight: 100, Stages: []]
[22:25:05] [Client thread/INFO]: [ejektaflex.bountiful.proxy.CommonProxy:postInit:119]: Pickable [Item: minecraft:book, Amount: 1..16, Unit Worth: 25, Weight: 75, Stages: []]
[22:25:05] [Client thread/INFO]: [ejektaflex.bountiful.proxy.CommonProxy:postInit:119]: Pickable [Item: minecraft:cactus, Amount: 1..32, Unit Worth: 30, Weight: 75, Stages: []]
[22:25:05] [Client thread/INFO]: [ejektaflex.bountiful.proxy.CommonProxy:postInit:119]: Pickable [Item: betternether:cincinnasite, Amount: 1..32, Unit Worth: 200, Weight: 50, Stages: []]
[22:25:05] [Client thread/INFO]: [ejektaflex.bountiful.proxy.CommonProxy:postInit:119]: Pickable [Item: minecraft:diamond, Amount: 1..32, Unit Worth: 100, Weight: 25, Stages: []]
[22:25:05] [Client thread/INFO]: [ejektaflex.bountiful.proxy.CommonProxy:postInit:119]: Pickable [Item: minecraft:iron_ingot, Amount: 1..32, Unit Worth: 50, Weight: 25, Stages: []]
[22:25:05] [Client thread/INFO]: [ejektaflex.bountiful.proxy.CommonProxy:postInit:119]: Pickable [Item: minecraft:coal, Amount: 1..32, Unit Worth: 25, Weight: 25, Stages: []]
[22:25:05] [Client thread/INFO]: [ejektaflex.bountiful.proxy.CommonProxy:postInit:119]: Pickable [Item: defiledlands:hephaestite, Amount: 1..32, Unit Worth: 50, Weight: 25, Stages: []]
[22:25:05] [Client thread/INFO]: [ejektaflex.bountiful.proxy.CommonProxy:postInit:119]: Pickable [Item: defiledlands:umbrium_ingot, Amount: 1..32, Unit Worth: 100, Weight: 25, Stages: []]
[22:25:05] [Client thread/INFO]: [ejektaflex.bountiful.proxy.CommonProxy:postInit:119]: Pickable [Item: defiledlands:scarlite, Amount: 1..32, Unit Worth: 400, Weight: 25, Stages: []]
[22:25:05] [Client thread/INFO]: [ejektaflex.bountiful.proxy.CommonProxy:postInit:119]: Pickable [Item: minecraft:bread, Amount: 1..32, Unit Worth: 10, Weight: 100, Stages: []]
[22:25:05] [Client thread/INFO]: [ejektaflex.bountiful.proxy.CommonProxy:postInit:119]: Pickable [Item: minecraft:rotten_flesh, Amount: 1..32, Unit Worth: 10, Weight: 50, Stages: []]
[22:25:05] [Client thread/INFO]: [ejektaflex.bountiful.proxy.CommonProxy:postInit:119]: Pickable [Item: minecraft:sign, Amount: 1..16, Unit Worth: 10, Weight: 50, Stages: []]
[22:25:05] [Client thread/INFO]: [ejektaflex.bountiful.proxy.CommonProxy:postInit:119]: Pickable [Item: minecraft:dispenser, Amount: 1..1, Unit Worth: 50, Weight: 50, Stages: []]
[22:25:05] [Client thread/INFO]: [ejektaflex.bountiful.proxy.CommonProxy:postInit:119]: Pickable [Item: minecraft:slime_ball, Amount: 1..32, Unit Worth: 80, Weight: 25, Stages: []]
[22:25:05] [Client thread/INFO]: [ejektaflex.bountiful.proxy.CommonProxy:postInit:119]: Pickable [Item: minecraft:spider_eye, Amount: 1..16, Unit Worth: 70, Weight: 20, Stages: []]
[22:25:05] [Client thread/INFO]: [ejektaflex.bountiful.proxy.CommonProxy:postInit:119]: Pickable [Item: minecraft:string, Amount: 1..32, Unit Worth: 10, Weight: 30, Stages: []]
[22:25:05] [Client thread/INFO]: [ejektaflex.bountiful.proxy.CommonProxy:postInit:119]: Pickable [Item: minecraft:sugar, Amount: 1..32, Unit Worth: 15, Weight: 20, Stages: []]
[22:25:05] [Client thread/INFO]: [ejektaflex.bountiful.proxy.CommonProxy:postInit:119]: Pickable [Item: minecraft:tripwire_hook, Amount: 1..8, Unit Worth: 75, Weight: 10, Stages: []]
[22:25:05] [Client thread/INFO]: [ejektaflex.bountiful.proxy.CommonProxy:postInit:119]: Pickable [Item: minecraft:wheat, Amount: 1..64, Unit Worth: 8, Weight: 60, Stages: []]
[22:25:05] [Client thread/INFO]: [ejektaflex.bountiful.proxy.CommonProxy:postInit:119]: Pickable [Item: minecraft:leather, Amount: 1..32, Unit Worth: 12, Weight: 60, Stages: []]
[22:25:05] [Client thread/INFO]: [ejektaflex.bountiful.proxy.CommonProxy:postInit:119]: Pickable [Item: minecraft:skull:0, Amount: 1..1, Unit Worth: 2500, Weight: 10, Stages: []]
[22:25:05] [Client thread/INFO]: [ejektaflex.bountiful.proxy.CommonProxy:postInit:119]: Pickable [Item: minecraft:skull:1, Amount: 1..1, Unit Worth: 2500, Weight: 10, Stages: []]
[22:25:05] [Client thread/INFO]: [ejektaflex.bountiful.proxy.CommonProxy:postInit:119]: Pickable [Item: minecraft:skull:2, Amount: 1..1, Unit Worth: 2500, Weight: 10, Stages: []]
[22:25:05] [Client thread/INFO]: [ejektaflex.bountiful.proxy.CommonProxy:postInit:119]: Pickable [Item: minecraft:skull:4, Amount: 1..1, Unit Worth: 2500, Weight: 10, Stages: []]
[22:25:05] [Client thread/INFO]: [ejektaflex.bountiful.proxy.CommonProxy:postInit:119]: Pickable [Item: entity:minecraft:zombie, Amount: 1..8, Unit Worth: 250, Weight: 40, Stages: []]
[22:25:05] [Client thread/INFO]: [ejektaflex.bountiful.proxy.CommonProxy:postInit:119]: Pickable [Item: entity:minecraft:skeleton, Amount: 1..8, Unit Worth: 250, Weight: 40, Stages: []]
[22:25:05] [Client thread/INFO]: [ejektaflex.bountiful.proxy.CommonProxy:postInit:119]: Pickable [Item: entity:minecraft:witch, Amount: 1..1, Unit Worth: 1000, Weight: 15, Stages: []]
[22:25:05] [Client thread/INFO]: [ejektaflex.bountiful.proxy.CommonProxy:postInit:119]: Pickable [Item: entity:minecraft:blaze, Amount: 1..3, Unit Worth: 500, Weight: 15, Stages: []]
[22:25:05] [Client thread/INFO]: [ejektaflex.bountiful.proxy.CommonProxy:postInit:119]: Pickable [Item: entity:minecraft:cave_spider, Amount: 1..5, Unit Worth: 200, Weight: 30, Stages: []]
[22:25:05] [Client thread/INFO]: [ejektaflex.bountiful.proxy.CommonProxy:postInit:119]: Pickable [Item: entity:minecraft:creeper, Amount: 1..3, Unit Worth: 300, Weight: 40, Stages: []]
[22:25:05] [Client thread/INFO]: [ejektaflex.bountiful.proxy.CommonProxy:postInit:119]: Pickable [Item: entity:minecraft:elder_guardian, Amount: 1..1, Unit Worth: 1500, Weight: 10, Stages: []]
[22:25:05] [Client thread/INFO]: [ejektaflex.bountiful.proxy.CommonProxy:postInit:119]: Pickable [Item: entity:minecraft:enderman, Amount: 1..3, Unit Worth: 500, Weight: 20, Stages: []]
[22:25:05] [Client thread/INFO]: [ejektaflex.bountiful.proxy.CommonProxy:postInit:119]: Pickable [Item: entity:minecraft:evocation_illager, Amount: 1..1, Unit Worth: 3000, Weight: 10, Stages: []]
[22:25:05] [Client thread/INFO]: [ejektaflex.bountiful.proxy.CommonProxy:postInit:119]: Pickable [Item: entity:minecraft:ghast, Amount: 1..3, Unit Worth: 1000, Weight: 10, Stages: []]
[22:25:05] [Client thread/INFO]: [ejektaflex.bountiful.proxy.CommonProxy:postInit:119]: Pickable [Item: entity:minecraft:guardian, Amount: 1..3, Unit Worth: 400, Weight: 10, Stages: []]
[22:25:05] [Client thread/INFO]: [ejektaflex.bountiful.proxy.CommonProxy:postInit:119]: Pickable [Item: entity:minecraft:husk, Amount: 1..8, Unit Worth: 250, Weight: 40, Stages: []]
[22:25:05] [Client thread/INFO]: [ejektaflex.bountiful.proxy.CommonProxy:postInit:119]: Pickable [Item: entity:minecraft:magma_cube, Amount: 1..5, Unit Worth: 200, Weight: 20, Stages: []]
[22:25:05] [Client thread/INFO]: [ejektaflex.bountiful.proxy.CommonProxy:postInit:119]: Pickable [Item: entity:minecraft:shulker, Amount: 1..5, Unit Worth: 500, Weight: 10, Stages: []]
[22:25:05] [Client thread/INFO]: [ejektaflex.bountiful.proxy.CommonProxy:postInit:119]: Pickable [Item: entity:minecraft:slime, Amount: 1..5, Unit Worth: 400, Weight: 20, Stages: []]
[22:25:05] [Client thread/INFO]: [ejektaflex.bountiful.proxy.CommonProxy:postInit:119]: Pickable [Item: entity:minecraft:spider, Amount: 1..8, Unit Worth: 200, Weight: 40, Stages: []]
[22:25:05] [Client thread/INFO]: [ejektaflex.bountiful.proxy.CommonProxy:postInit:119]: Pickable [Item: entity:minecraft:stray, Amount: 1..8, Unit Worth: 250, Weight: 20, Stages: []]
[22:25:05] [Client thread/INFO]: [ejektaflex.bountiful.proxy.CommonProxy:postInit:119]: Pickable [Item: entity:minecraft:wither_skeleton, Amount: 1..5, Unit Worth: 400, Weight: 20, Stages: []]
[22:25:05] [Client thread/INFO]: [ejektaflex.bountiful.proxy.CommonProxy:postInit:119]: Pickable [Item: entity:minecraft:zombie_pigman, Amount: 1..8, Unit Worth: 250, Weight: 20, Stages: []]
[22:25:05] [Client thread/INFO]: [ejektaflex.bountiful.proxy.CommonProxy:postInit:119]: Pickable [Item: entity:minecraft:vindication_illager, Amount: 1..3, Unit Worth: 500, Weight: 10, Stages: []]
[22:25:05] [Client thread/INFO]: [ejektaflex.bountiful.proxy.CommonProxy:postInit:119]: Pickable [Item: entity:quark:pirate, Amount: 1..5, Unit Worth: 1000, Weight: 10, Stages: []]
[22:25:05] [Client thread/INFO]: [ejektaflex.bountiful.proxy.CommonProxy:postInit:119]: Pickable [Item: entity:defiledlands:slime_defiled, Amount: 1..5, Unit Worth: 400, Weight: 10, Stages: []]
[22:25:05] [Client thread/INFO]: [ejektaflex.bountiful.proxy.CommonProxy:postInit:119]: Pickable [Item: entity:defiledlands:shambler_twisted, Amount: 1..1, Unit Worth: 1000, Weight: 10, Stages: []]
[22:25:05] [Client thread/INFO]: [ejektaflex.bountiful.proxy.CommonProxy:postInit:119]: Pickable [Item: entity:trumpetskeleton:trumpet_skeleton, Amount: 1..1, Unit Worth: 500, Weight: 10, Stages: []]
[22:25:05] [Client thread/INFO]: [ejektaflex.bountiful.proxy.CommonProxy:postInit:119]: Pickable [Item: entity:defiledlands:shambler, Amount: 1..1, Unit Worth: 750, Weight: 10, Stages: []]
[22:25:05] [Client thread/INFO]: [ejektaflex.bountiful.proxy.CommonProxy:postInit:119]: Pickable [Item: entity:defiledlands:scuttler, Amount: 1..5, Unit Worth: 200, Weight: 10, Stages: []]
[22:25:05] [Client thread/INFO]: [ejektaflex.bountiful.proxy.CommonProxy:postInit:119]: Pickable [Item: entity:defiledlands:the_destroyer, Amount: 1..1, Unit Worth: 1500, Weight: 10, Stages: []]
[22:25:05] [Client thread/INFO]: [ejektaflex.bountiful.proxy.CommonProxy:postInit:119]: Pickable [Item: entity:defiledlands:the_mourner, Amount: 1..1, Unit Worth: 1500, Weight: 10, Stages: []]
[22:25:05] [Client thread/INFO]: [ejektaflex.bountiful.proxy.CommonProxy:postInit:119]: Pickable [Item: entity:battletowers:golem, Amount: 1..1, Unit Worth: 3000, Weight: 10, Stages: []]
[22:25:05] [Client thread/INFO]: [ejektaflex.bountiful.proxy.CommonProxy:postInit:119]: Pickable [Item: entity:lycanitesmobs:abaia, Amount: 1..5, Unit Worth: 250, Weight: 10, Stages: []]
[22:25:05] [Client thread/INFO]: [ejektaflex.bountiful.proxy.CommonProxy:postInit:119]: Pickable [Item: entity:lycanitesmobs:abtu, Amount: 1..5, Unit Worth: 250, Weight: 10, Stages: []]
[22:25:05] [Client thread/INFO]: [ejektaflex.bountiful.proxy.CommonProxy:postInit:119]: Pickable [Item: entity:lycanitesmobs:afrit, Amount: 1..5, Unit Worth: 250, Weight: 10, Stages: []]
[22:25:05] [Client thread/INFO]: [ejektaflex.bountiful.proxy.CommonProxy:postInit:119]: Pickable [Item: entity:lycanitesmobs:aglebemu, Amount: 1..5, Unit Worth: 250, Weight: 10, Stages: []]
[22:25:05] [Client thread/INFO]: [ejektaflex.bountiful.proxy.CommonProxy:postInit:119]: Pickable [Item: entity:lycanitesmobs:archvile, Amount: 1..3, Unit Worth: 500, Weight: 10, Stages: []]
[22:25:05] [Client thread/INFO]: [ejektaflex.bountiful.proxy.CommonProxy:postInit:119]: Pickable [Item: entity:lycanitesmobs:argus, Amount: 1..1, Unit Worth: 1000, Weight: 10, Stages: []]
[22:25:05] [Client thread/INFO]: [ejektaflex.bountiful.proxy.CommonProxy:postInit:119]: Pickable [Item: entity:lycanitesmobs:arix, Amount: 1..5, Unit Worth: 250, Weight: 10, Stages: []]
[22:25:05] [Client thread/INFO]: [ejektaflex.bountiful.proxy.CommonProxy:postInit:119]: Pickable [Item: entity:lycanitesmobs:astaroth, Amount: 1..2, Unit Worth: 500, Weight: 10, Stages: []]
[22:25:05] [Client thread/INFO]: [ejektaflex.bountiful.proxy.CommonProxy:postInit:119]: Pickable [Item: entity:lycanitesmobs:banshee, Amount: 1..3, Unit Worth: 300, Weight: 10, Stages: []]
[22:25:05] [Client thread/INFO]: [ejektaflex.bountiful.proxy.CommonProxy:postInit:119]: Pickable [Item: entity:lycanitesmobs:barghest, Amount: 1..3, Unit Worth: 300, Weight: 10, Stages: []]
[22:25:05] [Client thread/INFO]: [ejektaflex.bountiful.proxy.CommonProxy:postInit:119]: Pickable [Item: entity:lycanitesmobs:behemoth, Amount: 1..3, Unit Worth: 500, Weight: 10, Stages: []]
[22:25:05] [Client thread/INFO]: [ejektaflex.bountiful.proxy.CommonProxy:postInit:119]: Pickable [Item: entity:lycanitesmobs:belph, Amount: 1..5, Unit Worth: 250, Weight: 10, Stages: []]
[22:25:05] [Client thread/INFO]: [ejektaflex.bountiful.proxy.CommonProxy:postInit:119]: Pickable [Item: entity:lycanitesmobs:calpod, Amount: 1..3, Unit Worth: 250, Weight: 10, Stages: []]
[22:25:05] [Client thread/INFO]: [ejektaflex.bountiful.proxy.CommonProxy:postInit:119]: Pickable [Item: entity:lycanitesmobs:cephignis, Amount: 1..3, Unit Worth: 300, Weight: 10, Stages: []]
[22:25:05] [Client thread/INFO]: [ejektaflex.bountiful.proxy.CommonProxy:postInit:119]: Pickable [Item: entity:lycanitesmobs:chupacabra, Amount: 1..5, Unit Worth: 250, Weight: 10, Stages: []]
[22:25:05] [Client thread/INFO]: [ejektaflex.bountiful.proxy.CommonProxy:postInit:119]: Pickable [Item: entity:lycanitesmobs:cinder, Amount: 1..5, Unit Worth: 250, Weight: 10, Stages: []]
[22:25:05] [Client thread/INFO]: [ejektaflex.bountiful.proxy.CommonProxy:postInit:119]: Pickable [Item: entity:lycanitesmobs:clink, Amount: 1..5, Unit Worth: 250, Weight: 10, Stages: []]
[22:25:05] [Client thread/INFO]: [ejektaflex.bountiful.proxy.CommonProxy:postInit:119]: Pickable [Item: entity:lycanitesmobs:cockatrice, Amount: 1..1, Unit Worth: 1000, Weight: 10, Stages: []]
[22:25:05] [Client thread/INFO]: [ejektaflex.bountiful.proxy.CommonProxy:postInit:119]: Pickable [Item: entity:lycanitesmobs:conba, Amount: 1..5, Unit Worth: 250, Weight: 10, Stages: []]
[22:25:05] [Client thread/INFO]: [ejektaflex.bountiful.proxy.CommonProxy:postInit:119]: Pickable [Item: entity:lycanitesmobs:concapede, Amount: 1..3, Unit Worth: 300, Weight: 10, Stages: []]
[22:25:05] [Client thread/INFO]: [ejektaflex.bountiful.proxy.CommonProxy:postInit:119]: Pickable [Item: entity:lycanitesmobs:crusk, Amount: 1..1, Unit Worth: 500, Weight: 10, Stages: []]
[22:25:05] [Client thread/INFO]: [ejektaflex.bountiful.proxy.CommonProxy:postInit:119]: Pickable [Item: entity:lycanitesmobs:cryptkeeper, Amount: 1..3, Unit Worth: 250, Weight: 10, Stages: []]
[22:25:05] [Client thread/INFO]: [ejektaflex.bountiful.proxy.CommonProxy:postInit:119]: Pickable [Item: entity:lycanitesmobs:lobber, Amount: 1..1, Unit Worth: 500, Weight: 10, Stages: []]
[22:25:05] [Client thread/INFO]: [ejektaflex.bountiful.proxy.CommonProxy:postInit:119]: Pickable [Item: entity:lycanitesmobs:darkling, Amount: 1..3, Unit Worth: 250, Weight: 10, Stages: []]
[22:25:05] [Client thread/INFO]: [ejektaflex.bountiful.proxy.CommonProxy:postInit:119]: Pickable [Item: entity:lycanitesmobs:dawon, Amount: 1..3, Unit Worth: 300, Weight: 10, Stages: []]
[22:25:05] [Client thread/INFO]: [ejektaflex.bountiful.proxy.CommonProxy:postInit:119]: Pickable [Item: entity:lycanitesmobs:strider, Amount: 1..3, Unit Worth: 300, Weight: 10, Stages: []]
[22:25:05] [Client thread/INFO]: [ejektaflex.bountiful.proxy.CommonProxy:postInit:119]: Pickable [Item: entity:lycanitesmobs:eechetik, Amount: 1..3, Unit Worth: 300, Weight: 10, Stages: []]
[22:25:05] [Client thread/INFO]: [ejektaflex.bountiful.proxy.CommonProxy:postInit:119]: Pickable [Item: entity:lycanitesmobs:ent, Amount: 1..3, Unit Worth: 250, Weight: 10, Stages: []]
[22:25:05] [Client thread/INFO]: [ejektaflex.bountiful.proxy.CommonProxy:postInit:119]: Pickable [Item: entity:lycanitesmobs:epion, Amount: 1..3, Unit Worth: 250, Weight: 10, Stages: []]
[22:25:05] [Client thread/INFO]: [ejektaflex.bountiful.proxy.CommonProxy:postInit:119]: Pickable [Item: entity:lycanitesmobs:erepede, Amount: 1..2, Unit Worth: 300, Weight: 10, Stages: []]
[22:25:05] [Client thread/INFO]: [ejektaflex.bountiful.proxy.CommonProxy:postInit:119]: Pickable [Item: entity:lycanitesmobs:ettin, Amount: 1..2, Unit Worth: 400, Weight: 10, Stages: []]
[22:25:05] [Client thread/INFO]: [ejektaflex.bountiful.proxy.CommonProxy:postInit:119]: Pickable [Item: entity:lycanitesmobs:eyewig, Amount: 1..3, Unit Worth: 250, Weight: 10, Stages: []]
[22:25:05] [Client thread/INFO]: [ejektaflex.bountiful.proxy.CommonProxy:postInit:119]: Pickable [Item: entity:lycanitesmobs:feradon, Amount: 1..3, Unit Worth: 300, Weight: 10, Stages: []]
[22:25:05] [Client thread/INFO]: [ejektaflex.bountiful.proxy.CommonProxy:postInit:119]: Pickable [Item: entity:lycanitesmobs:frostweaver, Amount: 1..5, Unit Worth: 250, Weight: 10, Stages: []]
[22:25:05] [Client thread/INFO]: [ejektaflex.bountiful.proxy.CommonProxy:postInit:119]: Pickable [Item: entity:lycanitesmobs:geist, Amount: 1..2, Unit Worth: 300, Weight: 10, Stages: []]
[22:25:05] [Client thread/INFO]: [ejektaflex.bountiful.proxy.CommonProxy:postInit:119]: Pickable [Item: entity:lycanitesmobs:geken, Amount: 1..3, Unit Worth: 250, Weight: 10, Stages: []]
[22:25:05] [Client thread/INFO]: [ejektaflex.bountiful.proxy.CommonProxy:postInit:119]: Pickable [Item: entity:lycanitesmobs:geonach, Amount: 1..3, Unit Worth: 250, Weight: 10, Stages: []]
[22:25:05] [Client thread/INFO]: [ejektaflex.bountiful.proxy.CommonProxy:postInit:119]: Pickable [Item: entity:lycanitesmobs:ghoul, Amount: 1..3, Unit Worth: 250, Weight: 10, Stages: []]
[22:25:05] [Client thread/INFO]: [ejektaflex.bountiful.proxy.CommonProxy:postInit:119]: Pickable [Item: entity:lycanitesmobs:gnekk, Amount: 1..3, Unit Worth: 250, Weight: 10, Stages: []]
[22:25:05] [Client thread/INFO]: [ejektaflex.bountiful.proxy.CommonProxy:postInit:119]: Pickable [Item: entity:lycanitesmobs:gorgomite, Amount: 1..3, Unit Worth: 250, Weight: 10, Stages: []]
[22:25:05] [Client thread/INFO]: [ejektaflex.bountiful.proxy.CommonProxy:postInit:119]: Pickable [Item: entity:lycanitesmobs:grell, Amount: 1..1, Unit Worth: 500, Weight: 10, Stages: []]
[22:25:05] [Client thread/INFO]: [ejektaflex.bountiful.proxy.CommonProxy:postInit:119]: Pickable [Item: entity:lycanitesmobs:grigori, Amount: 1..5, Unit Worth: 250, Weight: 10, Stages: []]
[22:25:05] [Client thread/INFO]: [ejektaflex.bountiful.proxy.CommonProxy:postInit:119]: Pickable [Item: entity:lycanitesmobs:grue, Amount: 1..3, Unit Worth: 250, Weight: 10, Stages: []]
[22:25:05] [Client thread/INFO]: [ejektaflex.bountiful.proxy.CommonProxy:postInit:119]: Pickable [Item: entity:lycanitesmobs:herma, Amount: 1..3, Unit Worth: 250, Weight: 10, Stages: []]
[22:25:05] [Client thread/INFO]: [ejektaflex.bountiful.proxy.CommonProxy:postInit:119]: Pickable [Item: entity:lycanitesmobs:ignibus, Amount: 1..1, Unit Worth: 1000, Weight: 10, Stages: []]
[22:25:05] [Client thread/INFO]: [ejektaflex.bountiful.proxy.CommonProxy:postInit:119]: Pickable [Item: entity:lycanitesmobs:ioray, Amount: 1..3, Unit Worth: 250, Weight: 10, Stages: []]
[22:25:05] [Client thread/INFO]: [ejektaflex.bountiful.proxy.CommonProxy:postInit:119]: Pickable [Item: entity:lycanitesmobs:jabberwock, Amount: 1..3, Unit Worth: 250, Weight: 10, Stages: []]
[22:25:05] [Client thread/INFO]: [ejektaflex.bountiful.proxy.CommonProxy:postInit:119]: Pickable [Item: entity:lycanitesmobs:jengu, Amount: 1..5, Unit Worth: 250, Weight: 10, Stages: []]
[22:25:05] [Client thread/INFO]: [ejektaflex.bountiful.proxy.CommonProxy:postInit:119]: Pickable [Item: entity:lycanitesmobs:joustalpha, Amount: 1..5, Unit Worth: 250, Weight: 10, Stages: []]
[22:25:05] [Client thread/INFO]: [ejektaflex.bountiful.proxy.CommonProxy:postInit:119]: Pickable [Item: entity:lycanitesmobs:pinky, Amount: 1..3, Unit Worth: 500, Weight: 10, Stages: []]
[22:25:05] [Client thread/INFO]: [ejektaflex.bountiful.proxy.CommonProxy:postInit:119]: Pickable [Item: entity:lycanitesmobs:khalk, Amount: 1..1, Unit Worth: 1000, Weight: 10, Stages: []]
[22:25:05] [Client thread/INFO]: [ejektaflex.bountiful.proxy.CommonProxy:postInit:119]: Pickable [Item: entity:lycanitesmobs:lacedon, Amount: 1..3, Unit Worth: 250, Weight: 10, Stages: []]
[22:25:05] [Client thread/INFO]: [ejektaflex.bountiful.proxy.CommonProxy:postInit:119]: Pickable [Item: entity:lycanitesmobs:tarantula, Amount: 1..3, Unit Worth: 300, Weight: 10, Stages: []]
[22:25:05] [Client thread/INFO]: [ejektaflex.bountiful.proxy.CommonProxy:postInit:119]: Pickable [Item: entity:lycanitesmobs:cacodemon, Amount: 1..5, Unit Worth: 400, Weight: 10, Stages: []]
[22:25:05] [Client thread/INFO]: [ejektaflex.bountiful.proxy.CommonProxy:postInit:119]: Pickable [Item: entity:lycanitesmobs:balayang, Amount: 1..5, Unit Worth: 250, Weight: 10, Stages: []]
[22:25:05] [Client thread/INFO]: [ejektaflex.bountiful.proxy.CommonProxy:postInit:119]: Pickable [Item: entity:lycanitesmobs:maug, Amount: 1..3, Unit Worth: 250, Weight: 10, Stages: []]
[22:25:05] [Client thread/INFO]: [ejektaflex.bountiful.proxy.CommonProxy:postInit:119]: Pickable [Item: entity:lycanitesmobs:morock, Amount: 1..2, Unit Worth: 750, Weight: 10, Stages: []]
[22:25:05] [Client thread/INFO]: [ejektaflex.bountiful.proxy.CommonProxy:postInit:119]: Pickable [Item: entity:lycanitesmobs:beholder, Amount: 1..2, Unit Worth: 400, Weight: 10, Stages: []]
[22:25:05] [Client thread/INFO]: [ejektaflex.bountiful.proxy.CommonProxy:postInit:119]: Pickable [Item: entity:lycanitesmobs:lurker, Amount: 1..3, Unit Worth: 250, Weight: 10, Stages: []]
[22:25:05] [Client thread/INFO]: [ejektaflex.bountiful.proxy.CommonProxy:postInit:119]: Pickable [Item: entity:lycanitesmobs:pixen, Amount: 1..3, Unit Worth: 200, Weight: 10, Stages: []]
[22:25:05] [Client thread/INFO]: [ejektaflex.bountiful.proxy.CommonProxy:postInit:119]: Pickable [Item: entity:lycanitesmobs:quetzodracl, Amount: 1..2, Unit Worth: 750, Weight: 10, Stages: []]
[22:25:05] [Client thread/INFO]: [ejektaflex.bountiful.proxy.CommonProxy:postInit:119]: Pickable [Item: entity:lycanitesmobs:raiko, Amount: 1..3, Unit Worth: 250, Weight: 10, Stages: []]
[22:25:05] [Client thread/INFO]: [ejektaflex.bountiful.proxy.CommonProxy:postInit:119]: Pickable [Item: entity:lycanitesmobs:reaper, Amount: 1..3, Unit Worth: 250, Weight: 10, Stages: []]
[22:25:05] [Client thread/INFO]: [ejektaflex.bountiful.proxy.CommonProxy:postInit:119]: Pickable [Item: entity:lycanitesmobs:reiver, Amount: 1..5, Unit Worth: 250, Weight: 10, Stages: []]
[22:25:05] [Client thread/INFO]: [ejektaflex.bountiful.proxy.CommonProxy:postInit:119]: Pickable [Item: entity:lycanitesmobs:remobra, Amount: 1..5, Unit Worth: 250, Weight: 10, Stages: []]
[22:25:05] [Client thread/INFO]: [ejektaflex.bountiful.proxy.CommonProxy:postInit:119]: Pickable [Item: entity:lycanitesmobs:roa, Amount: 1..2, Unit Worth: 500, Weight: 10, Stages: []]
[22:25:05] [Client thread/INFO]: [ejektaflex.bountiful.proxy.CommonProxy:postInit:119]: Pickable [Item: entity:lycanitesmobs:roc, Amount: 1..3, Unit Worth: 250, Weight: 10, Stages: []]
[22:25:05] [Client thread/INFO]: [ejektaflex.bountiful.proxy.CommonProxy:postInit:119]: Pickable [Item: entity:lycanitesmobs:zephyr, Amount: 1..3, Unit Worth: 300, Weight: 10, Stages: []]
[22:25:05] [Client thread/INFO]: [ejektaflex.bountiful.proxy.CommonProxy:postInit:119]: Pickable [Item: entity:lycanitesmobs:salamander, Amount: 1..3, Unit Worth: 300, Weight: 10, Stages: []]
[22:25:05] [Client thread/INFO]: [ejektaflex.bountiful.proxy.CommonProxy:postInit:119]: Pickable [Item: entity:lycanitesmobs:serpix, Amount: 1..1, Unit Worth: 500, Weight: 10, Stages: []]
[22:25:05] [Client thread/INFO]: [ejektaflex.bountiful.proxy.CommonProxy:postInit:119]: Pickable [Item: entity:lycanitesmobs:shade, Amount: 1..2, Unit Worth: 300, Weight: 10, Stages: []]
[22:25:05] [Client thread/INFO]: [ejektaflex.bountiful.proxy.CommonProxy:postInit:119]: Pickable [Item: entity:lycanitesmobs:shambler, Amount: 1..3, Unit Worth: 250, Weight: 10, Stages: []]
[22:25:05] [Client thread/INFO]: [ejektaflex.bountiful.proxy.CommonProxy:postInit:119]: Pickable [Item: entity:lycanitesmobs:skylus, Amount: 1..3, Unit Worth: 250, Weight: 10, Stages: []]
[22:25:05] [Client thread/INFO]: [ejektaflex.bountiful.proxy.CommonProxy:postInit:119]: Pickable [Item: entity:lycanitesmobs:spectre, Amount: 1..3, Unit Worth: 300, Weight: 10, Stages: []]
[22:25:05] [Client thread/INFO]: [ejektaflex.bountiful.proxy.CommonProxy:postInit:119]: Pickable [Item: entity:lycanitesmobs:spriggan, Amount: 1..3, Unit Worth: 250, Weight: 10, Stages: []]
[22:25:05] [Client thread/INFO]: [ejektaflex.bountiful.proxy.CommonProxy:postInit:119]: Pickable [Item: entity:lycanitesmobs:sutiramu, Amount: 1..3, Unit Worth: 300, Weight: 10, Stages: []]
[22:25:05] [Client thread/INFO]: [ejektaflex.bountiful.proxy.CommonProxy:postInit:119]: Pickable [Item: entity:lycanitesmobs:sylph, Amount: 1..3, Unit Worth: 250, Weight: 10, Stages: []]
[22:25:05] [Client thread/INFO]: [ejektaflex.bountiful.proxy.CommonProxy:postInit:119]: Pickable [Item: entity:lycanitesmobs:thresher, Amount: 1..1, Unit Worth: 1000, Weight: 10, Stages: []]
[22:25:05] [Client thread/INFO]: [ejektaflex.bountiful.proxy.CommonProxy:postInit:119]: Pickable [Item: entity:lycanitesmobs:treant, Amount: 1..1, Unit Worth: 1500, Weight: 10, Stages: []]
[22:25:05] [Client thread/INFO]: [ejektaflex.bountiful.proxy.CommonProxy:postInit:119]: Pickable [Item: entity:lycanitesmobs:tremor, Amount: 1..3, Unit Worth: 250, Weight: 10, Stages: []]
[22:25:05] [Client thread/INFO]: [ejektaflex.bountiful.proxy.CommonProxy:postInit:119]: Pickable [Item: entity:lycanitesmobs:triffid, Amount: 1..2, Unit Worth: 400, Weight: 10, Stages: []]
[22:25:05] [Client thread/INFO]: [ejektaflex.bountiful.proxy.CommonProxy:postInit:119]: Pickable [Item: entity:lycanitesmobs:trite, Amount: 1..5, Unit Worth: 250, Weight: 10, Stages: []]
[22:25:05] [Client thread/INFO]: [ejektaflex.bountiful.proxy.CommonProxy:postInit:119]: Pickable [Item: entity:lycanitesmobs:troll, Amount: 1..3, Unit Worth: 300, Weight: 10, Stages: []]
[22:25:05] [Client thread/INFO]: [ejektaflex.bountiful.proxy.CommonProxy:postInit:119]: Pickable [Item: entity:lycanitesmobs:uvaraptor, Amount: 1..3, Unit Worth: 300, Weight: 10, Stages: []]
[22:25:05] [Client thread/INFO]: [ejektaflex.bountiful.proxy.CommonProxy:postInit:119]: Pickable [Item: entity:lycanitesmobs:gorger, Amount: 1..1, Unit Worth: 500, Weight: 10, Stages: []]
[22:25:05] [Client thread/INFO]: [ejektaflex.bountiful.proxy.CommonProxy:postInit:119]: Pickable [Item: entity:lycanitesmobs:vapula, Amount: 1..1, Unit Worth: 400, Weight: 10, Stages: []]
[22:25:05] [Client thread/INFO]: [ejektaflex.bountiful.proxy.CommonProxy:postInit:119]: Pickable [Item: entity:lycanitesmobs:ventoraptor, Amount: 1..3, Unit Worth: 300, Weight: 10, Stages: []]
[22:25:05] [Client thread/INFO]: [ejektaflex.bountiful.proxy.CommonProxy:postInit:119]: Pickable [Item: entity:lycanitesmobs:vespid, Amount: 1..5, Unit Worth: 250, Weight: 10, Stages: []]
[22:25:05] [Client thread/INFO]: [ejektaflex.bountiful.proxy.CommonProxy:postInit:119]: Pickable [Item: entity:lycanitesmobs:vespidqueen, Amount: 1..1, Unit Worth: 500, Weight: 10, Stages: []]
[22:25:05] [Client thread/INFO]: [ejektaflex.bountiful.proxy.CommonProxy:postInit:119]: Pickable [Item: entity:lycanitesmobs:volcan, Amount: 1..1, Unit Worth: 400, Weight: 10, Stages: []]
[22:25:05] [Client thread/INFO]: [ejektaflex.bountiful.proxy.CommonProxy:postInit:119]: Pickable [Item: entity:lycanitesmobs:vorach, Amount: 1..1, Unit Worth: 800, Weight: 10, Stages: []]
[22:25:05] [Client thread/INFO]: [ejektaflex.bountiful.proxy.CommonProxy:postInit:119]: Pickable [Item: entity:lycanitesmobs:warg, Amount: 1..3, Unit Worth: 300, Weight: 10, Stages: []]
[22:25:05] [Client thread/INFO]: [ejektaflex.bountiful.proxy.CommonProxy:postInit:119]: Pickable [Item: entity:lycanitesmobs:wendigo, Amount: 1..1, Unit Worth: 300, Weight: 10, Stages: []]
[22:25:05] [Client thread/INFO]: [ejektaflex.bountiful.proxy.CommonProxy:postInit:119]: Pickable [Item: entity:lycanitesmobs:wildkin, Amount: 1..3, Unit Worth: 250, Weight: 10, Stages: []]
[22:25:05] [Client thread/INFO]: [ejektaflex.bountiful.proxy.CommonProxy:postInit:119]: Pickable [Item: entity:lycanitesmobs:wraamon, Amount: 1..5, Unit Worth: 200, Weight: 10, Stages: []]
[22:25:05] [Client thread/INFO]: [ejektaflex.bountiful.proxy.CommonProxy:postInit:119]: Pickable [Item: entity:lycanitesmobs:wraith, Amount: 1..5, Unit Worth: 250, Weight: 10, Stages: []]
[22:25:05] [Client thread/INFO]: [ejektaflex.bountiful.proxy.CommonProxy:postInit:119]: Pickable [Item: entity:lycanitesmobs:xaphan, Amount: 1..5, Unit Worth: 200, Weight: 10, Stages: []]
[22:25:05] [Client thread/INFO]: [ejektaflex.bountiful.proxy.CommonProxy:postInit:119]: Pickable [Item: entity:lycanitesmobs:zoataur, Amount: 1..1, Unit Worth: 500, Weight: 10, Stages: []]
[22:25:05] [Client thread/INFO]: [ejektaflex.bountiful.proxy.CommonProxy:postInit:119]: Pickable [Item: entity:lycanitesmobs:djinn, Amount: 1..5, Unit Worth: 250, Weight: 10, Stages: []]
[22:25:05] [Client thread/INFO]: [ejektaflex.bountiful.proxy.CommonProxy:postInit:119]: Pickable [Item: entity:iceandfire:firedragon, Amount: 1..1, Unit Worth: 2000, Weight: 10, Stages: []]
[22:25:05] [Client thread/INFO]: [ejektaflex.bountiful.proxy.CommonProxy:postInit:119]: Pickable [Item: entity:iceandfire:icedragon, Amount: 1..1, Unit Worth: 3000, Weight: 10, Stages: []]
[22:25:05] [Client thread/INFO]: [ejektaflex.bountiful.proxy.CommonProxy:postInit:119]: Pickable [Item: entity:iceandfire:seaserpent, Amount: 1..1, Unit Worth: 2000, Weight: 10, Stages: []]
[22:25:05] [Client thread/INFO]: [ejektaflex.bountiful.proxy.CommonProxy:postInit:119]: Pickable [Item: entity:iceandfire:if_cockatrice, Amount: 1..5, Unit Worth: 300, Weight: 10, Stages: []]
[22:25:05] [Client thread/INFO]: [ejektaflex.bountiful.proxy.CommonProxy:postInit:119]: Pickable [Item: entity:iceandfire:if_troll, Amount: 1..3, Unit Worth: 400, Weight: 10, Stages: []]
[22:25:05] [Client thread/INFO]: [ejektaflex.bountiful.proxy.CommonProxy:postInit:119]: Pickable [Item: entity:iceandfire:myrmex_queen, Amount: 1..1, Unit Worth: 1500, Weight: 10, Stages: []]
[22:25:05] [Client thread/INFO]: [ejektaflex.bountiful.proxy.CommonProxy:postInit:119]: Pickable [Item: entity:iceandfire:myrmex_royal, Amount: 1..5, Unit Worth: 250, Weight: 10, Stages: []]
[22:25:05] [Client thread/INFO]: [ejektaflex.bountiful.proxy.CommonProxy:postInit:119]: Pickable [Item: entity:iceandfire:myrmex_sentinel, Amount: 1..5, Unit Worth: 250, Weight: 10, Stages: []]
[22:25:05] [Client thread/INFO]: [ejektaflex.bountiful.proxy.CommonProxy:postInit:119]: Pickable [Item: entity:iceandfire:myrmex_worker, Amount: 1..5, Unit Worth: 250, Weight: 10, Stages: []]
[22:25:05] [Client thread/INFO]: [ejektaflex.bountiful.proxy.CommonProxy:postInit:119]: Pickable [Item: entity:iceandfire:myrmex_soldier, Amount: 1..5, Unit Worth: 250, Weight: 10, Stages: []]
[22:25:05] [Client thread/INFO]: [ejektaflex.bountiful.proxy.CommonProxy:postInit:119]: Pickable [Item: entity:iceandfire:cyclops, Amount: 1..1, Unit Worth: 1000, Weight: 10, Stages: []]
[22:25:05] [Client thread/INFO]: [ejektaflex.bountiful.proxy.CommonProxy:postInit:119]: Pickable [Item: entity:iceandfire:deathworm, Amount: 1..5, Unit Worth: 250, Weight: 10, Stages: []]
[22:25:05] [Client thread/INFO]: [ejektaflex.bountiful.proxy.CommonProxy:postInit:119]: Pickable [Item: entity:iceandfire:gorgon, Amount: 1..1, Unit Worth: 1000, Weight: 10, Stages: []]
[22:25:05] [Client thread/INFO]: [ejektaflex.bountiful.proxy.CommonProxy:postInit:119]: Pickable [Item: entity:iceandfire:siren, Amount: 1..5, Unit Worth: 200, Weight: 10, Stages: []]
[22:25:05] [Client thread/INFO]: [ejektaflex.bountiful.proxy.CommonProxy:postInit:119]: Pickable [Item: entity:iceandfire:stymphalianbird, Amount: 1..5, Unit Worth: 250, Weight: 10, Stages: []]
[22:25:05] [Client thread/INFO]: [ejektaflex.bountiful.proxy.CommonProxy:postInit:119]: Pickable [Item: aquaculture:fish:0, Amount: 1..8, Unit Worth: 150, Weight: 15, Stages: []]
[22:25:05] [Client thread/INFO]: [ejektaflex.bountiful.proxy.CommonProxy:postInit:119]: Pickable [Item: aquaculture:fish:1, Amount: 1..8, Unit Worth: 150, Weight: 15, Stages: []]
[22:25:05] [Client thread/INFO]: [ejektaflex.bountiful.proxy.CommonProxy:postInit:119]: Pickable [Item: aquaculture:fish:2, Amount: 1..8, Unit Worth: 150, Weight: 15, Stages: []]
[22:25:05] [Client thread/INFO]: [ejektaflex.bountiful.proxy.CommonProxy:postInit:119]: Pickable [Item: aquaculture:fish:3, Amount: 1..8, Unit Worth: 150, Weight: 15, Stages: []]
[22:25:05] [Client thread/INFO]: [ejektaflex.bountiful.proxy.CommonProxy:postInit:119]: Pickable [Item: aquaculture:fish:4, Amount: 1..8, Unit Worth: 200, Weight: 15, Stages: []]
[22:25:05] [Client thread/INFO]: [ejektaflex.bountiful.proxy.CommonProxy:postInit:119]: Pickable [Item: aquaculture:fish:5, Amount: 1..8, Unit Worth: 200, Weight: 15, Stages: []]
[22:25:05] [Client thread/INFO]: [ejektaflex.bountiful.proxy.CommonProxy:postInit:119]: Pickable [Item: aquaculture:fish:6, Amount: 1..8, Unit Worth: 250, Weight: 15, Stages: []]
[22:25:05] [Client thread/INFO]: [ejektaflex.bountiful.proxy.CommonProxy:postInit:119]: Pickable [Item: aquaculture:fish:7, Amount: 1..8, Unit Worth: 300, Weight: 15, Stages: []]
[22:25:05] [Client thread/INFO]: [ejektaflex.bountiful.proxy.CommonProxy:postInit:119]: Pickable [Item: aquaculture:fish:8, Amount: 1..8, Unit Worth: 200, Weight: 15, Stages: []]
[22:25:05] [Client thread/INFO]: [ejektaflex.bountiful.proxy.CommonProxy:postInit:119]: Pickable [Item: aquaculture:fish:9, Amount: 1..8, Unit Worth: 250, Weight: 15, Stages: []]
[22:25:05] [Client thread/INFO]: [ejektaflex.bountiful.proxy.CommonProxy:postInit:119]: Pickable [Item: aquaculture:fish:10, Amount: 1..8, Unit Worth: 200, Weight: 15, Stages: []]
[22:25:05] [Client thread/INFO]: [ejektaflex.bountiful.proxy.CommonProxy:postInit:119]: Pickable [Item: aquaculture:fish:11, Amount: 1..8, Unit Worth: 250, Weight: 15, Stages: []]
[22:25:05] [Client thread/INFO]: [ejektaflex.bountiful.proxy.CommonProxy:postInit:119]: Pickable [Item: aquaculture:fish:12, Amount: 1..4, Unit Worth: 500, Weight: 15, Stages: []]
[22:25:05] [Client thread/INFO]: [ejektaflex.bountiful.proxy.CommonProxy:postInit:119]: Pickable [Item: aquaculture:fish:13, Amount: 1..4, Unit Worth: 750, Weight: 15, Stages: []]
[22:25:05] [Client thread/INFO]: [ejektaflex.bountiful.proxy.CommonProxy:postInit:119]: Pickable [Item: aquaculture:fish:14, Amount: 1..4, Unit Worth: 1000, Weight: 15, Stages: []]
[22:25:05] [Client thread/INFO]: [ejektaflex.bountiful.proxy.CommonProxy:postInit:119]: Pickable [Item: aquaculture:fish:15, Amount: 1..4, Unit Worth: 900, Weight: 15, Stages: []]
[22:25:05] [Client thread/INFO]: [ejektaflex.bountiful.proxy.CommonProxy:postInit:119]: Pickable [Item: aquaculture:fish:16, Amount: 1..8, Unit Worth: 480, Weight: 15, Stages: []]
[22:25:05] [Client thread/INFO]: [ejektaflex.bountiful.proxy.CommonProxy:postInit:119]: Pickable [Item: aquaculture:fish:17, Amount: 1..8, Unit Worth: 250, Weight: 15, Stages: []]
[22:25:05] [Client thread/INFO]: [ejektaflex.bountiful.proxy.CommonProxy:postInit:119]: Pickable [Item: aquaculture:fish:18, Amount: 1..4, Unit Worth: 480, Weight: 15, Stages: []]
[22:25:05] [Client thread/INFO]: [ejektaflex.bountiful.proxy.CommonProxy:postInit:119]: Pickable [Item: aquaculture:fish:19, Amount: 1..8, Unit Worth: 250, Weight: 15, Stages: []]
[22:25:05] [Client thread/INFO]: [ejektaflex.bountiful.proxy.CommonProxy:postInit:119]: Pickable [Item: aquaculture:fish:20, Amount: 1..8, Unit Worth: 360, Weight: 15, Stages: []]
[22:25:05] [Client thread/INFO]: [ejektaflex.bountiful.proxy.CommonProxy:postInit:119]: Pickable [Item: aquaculture:fish:21, Amount: 1..8, Unit Worth: 240, Weight: 15, Stages: []]
[22:25:05] [Client thread/INFO]: [ejektaflex.bountiful.proxy.CommonProxy:postInit:119]: Pickable [Item: aquaculture:fish:22, Amount: 1..4, Unit Worth: 600, Weight: 15, Stages: []]
[22:25:05] [Client thread/INFO]: [ejektaflex.bountiful.proxy.CommonProxy:postInit:119]: Pickable [Item: aquaculture:fish:23, Amount: 1..8, Unit Worth: 720, Weight: 15, Stages: []]
[22:25:05] [Client thread/INFO]: [ejektaflex.bountiful.proxy.CommonProxy:postInit:119]: Pickable [Item: aquaculture:fish:24, Amount: 1..8, Unit Worth: 200, Weight: 15, Stages: []]
[22:25:05] [Client thread/INFO]: [ejektaflex.bountiful.proxy.CommonProxy:postInit:119]: Pickable [Item: aquaculture:fish:25, Amount: 1..8, Unit Worth: 200, Weight: 15, Stages: []]
[22:25:05] [Client thread/INFO]: [ejektaflex.bountiful.proxy.CommonProxy:postInit:119]: Pickable [Item: aquaculture:fish:26, Amount: 1..8, Unit Worth: 200, Weight: 15, Stages: []]
[22:25:05] [Client thread/INFO]: [ejektaflex.bountiful.proxy.CommonProxy:postInit:119]: Pickable [Item: aquaculture:fish:27, Amount: 1..8, Unit Worth: 240, Weight: 15, Stages: []]
[22:25:05] [Client thread/INFO]: [ejektaflex.bountiful.proxy.CommonProxy:postInit:119]: Pickable [Item: aquaculture:fish:28, Amount: 1..8, Unit Worth: 300, Weight: 15, Stages: []]
[22:25:05] [Client thread/INFO]: [ejektaflex.bountiful.proxy.CommonProxy:postInit:119]: Pickable [Item: aquaculture:fish:29, Amount: 1..4, Unit Worth: 420, Weight: 15, Stages: []]
[22:25:05] [Client thread/INFO]: [ejektaflex.bountiful.proxy.CommonProxy:postInit:119]: Pickable [Item: aquaculture:fish:30, Amount: 1..8, Unit Worth: 360, Weight: 15, Stages: []]
[22:25:05] [Client thread/INFO]: [ejektaflex.bountiful.proxy.CommonProxy:postInit:119]: Pickable [Item: aquaculture:fish:31, Amount: 1..8, Unit Worth: 720, Weight: 15, Stages: []]
[22:25:05] [Client thread/INFO]: [ejektaflex.bountiful.proxy.CommonProxy:postInit:119]: Pickable [Item: aquaculture:fish:32, Amount: 1..8, Unit Worth: 360, Weight: 15, Stages: []]
[22:25:05] [Client thread/INFO]: [ejektaflex.bountiful.proxy.CommonProxy:postInit:119]: Pickable [Item: aquaculture:fish:33, Amount: 1..8, Unit Worth: 480, Weight: 15, Stages: []]
[22:25:05] [Client thread/INFO]: [ejektaflex.bountiful.proxy.CommonProxy:postInit:119]: Pickable [Item: aquaculture:fish:34, Amount: 1..8, Unit Worth: 600, Weight: 15, Stages: []]
[22:25:05] [Client thread/INFO]: [ejektaflex.bountiful.proxy.CommonProxy:postInit:119]: Pickable [Item: aquaculture:fish:35, Amount: 1..4, Unit Worth: 3000, Weight: 15, Stages: []]
[22:25:05] [Client thread/INFO]: [ejektaflex.bountiful.proxy.CommonProxy:postInit:119]: Pickable [Item: aquaculture:fish:36, Amount: 1..4, Unit Worth: 3000, Weight: 15, Stages: []]
[22:25:05] [Client thread/INFO]: [ejektaflex.bountiful.proxy.CommonProxy:postInit:119]: Pickable [Item: aquaculture:fish:37, Amount: 1..8, Unit Worth: 480, Weight: 15, Stages: []]
[22:25:05] [Client thread/INFO]: [ejektaflex.bountiful.proxy.CommonProxy:postInit:119]: Pickable [Item: aquaculture:fish:38, Amount: 1..4, Unit Worth: 1500, Weight: 15, Stages: []]
[22:25:05] [Client thread/INFO]: [ejektaflex.bountiful.proxy.CommonProxy:postInit:119]: Pickable [Item: advanced-fishing:fish:0, Amount: 1..8, Unit Worth: 240, Weight: 15, Stages: []]
[22:25:05] [Client thread/INFO]: [ejektaflex.bountiful.proxy.CommonProxy:postInit:119]: Pickable [Item: advanced-fishing:fish:1, Amount: 1..4, Unit Worth: 1200, Weight: 15, Stages: []]
[22:25:05] [Client thread/INFO]: [ejektaflex.bountiful.proxy.CommonProxy:postInit:119]: Pickable [Item: advanced-fishing:fish:2, Amount: 1..8, Unit Worth: 300, Weight: 15, Stages: []]
[22:25:05] [Client thread/INFO]: [ejektaflex.bountiful.proxy.CommonProxy:postInit:119]: Pickable [Item: advanced-fishing:fish:3, Amount: 1..8, Unit Worth: 360, Weight: 15, Stages: []]
[22:25:05] [Client thread/INFO]: [ejektaflex.bountiful.proxy.CommonProxy:postInit:119]: Pickable [Item: advanced-fishing:fish:4, Amount: 1..8, Unit Worth: 360, Weight: 15, Stages: []]
[22:25:05] [Client thread/INFO]: [ejektaflex.bountiful.proxy.CommonProxy:postInit:119]: Pickable [Item: advanced-fishing:fish:5, Amount: 1..4, Unit Worth: 400, Weight: 15, Stages: []]
[22:25:05] [Client thread/INFO]: [ejektaflex.bountiful.proxy.CommonProxy:postInit:119]: Pickable [Item: advanced-fishing:fish:6, Amount: 1..4, Unit Worth: 720, Weight: 15, Stages: []]
[22:25:05] [Client thread/INFO]: [ejektaflex.bountiful.proxy.CommonProxy:postInit:119]: Pickable [Item: advanced-fishing:fish:7, Amount: 1..4, Unit Worth: 960, Weight: 15, Stages: []]
[22:25:05] [Client thread/INFO]: [ejektaflex.bountiful.proxy.CommonProxy:postInit:119]: Pickable [Item: advanced-fishing:fish:8, Amount: 1..4, Unit Worth: 600, Weight: 15, Stages: []]
[22:25:05] [Client thread/INFO]: [ejektaflex.bountiful.proxy.CommonProxy:postInit:119]: Pickable [Item: advanced-fishing:fish:9, Amount: 1..4, Unit Worth: 1200, Weight: 15, Stages: []]
[22:25:05] [Client thread/INFO]: [ejektaflex.bountiful.proxy.CommonProxy:postInit:119]: Pickable [Item: advanced-fishing:fish:10, Amount: 1..4, Unit Worth: 1200, Weight: 15, Stages: []]
[22:25:05] [Client thread/INFO]: [ejektaflex.bountiful.proxy.CommonProxy:postInit:119]: Pickable [Item: advanced-fishing:fish:11, Amount: 1..4, Unit Worth: 1200, Weight: 15, Stages: []]
[22:25:05] [Client thread/INFO]: [ejektaflex.bountiful.proxy.CommonProxy:postInit:119]: Pickable [Item: advanced-fishing:fish:12, Amount: 1..4, Unit Worth: 1200, Weight: 15, Stages: []]
[22:25:05] [Client thread/INFO]: [ejektaflex.bountiful.proxy.CommonProxy:postInit:119]: Pickable [Item: advanced-fishing:fish:13, Amount: 1..4, Unit Worth: 2200, Weight: 15, Stages: []]
[22:25:05] [Client thread/INFO]: [ejektaflex.bountiful.proxy.CommonProxy:postInit:119]: Pickable [Item: advanced-fishing:fish:14, Amount: 1..4, Unit Worth: 2200, Weight: 15, Stages: []]
[22:25:05] [Client thread/INFO]: [ejektaflex.bountiful.proxy.CommonProxy:postInit:119]: Pickable [Item: advanced-fishing:fish:15, Amount: 1..4, Unit Worth: 2200, Weight: 15, Stages: []]
[22:25:05] [Client thread/INFO]: [ejektaflex.bountiful.proxy.CommonProxy:postInit:119]: Pickable [Item: advanced-fishing:fish:16, Amount: 1..8, Unit Worth: 360, Weight: 15, Stages: []]
[22:25:05] [Client thread/INFO]: [ejektaflex.bountiful.proxy.CommonProxy:postInit:119]: Pickable [Item: advanced-fishing:fish:17, Amount: 1..8, Unit Worth: 300, Weight: 15, Stages: []]
[22:25:05] [Client thread/INFO]: [ejektaflex.bountiful.proxy.CommonProxy:postInit:119]: Pickable [Item: advanced-fishing:fish:18, Amount: 1..8, Unit Worth: 360, Weight: 15, Stages: []]
[22:25:05] [Client thread/INFO]: [ejektaflex.bountiful.proxy.CommonProxy:postInit:119]: Pickable [Item: advanced-fishing:fish:19, Amount: 1..8, Unit Worth: 420, Weight: 15, Stages: []]
[22:25:05] [Client thread/INFO]: [ejektaflex.bountiful.proxy.CommonProxy:postInit:119]: Pickable [Item: advanced-fishing:fish:20, Amount: 1..4, Unit Worth: 720, Weight: 15, Stages: []]
[22:25:05] [Client thread/INFO]: [ejektaflex.bountiful.proxy.CommonProxy:postInit:119]: Pickable [Item: advanced-fishing:fish:21, Amount: 1..8, Unit Worth: 300, Weight: 15, Stages: []]
[22:25:05] [Client thread/INFO]: [ejektaflex.bountiful.proxy.CommonProxy:postInit:119]: Pickable [Item: advanced-fishing:fish:22, Amount: 1..8, Unit Worth: 360, Weight: 15, Stages: []]
[22:25:05] [Client thread/INFO]: [ejektaflex.bountiful.proxy.CommonProxy:postInit:119]: Pickable [Item: advanced-fishing:fish:23, Amount: 1..4, Unit Worth: 250, Weight: 15, Stages: []]
[22:25:05] [Client thread/INFO]: [ejektaflex.bountiful.proxy.CommonProxy:postInit:119]: Pickable [Item: advanced-fishing:fish:24, Amount: 1..4, Unit Worth: 1200, Weight: 15, Stages: []]
[22:25:05] [Client thread/INFO]: [ejektaflex.bountiful.proxy.CommonProxy:postInit:119]: Pickable [Item: advanced-fishing:fish:25, Amount: 1..8, Unit Worth: 360, Weight: 15, Stages: []]
[22:25:05] [Client thread/INFO]: [ejektaflex.bountiful.proxy.CommonProxy:postInit:119]: Pickable [Item: advanced-fishing:fish:26, Amount: 1..4, Unit Worth: 420, Weight: 15, Stages: []]
[22:25:05] [Client thread/INFO]: [ejektaflex.bountiful.proxy.CommonProxy:postInit:119]: Pickable [Item: advanced-fishing:fish:27, Amount: 1..4, Unit Worth: 3000, Weight: 15, Stages: []]
[22:25:05] [Client thread/INFO]: [ejektaflex.bountiful.proxy.CommonProxy:postInit:119]: Pickable [Item: advanced-fishing:fish:28, Amount: 1..4, Unit Worth: 3000, Weight: 15, Stages: []]
[22:25:05] [Client thread/INFO]: [ejektaflex.bountiful.proxy.CommonProxy:postInit:119]: Pickable [Item: advanced-fishing:fish:29, Amount: 1..4, Unit Worth: 1200, Weight: 15, Stages: []]
[22:25:05] [Client thread/INFO]: [ejektaflex.bountiful.proxy.CommonProxy:postInit:119]: Pickable [Item: advanced-fishing:fish:30, Amount: 1..8, Unit Worth: 300, Weight: 15, Stages: []]
[22:25:05] [Client thread/INFO]: [ejektaflex.bountiful.proxy.CommonProxy:postInit:119]: Pickable [Item: advanced-fishing:fish:31, Amount: 1..8, Unit Worth: 1100, Weight: 15, Stages: []]
[22:25:05] [Client thread/INFO]: [ejektaflex.bountiful.proxy.CommonProxy:postInit:119]: Pickable [Item: advanced-fishing:fish:32, Amount: 1..8, Unit Worth: 1100, Weight: 15, Stages: []]
[22:25:05] [Client thread/INFO]: [ejektaflex.bountiful.proxy.CommonProxy:postInit:119]: Pickable [Item: advanced-fishing:fish:33, Amount: 1..8, Unit Worth: 600, Weight: 15, Stages: []]
[22:25:05] [Client thread/INFO]: [ejektaflex.bountiful.proxy.CommonProxy:postInit:119]: Pickable [Item: advanced-fishing:fish:34, Amount: 1..8, Unit Worth: 360, Weight: 15, Stages: []]
[22:25:05] [Client thread/INFO]: [ejektaflex.bountiful.proxy.CommonProxy:postInit:119]: Pickable [Item: advanced-fishing:fish:35, Amount: 1..8, Unit Worth: 420, Weight: 15, Stages: []]
[22:25:05] [Client thread/INFO]: [ejektaflex.bountiful.proxy.CommonProxy:postInit:119]: Pickable [Item: advanced-fishing:fish:36, Amount: 1..8, Unit Worth: 200, Weight: 15, Stages: []]
[22:25:05] [Client thread/INFO]: [ejektaflex.bountiful.proxy.CommonProxy:postInit:119]: Pickable [Item: advanced-fishing:fish:37, Amount: 1..8, Unit Worth: 360, Weight: 15, Stages: []]
[22:25:05] [Client thread/INFO]: [ejektaflex.bountiful.proxy.CommonProxy:postInit:119]: Pickable [Item: advanced-fishing:fish:38, Amount: 1..1, Unit Worth: 12000, Weight: 15, Stages: []]
[22:25:05] [Client thread/INFO]: [ejektaflex.bountiful.proxy.CommonProxy:postInit:119]: Pickable [Item: advanced-fishing:fish:39, Amount: 1..4, Unit Worth: 1200, Weight: 15, Stages: []]
[22:25:05] [Client thread/INFO]: [ejektaflex.bountiful.proxy.CommonProxy:postInit:119]: Pickable [Item: advanced-fishing:fish:40, Amount: 1..4, Unit Worth: 1200, Weight: 15, Stages: []]
[22:25:05] [Client thread/INFO]: [ejektaflex.bountiful.proxy.CommonProxy:postInit:119]: Pickable [Item: advanced-fishing:fish:41, Amount: 1..4, Unit Worth: 1200, Weight: 15, Stages: []]
[22:25:05] [Client thread/INFO]: [ejektaflex.bountiful.proxy.CommonProxy:postInit:119]: Pickable [Item: advanced-fishing:fish:42, Amount: 1..4, Unit Worth: 1200, Weight: 15, Stages: []]
[22:25:05] [Client thread/INFO]: [ejektaflex.bountiful.proxy.CommonProxy:postInit:119]: Pickable [Item: trumpetskeleton:trumpet, Amount: 1..1, Unit Worth: 4000, Weight: 10, Stages: []]
[22:25:05] [Client thread/INFO]: [ejektaflex.bountiful.proxy.CommonProxy:postInit:119]: Pickable [Item: minecraft:porkchop, Amount: 1..32, Unit Worth: 15, Weight: 40, Stages: []]
[22:25:05] [Client thread/INFO]: [ejektaflex.bountiful.proxy.CommonProxy:postInit:119]: Pickable [Item: minecraft:beef, Amount: 1..32, Unit Worth: 10, Weight: 40, Stages: []]
[22:25:05] [Client thread/INFO]: [ejektaflex.bountiful.proxy.CommonProxy:postInit:119]: Pickable [Item: minecraft:chicken, Amount: 1..32, Unit Worth: 20, Weight: 40, Stages: []]
[22:25:05] [Client thread/INFO]: [ejektaflex.bountiful.proxy.CommonProxy:postInit:119]: Pickable [Item: minecraft:rabbit, Amount: 1..32, Unit Worth: 30, Weight: 40, Stages: []]
[22:25:05] [Client thread/INFO]: [ejektaflex.bountiful.proxy.CommonProxy:postInit:119]: Pickable [Item: minecraft:mutton, Amount: 1..32, Unit Worth: 15, Weight: 40, Stages: []]
[22:25:05] [Client thread/INFO]: [ejektaflex.bountiful.proxy.CommonProxy:postInit:119]: Pickable [Item: familiarfauna:turkey_leg_raw, Amount: 1..32, Unit Worth: 30, Weight: 40, Stages: []]
[22:25:05] [Client thread/INFO]: [ejektaflex.bountiful.proxy.CommonProxy:postInit:119]: Pickable [Item: familiarfauna:venison_raw, Amount: 1..32, Unit Worth: 30, Weight: 40, Stages: []]
[22:25:05] [Client thread/INFO]: [ejektaflex.bountiful.proxy.CommonProxy:postInit:119]: Pickable [Item: foodexpansion:itemsquid, Amount: 1..32, Unit Worth: 25, Weight: 40, Stages: []]
[22:25:05] [Client thread/INFO]: [ejektaflex.bountiful.proxy.CommonProxy:postInit:119]: Pickable [Item: lycanitesmobs:conbabutt, Amount: 1..1, Unit Worth: 300, Weight: 15, Stages: []]
[22:25:05] [Client thread/INFO]: [ejektaflex.bountiful.proxy.CommonProxy:postInit:119]: Pickable [Item: lycanitesmobs:bruchaquill, Amount: 1..1, Unit Worth: 150, Weight: 15, Stages: []]
[22:25:05] [Client thread/INFO]: [ejektaflex.bountiful.proxy.CommonProxy:postInit:119]: Pickable [Item: lycanitesmobs:ironpaxel, Amount: 1..1, Unit Worth: 100, Weight: 15, Stages: []]
[22:25:05] [Client thread/INFO]: [ejektaflex.bountiful.proxy.CommonProxy:postInit:119]: Pickable [Item: lycanitesmobs:woodenpaxel, Amount: 1..1, Unit Worth: 50, Weight: 15, Stages: []]
[22:25:05] [Client thread/INFO]: [ejektaflex.bountiful.proxy.CommonProxy:postInit:119]: Pickable [Item: lycanitesmobs:woodenhilt, Amount: 1..1, Unit Worth: 50, Weight: 15, Stages: []]
[22:25:05] [Client thread/INFO]: [ejektaflex.bountiful.proxy.CommonProxy:postInit:119]: Pickable [Item: lycanitesmobs:ironhilt, Amount: 1..1, Unit Worth: 100, Weight: 15, Stages: []]
[22:25:05] [Client thread/INFO]: [ejektaflex.bountiful.proxy.CommonProxy:postInit:119]: Pickable [Item: lycanitesmobs:ironaxehead, Amount: 1..1, Unit Worth: 150, Weight: 15, Stages: []]
[22:25:05] [Client thread/INFO]: [ejektaflex.bountiful.proxy.CommonProxy:postInit:119]: Pickable [Item: lycanitesmobs:ironpikejoint, Amount: 1..1, Unit Worth: 150, Weight: 15, Stages: []]
[22:25:05] [Client thread/INFO]: [ejektaflex.bountiful.proxy.CommonProxy:postInit:119]: Pickable [Item: lycanitesmobs:goldscepterhead, Amount: 1..1, Unit Worth: 200, Weight: 15, Stages: []]
[22:25:05] [Client thread/INFO]: [ejektaflex.bountiful.proxy.CommonProxy:postInit:119]: Pickable [Item: lycanitesmobs:raw_bobeko_meat, Amount: 1..16, Unit Worth: 30, Weight: 30, Stages: []]
[22:25:05] [Client thread/INFO]: [ejektaflex.bountiful.proxy.CommonProxy:postInit:119]: Pickable [Item: lycanitesmobs:raw_joust_meat, Amount: 1..16, Unit Worth: 30, Weight: 30, Stages: []]
[22:25:05] [Client thread/INFO]: [ejektaflex.bountiful.proxy.CommonProxy:postInit:119]: Pickable [Item: lycanitesmobs:raw_krake_meat, Amount: 1..16, Unit Worth: 30, Weight: 30, Stages: []]
[22:25:05] [Client thread/INFO]: [ejektaflex.bountiful.proxy.CommonProxy:postInit:119]: Pickable [Item: lycanitesmobs:raw_yale_meat, Amount: 1..16, Unit Worth: 30, Weight: 30, Stages: []]
[22:25:05] [Client thread/INFO]: [ejektaflex.bountiful.proxy.CommonProxy:postInit:119]: Pickable [Item: lycanitesmobs:raw_pinky_meat, Amount: 1..16, Unit Worth: 30, Weight: 30, Stages: []]
[22:25:05] [Client thread/INFO]: [ejektaflex.bountiful.proxy.CommonProxy:postInit:119]: Pickable [Item: lycanitesmobs:raw_aspid_meat, Amount: 1..16, Unit Worth: 30, Weight: 30, Stages: []]
[22:25:05] [Client thread/INFO]: [ejektaflex.bountiful.proxy.CommonProxy:postInit:119]: Pickable [Item: lycanitesmobs:raw_concapede_meat, Amount: 1..16, Unit Worth: 30, Weight: 30, Stages: []]
[22:25:05] [Client thread/INFO]: [ejektaflex.bountiful.proxy.CommonProxy:postInit:119]: Pickable [Item: lycanitesmobs:raw_ika_meat, Amount: 1..16, Unit Worth: 30, Weight: 30, Stages: []]
[22:25:05] [Client thread/INFO]: [ejektaflex.bountiful.proxy.CommonProxy:postInit:119]: Pickable [Item: lycanitesmobs:raw_arisaur_meat, Amount: 1..16, Unit Worth: 30, Weight: 30, Stages: []]
[22:25:05] [Client thread/INFO]: [ejektaflex.bountiful.proxy.CommonProxy:postInit:119]: Pickable [Item: lycanitesmobs:raw_silex_meat, Amount: 1..16, Unit Worth: 30, Weight: 30, Stages: []]
[22:25:05] [Client thread/INFO]: [ejektaflex.bountiful.proxy.CommonProxy:postInit:119]: Pickable [Item: lycanitesmobs:raw_maka_meat, Amount: 1..16, Unit Worth: 30, Weight: 30, Stages: []]
[22:25:05] [Client thread/INFO]: [ejektaflex.bountiful.proxy.CommonProxy:postInit:119]: Pickable [Item: lycanitesmobs:raw_chupacabra_meat, Amount: 1..16, Unit Worth: 30, Weight: 30, Stages: []]
[22:25:05] [Client thread/INFO]: [ejektaflex.bountiful.proxy.CommonProxy:postInit:119]: Pickable [Item: spartanweaponry:dagger_iron, Amount: 1..1, Unit Worth: 300, Weight: 25, Stages: []]
[22:25:05] [Client thread/INFO]: [ejektaflex.bountiful.proxy.CommonProxy:postInit:119]: Pickable [Item: spartanweaponry:longsword_iron, Amount: 1..1, Unit Worth: 300, Weight: 25, Stages: []]
[22:25:05] [Client thread/INFO]: [ejektaflex.bountiful.proxy.CommonProxy:postInit:119]: Pickable [Item: spartanweaponry:katana_iron, Amount: 1..1, Unit Worth: 300, Weight: 25, Stages: []]
[22:25:05] [Client thread/INFO]: [ejektaflex.bountiful.proxy.CommonProxy:postInit:119]: Pickable [Item: spartanweaponry:saber_iron, Amount: 1..1, Unit Worth: 300, Weight: 25, Stages: []]
[22:25:05] [Client thread/INFO]: [ejektaflex.bountiful.proxy.CommonProxy:postInit:119]: Pickable [Item: spartanweaponry:rapier_iron, Amount: 1..1, Unit Worth: 300, Weight: 25, Stages: []]
[22:25:05] [Client thread/INFO]: [ejektaflex.bountiful.proxy.CommonProxy:postInit:119]: Pickable [Item: spartanweaponry:greatsword_iron, Amount: 1..1, Unit Worth: 300, Weight: 25, Stages: []]
[22:25:05] [Client thread/INFO]: [ejektaflex.bountiful.proxy.CommonProxy:postInit:119]: Pickable [Item: spartanweaponry:hammer_iron, Amount: 1..1, Unit Worth: 300, Weight: 25, Stages: []]
[22:25:05] [Client thread/INFO]: [ejektaflex.bountiful.proxy.CommonProxy:postInit:119]: Pickable [Item: spartanweaponry:warhammer_iron, Amount: 1..1, Unit Worth: 300, Weight: 25, Stages: []]
[22:25:05] [Client thread/INFO]: [ejektaflex.bountiful.proxy.CommonProxy:postInit:119]: Pickable [Item: spartanweaponry:spear_iron, Amount: 1..1, Unit Worth: 300, Weight: 25, Stages: []]
[22:25:05] [Client thread/INFO]: [ejektaflex.bountiful.proxy.CommonProxy:postInit:119]: Pickable [Item: spartanweaponry:halberd_iron, Amount: 1..1, Unit Worth: 300, Weight: 25, Stages: []]
[22:25:05] [Client thread/INFO]: [ejektaflex.bountiful.proxy.CommonProxy:postInit:119]: Pickable [Item: spartanweaponry:pike_iron, Amount: 1..1, Unit Worth: 300, Weight: 25, Stages: []]
[22:25:05] [Client thread/INFO]: [ejektaflex.bountiful.proxy.CommonProxy:postInit:119]: Pickable [Item: spartanweaponry:lance_iron, Amount: 1..1, Unit Worth: 300, Weight: 25, Stages: []]
[22:25:05] [Client thread/INFO]: [ejektaflex.bountiful.proxy.CommonProxy:postInit:119]: Pickable [Item: spartanweaponry:longbow_iron, Amount: 1..1, Unit Worth: 300, Weight: 25, Stages: []]
[22:25:05] [Client thread/INFO]: [ejektaflex.bountiful.proxy.CommonProxy:postInit:119]: Pickable [Item: spartanweaponry:crossbow_iron, Amount: 1..1, Unit Worth: 300, Weight: 25, Stages: []]
[22:25:05] [Client thread/INFO]: [ejektaflex.bountiful.proxy.CommonProxy:postInit:119]: Pickable [Item: spartanweaponry:battleaxe_iron, Amount: 1..1, Unit Worth: 300, Weight: 25, Stages: []]
[22:25:05] [Client thread/INFO]: [ejektaflex.bountiful.proxy.CommonProxy:postInit:119]: Pickable [Item: spartanweaponry:mace_iron, Amount: 1..1, Unit Worth: 300, Weight: 25, Stages: []]
[22:25:05] [Client thread/INFO]: [ejektaflex.bountiful.proxy.CommonProxy:postInit:119]: Pickable [Item: spartanweaponry:glaive_iron, Amount: 1..1, Unit Worth: 300, Weight: 25, Stages: []]
[22:25:05] [Client thread/INFO]: [ejektaflex.bountiful.proxy.CommonProxy:postInit:119]: Pickable [Item: spartanweaponry:staff_iron, Amount: 1..1, Unit Worth: 300, Weight: 25, Stages: []]
[22:25:05] [Client thread/INFO]: [ejektaflex.bountiful.proxy.CommonProxy:postInit:119]: Pickable [Item: spartanweaponry:dagger_diamond, Amount: 1..1, Unit Worth: 600, Weight: 25, Stages: []]
[22:25:05] [Client thread/INFO]: [ejektaflex.bountiful.proxy.CommonProxy:postInit:119]: Pickable [Item: spartanweaponry:longsword_diamond, Amount: 1..1, Unit Worth: 600, Weight: 25, Stages: []]
[22:25:05] [Client thread/INFO]: [ejektaflex.bountiful.proxy.CommonProxy:postInit:119]: Pickable [Item: spartanweaponry:katana_diamond, Amount: 1..1, Unit Worth: 600, Weight: 25, Stages: []]
[22:25:05] [Client thread/INFO]: [ejektaflex.bountiful.proxy.CommonProxy:postInit:119]: Pickable [Item: spartanweaponry:saber_diamond, Amount: 1..1, Unit Worth: 600, Weight: 25, Stages: []]
[22:25:05] [Client thread/INFO]: [ejektaflex.bountiful.proxy.CommonProxy:postInit:119]: Pickable [Item: spartanweaponry:rapier_diamond, Amount: 1..1, Unit Worth: 600, Weight: 25, Stages: []]
[22:25:05] [Client thread/INFO]: [ejektaflex.bountiful.proxy.CommonProxy:postInit:119]: Pickable [Item: spartanweaponry:greatsword_diamond, Amount: 1..1, Unit Worth: 600, Weight: 25, Stages: []]
[22:25:05] [Client thread/INFO]: [ejektaflex.bountiful.proxy.CommonProxy:postInit:119]: Pickable [Item: spartanweaponry:hammer_diamond, Amount: 1..1, Unit Worth: 600, Weight: 25, Stages: []]
[22:25:05] [Client thread/INFO]: [ejektaflex.bountiful.proxy.CommonProxy:postInit:119]: Pickable [Item: spartanweaponry:warhammer_diamond, Amount: 1..1, Unit Worth: 600, Weight: 25, Stages: []]
[22:25:05] [Client thread/INFO]: [ejektaflex.bountiful.proxy.CommonProxy:postInit:119]: Pickable [Item: spartanweaponry:spear_diamond, Amount: 1..1, Unit Worth: 600, Weight: 25, Stages: []]
[22:25:05] [Client thread/INFO]: [ejektaflex.bountiful.proxy.CommonProxy:postInit:119]: Pickable [Item: spartanweaponry:halberd_diamond, Amount: 1..1, Unit Worth: 600, Weight: 25, Stages: []]
[22:25:05] [Client thread/INFO]: [ejektaflex.bountiful.proxy.CommonProxy:postInit:119]: Pickable [Item: spartanweaponry:pike_diamond, Amount: 1..1, Unit Worth: 600, Weight: 25, Stages: []]
[22:25:05] [Client thread/INFO]: [ejektaflex.bountiful.proxy.CommonProxy:postInit:119]: Pickable [Item: spartanweaponry:lance_diamond, Amount: 1..1, Unit Worth: 600, Weight: 25, Stages: []]
[22:25:05] [Client thread/INFO]: [ejektaflex.bountiful.proxy.CommonProxy:postInit:119]: Pickable [Item: spartanweaponry:longbow_diamond, Amount: 1..1, Unit Worth: 600, Weight: 25, Stages: []]
[22:25:05] [Client thread/INFO]: [ejektaflex.bountiful.proxy.CommonProxy:postInit:119]: Pickable [Item: spartanweaponry:crossbow_diamond, Amount: 1..1, Unit Worth: 600, Weight: 25, Stages: []]
[22:25:05] [Client thread/INFO]: [ejektaflex.bountiful.proxy.CommonProxy:postInit:119]: Pickable [Item: spartanweaponry:battleaxe_diamond, Amount: 1..1, Unit Worth: 600, Weight: 25, Stages: []]
[22:25:05] [Client thread/INFO]: [ejektaflex.bountiful.proxy.CommonProxy:postInit:119]: Pickable [Item: spartanweaponry:mace_diamond, Amount: 1..1, Unit Worth: 600, Weight: 25, Stages: []]
[22:25:05] [Client thread/INFO]: [ejektaflex.bountiful.proxy.CommonProxy:postInit:119]: Pickable [Item: spartanweaponry:glaive_diamond, Amount: 1..1, Unit Worth: 600, Weight: 25, Stages: []]
[22:25:05] [Client thread/INFO]: [ejektaflex.bountiful.proxy.CommonProxy:postInit:119]: Pickable [Item: spartanweaponry:staff_diamond, Amount: 1..1, Unit Worth: 600, Weight: 25, Stages: []]
[22:25:05] [Client thread/INFO]: [ejektaflex.bountiful.proxy.CommonProxy:postInit:119]: Pickable [Item: ichunutil:compact_porkchop, Amount: 1..1, Unit Worth: 1000, Weight: 1, Stages: []]
[22:25:05] [Client thread/INFO]: [ejektaflex.bountiful.proxy.CommonProxy:postInit:119]: Pickable [Item: quark:variant_leaves:1, Amount: 1..32, Unit Worth: 200, Weight: 15, Stages: []]
[22:25:05] [Client thread/INFO]: [ejektaflex.bountiful.proxy.CommonProxy:postInit:119]: Pickable [Item: quark:biotite, Amount: 1..32, Unit Worth: 300, Weight: 10, Stages: []]
[22:25:05] [Client thread/INFO]: [ejektaflex.bountiful.proxy.CommonProxy:postInit:119]: Pickable [Item: quark:crystal, Amount: 1..8, Unit Worth: 300, Weight: 10, Stages: []]
[22:25:05] [Client thread/INFO]: [ejektaflex.bountiful.proxy.CommonProxy:postInit:119]: Pickable [Item: quark:crystal:1, Amount: 1..8, Unit Worth: 300, Weight: 10, Stages: []]
[22:25:05] [Client thread/INFO]: [ejektaflex.bountiful.proxy.CommonProxy:postInit:119]: Pickable [Item: quark:crystal:2, Amount: 1..8, Unit Worth: 300, Weight: 10, Stages: []]
[22:25:05] [Client thread/INFO]: [ejektaflex.bountiful.proxy.CommonProxy:postInit:119]: Pickable [Item: quark:crystal:3, Amount: 1..8, Unit Worth: 300, Weight: 10, Stages: []]
[22:25:05] [Client thread/INFO]: [ejektaflex.bountiful.proxy.CommonProxy:postInit:119]: Pickable [Item: quark:crystal:4, Amount: 1..8, Unit Worth: 300, Weight: 10, Stages: []]
[22:25:05] [Client thread/INFO]: [ejektaflex.bountiful.proxy.CommonProxy:postInit:119]: Pickable [Item: quark:crystal:5, Amount: 1..8, Unit Worth: 300, Weight: 10, Stages: []]
[22:25:05] [Client thread/INFO]: [ejektaflex.bountiful.proxy.CommonProxy:postInit:119]: Pickable [Item: quark:crystal:6, Amount: 1..8, Unit Worth: 300, Weight: 10, Stages: []]
[22:25:05] [Client thread/INFO]: [ejektaflex.bountiful.proxy.CommonProxy:postInit:119]: Pickable [Item: quark:crystal:7, Amount: 1..8, Unit Worth: 300, Weight: 10, Stages: []]
[22:25:05] [Client thread/INFO]: [ejektaflex.bountiful.proxy.CommonProxy:postInit:119]: Pickable [Item: quark:crystal:8, Amount: 1..8, Unit Worth: 300, Weight: 10, Stages: []]
[22:25:05] [Client thread/INFO]: [ejektaflex.bountiful.proxy.CommonProxy:postInit:119]: Pickable [Item: quark:glowshroom, Amount: 1..8, Unit Worth: 150, Weight: 20, Stages: []]
[22:25:05] [Client thread/INFO]: [ejektaflex.bountiful.proxy.CommonProxy:postInit:119]: Pickable [Item: bountifulbaubles:trinketshulkerheart, Amount: 1..1, Unit Worth: 3000, Weight: 10, Stages: []]
[22:25:05] [Client thread/INFO]: [ejektaflex.bountiful.proxy.CommonProxy:postInit:119]: Pickable [Item: bountifulbaubles:ringoverclocking, Amount: 1..1, Unit Worth: 3000, Weight: 10, Stages: []]
[22:25:05] [Client thread/INFO]: [ejektaflex.bountiful.proxy.CommonProxy:postInit:119]: Pickable [Item: bountifulbaubles:trinketbezoar, Amount: 1..1, Unit Worth: 2000, Weight: 10, Stages: []]
[22:25:05] [Client thread/INFO]: [ejektaflex.bountiful.proxy.CommonProxy:postInit:119]: Pickable [Item: betternether:black_apple, Amount: 1..8, Unit Worth: 150, Weight: 20, Stages: []]
[22:25:05] [Client thread/INFO]: [ejektaflex.bountiful.proxy.CommonProxy:postInit:119]: Pickable [Item: betternether:bone_mushroom, Amount: 1..16, Unit Worth: 150, Weight: 10, Stages: []]
[22:25:05] [Client thread/INFO]: [ejektaflex.bountiful.proxy.CommonProxy:postInit:119]: Pickable [Item: iceandfire:fire_dragon_flesh, Amount: 1..8, Unit Worth: 300, Weight: 20, Stages: []]
[22:25:05] [Client thread/INFO]: [ejektaflex.bountiful.proxy.CommonProxy:postInit:119]: Pickable [Item: iceandfire:ice_dragon_flesh, Amount: 1..8, Unit Worth: 300, Weight: 20, Stages: []]
[22:25:05] [Client thread/INFO]: [ejektaflex.bountiful.proxy.CommonProxy:postInit:119]: Pickable [Item: iceandfire:fire_dragon_heart, Amount: 1..1, Unit Worth: 800, Weight: 20, Stages: []]
[22:25:05] [Client thread/INFO]: [ejektaflex.bountiful.proxy.CommonProxy:postInit:119]: Pickable [Item: iceandfire:ice_dragon_heart, Amount: 1..1, Unit Worth: 800, Weight: 20, Stages: []]
[22:25:05] [Client thread/INFO]: [ejektaflex.bountiful.proxy.CommonProxy:postInit:119]: Pickable [Item: iceandfire:fire_dragon_blood, Amount: 1..1, Unit Worth: 1200, Weight: 20, Stages: []]
[22:25:05] [Client thread/INFO]: [ejektaflex.bountiful.proxy.CommonProxy:postInit:119]: Pickable [Item: iceandfire:ice_dragon_blood, Amount: 1..1, Unit Worth: 1200, Weight: 20, Stages: []]
[22:25:05] [Client thread/INFO]: [ejektaflex.bountiful.proxy.CommonProxy:postInit:119]: Pickable [Item: iceandfire:troll_tusk, Amount: 1..3, Unit Worth: 400, Weight: 20, Stages: []]
[22:25:05] [Client thread/INFO]: [ejektaflex.bountiful.proxy.CommonProxy:postInit:119]: Pickable [Item: iceandfire:sea_serpent_fang, Amount: 1..3, Unit Worth: 400, Weight: 20, Stages: []]
[22:25:05] [Client thread/INFO]: [ejektaflex.bountiful.proxy.CommonProxy:postInit:119]: Pickable [Item: iceandfire:myrmex_desert_resin, Amount: 1..8, Unit Worth: 100, Weight: 20, Stages: []]
[22:25:05] [Client thread/INFO]: [ejektaflex.bountiful.proxy.CommonProxy:postInit:119]: Pickable [Item: iceandfire:myrmex_jungle_resin, Amount: 1..8, Unit Worth: 100, Weight: 20, Stages: []]
[22:25:05] [Client thread/INFO]: [ejektaflex.bountiful.proxy.CommonProxy:postInit:119]: Pickable [Item: scalinghealth:heartcontainer, Amount: 1..1, Unit Worth: 500, Weight: 15, Stages: []]
[22:25:05] [Client thread/INFO]: [ejektaflex.bountiful.proxy.CommonProxy:postInit:119]: Pickable [Item: forgottenitems:crafting_rune, Amount: 1..1, Unit Worth: 3000, Weight: 15, Stages: []]
[22:25:05] [Client thread/INFO]: [ejektaflex.bountiful.proxy.CommonProxy:postInit:119]: Pickable [Item: quark:witch_hat, Amount: 1..1, Unit Worth: 4000, Weight: 15, Stages: []]
[22:25:05] [Client thread/INFO]: [ejektaflex.bountiful.proxy.CommonProxy:postInit:119]: Pickable [Item: quark:archaeologist_hat, Amount: 1..1, Unit Worth: 4000, Weight: 15, Stages: []]
[22:25:05] [Client thread/INFO]: [ejektaflex.bountiful.proxy.CommonProxy:postInit:119]: Pickable [Item: quark:pirate_hat, Amount: 1..1, Unit Worth: 3000, Weight: 15, Stages: []]
[22:25:05] [Client thread/INFO]: [ejektaflex.bountiful.proxy.CommonProxy:postInit:119]: Pickable [Item: minecraft:potion, Amount: 1..3, Unit Worth: 300, Weight: 40, Stages: []]
[22:25:05] [Client thread/INFO]: [ejektaflex.bountiful.proxy.CommonProxy:postInit:121]: Rewards: 151
[22:25:05] [Client thread/INFO]: [ejektaflex.bountiful.proxy.CommonProxy:postInit:122]: PickedEntry (Stack) [Item: iceandfire:silver_nugget, Amount: 5, NBT: null, Weight: 80, Stages: null]
[22:25:05] [Client thread/INFO]: [ejektaflex.bountiful.proxy.CommonProxy:postInit:122]: PickedEntry (Stack) [Item: minecraft:gold_nugget, Amount: 10, NBT: null, Weight: 100, Stages: null]
[22:25:05] [Client thread/INFO]: [ejektaflex.bountiful.proxy.CommonProxy:postInit:122]: PickedEntry (Stack) [Item: minecraft:emerald, Amount: 1, NBT: null, Weight: 90, Stages: null]
[22:25:05] [Client thread/INFO]: [ejektaflex.bountiful.proxy.CommonProxy:postInit:122]: PickedEntry (Stack) [Item: minecraft:iron_sword, Amount: 750, NBT: {ench:[{lvl:1,id:16}],display:{Lore:["Sharper than Usual."]}}, Weight: 5, Stages: null]
[22:25:05] [Client thread/INFO]: [ejektaflex.bountiful.proxy.CommonProxy:postInit:122]: PickedEntry (Stack) [Item: minecraft:leather_helmet, Amount: 100, NBT: null, Weight: 10, Stages: null]
[22:25:05] [Client thread/INFO]: [ejektaflex.bountiful.proxy.CommonProxy:postInit:122]: PickedEntry (Stack) [Item: minecraft:leather_chestplate, Amount: 100, NBT: null, Weight: 10, Stages: null]
[22:25:05] [Client thread/INFO]: [ejektaflex.bountiful.proxy.CommonProxy:postInit:122]: PickedEntry (Stack) [Item: minecraft:leather_leggings, Amount: 100, NBT: null, Weight: 10, Stages: null]
[22:25:05] [Client thread/INFO]: [ejektaflex.bountiful.proxy.CommonProxy:postInit:122]: PickedEntry (Stack) [Item: minecraft:leather_boots, Amount: 100, NBT: null, Weight: 10, Stages: null]
[22:25:05] [Client thread/INFO]: [ejektaflex.bountiful.proxy.CommonProxy:postInit:122]: PickedEntry (Stack) [Item: minecraft:iron_chestplate, Amount: 300, NBT: null, Weight: 5, Stages: null]
[22:25:05] [Client thread/INFO]: [ejektaflex.bountiful.proxy.CommonProxy:postInit:122]: PickedEntry (Stack) [Item: minecraft:golden_chestplate, Amount: 200, NBT: null, Weight: 5, Stages: null]
[22:25:05] [Client thread/INFO]: [ejektaflex.bountiful.proxy.CommonProxy:postInit:122]: PickedEntry (Stack) [Item: minecraft:experience_bottle, Amount: 20, NBT: null, Weight: 50, Stages: null]
[22:25:05] [Client thread/INFO]: [ejektaflex.bountiful.proxy.CommonProxy:postInit:122]: PickedEntry (Stack) [Item: minecraft:torch, Amount: 2, NBT: null, Weight: 60, Stages: null]
[22:25:05] [Client thread/INFO]: [ejektaflex.bountiful.proxy.CommonProxy:postInit:122]: PickedEntry (Stack) [Item: minecraft:tipped_arrow, Amount: 25, NBT: {Potion:"mujmajnkraftsbettersurvival:decay"}, Weight: 5, Stages: null]
[22:25:05] [Client thread/INFO]: [ejektaflex.bountiful.proxy.CommonProxy:postInit:122]: PickedEntry (Stack) [Item: minecraft:tipped_arrow, Amount: 25, NBT: {Potion:"minecraft:weakness"}, Weight: 5, Stages: null]
[22:25:05] [Client thread/INFO]: [ejektaflex.bountiful.proxy.CommonProxy:postInit:122]: PickedEntry (Stack) [Item: minecraft:tipped_arrow, Amount: 25, NBT: {Potion:"minecraft:harming"}, Weight: 5, Stages: null]
[22:25:05] [Client thread/INFO]: [ejektaflex.bountiful.proxy.CommonProxy:postInit:122]: PickedEntry (Stack) [Item: minecraft:tipped_arrow, Amount: 25, NBT: {Potion:"minecraft:strong_poison"}, Weight: 5, Stages: null]
[22:25:05] [Client thread/INFO]: [ejektaflex.bountiful.proxy.CommonProxy:postInit:122]: PickedEntry (Stack) [Item: minecraft:tipped_arrow, Amount: 25, NBT: {Potion:"potioncore:vulnerable"}, Weight: 5, Stages: null]
[22:25:05] [Client thread/INFO]: [ejektaflex.bountiful.proxy.CommonProxy:postInit:122]: PickedEntry (Stack) [Item: fishingmadebetter:fishing_rod_wood, Amount: 250, NBT: null, Weight: 30, Stages: null]
[22:25:05] [Client thread/INFO]: [ejektaflex.bountiful.proxy.CommonProxy:postInit:122]: PickedEntry (Stack) [Item: fishingmadebetter:fishing_rod_iron, Amount: 250, NBT: null, Weight: 20, Stages: null]
[22:25:05] [Client thread/INFO]: [ejektaflex.bountiful.proxy.CommonProxy:postInit:122]: PickedEntry (Stack) [Item: fishingmadebetter:fishing_rod_diamond, Amount: 250, NBT: null, Weight: 10, Stages: null]
[22:25:05] [Client thread/INFO]: [ejektaflex.bountiful.proxy.CommonProxy:postInit:122]: PickedEntry (Stack) [Item: armorunder:cooling_goo, Amount: 50, NBT: null, Weight: 5, Stages: null]
[22:25:05] [Client thread/INFO]: [ejektaflex.bountiful.proxy.CommonProxy:postInit:122]: PickedEntry (Stack) [Item: armorunder:heating_goo, Amount: 50, NBT: null, Weight: 5, Stages: null]
[22:25:05] [Client thread/INFO]: [ejektaflex.bountiful.proxy.CommonProxy:postInit:122]: PickedEntry (Stack) [Item: comforts:sleeping_bag, Amount: 100, NBT: null, Weight: 5, Stages: null]
[22:25:05] [Client thread/INFO]: [ejektaflex.bountiful.proxy.CommonProxy:postInit:122]: PickedEntry (Stack) [Item: dynamictrees:dirtbucket, Amount: 1, NBT: null, Weight: 1, Stages: null]
[22:25:05] [Client thread/INFO]: [ejektaflex.bountiful.proxy.CommonProxy:postInit:122]: PickedEntry (Stack) [Item: rlmixins:cleansing_talisman, Amount: 750, NBT: null, Weight: 50, Stages: null]
[22:25:05] [Client thread/INFO]: [ejektaflex.bountiful.proxy.CommonProxy:postInit:122]: PickedEntry (Stack) [Item: bountifulbaubles:modifierbook, Amount: 900, NBT: {baubleModifier:"half_hearted"}, Weight: 10, Stages: null]
[22:25:05] [Client thread/INFO]: [ejektaflex.bountiful.proxy.CommonProxy:postInit:122]: PickedEntry (Stack) [Item: bountifulbaubles:modifierbook, Amount: 900, NBT: {baubleModifier:"hearty"}, Weight: 10, Stages: null]
[22:25:05] [Client thread/INFO]: [ejektaflex.bountiful.proxy.CommonProxy:postInit:122]: PickedEntry (Stack) [Item: bountifulbaubles:modifierbook, Amount: 900, NBT: {baubleModifier:"hard"}, Weight: 10, Stages: null]
[22:25:05] [Client thread/INFO]: [ejektaflex.bountiful.proxy.CommonProxy:postInit:122]: PickedEntry (Stack) [Item: bountifulbaubles:modifierbook, Amount: 900, NBT: {baubleModifier:"guarding"}, Weight: 10, Stages: null]
[22:25:05] [Client thread/INFO]: [ejektaflex.bountiful.proxy.CommonProxy:postInit:122]: PickedEntry (Stack) [Item: bountifulbaubles:modifierbook, Amount: 900, NBT: {baubleModifier:"armored"}, Weight: 10, Stages: null]
[22:25:05] [Client thread/INFO]: [ejektaflex.bountiful.proxy.CommonProxy:postInit:122]: PickedEntry (Stack) [Item: bountifulbaubles:modifierbook, Amount: 900, NBT: {baubleModifier:"warding"}, Weight: 10, Stages: null]
[22:25:05] [Client thread/INFO]: [ejektaflex.bountiful.proxy.CommonProxy:postInit:122]: PickedEntry (Stack) [Item: bountifulbaubles:modifierbook, Amount: 900, NBT: {baubleModifier:"jagged"}, Weight: 10, Stages: null]
[22:25:05] [Client thread/INFO]: [ejektaflex.bountiful.proxy.CommonProxy:postInit:122]: PickedEntry (Stack) [Item: bountifulbaubles:modifierbook, Amount: 900, NBT: {baubleModifier:"spiked"}, Weight: 10, Stages: null]
[22:25:05] [Client thread/INFO]: [ejektaflex.bountiful.proxy.CommonProxy:postInit:122]: PickedEntry (Stack) [Item: bountifulbaubles:modifierbook, Amount: 900, NBT: {baubleModifier:"angry"}, Weight: 10, Stages: null]
[22:25:05] [Client thread/INFO]: [ejektaflex.bountiful.proxy.CommonProxy:postInit:122]: PickedEntry (Stack) [Item: bountifulbaubles:modifierbook, Amount: 900, NBT: {baubleModifier:"menacing"}, Weight: 10, Stages: null]
[22:25:05] [Client thread/INFO]: [ejektaflex.bountiful.proxy.CommonProxy:postInit:122]: PickedEntry (Stack) [Item: bountifulbaubles:modifierbook, Amount: 900, NBT: {baubleModifier:"brisk"}, Weight: 10, Stages: null]
[22:25:05] [Client thread/INFO]: [ejektaflex.bountiful.proxy.CommonProxy:postInit:122]: PickedEntry (Stack) [Item: bountifulbaubles:modifierbook, Amount: 900, NBT: {baubleModifier:"fleeting"}, Weight: 10, Stages: null]
[22:25:05] [Client thread/INFO]: [ejektaflex.bountiful.proxy.CommonProxy:postInit:122]: PickedEntry (Stack) [Item: bountifulbaubles:modifierbook, Amount: 900, NBT: {baubleModifier:"hasty"}, Weight: 10, Stages: null]
[22:25:05] [Client thread/INFO]: [ejektaflex.bountiful.proxy.CommonProxy:postInit:122]: PickedEntry (Stack) [Item: bountifulbaubles:modifierbook, Amount: 900, NBT: {baubleModifier:"quick"}, Weight: 10, Stages: null]
[22:25:05] [Client thread/INFO]: [ejektaflex.bountiful.proxy.CommonProxy:postInit:122]: PickedEntry (Stack) [Item: bountifulbaubles:modifierbook, Amount: 900, NBT: {baubleModifier:"wild"}, Weight: 10, Stages: null]
[22:25:05] [Client thread/INFO]: [ejektaflex.bountiful.proxy.CommonProxy:postInit:122]: PickedEntry (Stack) [Item: bountifulbaubles:modifierbook, Amount: 900, NBT: {baubleModifier:"rash"}, Weight: 10, Stages: null]
[22:25:05] [Client thread/INFO]: [ejektaflex.bountiful.proxy.CommonProxy:postInit:122]: PickedEntry (Stack) [Item: bountifulbaubles:modifierbook, Amount: 900, NBT: {baubleModifier:"intrepid"}, Weight: 10, Stages: null]
[22:25:05] [Client thread/INFO]: [ejektaflex.bountiful.proxy.CommonProxy:postInit:122]: PickedEntry (Stack) [Item: bountifulbaubles:modifierbook, Amount: 900, NBT: {baubleModifier:"violent"}, Weight: 10, Stages: null]
[22:25:05] [Client thread/INFO]: [ejektaflex.bountiful.proxy.CommonProxy:postInit:122]: PickedEntry (Stack) [Item: firstaid:bandage, Amount: 25, NBT: null, Weight: 30, Stages: null]
[22:25:05] [Client thread/INFO]: [ejektaflex.bountiful.proxy.CommonProxy:postInit:122]: PickedEntry (Stack) [Item: firstaid:plaster, Amount: 25, NBT: null, Weight: 30, Stages: null]
[22:25:05] [Client thread/INFO]: [ejektaflex.bountiful.proxy.CommonProxy:postInit:122]: PickedEntry (Stack) [Item: firstaid:morphine, Amount: 25, NBT: null, Weight: 5, Stages: null]
[22:25:05] [Client thread/INFO]: [ejektaflex.bountiful.proxy.CommonProxy:postInit:122]: PickedEntry (Stack) [Item: scalinghealth:healingitem, Amount: 25, NBT: null, Weight: 30, Stages: null]
[22:25:05] [Client thread/INFO]: [ejektaflex.bountiful.proxy.CommonProxy:postInit:122]: PickedEntry (Stack) [Item: scalinghealth:healingitem:1, Amount: 50, NBT: null, Weight: 30, Stages: null]
[22:25:05] [Client thread/INFO]: [ejektaflex.bountiful.proxy.CommonProxy:postInit:122]: PickedEntry (Stack) [Item: xat:glowing_powder, Amount: 200, NBT: null, Weight: 5, Stages: null]
[22:25:05] [Client thread/INFO]: [ejektaflex.bountiful.proxy.CommonProxy:postInit:122]: PickedEntry (Stack) [Item: scalinghealth:heartdust, Amount: 100, NBT: null, Weight: 5, Stages: null]
[22:25:05] [Client thread/INFO]: [ejektaflex.bountiful.proxy.CommonProxy:postInit:122]: PickedEntry (Stack) [Item: switchbow:switchbow, Amount: 1000, NBT: null, Weight: 10, Stages: null]
[22:25:05] [Client thread/INFO]: [ejektaflex.bountiful.proxy.CommonProxy:postInit:122]: PickedEntry (Stack) [Item: switchbow:switchcrossbow, Amount: 1000, NBT: null, Weight: 10, Stages: null]
[22:25:05] [Client thread/INFO]: [ejektaflex.bountiful.proxy.CommonProxy:postInit:122]: PickedEntry (Stack) [Item: switchbow:quiver, Amount: 1000, NBT: null, Weight: 10, Stages: null]
[22:25:05] [Client thread/INFO]: [ejektaflex.bountiful.proxy.CommonProxy:postInit:122]: PickedEntry (Stack) [Item: minecraft:bow, Amount: 1500, NBT: {ench:[{lvl:2,id:48}]}, Weight: 10, Stages: null]
[22:25:05] [Client thread/INFO]: [ejektaflex.bountiful.proxy.CommonProxy:postInit:122]: PickedEntry (Stack) [Item: trumpetskeleton:trumpet, Amount: 3000, NBT: {ench:[{lvl:10,id:34}],display:{Name:"The Eternal Dooter"}}, Weight: 5, Stages: null]
[22:25:05] [Client thread/INFO]: [ejektaflex.bountiful.proxy.CommonProxy:postInit:122]: PickedEntry (Stack) [Item: corpsecomplex:scroll, Amount: 100, NBT: null, Weight: 10, Stages: null]
[22:25:05] [Client thread/INFO]: [ejektaflex.bountiful.proxy.CommonProxy:postInit:122]: PickedEntry (Stack) [Item: lycanitesmobs:cooked_bobeko_meat, Amount: 100, NBT: null, Weight: 25, Stages: null]
[22:25:05] [Client thread/INFO]: [ejektaflex.bountiful.proxy.CommonProxy:postInit:122]: PickedEntry (Stack) [Item: lycanitesmobs:cooked_joust_meat, Amount: 100, NBT: null, Weight: 25, Stages: null]
[22:25:05] [Client thread/INFO]: [ejektaflex.bountiful.proxy.CommonProxy:postInit:122]: PickedEntry (Stack) [Item: lycanitesmobs:cooked_krake_meat, Amount: 100, NBT: null, Weight: 25, Stages: null]
[22:25:05] [Client thread/INFO]: [ejektaflex.bountiful.proxy.CommonProxy:postInit:122]: PickedEntry (Stack) [Item: lycanitesmobs:cooked_yale_meat, Amount: 100, NBT: null, Weight: 25, Stages: null]
[22:25:05] [Client thread/INFO]: [ejektaflex.bountiful.proxy.CommonProxy:postInit:122]: PickedEntry (Stack) [Item: lycanitesmobs:cooked_pinky_meat, Amount: 100, NBT: null, Weight: 25, Stages: null]
[22:25:05] [Client thread/INFO]: [ejektaflex.bountiful.proxy.CommonProxy:postInit:122]: PickedEntry (Stack) [Item: lycanitesmobs:cooked_aspid_meat, Amount: 100, NBT: null, Weight: 25, Stages: null]
[22:25:05] [Client thread/INFO]: [ejektaflex.bountiful.proxy.CommonProxy:postInit:122]: PickedEntry (Stack) [Item: lycanitesmobs:cooked_concapede_meat, Amount: 100, NBT: null, Weight: 25, Stages: null]
[22:25:05] [Client thread/INFO]: [ejektaflex.bountiful.proxy.CommonProxy:postInit:122]: PickedEntry (Stack) [Item: lycanitesmobs:cooked_ika_meat, Amount: 100, NBT: null, Weight: 25, Stages: null]
[22:25:05] [Client thread/INFO]: [ejektaflex.bountiful.proxy.CommonProxy:postInit:122]: PickedEntry (Stack) [Item: lycanitesmobs:cooked_arisaur_meat, Amount: 100, NBT: null, Weight: 25, Stages: null]
[22:25:05] [Client thread/INFO]: [ejektaflex.bountiful.proxy.CommonProxy:postInit:122]: PickedEntry (Stack) [Item: lycanitesmobs:cooked_silex_meat, Amount: 100, NBT: null, Weight: 25, Stages: null]
[22:25:05] [Client thread/INFO]: [ejektaflex.bountiful.proxy.CommonProxy:postInit:122]: PickedEntry (Stack) [Item: lycanitesmobs:cooked_maka_meat, Amount: 100, NBT: null, Weight: 25, Stages: null]
[22:25:05] [Client thread/INFO]: [ejektaflex.bountiful.proxy.CommonProxy:postInit:122]: PickedEntry (Stack) [Item: lycanitesmobs:cooked_chupacabra_meat, Amount: 100, NBT: null, Weight: 25, Stages: null]
[22:25:05] [Client thread/INFO]: [ejektaflex.bountiful.proxy.CommonProxy:postInit:122]: PickedEntry (Stack) [Item: xat:mana_candy, Amount: 100, NBT: null, Weight: 20, Stages: null]
[22:25:05] [Client thread/INFO]: [ejektaflex.bountiful.proxy.CommonProxy:postInit:122]: PickedEntry (Stack) [Item: switchbow:arrowlightningbolt, Amount: 25, NBT: null, Weight: 20, Stages: null]
[22:25:05] [Client thread/INFO]: [ejektaflex.bountiful.proxy.CommonProxy:postInit:122]: PickedEntry (Stack) [Item: spartanweaponry:arrow_explosive, Amount: 25, NBT: null, Weight: 20, Stages: null]
[22:25:05] [Client thread/INFO]: [ejektaflex.bountiful.proxy.CommonProxy:postInit:122]: PickedEntry (Stack) [Item: switchbow:arrowfrost, Amount: 25, NBT: null, Weight: 20, Stages: null]
[22:25:05] [Client thread/INFO]: [ejektaflex.bountiful.proxy.CommonProxy:postInit:122]: PickedEntry (Stack) [Item: switchbow:arrowair, Amount: 25, NBT: null, Weight: 20, Stages: null]
[22:25:05] [Client thread/INFO]: [ejektaflex.bountiful.proxy.CommonProxy:postInit:122]: PickedEntry (Stack) [Item: switchbow:arrowenderperle, Amount: 25, NBT: null, Weight: 20, Stages: null]
[22:25:05] [Client thread/INFO]: [ejektaflex.bountiful.proxy.CommonProxy:postInit:122]: PickedEntry (Stack) [Item: switchbow:arrowvampier, Amount: 25, NBT: null, Weight: 20, Stages: null]
[22:25:05] [Client thread/INFO]: [ejektaflex.bountiful.proxy.CommonProxy:postInit:122]: PickedEntry (Stack) [Item: switchbow:arrowwither, Amount: 25, NBT: null, Weight: 20, Stages: null]
[22:25:05] [Client thread/INFO]: [ejektaflex.bountiful.proxy.CommonProxy:postInit:122]: PickedEntry (Stack) [Item: switchbow:arrowtorch, Amount: 25, NBT: null, Weight: 20, Stages: null]
[22:25:05] [Client thread/INFO]: [ejektaflex.bountiful.proxy.CommonProxy:postInit:122]: PickedEntry (Stack) [Item: switchbow:arrowsplit, Amount: 25, NBT: null, Weight: 20, Stages: null]
[22:25:05] [Client thread/INFO]: [ejektaflex.bountiful.proxy.CommonProxy:postInit:122]: PickedEntry (Stack) [Item: switchbow:arrowunderwater, Amount: 25, NBT: null, Weight: 20, Stages: null]
[22:25:05] [Client thread/INFO]: [ejektaflex.bountiful.proxy.CommonProxy:postInit:122]: PickedEntry (Stack) [Item: spartanweaponry:arrow_diamond, Amount: 50, NBT: null, Weight: 30, Stages: null]
[22:25:05] [Client thread/INFO]: [ejektaflex.bountiful.proxy.CommonProxy:postInit:122]: PickedEntry (Stack) [Item: spartanweaponry:arrow_iron, Amount: 25, NBT: null, Weight: 20, Stages: null]
[22:25:05] [Client thread/INFO]: [ejektaflex.bountiful.proxy.CommonProxy:postInit:122]: PickedEntry (Stack) [Item: spartanweaponry:arrow_wood, Amount: 5, NBT: null, Weight: 10, Stages: null]
[22:25:05] [Client thread/INFO]: [ejektaflex.bountiful.proxy.CommonProxy:postInit:122]: PickedEntry (Stack) [Item: switchbow:arrowfire, Amount: 25, NBT: null, Weight: 10, Stages: null]
[22:25:05] [Client thread/INFO]: [ejektaflex.bountiful.proxy.CommonProxy:postInit:122]: PickedEntry (Stack) [Item: switchbow:arrowbone, Amount: 25, NBT: null, Weight: 10, Stages: null]
[22:25:05] [Client thread/INFO]: [ejektaflex.bountiful.proxy.CommonProxy:postInit:122]: PickedEntry (Stack) [Item: switchbow:arrowfirework, Amount: 25, NBT: null, Weight: 10, Stages: null]
[22:25:05] [Client thread/INFO]: [ejektaflex.bountiful.proxy.CommonProxy:postInit:122]: PickedEntry (Stack) [Item: switchbow:arrowredstone, Amount: 25, NBT: null, Weight: 10, Stages: null]
[22:25:05] [Client thread/INFO]: [ejektaflex.bountiful.proxy.CommonProxy:postInit:122]: PickedEntry (Stack) [Item: switchbow:arrowburial, Amount: 25, NBT: null, Weight: 10, Stages: null]
[22:25:05] [Client thread/INFO]: [ejektaflex.bountiful.proxy.CommonProxy:postInit:122]: PickedEntry (Stack) [Item: switchbow:arrowsprinkler, Amount: 25, NBT: null, Weight: 10, Stages: null]
[22:25:05] [Client thread/INFO]: [ejektaflex.bountiful.proxy.CommonProxy:postInit:122]: PickedEntry (Stack) [Item: switchbow:arrowtriple, Amount: 25, NBT: null, Weight: 10, Stages: null]
[22:25:05] [Client thread/INFO]: [ejektaflex.bountiful.proxy.CommonProxy:postInit:122]: PickedEntry (Stack) [Item: switchbow:arrowprotector, Amount: 25, NBT: null, Weight: 10, Stages: null]
[22:25:05] [Client thread/INFO]: [ejektaflex.bountiful.proxy.CommonProxy:postInit:122]: PickedEntry (Stack) [Item: switchbow:arrowknockback, Amount: 25, NBT: null, Weight: 10, Stages: null]
[22:25:05] [Client thread/INFO]: [ejektaflex.bountiful.proxy.CommonProxy:postInit:122]: PickedEntry (Stack) [Item: switchbow:arrowbouncy, Amount: 25, NBT: null, Weight: 10, Stages: null]
[22:25:05] [Client thread/INFO]: [ejektaflex.bountiful.proxy.CommonProxy:postInit:122]: PickedEntry (Stack) [Item: switchbow:arrowofthesearcher, Amount: 25, NBT: null, Weight: 10, Stages: null]
[22:25:05] [Client thread/INFO]: [ejektaflex.bountiful.proxy.CommonProxy:postInit:122]: PickedEntry (Stack) [Item: switchbow:arrowpiercing, Amount: 25, NBT: null, Weight: 10, Stages: null]
[22:25:05] [Client thread/INFO]: [ejektaflex.bountiful.proxy.CommonProxy:postInit:122]: PickedEntry (Stack) [Item: spartanweaponry:bolt, Amount: 25, NBT: null, Weight: 20, Stages: null]
[22:25:05] [Client thread/INFO]: [ejektaflex.bountiful.proxy.CommonProxy:postInit:122]: PickedEntry (Stack) [Item: spartanweaponry:bolt_diamond, Amount: 50, NBT: null, Weight: 30, Stages: null]
[22:25:05] [Client thread/INFO]: [ejektaflex.bountiful.proxy.CommonProxy:postInit:122]: PickedEntry (Stack) [Item: armorunder:auto_chestplate_liner, Amount: 1000, NBT: null, Weight: 20, Stages: null]
[22:25:05] [Client thread/INFO]: [ejektaflex.bountiful.proxy.CommonProxy:postInit:122]: PickedEntry (Stack) [Item: armorunder:auto_leggings_liner, Amount: 1000, NBT: null, Weight: 20, Stages: null]
[22:25:05] [Client thread/INFO]: [ejektaflex.bountiful.proxy.CommonProxy:postInit:122]: PickedEntry (Stack) [Item: waystones:warp_scroll, Amount: 100, NBT: null, Weight: 30, Stages: null]
[22:25:05] [Client thread/INFO]: [ejektaflex.bountiful.proxy.CommonProxy:postInit:122]: PickedEntry (Stack) [Item: waystones:return_scroll, Amount: 50, NBT: null, Weight: 30, Stages: null]
[22:25:05] [Client thread/INFO]: [ejektaflex.bountiful.proxy.CommonProxy:postInit:122]: PickedEntry (Stack) [Item: quark:ancient_tome, Amount: 1000, NBT: {ench:[{lvl:3,id:7}]}, Weight: 10, Stages: null]
[22:25:05] [Client thread/INFO]: [ejektaflex.bountiful.proxy.CommonProxy:postInit:122]: PickedEntry (Stack) [Item: quark:ancient_tome, Amount: 1000, NBT: {ench:[{lvl:4,id:2}]}, Weight: 10, Stages: null]
[22:25:05] [Client thread/INFO]: [ejektaflex.bountiful.proxy.CommonProxy:postInit:122]: PickedEntry (Stack) [Item: quark:ancient_tome, Amount: 1000, NBT: {ench:[{lvl:5,id:16}]}, Weight: 10, Stages: null]
[22:25:05] [Client thread/INFO]: [ejektaflex.bountiful.proxy.CommonProxy:postInit:122]: PickedEntry (Stack) [Item: quark:ancient_tome, Amount: 1000, NBT: {ench:[{lvl:5,id:17}]}, Weight: 10, Stages: null]
[22:25:05] [Client thread/INFO]: [ejektaflex.bountiful.proxy.CommonProxy:postInit:122]: PickedEntry (Stack) [Item: quark:ancient_tome, Amount: 1000, NBT: {ench:[{lvl:5,id:18}]}, Weight: 10, Stages: null]
[22:25:05] [Client thread/INFO]: [ejektaflex.bountiful.proxy.CommonProxy:postInit:122]: PickedEntry (Stack) [Item: quark:ancient_tome, Amount: 1000, NBT: {ench:[{lvl:2,id:19}]}, Weight: 10, Stages: null]
[22:25:05] [Client thread/INFO]: [ejektaflex.bountiful.proxy.CommonProxy:postInit:122]: PickedEntry (Stack) [Item: quark:ancient_tome, Amount: 1000, NBT: {ench:[{lvl:2,id:20}]}, Weight: 10, Stages: null]
[22:25:05] [Client thread/INFO]: [ejektaflex.bountiful.proxy.CommonProxy:postInit:122]: PickedEntry (Stack) [Item: quark:ancient_tome, Amount: 1000, NBT: {ench:[{lvl:3,id:21}]}, Weight: 10, Stages: null]
[22:25:05] [Client thread/INFO]: [ejektaflex.bountiful.proxy.CommonProxy:postInit:122]: PickedEntry (Stack) [Item: quark:ancient_tome, Amount: 1000, NBT: {ench:[{lvl:3,id:22}]}, Weight: 10, Stages: null]
[22:25:05] [Client thread/INFO]: [ejektaflex.bountiful.proxy.CommonProxy:postInit:122]: PickedEntry (Stack) [Item: quark:ancient_tome, Amount: 1000, NBT: {ench:[{lvl:5,id:32}]}, Weight: 10, Stages: null]
[22:25:05] [Client thread/INFO]: [ejektaflex.bountiful.proxy.CommonProxy:postInit:122]: PickedEntry (Stack) [Item: quark:ancient_tome, Amount: 1000, NBT: {ench:[{lvl:3,id:34}]}, Weight: 10, Stages: null]
[22:25:05] [Client thread/INFO]: [ejektaflex.bountiful.proxy.CommonProxy:postInit:122]: PickedEntry (Stack) [Item: quark:ancient_tome, Amount: 1000, NBT: {ench:[{lvl:3,id:35}]}, Weight: 10, Stages: null]
[22:25:05] [Client thread/INFO]: [ejektaflex.bountiful.proxy.CommonProxy:postInit:122]: PickedEntry (Stack) [Item: quark:ancient_tome, Amount: 1000, NBT: {ench:[{lvl:5,id:48}]}, Weight: 10, Stages: null]
[22:25:05] [Client thread/INFO]: [ejektaflex.bountiful.proxy.CommonProxy:postInit:122]: PickedEntry (Stack) [Item: quark:ancient_tome, Amount: 1000, NBT: {ench:[{lvl:2,id:49}]}, Weight: 10, Stages: null]
[22:25:05] [Client thread/INFO]: [ejektaflex.bountiful.proxy.CommonProxy:postInit:122]: PickedEntry (Stack) [Item: quark:ancient_tome, Amount: 1000, NBT: {ench:[{lvl:3,id:61}]}, Weight: 10, Stages: null]
[22:25:05] [Client thread/INFO]: [ejektaflex.bountiful.proxy.CommonProxy:postInit:122]: PickedEntry (Stack) [Item: quark:ancient_tome, Amount: 1000, NBT: {ench:[{lvl:3,id:62}]}, Weight: 10, Stages: null]
[22:25:05] [Client thread/INFO]: [ejektaflex.bountiful.proxy.CommonProxy:postInit:122]: PickedEntry (Stack) [Item: sereneseasons:greenhouse_glass, Amount: 10, NBT: null, Weight: 50, Stages: null]
[22:25:05] [Client thread/INFO]: [ejektaflex.bountiful.proxy.CommonProxy:postInit:122]: PickedEntry (Stack) [Item: lycanitesmobs:planttreat, Amount: 50, NBT: null, Weight: 10, Stages: null]
[22:25:05] [Client thread/INFO]: [ejektaflex.bountiful.proxy.CommonProxy:postInit:122]: PickedEntry (Stack) [Item: lycanitesmobs:dragontreat, Amount: 50, NBT: null, Weight: 10, Stages: null]
[22:25:05] [Client thread/INFO]: [ejektaflex.bountiful.proxy.CommonProxy:postInit:122]: PickedEntry (Stack) [Item: lycanitesmobs:demontreat, Amount: 50, NBT: null, Weight: 10, Stages: null]
[22:25:05] [Client thread/INFO]: [ejektaflex.bountiful.proxy.CommonProxy:postInit:122]: PickedEntry (Stack) [Item: lycanitesmobs:imptreat, Amount: 50, NBT: null, Weight: 10, Stages: null]
[22:25:05] [Client thread/INFO]: [ejektaflex.bountiful.proxy.CommonProxy:postInit:122]: PickedEntry (Stack) [Item: lycanitesmobs:aberrationtreat, Amount: 50, NBT: null, Weight: 10, Stages: null]
[22:25:05] [Client thread/INFO]: [ejektaflex.bountiful.proxy.CommonProxy:postInit:122]: PickedEntry (Stack) [Item: lycanitesmobs:aviantreat, Amount: 50, NBT: null, Weight: 10, Stages: null]
[22:25:05] [Client thread/INFO]: [ejektaflex.bountiful.proxy.CommonProxy:postInit:122]: PickedEntry (Stack) [Item: lycanitesmobs:amphibiantreat, Amount: 50, NBT: null, Weight: 10, Stages: null]
[22:25:05] [Client thread/INFO]: [ejektaflex.bountiful.proxy.CommonProxy:postInit:122]: PickedEntry (Stack) [Item: lycanitesmobs:anthroniantreat, Amount: 50, NBT: null, Weight: 10, Stages: null]
[22:25:05] [Client thread/INFO]: [ejektaflex.bountiful.proxy.CommonProxy:postInit:122]: PickedEntry (Stack) [Item: lycanitesmobs:undeadtreat, Amount: 50, NBT: null, Weight: 10, Stages: null]
[22:25:05] [Client thread/INFO]: [ejektaflex.bountiful.proxy.CommonProxy:postInit:122]: PickedEntry (Stack) [Item: lycanitesmobs:wormtreat, Amount: 50, NBT: null, Weight: 10, Stages: null]
[22:25:05] [Client thread/INFO]: [ejektaflex.bountiful.proxy.CommonProxy:postInit:122]: PickedEntry (Stack) [Item: lycanitesmobs:beasttreat, Amount: 50, NBT: null, Weight: 10, Stages: null]
[22:25:05] [Client thread/INFO]: [ejektaflex.bountiful.proxy.CommonProxy:postInit:122]: PickedEntry (Stack) [Item: lycanitesmobs:insecttreat, Amount: 50, NBT: null, Weight: 10, Stages: null]
[22:25:05] [Client thread/INFO]: [ejektaflex.bountiful.proxy.CommonProxy:postInit:122]: PickedEntry (Stack) [Item: lycanitesmobs:aquatictreat, Amount: 50, NBT: null, Weight: 10, Stages: null]
[22:25:05] [Client thread/INFO]: [ejektaflex.bountiful.proxy.CommonProxy:postInit:122]: PickedEntry (Stack) [Item: lycanitesmobs:reptiletreat, Amount: 50, NBT: null, Weight: 10, Stages: null]
[22:25:05] [Client thread/INFO]: [ejektaflex.bountiful.proxy.CommonProxy:postInit:122]: PickedEntry (Stack) [Item: aquaculture:loot:7, Amount: 100, NBT: null, Weight: 10, Stages: null]
[22:25:05] [Client thread/INFO]: [ejektaflex.bountiful.proxy.CommonProxy:postInit:122]: PickedEntry (Stack) [Item: roughtweaks:medikit, Amount: 1000, NBT: null, Weight: 10, Stages: null]
[22:25:05] [Client thread/INFO]: [ejektaflex.bountiful.proxy.CommonProxy:postInit:122]: PickedEntry (Stack) [Item: roughtweaks:medikitenchanted, Amount: 2000, NBT: null, Weight: 10, Stages: null]
[22:25:05] [Client thread/INFO]: [ejektaflex.bountiful.proxy.CommonProxy:postInit:122]: PickedEntry (Stack) [Item: classyhats:hat, Amount: 1500, NBT: {hat:"acornhat"}, Weight: 10, Stages: null]
[22:25:05] [Client thread/INFO]: [ejektaflex.bountiful.proxy.CommonProxy:postInit:122]: PickedEntry (Stack) [Item: classyhats:hat, Amount: 1500, NBT: {hat:"beehat"}, Weight: 10, Stages: null]
[22:25:05] [Client thread/INFO]: [ejektaflex.bountiful.proxy.CommonProxy:postInit:122]: PickedEntry (Stack) [Item: classyhats:hat, Amount: 1500, NBT: {hat:"bigeyes"}, Weight: 10, Stages: null]
[22:25:05] [Client thread/INFO]: [ejektaflex.bountiful.proxy.CommonProxy:postInit:122]: PickedEntry (Stack) [Item: classyhats:hat, Amount: 1500, NBT: {hat:"burgerhat"}, Weight: 10, Stages: null]
[22:25:05] [Client thread/INFO]: [ejektaflex.bountiful.proxy.CommonProxy:postInit:122]: PickedEntry (Stack) [Item: classyhats:hat, Amount: 1500, NBT: {hat:"chefshat"}, Weight: 10, Stages: null]
[22:25:05] [Client thread/INFO]: [ejektaflex.bountiful.proxy.CommonProxy:postInit:122]: PickedEntry (Stack) [Item: classyhats:hat, Amount: 1500, NBT: {hat:"cyclopseye"}, Weight: 10, Stages: null]
[22:25:05] [Client thread/INFO]: [ejektaflex.bountiful.proxy.CommonProxy:postInit:122]: PickedEntry (Stack) [Item: classyhats:hat, Amount: 1500, NBT: {hat:"fakeblight"}, Weight: 10, Stages: null]
[22:25:05] [Client thread/INFO]: [ejektaflex.bountiful.proxy.CommonProxy:postInit:122]: PickedEntry (Stack) [Item: classyhats:hat, Amount: 1500, NBT: {hat:"fakefire"}, Weight: 10, Stages: null]
[22:25:05] [Client thread/INFO]: [ejektaflex.bountiful.proxy.CommonProxy:postInit:122]: PickedEntry (Stack) [Item: classyhats:hat, Amount: 1500, NBT: {hat:"flies"}, Weight: 10, Stages: null]
[22:25:05] [Client thread/INFO]: [ejektaflex.bountiful.proxy.CommonProxy:postInit:122]: PickedEntry (Stack) [Item: classyhats:hat, Amount: 1500, NBT: {hat:"floatinghearts"}, Weight: 10, Stages: null]
[22:25:05] [Client thread/INFO]: [ejektaflex.bountiful.proxy.CommonProxy:postInit:122]: PickedEntry (Stack) [Item: classyhats:hat, Amount: 1500, NBT: {hat:"headshot"}, Weight: 10, Stages: null]
[22:25:05] [Client thread/INFO]: [ejektaflex.bountiful.proxy.CommonProxy:postInit:122]: PickedEntry (Stack) [Item: classyhats:hat, Amount: 1500, NBT: {hat:"jesterhat"}, Weight: 10, Stages: null]
[22:25:05] [Client thread/INFO]: [ejektaflex.bountiful.proxy.CommonProxy:postInit:122]: PickedEntry (Stack) [Item: classyhats:hat, Amount: 1500, NBT: {hat:"mohawk"}, Weight: 10, Stages: null]
[22:25:05] [Client thread/INFO]: [ejektaflex.bountiful.proxy.CommonProxy:postInit:122]: PickedEntry (Stack) [Item: classyhats:hat, Amount: 1500, NBT: {hat:"rabbitears"}, Weight: 10, Stages: null]
[22:25:05] [Client thread/INFO]: [ejektaflex.bountiful.proxy.CommonProxy:postInit:122]: PickedEntry (Stack) [Item: classyhats:hat, Amount: 1500, NBT: {hat:"redeyes"}, Weight: 10, Stages: null]
[22:25:05] [Client thread/INFO]: [ejektaflex.bountiful.proxy.CommonProxy:postInit:122]: PickedEntry (Stack) [Item: classyhats:hat, Amount: 1500, NBT: {hat:"rubbernipple"}, Weight: 10, Stages: null]
[22:25:05] [Client thread/INFO]: [ejektaflex.bountiful.proxy.CommonProxy:postInit:122]: PickedEntry (Stack) [Item: classyhats:hat, Amount: 1500, NBT: {hat:"triangleshades"}, Weight: 10, Stages: null]
[22:25:07] [Client thread/ERROR]: Invalid entity found in mob config! aether_legacy:sun_spirit
[22:25:07] [Client thread/INFO]: Post-init OK!
[22:25:07] [Client thread/INFO]: Loading custom NBT tags (nbt.cfg)
[22:25:07] [Client thread/INFO]: Loading chest loot file (chests.cfg)
[22:25:07] [Client thread/INFO]: Found 1 special chest configs.
[22:25:07] [Client thread/INFO]: Loading chest loot file (oceanic_chests.cfg)
[22:25:07] [Client thread/INFO]: Found 6 block family configs.
[22:25:07] [Client thread/INFO]: Found 12 themes.
[22:25:07] [Client thread/INFO]: Loading: advancedfishing.json
[22:25:07] [Client thread/INFO]: =========== Loaded Fishes ============
[22:25:07] [Client thread/INFO]: Golden Koi
[22:25:07] [Client thread/INFO]: Wrackke
[22:25:07] [Client thread/INFO]: Quartzander
[22:25:07] [Client thread/INFO]: Red Fungalfin
[22:25:07] [Client thread/INFO]: Angelfish
[22:25:07] [Client thread/INFO]: Brown Fungalfin
[22:25:07] [Client thread/INFO]: Specular Snapper
[22:25:07] [Client thread/INFO]: Sunfish
[22:25:07] [Client thread/INFO]: Frost Minnow
[22:25:07] [Client thread/INFO]: Warthead
[22:25:07] [Client thread/INFO]: Squid
[22:25:07] [Client thread/INFO]: Bluebottle Jellyfish
[22:25:07] [Client thread/INFO]: Mudskinned Piranha
[22:25:07] [Client thread/INFO]: Pike
[22:25:07] [Client thread/INFO]: Prismatic Angler
[22:25:07] [Client thread/INFO]: Glacier Anchovy
[22:25:07] [Client thread/INFO]: Withered Crucian
[22:25:07] [Client thread/INFO]: Abyssal Lurker
[22:25:07] [Client thread/INFO]: Ruffe
[22:25:07] [Client thread/INFO]: Snowy Walleye
[22:25:07] [Client thread/INFO]: Magikarp
[22:25:07] [Client thread/INFO]: Flarefin Koi
[22:25:07] [Client thread/INFO]: Fluorescent Slimefish
[22:25:07] [Client thread/INFO]: Carbonic Trout
[22:25:07] [Client thread/INFO]: Mud Tuna
[22:25:07] [Client thread/INFO]: Ender Synanceia
[22:25:07] [Client thread/INFO]: Pearlfish
[22:25:07] [Client thread/INFO]: Nitric Crucian
[22:25:07] [Client thread/INFO]: Bonefish
[22:25:07] [Client thread/INFO]: Cursed Koi
[22:25:07] [Client thread/INFO]: Green-Finned Plaice
[22:25:07] [Client thread/INFO]: Mandarin Dragonet
[22:25:07] [Client thread/INFO]: Brown Bullhead
[22:25:07] [Client thread/INFO]: Chorus Koi
[22:25:07] [Client thread/INFO]: Barred Sand Bass
[22:25:07] [Client thread/INFO]: Midnight Bream
[22:25:07] [Client thread/INFO]: Blazing Chichlid
[22:25:07] [Client thread/INFO]: Sparkling Eel
[22:25:07] [Client thread/INFO]: Bluehead Porifcian
[22:25:07] [Client thread/INFO]: Lazulicanth
[22:25:07] [Client thread/INFO]: Phantasmal Tetra
[22:25:07] [Client thread/INFO]: Charged Bullhead
[22:25:07] [Client thread/INFO]: Magmatic Jellyfish
[22:25:07] [Client thread/INFO]: ======================================
[22:25:07] [Client thread/INFO]: Loading: aquaculture.json
[22:25:07] [Client thread/INFO]: =========== Loaded Fishes ============
[22:25:07] [Client thread/INFO]: Electric Eel
[22:25:07] [Client thread/INFO]: Halibut
[22:25:07] [Client thread/INFO]: Bagrid
[22:25:07] [Client thread/INFO]: Muskellunge
[22:25:07] [Client thread/INFO]: Brown Trout
[22:25:07] [Client thread/INFO]: Shark
[22:25:07] [Client thread/INFO]: Rainbow Trout
[22:25:07] [Client thread/INFO]: Bluegill
[22:25:07] [Client thread/INFO]: Boulti
[22:25:07] [Client thread/INFO]: Red Grouper
[22:25:07] [Client thread/INFO]: Piranha
[22:25:07] [Client thread/INFO]: Capitaine
[22:25:07] [Client thread/INFO]: Leech
[22:25:07] [Client thread/INFO]: Chinook Salmon
[22:25:07] [Client thread/INFO]: Red Shrooma
[22:25:07] [Client thread/INFO]: Brown Shrooma
[22:25:07] [Client thread/INFO]: Catfish
[22:25:07] [Client thread/INFO]: Tambaqui
[22:25:07] [Client thread/INFO]: Polar Cod
[22:25:07] [Client thread/INFO]: Pollock
[22:25:07] [Client thread/INFO]: Goldfish
[22:25:07] [Client thread/INFO]: Swordfish
[22:25:07] [Client thread/INFO]: Bass
[22:25:07] [Client thread/INFO]: Tautog
[22:25:07] [Client thread/INFO]: Turtle
[22:25:07] [Client thread/INFO]: Arctic Salmon
[22:25:07] [Client thread/INFO]: Carp
[22:25:07] [Client thread/INFO]: Frog
[22:25:07] [Client thread/INFO]: Giant Squid
[22:25:07] [Client thread/INFO]: Arapaima
[22:25:07] [Client thread/INFO]: Jellyfish
[22:25:07] [Client thread/INFO]: Tuna
[22:25:07] [Client thread/INFO]: Whale
[22:25:07] [Client thread/INFO]: Herring
[22:25:07] [Client thread/INFO]: Synodontis
[22:25:07] [Client thread/INFO]: Perch
[22:25:07] [Client thread/INFO]: Gar
[22:25:07] [Client thread/INFO]: Blowfish
[22:25:07] [Client thread/INFO]: ======================================
[22:25:07] [Client thread/INFO]: Loading: vanilla.json
[22:25:07] [Client thread/INFO]: =========== Loaded Fishes ============
[22:25:07] [Client thread/INFO]: Red Salmon
[22:25:07] [Client thread/INFO]: Pufferfish
[22:25:07] [Client thread/INFO]: Cod
[22:25:07] [Client thread/INFO]: Clownfish
[22:25:07] [Client thread/INFO]: ======================================
[22:25:07] [Client thread/INFO]: Loaded 3 file(s).
[22:25:07] [Client thread/INFO]: Found and removed levelup2.skills.crafting.FishingLootBonus IEventListener onFishInteract from the event bus
[22:25:07] [Client thread/INFO]: Scanning for Ice and Fire dragons...
[22:25:07] [Client thread/INFO]: Fixed iceandfire:firedragon tracking distance
[22:25:07] [Client thread/INFO]: Fixed iceandfire:icedragon tracking distance
[22:25:07] [Client thread/INFO]: Fixed iceandfire:cyclops tracking distance
[22:25:07] [Client thread/INFO]: Fixed iceandfire:seaserpent tracking distance
[22:25:07] [Client thread/INFO]: Fixed battletowers:golem tracking distance
[22:25:07] [Client thread/INFO]: Fixing sea serpent armor repair...
[22:25:07] [Client thread/INFO]: Fixed SeaSerpentScalesblue
[22:25:07] [Client thread/INFO]: Fixed SeaSerpentScalesbronze
[22:25:07] [Client thread/INFO]: Fixed SeaSerpentScalesdeepblue
[22:25:07] [Client thread/INFO]: Fixed SeaSerpentScalesgreen
[22:25:07] [Client thread/INFO]: Fixed SeaSerpentScalespurple
[22:25:07] [Client thread/INFO]: Fixed SeaSerpentScalesred
[22:25:07] [Client thread/INFO]: Fixed SeaSerpentScalesteal
[22:25:07] [Client thread/INFO]: Fixing tools/armor repair listed in config...
[22:25:07] [Client thread/INFO]: aquaculture:neptunium_pickaxe can now be repaired with aquaculture:loot
[22:25:07] [Client thread/INFO]: aquaculture:neptunium_chestplate can now be repaired with aquaculture:loot
[22:25:07] [Client thread/INFO]: Loaded registrys for net.minecraftforge.fml.common.event.FMLPostInitializationEvent in 0ms
[22:25:07] [Client thread/WARN]: You are not running an official build. This version will NOT be supported by the author.
[22:25:07] [Client thread/INFO]: Found and replaced additional 1 Log -> Planks recipes with Saw + Log -> Plank recipes. (Second Pass)
[22:25:07] [Client thread/INFO]: Beginning replacement of all shapeless recipes...
[22:25:07] [Client thread/INFO]: Expect log spam from FML!
[22:25:07] [Client thread/WARN]: Potentially Dangerous alternative prefix `minecraft` for name `yellow_wool`, expected `placebo`. This could be a intended override, but in most cases indicates a broken mod.
[22:25:07] [Client thread/WARN]: Potentially Dangerous alternative prefix `minecraft` for name `yellow_dye_from_sunflower`, expected `placebo`. This could be a intended override, but in most cases indicates a broken mod.
[22:25:07] [Client thread/WARN]: Potentially Dangerous alternative prefix `minecraft` for name `yellow_dye_from_dandelion`, expected `placebo`. This could be a intended override, but in most cases indicates a broken mod.
[22:25:07] [Client thread/WARN]: Potentially Dangerous alternative prefix `minecraft` for name `yellow_concrete_powder`, expected `placebo`. This could be a intended override, but in most cases indicates a broken mod.
[22:25:07] [Client thread/WARN]: Potentially Dangerous alternative prefix `minecraft` for name `yellow_bed_from_white_bed`, expected `placebo`. This could be a intended override, but in most cases indicates a broken mod.
[22:25:07] [Client thread/WARN]: Potentially Dangerous alternative prefix `minecraft` for name `writable_book`, expected `placebo`. This could be a intended override, but in most cases indicates a broken mod.
[22:25:07] [Client thread/WARN]: Potentially Dangerous alternative prefix `minecraft` for name `white_concrete_powder`, expected `placebo`. This could be a intended override, but in most cases indicates a broken mod.
[22:25:07] [Client thread/WARN]: Potentially Dangerous alternative prefix `minecraft` for name `trapped_chest`, expected `placebo`. This could be a intended override, but in most cases indicates a broken mod.
[22:25:07] [Client thread/WARN]: Potentially Dangerous alternative prefix `minecraft` for name `red_wool`, expected `placebo`. This could be a intended override, but in most cases indicates a broken mod.
[22:25:07] [Client thread/WARN]: Potentially Dangerous alternative prefix `minecraft` for name `red_dye_from_tulip`, expected `placebo`. This could be a intended override, but in most cases indicates a broken mod.
[22:25:07] [Client thread/WARN]: Potentially Dangerous alternative prefix `minecraft` for name `red_dye_from_rose_bush`, expected `placebo`. This could be a intended override, but in most cases indicates a broken mod.
[22:25:07] [Client thread/WARN]: Potentially Dangerous alternative prefix `minecraft` for name `red_dye_from_poppy`, expected `placebo`. This could be a intended override, but in most cases indicates a broken mod.
[22:25:07] [Client thread/WARN]: Potentially Dangerous alternative prefix `minecraft` for name `red_dye_from_beetroot`, expected `placebo`. This could be a intended override, but in most cases indicates a broken mod.
[22:25:07] [Client thread/WARN]: Potentially Dangerous alternative prefix `minecraft` for name `red_concrete_powder`, expected `placebo`. This could be a intended override, but in most cases indicates a broken mod.
[22:25:07] [Client thread/WARN]: Potentially Dangerous alternative prefix `minecraft` for name `red_bed_from_white_bed`, expected `placebo`. This could be a intended override, but in most cases indicates a broken mod.
[22:25:07] [Client thread/WARN]: Potentially Dangerous alternative prefix `minecraft` for name `purple_wool`, expected `placebo`. This could be a intended override, but in most cases indicates a broken mod.
[22:25:07] [Client thread/WARN]: Potentially Dangerous alternative prefix `minecraft` for name `purple_dye`, expected `placebo`. This could be a intended override, but in most cases indicates a broken mod.
[22:25:07] [Client thread/WARN]: Potentially Dangerous alternative prefix `minecraft` for name `purple_concrete_powder`, expected `placebo`. This could be a intended override, but in most cases indicates a broken mod.
[22:25:07] [Client thread/WARN]: Potentially Dangerous alternative prefix `minecraft` for name `purple_bed_from_white_bed`, expected `placebo`. This could be a intended override, but in most cases indicates a broken mod.
[22:25:07] [Client thread/WARN]: Potentially Dangerous alternative prefix `minecraft` for name `pumpkin_pie`, expected `placebo`. This could be a intended override, but in most cases indicates a broken mod.
[22:25:07] [Client thread/WARN]: Potentially Dangerous alternative prefix `minecraft` for name `pink_wool`, expected `placebo`. This could be a intended override, but in most cases indicates a broken mod.
[22:25:07] [Client thread/WARN]: Potentially Dangerous alternative prefix `minecraft` for name `pink_dye_from_red_bonemeal`, expected `placebo`. This could be a intended override, but in most cases indicates a broken mod.
[22:25:07] [Client thread/WARN]: Potentially Dangerous alternative prefix `minecraft` for name `pink_dye_from_pink_tulip`, expected `placebo`. This could be a intended override, but in most cases indicates a broken mod.
[22:25:07] [Client thread/WARN]: Potentially Dangerous alternative prefix `minecraft` for name `pink_dye_from_peony`, expected `placebo`. This could be a intended override, but in most cases indicates a broken mod.
[22:25:07] [Client thread/WARN]: Potentially Dangerous alternative prefix `minecraft` for name `pink_concrete_powder`, expected `placebo`. This could be a intended override, but in most cases indicates a broken mod.
[22:25:07] [Client thread/WARN]: Potentially Dangerous alternative prefix `minecraft` for name `pink_bed_from_white_bed`, expected `placebo`. This could be a intended override, but in most cases indicates a broken mod.
[22:25:07] [Client thread/WARN]: Potentially Dangerous alternative prefix `minecraft` for name `orange_wool`, expected `placebo`. This could be a intended override, but in most cases indicates a broken mod.
[22:25:07] [Client thread/WARN]: Potentially Dangerous alternative prefix `minecraft` for name `orange_dye_from_red_yellow`, expected `placebo`. This could be a intended override, but in most cases indicates a broken mod.
[22:25:07] [Client thread/WARN]: Potentially Dangerous alternative prefix `minecraft` for name `orange_dye_from_orange_tulip`, expected `placebo`. This could be a intended override, but in most cases indicates a broken mod.
[22:25:07] [Client thread/WARN]: Potentially Dangerous alternative prefix `minecraft` for name `orange_concrete_powder`, expected `placebo`. This could be a intended override, but in most cases indicates a broken mod.
[22:25:07] [Client thread/WARN]: Potentially Dangerous alternative prefix `minecraft` for name `orange_bed_from_white_bed`, expected `placebo`. This could be a intended override, but in most cases indicates a broken mod.
[22:25:07] [Client thread/WARN]: Potentially Dangerous alternative prefix `minecraft` for name `mushroom_stew`, expected `placebo`. This could be a intended override, but in most cases indicates a broken mod.
[22:25:07] [Client thread/WARN]: Potentially Dangerous alternative prefix `minecraft` for name `mossy_stonebrick`, expected `placebo`. This could be a intended override, but in most cases indicates a broken mod.
[22:25:07] [Client thread/WARN]: Potentially Dangerous alternative prefix `minecraft` for name `mossy_cobblestone`, expected `placebo`. This could be a intended override, but in most cases indicates a broken mod.
[22:25:07] [Client thread/WARN]: Potentially Dangerous alternative prefix `minecraft` for name `magma_cream`, expected `placebo`. This could be a intended override, but in most cases indicates a broken mod.
[22:25:07] [Client thread/WARN]: Potentially Dangerous alternative prefix `minecraft` for name `magenta_wool`, expected `placebo`. This could be a intended override, but in most cases indicates a broken mod.
[22:25:07] [Client thread/WARN]: Potentially Dangerous alternative prefix `minecraft` for name `magenta_dye_from_purple_and_pink`, expected `placebo`. This could be a intended override, but in most cases indicates a broken mod.
[22:25:07] [Client thread/WARN]: Potentially Dangerous alternative prefix `minecraft` for name `magenta_dye_from_lilac`, expected `placebo`. This could be a intended override, but in most cases indicates a broken mod.
[22:25:07] [Client thread/WARN]: Potentially Dangerous alternative prefix `minecraft` for name `magenta_dye_from_lapis_red_pink`, expected `placebo`. This could be a intended override, but in most cases indicates a broken mod.
[22:25:07] [Client thread/WARN]: Potentially Dangerous alternative prefix `minecraft` for name `magenta_dye_from_lapis_ink_bonemeal`, expected `placebo`. This could be a intended override, but in most cases indicates a broken mod.
[22:25:07] [Client thread/WARN]: Potentially Dangerous alternative prefix `minecraft` for name `magenta_dye_from_allium`, expected `placebo`. This could be a intended override, but in most cases indicates a broken mod.
[22:25:07] [Client thread/WARN]: Potentially Dangerous alternative prefix `minecraft` for name `magenta_concrete_powder`, expected `placebo`. This could be a intended override, but in most cases indicates a broken mod.
[22:25:07] [Client thread/WARN]: Potentially Dangerous alternative prefix `minecraft` for name `magenta_bed_from_white_bed`, expected `placebo`. This could be a intended override, but in most cases indicates a broken mod.
[22:25:07] [Client thread/WARN]: Potentially Dangerous alternative prefix `minecraft` for name `lime_wool`, expected `placebo`. This could be a intended override, but in most cases indicates a broken mod.
[22:25:07] [Client thread/WARN]: Potentially Dangerous alternative prefix `minecraft` for name `lime_dye`, expected `placebo`. This could be a intended override, but in most cases indicates a broken mod.
[22:25:07] [Client thread/WARN]: Potentially Dangerous alternative prefix `minecraft` for name `lime_concrete_powder`, expected `placebo`. This could be a intended override, but in most cases indicates a broken mod.
[22:25:07] [Client thread/WARN]: Potentially Dangerous alternative prefix `minecraft` for name `lime_bed_from_white_bed`, expected `placebo`. This could be a intended override, but in most cases indicates a broken mod.
[22:25:07] [Client thread/WARN]: Potentially Dangerous alternative prefix `minecraft` for name `light_gray_wool`, expected `placebo`. This could be a intended override, but in most cases indicates a broken mod.
[22:25:07] [Client thread/WARN]: Potentially Dangerous alternative prefix `minecraft` for name `light_gray_dye_from_white_tulip`, expected `placebo`. This could be a intended override, but in most cases indicates a broken mod.
[22:25:07] [Client thread/WARN]: Potentially Dangerous alternative prefix `minecraft` for name `light_gray_dye_from_oxeye_daisy`, expected `placebo`. This could be a intended override, but in most cases indicates a broken mod.
[22:25:07] [Client thread/WARN]: Potentially Dangerous alternative prefix `minecraft` for name `light_gray_dye_from_ink_bonemeal`, expected `placebo`. This could be a intended override, but in most cases indicates a broken mod.
[22:25:07] [Client thread/WARN]: Potentially Dangerous alternative prefix `minecraft` for name `light_gray_dye_from_gray_bonemeal`, expected `placebo`. This could be a intended override, but in most cases indicates a broken mod.
[22:25:07] [Client thread/WARN]: Potentially Dangerous alternative prefix `minecraft` for name `light_gray_dye_from_azure_bluet`, expected `placebo`. This could be a intended override, but in most cases indicates a broken mod.
[22:25:07] [Client thread/WARN]: Potentially Dangerous alternative prefix `minecraft` for name `light_gray_concrete_powder`, expected `placebo`. This could be a intended override, but in most cases indicates a broken mod.
[22:25:07] [Client thread/WARN]: Potentially Dangerous alternative prefix `minecraft` for name `light_gray_bed_from_white_bed`, expected `placebo`. This could be a intended override, but in most cases indicates a broken mod.
[22:25:07] [Client thread/WARN]: Potentially Dangerous alternative prefix `minecraft` for name `light_blue_wool`, expected `placebo`. This could be a intended override, but in most cases indicates a broken mod.
[22:25:07] [Client thread/WARN]: Potentially Dangerous alternative prefix `minecraft` for name `light_blue_dye_from_lapis_bonemeal`, expected `placebo`. This could be a intended override, but in most cases indicates a broken mod.
[22:25:07] [Client thread/WARN]: Potentially Dangerous alternative prefix `minecraft` for name `light_blue_dye_from_blue_orchid`, expected `placebo`. This could be a intended override, but in most cases indicates a broken mod.
[22:25:07] [Client thread/WARN]: Potentially Dangerous alternative prefix `minecraft` for name `light_blue_concrete_powder`, expected `placebo`. This could be a intended override, but in most cases indicates a broken mod.
[22:25:07] [Client thread/WARN]: Potentially Dangerous alternative prefix `minecraft` for name `light_blue_bed_from_white_bed`, expected `placebo`. This could be a intended override, but in most cases indicates a broken mod.
[22:25:07] [Client thread/WARN]: Potentially Dangerous alternative prefix `minecraft` for name `green_wool`, expected `placebo`. This could be a intended override, but in most cases indicates a broken mod.
[22:25:07] [Client thread/WARN]: Potentially Dangerous alternative prefix `minecraft` for name `green_concrete_powder`, expected `placebo`. This could be a intended override, but in most cases indicates a broken mod.
[22:25:07] [Client thread/WARN]: Potentially Dangerous alternative prefix `minecraft` for name `green_bed_from_white_bed`, expected `placebo`. This could be a intended override, but in most cases indicates a broken mod.
[22:25:07] [Client thread/WARN]: Potentially Dangerous alternative prefix `minecraft` for name `gray_wool`, expected `placebo`. This could be a intended override, but in most cases indicates a broken mod.
[22:25:07] [Client thread/WARN]: Potentially Dangerous alternative prefix `minecraft` for name `gray_dye`, expected `placebo`. This could be a intended override, but in most cases indicates a broken mod.
[22:25:07] [Client thread/WARN]: Potentially Dangerous alternative prefix `minecraft` for name `gray_concrete_powder`, expected `placebo`. This could be a intended override, but in most cases indicates a broken mod.
[22:25:07] [Client thread/WARN]: Potentially Dangerous alternative prefix `minecraft` for name `gray_bed_from_white_bed`, expected `placebo`. This could be a intended override, but in most cases indicates a broken mod.
[22:25:07] [Client thread/WARN]: Potentially Dangerous alternative prefix `minecraft` for name `flint_and_steel`, expected `placebo`. This could be a intended override, but in most cases indicates a broken mod.
[22:25:07] [Client thread/WARN]: Potentially Dangerous alternative prefix `minecraft` for name `fire_charge`, expected `placebo`. This could be a intended override, but in most cases indicates a broken mod.
[22:25:07] [Client thread/WARN]: Potentially Dangerous alternative prefix `minecraft` for name `fermented_spider_eye`, expected `placebo`. This could be a intended override, but in most cases indicates a broken mod.
[22:25:07] [Client thread/WARN]: Potentially Dangerous alternative prefix `minecraft` for name `ender_eye`, expected `placebo`. This could be a intended override, but in most cases indicates a broken mod.
[22:25:07] [Client thread/WARN]: Potentially Dangerous alternative prefix `minecraft` for name `cyan_wool`, expected `placebo`. This could be a intended override, but in most cases indicates a broken mod.
[22:25:07] [Client thread/WARN]: Potentially Dangerous alternative prefix `minecraft` for name `cyan_dye`, expected `placebo`. This could be a intended override, but in most cases indicates a broken mod.
[22:25:07] [Client thread/WARN]: Potentially Dangerous alternative prefix `minecraft` for name `cyan_concrete_powder`, expected `placebo`. This could be a intended override, but in most cases indicates a broken mod.
[22:25:07] [Client thread/WARN]: Potentially Dangerous alternative prefix `minecraft` for name `cyan_bed_from_white_bed`, expected `placebo`. This could be a intended override, but in most cases indicates a broken mod.
[22:25:07] [Client thread/WARN]: Potentially Dangerous alternative prefix `minecraft` for name `brown_wool`, expected `placebo`. This could be a intended override, but in most cases indicates a broken mod.
[22:25:07] [Client thread/WARN]: Potentially Dangerous alternative prefix `minecraft` for name `brown_concrete_powder`, expected `placebo`. This could be a intended override, but in most cases indicates a broken mod.
[22:25:07] [Client thread/WARN]: Potentially Dangerous alternative prefix `minecraft` for name `brown_bed_from_white_bed`, expected `placebo`. This could be a intended override, but in most cases indicates a broken mod.
[22:25:07] [Client thread/WARN]: Potentially Dangerous alternative prefix `minecraft` for name `book`, expected `placebo`. This could be a intended override, but in most cases indicates a broken mod.
[22:25:07] [Client thread/WARN]: Potentially Dangerous alternative prefix `minecraft` for name `bone_meal_from_bone`, expected `placebo`. This could be a intended override, but in most cases indicates a broken mod.
[22:25:07] [Client thread/WARN]: Potentially Dangerous alternative prefix `minecraft` for name `bone_meal_from_block`, expected `placebo`. This could be a intended override, but in most cases indicates a broken mod.
[22:25:07] [Client thread/WARN]: Potentially Dangerous alternative prefix `minecraft` for name `blue_wool`, expected `placebo`. This could be a intended override, but in most cases indicates a broken mod.
[22:25:07] [Client thread/WARN]: Potentially Dangerous alternative prefix `minecraft` for name `blue_concrete_powder`, expected `placebo`. This could be a intended override, but in most cases indicates a broken mod.
[22:25:07] [Client thread/WARN]: Potentially Dangerous alternative prefix `minecraft` for name `blue_bed_from_white_bed`, expected `placebo`. This could be a intended override, but in most cases indicates a broken mod.
[22:25:07] [Client thread/WARN]: Potentially Dangerous alternative prefix `minecraft` for name `blaze_powder`, expected `placebo`. This could be a intended override, but in most cases indicates a broken mod.
[22:25:07] [Client thread/WARN]: Potentially Dangerous alternative prefix `minecraft` for name `black_wool`, expected `placebo`. This could be a intended override, but in most cases indicates a broken mod.
[22:25:07] [Client thread/WARN]: Potentially Dangerous alternative prefix `minecraft` for name `black_concrete_powder`, expected `placebo`. This could be a intended override, but in most cases indicates a broken mod.
[22:25:07] [Client thread/WARN]: Potentially Dangerous alternative prefix `minecraft` for name `black_bed_from_white_bed`, expected `placebo`. This could be a intended override, but in most cases indicates a broken mod.
[22:25:07] [Client thread/WARN]: Potentially Dangerous alternative prefix `aquaculture` for name `planks_from_driftwood`, expected `placebo`. This could be a intended override, but in most cases indicates a broken mod.
[22:25:07] [Client thread/WARN]: Potentially Dangerous alternative prefix `aquaculture` for name `bonemeal_from_fish_bones`, expected `placebo`. This could be a intended override, but in most cases indicates a broken mod.
[22:25:07] [Client thread/WARN]: Potentially Dangerous alternative prefix `iceandfire` for name `wither_shard`, expected `placebo`. This could be a intended override, but in most cases indicates a broken mod.
[22:25:07] [Client thread/WARN]: Potentially Dangerous alternative prefix `iceandfire` for name `troll_tusk_bonemeal`, expected `placebo`. This could be a intended override, but in most cases indicates a broken mod.
[22:25:07] [Client thread/WARN]: Potentially Dangerous alternative prefix `iceandfire` for name `silver_pile`, expected `placebo`. This could be a intended override, but in most cases indicates a broken mod.
[22:25:07] [Client thread/WARN]: Potentially Dangerous alternative prefix `iceandfire` for name `silver_ingot_to_nuggets`, expected `placebo`. This could be a intended override, but in most cases indicates a broken mod.
[22:25:07] [Client thread/WARN]: Potentially Dangerous alternative prefix `iceandfire` for name `silver_ingot`, expected `placebo`. This could be a intended override, but in most cases indicates a broken mod.
[22:25:07] [Client thread/WARN]: Potentially Dangerous alternative prefix `iceandfire` for name `silver_block_to_ingots`, expected `placebo`. This could be a intended override, but in most cases indicates a broken mod.
[22:25:07] [Client thread/WARN]: Potentially Dangerous alternative prefix `iceandfire` for name `silver_block`, expected `placebo`. This could be a intended override, but in most cases indicates a broken mod.
[22:25:07] [Client thread/WARN]: Potentially Dangerous alternative prefix `iceandfire` for name `sapphire_block_to_stones`, expected `placebo`. This could be a intended override, but in most cases indicates a broken mod.
[22:25:07] [Client thread/WARN]: Potentially Dangerous alternative prefix `iceandfire` for name `sapphire_block`, expected `placebo`. This could be a intended override, but in most cases indicates a broken mod.
[22:25:07] [Client thread/WARN]: Potentially Dangerous alternative prefix `iceandfire` for name `myrmex_resin_sticky_jungle`, expected `placebo`. This could be a intended override, but in most cases indicates a broken mod.
[22:25:07] [Client thread/WARN]: Potentially Dangerous alternative prefix `iceandfire` for name `myrmex_resin_sticky_desert`, expected `placebo`. This could be a intended override, but in most cases indicates a broken mod.
[22:25:07] [Client thread/WARN]: Potentially Dangerous alternative prefix `iceandfire` for name `ice_sword`, expected `placebo`. This could be a intended override, but in most cases indicates a broken mod.
[22:25:07] [Client thread/WARN]: Potentially Dangerous alternative prefix `iceandfire` for name `gold_pile`, expected `placebo`. This could be a intended override, but in most cases indicates a broken mod.
[22:25:07] [Client thread/WARN]: Potentially Dangerous alternative prefix `iceandfire` for name `fire_sword`, expected `placebo`. This could be a intended override, but in most cases indicates a broken mod.
[22:25:07] [Client thread/WARN]: Potentially Dangerous alternative prefix `iceandfire` for name `dragonbone_arrow`, expected `placebo`. This could be a intended override, but in most cases indicates a broken mod.
[22:25:07] [Client thread/WARN]: Potentially Dangerous alternative prefix `iceandfire` for name `bestiary`, expected `placebo`. This could be a intended override, but in most cases indicates a broken mod.
[22:25:07] [Client thread/WARN]: Potentially Dangerous alternative prefix `iceandfire` for name `ambrosia`, expected `placebo`. This could be a intended override, but in most cases indicates a broken mod.
[22:25:07] [Client thread/WARN]: Potentially Dangerous alternative prefix `inspirations` for name `utility/redstone_book`, expected `placebo`. This could be a intended override, but in most cases indicates a broken mod.
[22:25:07] [Client thread/WARN]: Potentially Dangerous alternative prefix `inspirations` for name `utility/nether_bricks_button`, expected `placebo`. This could be a intended override, but in most cases indicates a broken mod.
[22:25:07] [Client thread/WARN]: Potentially Dangerous alternative prefix `inspirations` for name `utility/bricks_button`, expected `placebo`. This could be a intended override, but in most cases indicates a broken mod.
[22:25:07] [Client thread/WARN]: Potentially Dangerous alternative prefix `inspirations` for name `tools/redstone_charger`, expected `placebo`. This could be a intended override, but in most cases indicates a broken mod.
[22:25:07] [Client thread/WARN]: Potentially Dangerous alternative prefix `inspirations` for name `recipes/potato_soup`, expected `placebo`. This could be a intended override, but in most cases indicates a broken mod.
[22:25:07] [Client thread/WARN]: Potentially Dangerous alternative prefix `inspirations` for name `building/flower/dye_red`, expected `placebo`. This could be a intended override, but in most cases indicates a broken mod.
[22:25:07] [Client thread/WARN]: Potentially Dangerous alternative prefix `inspirations` for name `building/flower/dye_pink`, expected `placebo`. This could be a intended override, but in most cases indicates a broken mod.
[22:25:07] [Client thread/WARN]: Potentially Dangerous alternative prefix `inspirations` for name `building/flower/dye_magenta`, expected `placebo`. This could be a intended override, but in most cases indicates a broken mod.
[22:25:07] [Client thread/WARN]: Potentially Dangerous alternative prefix `inspirations` for name `building/flower/dye_cyan`, expected `placebo`. This could be a intended override, but in most cases indicates a broken mod.
[22:25:07] [Client thread/WARN]: Potentially Dangerous alternative prefix `inspirations` for name `building/books/yellow`, expected `placebo`. This could be a intended override, but in most cases indicates a broken mod.
[22:25:07] [Client thread/WARN]: Potentially Dangerous alternative prefix `inspirations` for name `building/books/white`, expected `placebo`. This could be a intended override, but in most cases indicates a broken mod.
[22:25:07] [Client thread/WARN]: Potentially Dangerous alternative prefix `inspirations` for name `building/books/silver`, expected `placebo`. This could be a intended override, but in most cases indicates a broken mod.
[22:25:07] [Client thread/WARN]: Potentially Dangerous alternative prefix `inspirations` for name `building/books/red`, expected `placebo`. This could be a intended override, but in most cases indicates a broken mod.
[22:25:07] [Client thread/WARN]: Potentially Dangerous alternative prefix `inspirations` for name `building/books/purple`, expected `placebo`. This could be a intended override, but in most cases indicates a broken mod.
[22:25:07] [Client thread/WARN]: Potentially Dangerous alternative prefix `inspirations` for name `building/books/pink`, expected `placebo`. This could be a intended override, but in most cases indicates a broken mod.
[22:25:07] [Client thread/WARN]: Potentially Dangerous alternative prefix `inspirations` for name `building/books/orange`, expected `placebo`. This could be a intended override, but in most cases indicates a broken mod.
[22:25:07] [Client thread/WARN]: Potentially Dangerous alternative prefix `inspirations` for name `building/books/magenta`, expected `placebo`. This could be a intended override, but in most cases indicates a broken mod.
[22:25:07] [Client thread/WARN]: Potentially Dangerous alternative prefix `inspirations` for name `building/books/lime`, expected `placebo`. This could be a intended override, but in most cases indicates a broken mod.
[22:25:07] [Client thread/WARN]: Potentially Dangerous alternative prefix `inspirations` for name `building/books/light_blue`, expected `placebo`. This could be a intended override, but in most cases indicates a broken mod.
[22:25:07] [Client thread/WARN]: Potentially Dangerous alternative prefix `inspirations` for name `building/books/green`, expected `placebo`. This could be a intended override, but in most cases indicates a broken mod.
[22:25:07] [Client thread/WARN]: Potentially Dangerous alternative prefix `inspirations` for name `building/books/gray`, expected `placebo`. This could be a intended override, but in most cases indicates a broken mod.
[22:25:07] [Client thread/WARN]: Potentially Dangerous alternative prefix `inspirations` for name `building/books/cyan`, expected `placebo`. This could be a intended override, but in most cases indicates a broken mod.
[22:25:07] [Client thread/WARN]: Potentially Dangerous alternative prefix `inspirations` for name `building/books/brown`, expected `placebo`. This could be a intended override, but in most cases indicates a broken mod.
[22:25:07] [Client thread/WARN]: Potentially Dangerous alternative prefix `inspirations` for name `building/books/blue`, expected `placebo`. This could be a intended override, but in most cases indicates a broken mod.
[22:25:07] [Client thread/WARN]: Potentially Dangerous alternative prefix `inspirations` for name `building/books/black`, expected `placebo`. This could be a intended override, but in most cases indicates a broken mod.
[22:25:07] [Client thread/WARN]: Potentially Dangerous alternative prefix `mujmajnkraftsbettersurvival` for name `ice_dragon_bone_nunchaku`, expected `placebo`. This could be a intended override, but in most cases indicates a broken mod.
[22:25:07] [Client thread/WARN]: Potentially Dangerous alternative prefix `mujmajnkraftsbettersurvival` for name `ice_dragon_bone_hammer`, expected `placebo`. This could be a intended override, but in most cases indicates a broken mod.
[22:25:07] [Client thread/WARN]: Potentially Dangerous alternative prefix `mujmajnkraftsbettersurvival` for name `ice_dragon_bone_dagger`, expected `placebo`. This could be a intended override, but in most cases indicates a broken mod.
[22:25:07] [Client thread/WARN]: Potentially Dangerous alternative prefix `mujmajnkraftsbettersurvival` for name `ice_dragon_bone_battleaxe`, expected `placebo`. This could be a intended override, but in most cases indicates a broken mod.
[22:25:07] [Client thread/WARN]: Potentially Dangerous alternative prefix `mujmajnkraftsbettersurvival` for name `fire_dragon_bone_nunchaku`, expected `placebo`. This could be a intended override, but in most cases indicates a broken mod.
[22:25:07] [Client thread/WARN]: Potentially Dangerous alternative prefix `mujmajnkraftsbettersurvival` for name `fire_dragon_bone_hammer`, expected `placebo`. This could be a intended override, but in most cases indicates a broken mod.
[22:25:07] [Client thread/WARN]: Potentially Dangerous alternative prefix `mujmajnkraftsbettersurvival` for name `fire_dragon_bone_dagger`, expected `placebo`. This could be a intended override, but in most cases indicates a broken mod.
[22:25:07] [Client thread/WARN]: Potentially Dangerous alternative prefix `mujmajnkraftsbettersurvival` for name `fire_dragon_bone_battleaxe`, expected `placebo`. This could be a intended override, but in most cases indicates a broken mod.
[22:25:07] [Client thread/WARN]: Potentially Dangerous alternative prefix `betternether` for name `stalagnate_bowl_mushroom`, expected `placebo`. This could be a intended override, but in most cases indicates a broken mod.
[22:25:07] [Client thread/WARN]: Potentially Dangerous alternative prefix `lycanitesmobs` for name `zephyrblade_break`, expected `placebo`. This could be a intended override, but in most cases indicates a broken mod.
[22:25:07] [Client thread/WARN]: Potentially Dangerous alternative prefix `lycanitesmobs` for name `yalemeatcooked`, expected `placebo`. This could be a intended override, but in most cases indicates a broken mod.
[22:25:07] [Client thread/WARN]: Potentially Dangerous alternative prefix `lycanitesmobs` for name `xaphanspine_break`, expected `placebo`. This could be a intended override, but in most cases indicates a broken mod.
[22:25:07] [Client thread/WARN]: Potentially Dangerous alternative prefix `lycanitesmobs` for name `wraithskull_break`, expected `placebo`. This could be a intended override, but in most cases indicates a broken mod.
[22:25:07] [Client thread/WARN]: Potentially Dangerous alternative prefix `lycanitesmobs` for name `wildkinarm_break`, expected `placebo`. This could be a intended override, but in most cases indicates a broken mod.
[22:25:07] [Client thread/WARN]: Potentially Dangerous alternative prefix `lycanitesmobs` for name `wendigoantler_break`, expected `placebo`. This could be a intended override, but in most cases indicates a broken mod.
[22:25:07] [Client thread/WARN]: Potentially Dangerous alternative prefix `lycanitesmobs` for name `wargskull_break`, expected `placebo`. This could be a intended override, but in most cases indicates a broken mod.
[22:25:07] [Client thread/WARN]: Potentially Dangerous alternative prefix `lycanitesmobs` for name `vespidstinger_break`, expected `placebo`. This could be a intended override, but in most cases indicates a broken mod.
[22:25:07] [Client thread/WARN]: Potentially Dangerous alternative prefix `lycanitesmobs` for name `ventoraptorskull_break`, expected `placebo`. This could be a intended override, but in most cases indicates a broken mod.
[22:25:07] [Client thread/WARN]: Potentially Dangerous alternative prefix `lycanitesmobs` for name `vapulacrystal_break`, expected `placebo`. This could be a intended override, but in most cases indicates a broken mod.
[22:25:07] [Client thread/WARN]: Potentially Dangerous alternative prefix `lycanitesmobs` for name `uvaraptorskull_break`, expected `placebo`. This could be a intended override, but in most cases indicates a broken mod.
[22:25:07] [Client thread/WARN]: Potentially Dangerous alternative prefix `lycanitesmobs` for name `tropicalcurry`, expected `placebo`. This could be a intended override, but in most cases indicates a broken mod.
[22:25:07] [Client thread/WARN]: Potentially Dangerous alternative prefix `lycanitesmobs` for name `sylphwing_break`, expected `placebo`. This could be a intended override, but in most cases indicates a broken mod.
[22:25:07] [Client thread/WARN]: Potentially Dangerous alternative prefix `lycanitesmobs` for name `sutiramustinger_break`, expected `placebo`. This could be a intended override, but in most cases indicates a broken mod.
[22:25:07] [Client thread/WARN]: Potentially Dangerous alternative prefix `lycanitesmobs` for name `stryderheart_break`, expected `placebo`. This could be a intended override, but in most cases indicates a broken mod.
[22:25:07] [Client thread/WARN]: Potentially Dangerous alternative prefix `lycanitesmobs` for name `streamstone`, expected `placebo`. This could be a intended override, but in most cases indicates a broken mod.
[22:25:07] [Client thread/WARN]: Potentially Dangerous alternative prefix `lycanitesmobs` for name `streamcrystal`, expected `placebo`. This could be a intended override, but in most cases indicates a broken mod.
[22:25:07] [Client thread/WARN]: Potentially Dangerous alternative prefix `lycanitesmobs` for name `sprigganroot_break`, expected `placebo`. This could be a intended override, but in most cases indicates a broken mod.
[22:25:07] [Client thread/WARN]: Potentially Dangerous alternative prefix `lycanitesmobs` for name `sprigganheart_break`, expected `placebo`. This could be a intended override, but in most cases indicates a broken mod.
[22:25:07] [Client thread/WARN]: Potentially Dangerous alternative prefix `lycanitesmobs` for name `spectretendril_break`, expected `placebo`. This could be a intended override, but in most cases indicates a broken mod.
[22:25:07] [Client thread/WARN]: Potentially Dangerous alternative prefix `lycanitesmobs` for name `soul_contract_clear`, expected `placebo`. This could be a intended override, but in most cases indicates a broken mod.
[22:25:07] [Client thread/WARN]: Potentially Dangerous alternative prefix `lycanitesmobs` for name `soul_contract`, expected `placebo`. This could be a intended override, but in most cases indicates a broken mod.
[22:25:07] [Client thread/WARN]: Potentially Dangerous alternative prefix `lycanitesmobs` for name `silexmeatcooked`, expected `placebo`. This could be a intended override, but in most cases indicates a broken mod.
[22:25:07] [Client thread/WARN]: Potentially Dangerous alternative prefix `lycanitesmobs` for name `shadowstone`, expected `placebo`. This could be a intended override, but in most cases indicates a broken mod.
[22:25:07] [Client thread/WARN]: Potentially Dangerous alternative prefix `lycanitesmobs` for name `shadowcrystal`, expected `placebo`. This could be a intended override, but in most cases indicates a broken mod.
[22:25:07] [Client thread/WARN]: Potentially Dangerous alternative prefix `lycanitesmobs` for name `serpixmandible_break`, expected `placebo`. This could be a intended override, but in most cases indicates a broken mod.
[22:25:07] [Client thread/WARN]: Potentially Dangerous alternative prefix `lycanitesmobs` for name `seashellmaki`, expected `placebo`. This could be a intended override, but in most cases indicates a broken mod.
[22:25:07] [Client thread/WARN]: Potentially Dangerous alternative prefix `lycanitesmobs` for name `searingtaco`, expected `placebo`. This could be a intended override, but in most cases indicates a broken mod.
[22:25:07] [Client thread/WARN]: Potentially Dangerous alternative prefix `lycanitesmobs` for name `remobrawing_break`, expected `placebo`. This could be a intended override, but in most cases indicates a broken mod.
[22:25:07] [Client thread/WARN]: Potentially Dangerous alternative prefix `lycanitesmobs` for name `reiverhorns_break`, expected `placebo`. This could be a intended override, but in most cases indicates a broken mod.
[22:25:07] [Client thread/WARN]: Potentially Dangerous alternative prefix `lycanitesmobs` for name `reaperclaw_break`, expected `placebo`. This could be a intended override, but in most cases indicates a broken mod.
[22:25:07] [Client thread/WARN]: Potentially Dangerous alternative prefix `lycanitesmobs` for name `pinkymeatcooked`, expected `placebo`. This could be a intended override, but in most cases indicates a broken mod.
[22:25:07] [Client thread/WARN]: Potentially Dangerous alternative prefix `lycanitesmobs` for name `peakskebab`, expected `placebo`. This could be a intended override, but in most cases indicates a broken mod.
[22:25:07] [Client thread/WARN]: Potentially Dangerous alternative prefix `lycanitesmobs` for name `palesoup`, expected `placebo`. This could be a intended override, but in most cases indicates a broken mod.
[22:25:07] [Client thread/WARN]: Potentially Dangerous alternative prefix `lycanitesmobs` for name `naxiriseye_break`, expected `placebo`. This could be a intended override, but in most cases indicates a broken mod.
[22:25:07] [Client thread/WARN]: Potentially Dangerous alternative prefix `lycanitesmobs` for name `mosspie_alt`, expected `placebo`. This could be a intended override, but in most cases indicates a broken mod.
[22:25:07] [Client thread/WARN]: Potentially Dangerous alternative prefix `lycanitesmobs` for name `mosspie`, expected `placebo`. This could be a intended override, but in most cases indicates a broken mod.
[22:25:07] [Client thread/WARN]: Potentially Dangerous alternative prefix `lycanitesmobs` for name `malwratheye_break`, expected `placebo`. This could be a intended override, but in most cases indicates a broken mod.
[22:25:07] [Client thread/WARN]: Potentially Dangerous alternative prefix `lycanitesmobs` for name `makameatcooked`, expected `placebo`. This could be a intended override, but in most cases indicates a broken mod.
[22:25:07] [Client thread/WARN]: Potentially Dangerous alternative prefix `lycanitesmobs` for name `lushstone`, expected `placebo`. This could be a intended override, but in most cases indicates a broken mod.
[22:25:07] [Client thread/WARN]: Potentially Dangerous alternative prefix `lycanitesmobs` for name `lushcrystal`, expected `placebo`. This could be a intended override, but in most cases indicates a broken mod.
[22:25:07] [Client thread/WARN]: Potentially Dangerous alternative prefix `lycanitesmobs` for name `lapisfishandchips`, expected `placebo`. This could be a intended override, but in most cases indicates a broken mod.
[22:25:07] [Client thread/WARN]: Potentially Dangerous alternative prefix `lycanitesmobs` for name `lacedonhead_break`, expected `placebo`. This could be a intended override, but in most cases indicates a broken mod.
[22:25:07] [Client thread/WARN]: Potentially Dangerous alternative prefix `lycanitesmobs` for name `joustmeatcooked`, expected `placebo`. This could be a intended override, but in most cases indicates a broken mod.
[22:25:07] [Client thread/WARN]: Potentially Dangerous alternative prefix `lycanitesmobs` for name `ioraystinger_break`, expected `placebo`. This could be a intended override, but in most cases indicates a broken mod.
[22:25:07] [Client thread/WARN]: Potentially Dangerous alternative prefix `lycanitesmobs` for name `immunizer`, expected `placebo`. This could be a intended override, but in most cases indicates a broken mod.
[22:25:07] [Client thread/WARN]: Potentially Dangerous alternative prefix `lycanitesmobs` for name `ikameatcooked`, expected `placebo`. This could be a intended override, but in most cases indicates a broken mod.
[22:25:07] [Client thread/WARN]: Potentially Dangerous alternative prefix `lycanitesmobs` for name `grueclaw_break`, expected `placebo`. This could be a intended override, but in most cases indicates a broken mod.
[22:25:07] [Client thread/WARN]: Potentially Dangerous alternative prefix `lycanitesmobs` for name `geonachspear_break`, expected `placebo`. This could be a intended override, but in most cases indicates a broken mod.
[22:25:07] [Client thread/WARN]: Potentially Dangerous alternative prefix `lycanitesmobs` for name `geonachfist_break`, expected `placebo`. This could be a intended override, but in most cases indicates a broken mod.
[22:25:07] [Client thread/WARN]: Potentially Dangerous alternative prefix `lycanitesmobs` for name `gammasphere_break`, expected `placebo`. This could be a intended override, but in most cases indicates a broken mod.
[22:25:07] [Client thread/WARN]: Potentially Dangerous alternative prefix `lycanitesmobs` for name `frostweaverleg_break`, expected `placebo`. This could be a intended override, but in most cases indicates a broken mod.
[22:25:07] [Client thread/WARN]: Potentially Dangerous alternative prefix `lycanitesmobs` for name `eyewigeye_break`, expected `placebo`. This could be a intended override, but in most cases indicates a broken mod.
[22:25:07] [Client thread/WARN]: Potentially Dangerous alternative prefix `lycanitesmobs` for name `explorersrisotto`, expected `placebo`. This could be a intended override, but in most cases indicates a broken mod.
[22:25:07] [Client thread/WARN]: Potentially Dangerous alternative prefix `lycanitesmobs` for name `ettinclub_break`, expected `placebo`. This could be a intended override, but in most cases indicates a broken mod.
[22:25:07] [Client thread/WARN]: Potentially Dangerous alternative prefix `lycanitesmobs` for name `erepededrill_break`, expected `placebo`. This could be a intended override, but in most cases indicates a broken mod.
[22:25:07] [Client thread/WARN]: Potentially Dangerous alternative prefix `lycanitesmobs` for name `equipmentforge_master`, expected `placebo`. This could be a intended override, but in most cases indicates a broken mod.
[22:25:07] [Client thread/WARN]: Potentially Dangerous alternative prefix `lycanitesmobs` for name `equipmentforge_lesser`, expected `placebo`. This could be a intended override, but in most cases indicates a broken mod.
[22:25:07] [Client thread/WARN]: Potentially Dangerous alternative prefix `lycanitesmobs` for name `equipmentforge_greater`, expected `placebo`. This could be a intended override, but in most cases indicates a broken mod.
[22:25:07] [Client thread/WARN]: Potentially Dangerous alternative prefix `lycanitesmobs` for name `epionwing_break`, expected `placebo`. This could be a intended override, but in most cases indicates a broken mod.
[22:25:07] [Client thread/WARN]: Potentially Dangerous alternative prefix `lycanitesmobs` for name `entarm_break`, expected `placebo`. This could be a intended override, but in most cases indicates a broken mod.
[22:25:07] [Client thread/WARN]: Potentially Dangerous alternative prefix `lycanitesmobs` for name `eechetikarm_break`, expected `placebo`. This could be a intended override, but in most cases indicates a broken mod.
[22:25:07] [Client thread/WARN]: Potentially Dangerous alternative prefix `lycanitesmobs` for name `djinncloud_break`, expected `placebo`. This could be a intended override, but in most cases indicates a broken mod.
[22:25:07] [Client thread/WARN]: Potentially Dangerous alternative prefix `lycanitesmobs` for name `devillasagna`, expected `placebo`. This could be a intended override, but in most cases indicates a broken mod.
[22:25:07] [Client thread/WARN]: Potentially Dangerous alternative prefix `lycanitesmobs` for name `desertstone`, expected `placebo`. This could be a intended override, but in most cases indicates a broken mod.
[22:25:07] [Client thread/WARN]: Potentially Dangerous alternative prefix `lycanitesmobs` for name `desertcrystal`, expected `placebo`. This could be a intended override, but in most cases indicates a broken mod.
[22:25:07] [Client thread/WARN]: Potentially Dangerous alternative prefix `lycanitesmobs` for name `demonstone`, expected `placebo`. This could be a intended override, but in most cases indicates a broken mod.
[22:25:07] [Client thread/WARN]: Potentially Dangerous alternative prefix `lycanitesmobs` for name `demoncrystal`, expected `placebo`. This could be a intended override, but in most cases indicates a broken mod.
[22:25:07] [Client thread/WARN]: Potentially Dangerous alternative prefix `lycanitesmobs` for name `darklingskull_break`, expected `placebo`. This could be a intended override, but in most cases indicates a broken mod.
[22:25:07] [Client thread/WARN]: Potentially Dangerous alternative prefix `lycanitesmobs` for name `cooked_krake_meat_recycle`, expected `placebo`. This could be a intended override, but in most cases indicates a broken mod.
[22:25:07] [Client thread/WARN]: Potentially Dangerous alternative prefix `lycanitesmobs` for name `concapedemeatcooked`, expected `placebo`. This could be a intended override, but in most cases indicates a broken mod.
[22:25:07] [Client thread/WARN]: Potentially Dangerous alternative prefix `lycanitesmobs` for name `conbabutt_break`, expected `placebo`. This could be a intended override, but in most cases indicates a broken mod.
[22:25:07] [Client thread/WARN]: Potentially Dangerous alternative prefix `lycanitesmobs` for name `clinkscythe_break`, expected `placebo`. This could be a intended override, but in most cases indicates a broken mod.
[22:25:07] [Client thread/WARN]: Potentially Dangerous alternative prefix `lycanitesmobs` for name `cleansingcrystal`, expected `placebo`. This could be a intended override, but in most cases indicates a broken mod.
[22:25:07] [Client thread/WARN]: Potentially Dangerous alternative prefix `lycanitesmobs` for name `clay_ball`, expected `placebo`. This could be a intended override, but in most cases indicates a broken mod.
[22:25:07] [Client thread/WARN]: Potentially Dangerous alternative prefix `lycanitesmobs` for name `cinderblade_break`, expected `placebo`. This could be a intended override, but in most cases indicates a broken mod.
[22:25:07] [Client thread/WARN]: Potentially Dangerous alternative prefix `lycanitesmobs` for name `cherufecore_break`, expected `placebo`. This could be a intended override, but in most cases indicates a broken mod.
[22:25:07] [Client thread/WARN]: Potentially Dangerous alternative prefix `lycanitesmobs` for name `cephignismeatcooked`, expected `placebo`. This could be a intended override, but in most cases indicates a broken mod.
[22:25:07] [Client thread/WARN]: Potentially Dangerous alternative prefix `lycanitesmobs` for name `caecilian_ramen`, expected `placebo`. This could be a intended override, but in most cases indicates a broken mod.
[22:25:07] [Client thread/WARN]: Potentially Dangerous alternative prefix `lycanitesmobs` for name `bulwarkburger`, expected `placebo`. This could be a intended override, but in most cases indicates a broken mod.
[22:25:07] [Client thread/WARN]: Potentially Dangerous alternative prefix `lycanitesmobs` for name `bucketvesspoison`, expected `placebo`. This could be a intended override, but in most cases indicates a broken mod.
[22:25:07] [Client thread/WARN]: Potentially Dangerous alternative prefix `lycanitesmobs` for name `bucketsharacid`, expected `placebo`. This could be a intended override, but in most cases indicates a broken mod.
[22:25:07] [Client thread/WARN]: Potentially Dangerous alternative prefix `lycanitesmobs` for name `bucketrabbitooze`, expected `placebo`. This could be a intended override, but in most cases indicates a broken mod.
[22:25:07] [Client thread/WARN]: Potentially Dangerous alternative prefix `lycanitesmobs` for name `bucketmoglava`, expected `placebo`. This could be a intended override, but in most cases indicates a broken mod.
[22:25:07] [Client thread/WARN]: Potentially Dangerous alternative prefix `lycanitesmobs` for name `bruchaquill_break`, expected `placebo`. This could be a intended override, but in most cases indicates a broken mod.
[22:25:07] [Client thread/WARN]: Potentially Dangerous alternative prefix `lycanitesmobs` for name `bobekomeatcooked`, expected `placebo`. This could be a intended override, but in most cases indicates a broken mod.
[22:25:07] [Client thread/WARN]: Potentially Dangerous alternative prefix `lycanitesmobs` for name `bloodchili`, expected `placebo`. This could be a intended override, but in most cases indicates a broken mod.
[22:25:07] [Client thread/WARN]: Potentially Dangerous alternative prefix `lycanitesmobs` for name `belphegorarm_break`, expected `placebo`. This could be a intended override, but in most cases indicates a broken mod.
[22:25:07] [Client thread/WARN]: Potentially Dangerous alternative prefix `lycanitesmobs` for name `behemophethand_break`, expected `placebo`. This could be a intended override, but in most cases indicates a broken mod.
[22:25:07] [Client thread/WARN]: Potentially Dangerous alternative prefix `lycanitesmobs` for name `battleburrito`, expected `placebo`. This could be a intended override, but in most cases indicates a broken mod.
[22:25:07] [Client thread/WARN]: Potentially Dangerous alternative prefix `lycanitesmobs` for name `bansheeeye_break`, expected `placebo`. This could be a intended override, but in most cases indicates a broken mod.
[22:25:07] [Client thread/WARN]: Potentially Dangerous alternative prefix `lycanitesmobs` for name `astarothclaw_break`, expected `placebo`. This could be a intended override, but in most cases indicates a broken mod.
[22:25:07] [Client thread/WARN]: Potentially Dangerous alternative prefix `lycanitesmobs` for name `aspidmeatcooked`, expected `placebo`. This could be a intended override, but in most cases indicates a broken mod.
[22:25:07] [Client thread/WARN]: Potentially Dangerous alternative prefix `lycanitesmobs` for name `ashenstone`, expected `placebo`. This could be a intended override, but in most cases indicates a broken mod.
[22:25:07] [Client thread/WARN]: Potentially Dangerous alternative prefix `lycanitesmobs` for name `ashencrystal`, expected `placebo`. This could be a intended override, but in most cases indicates a broken mod.
[22:25:07] [Client thread/WARN]: Potentially Dangerous alternative prefix `lycanitesmobs` for name `arixbrain_break`, expected `placebo`. This could be a intended override, but in most cases indicates a broken mod.
[22:25:07] [Client thread/WARN]: Potentially Dangerous alternative prefix `lycanitesmobs` for name `arisaurmeatcooked`, expected `placebo`. This could be a intended override, but in most cases indicates a broken mod.
[22:25:07] [Client thread/WARN]: Potentially Dangerous alternative prefix `lycanitesmobs` for name `argustail_break`, expected `placebo`. This could be a intended override, but in most cases indicates a broken mod.
[22:25:07] [Client thread/WARN]: Potentially Dangerous alternative prefix `lycanitesmobs` for name `archvileclaw_break`, expected `placebo`. This could be a intended override, but in most cases indicates a broken mod.
[22:25:07] [Client thread/WARN]: Potentially Dangerous alternative prefix `lycanitesmobs` for name `ambercake`, expected `placebo`. This could be a intended override, but in most cases indicates a broken mod.
[22:25:07] [Client thread/WARN]: Potentially Dangerous alternative prefix `lycanitesmobs` for name `afritlung_break`, expected `placebo`. This could be a intended override, but in most cases indicates a broken mod.
[22:25:07] [Client thread/WARN]: Potentially Dangerous alternative prefix `lycanitesmobs` for name `aberrantstone`, expected `placebo`. This could be a intended override, but in most cases indicates a broken mod.
[22:25:07] [Client thread/WARN]: Potentially Dangerous alternative prefix `lycanitesmobs` for name `aberrantcrystal`, expected `placebo`. This could be a intended override, but in most cases indicates a broken mod.
[22:25:07] [Client thread/WARN]: Potentially Dangerous alternative prefix `comforts` for name `sleeping_bag_yellow_from_white`, expected `placebo`. This could be a intended override, but in most cases indicates a broken mod.
[22:25:07] [Client thread/WARN]: Potentially Dangerous alternative prefix `comforts` for name `sleeping_bag_red_from_white`, expected `placebo`. This could be a intended override, but in most cases indicates a broken mod.
[22:25:07] [Client thread/WARN]: Potentially Dangerous alternative prefix `comforts` for name `sleeping_bag_purple_from_white`, expected `placebo`. This could be a intended override, but in most cases indicates a broken mod.
[22:25:07] [Client thread/WARN]: Potentially Dangerous alternative prefix `comforts` for name `sleeping_bag_pink_from_white`, expected `placebo`. This could be a intended override, but in most cases indicates a broken mod.
[22:25:07] [Client thread/WARN]: Potentially Dangerous alternative prefix `comforts` for name `sleeping_bag_orange_from_white`, expected `placebo`. This could be a intended override, but in most cases indicates a broken mod.
[22:25:07] [Client thread/WARN]: Potentially Dangerous alternative prefix `comforts` for name `sleeping_bag_magenta_from_white`, expected `placebo`. This could be a intended override, but in most cases indicates a broken mod.
[22:25:07] [Client thread/WARN]: Potentially Dangerous alternative prefix `comforts` for name `sleeping_bag_lime_from_white`, expected `placebo`. This could be a intended override, but in most cases indicates a broken mod.
[22:25:07] [Client thread/WARN]: Potentially Dangerous alternative prefix `comforts` for name `sleeping_bag_lightgray_from_white`, expected `placebo`. This could be a intended override, but in most cases indicates a broken mod.
[22:25:07] [Client thread/WARN]: Potentially Dangerous alternative prefix `comforts` for name `sleeping_bag_lightblue_from_white`, expected `placebo`. This could be a intended override, but in most cases indicates a broken mod.
[22:25:07] [Client thread/WARN]: Potentially Dangerous alternative prefix `comforts` for name `sleeping_bag_green_from_white`, expected `placebo`. This could be a intended override, but in most cases indicates a broken mod.
[22:25:07] [Client thread/WARN]: Potentially Dangerous alternative prefix `comforts` for name `sleeping_bag_gray_from_white`, expected `placebo`. This could be a intended override, but in most cases indicates a broken mod.
[22:25:07] [Client thread/WARN]: Potentially Dangerous alternative prefix `comforts` for name `sleeping_bag_cyan_from_white`, expected `placebo`. This could be a intended override, but in most cases indicates a broken mod.
[22:25:07] [Client thread/WARN]: Potentially Dangerous alternative prefix `comforts` for name `sleeping_bag_brown_from_white`, expected `placebo`. This could be a intended override, but in most cases indicates a broken mod.
[22:25:07] [Client thread/WARN]: Potentially Dangerous alternative prefix `comforts` for name `sleeping_bag_blue_from_white`, expected `placebo`. This could be a intended override, but in most cases indicates a broken mod.
[22:25:07] [Client thread/WARN]: Potentially Dangerous alternative prefix `comforts` for name `sleeping_bag_black_from_white`, expected `placebo`. This could be a intended override, but in most cases indicates a broken mod.
[22:25:07] [Client thread/WARN]: Potentially Dangerous alternative prefix `comforts` for name `hammock_yellow_from_white`, expected `placebo`. This could be a intended override, but in most cases indicates a broken mod.
[22:25:07] [Client thread/WARN]: Potentially Dangerous alternative prefix `comforts` for name `hammock_red_from_white`, expected `placebo`. This could be a intended override, but in most cases indicates a broken mod.
[22:25:07] [Client thread/WARN]: Potentially Dangerous alternative prefix `comforts` for name `hammock_purple_from_white`, expected `placebo`. This could be a intended override, but in most cases indicates a broken mod.
[22:25:07] [Client thread/WARN]: Potentially Dangerous alternative prefix `comforts` for name `hammock_pink_from_white`, expected `placebo`. This could be a intended override, but in most cases indicates a broken mod.
[22:25:07] [Client thread/WARN]: Potentially Dangerous alternative prefix `comforts` for name `hammock_orange_from_white`, expected `placebo`. This could be a intended override, but in most cases indicates a broken mod.
[22:25:07] [Client thread/WARN]: Potentially Dangerous alternative prefix `comforts` for name `hammock_magenta_from_white`, expected `placebo`. This could be a intended override, but in most cases indicates a broken mod.
[22:25:07] [Client thread/WARN]: Potentially Dangerous alternative prefix `comforts` for name `hammock_lime_from_white`, expected `placebo`. This could be a intended override, but in most cases indicates a broken mod.
[22:25:07] [Client thread/WARN]: Potentially Dangerous alternative prefix `comforts` for name `hammock_lightgray_from_white`, expected `placebo`. This could be a intended override, but in most cases indicates a broken mod.
[22:25:07] [Client thread/WARN]: Potentially Dangerous alternative prefix `comforts` for name `hammock_lightblue_from_white`, expected `placebo`. This could be a intended override, but in most cases indicates a broken mod.
[22:25:07] [Client thread/WARN]: Potentially Dangerous alternative prefix `comforts` for name `hammock_green_from_white`, expected `placebo`. This could be a intended override, but in most cases indicates a broken mod.
[22:25:07] [Client thread/WARN]: Potentially Dangerous alternative prefix `comforts` for name `hammock_gray_from_white`, expected `placebo`. This could be a intended override, but in most cases indicates a broken mod.
[22:25:07] [Client thread/WARN]: Potentially Dangerous alternative prefix `comforts` for name `hammock_cyan_from_white`, expected `placebo`. This could be a intended override, but in most cases indicates a broken mod.
[22:25:07] [Client thread/WARN]: Potentially Dangerous alternative prefix `comforts` for name `hammock_brown_from_white`, expected `placebo`. This could be a intended override, but in most cases indicates a broken mod.
[22:25:07] [Client thread/WARN]: Potentially Dangerous alternative prefix `comforts` for name `hammock_blue_from_white`, expected `placebo`. This could be a intended override, but in most cases indicates a broken mod.
[22:25:07] [Client thread/WARN]: Potentially Dangerous alternative prefix `comforts` for name `hammock_black_from_white`, expected `placebo`. This could be a intended override, but in most cases indicates a broken mod.
[22:25:07] [Client thread/WARN]: Potentially Dangerous alternative prefix `defiledlands` for name `tools/blastem_fruit_blazing`, expected `placebo`. This could be a intended override, but in most cases indicates a broken mod.
[22:25:07] [Client thread/WARN]: Potentially Dangerous alternative prefix `defiledlands` for name `storage/umbrium_nugget`, expected `placebo`. This could be a intended override, but in most cases indicates a broken mod.
[22:25:07] [Client thread/WARN]: Potentially Dangerous alternative prefix `defiledlands` for name `storage/umbrium_block_uncraft`, expected `placebo`. This could be a intended override, but in most cases indicates a broken mod.
[22:25:07] [Client thread/WARN]: Potentially Dangerous alternative prefix `defiledlands` for name `storage/scarlite_block_uncraft`, expected `placebo`. This could be a intended override, but in most cases indicates a broken mod.
[22:25:07] [Client thread/WARN]: Potentially Dangerous alternative prefix `defiledlands` for name `storage/hephaestite_block_uncraft`, expected `placebo`. This could be a intended override, but in most cases indicates a broken mod.
[22:25:07] [Client thread/WARN]: Potentially Dangerous alternative prefix `defiledlands` for name `misc/pellet_ravaging_upgrade`, expected `placebo`. This could be a intended override, but in most cases indicates a broken mod.
[22:25:07] [Client thread/WARN]: Potentially Dangerous alternative prefix `defiledlands` for name `misc/foul_candy`, expected `placebo`. This could be a intended override, but in most cases indicates a broken mod.
[22:25:07] [Client thread/WARN]: Potentially Dangerous alternative prefix `defiledlands` for name `material/defilement_powder`, expected `placebo`. This could be a intended override, but in most cases indicates a broken mod.
[22:25:07] [Client thread/WARN]: Potentially Dangerous alternative prefix `defiledlands` for name `decoration/stone_defiled_mossy`, expected `placebo`. This could be a intended override, but in most cases indicates a broken mod.
[22:25:07] [Client thread/WARN]: Potentially Dangerous alternative prefix `defiledlands` for name `decoration/stone_defiled_bricks_mossy`, expected `placebo`. This could be a intended override, but in most cases indicates a broken mod.
[22:25:07] [Client thread/WARN]: Potentially Dangerous alternative prefix `traverse` for name `red_rock_cobblestone_smalldust`, expected `placebo`. This could be a intended override, but in most cases indicates a broken mod.
[22:25:07] [Client thread/WARN]: Potentially Dangerous alternative prefix `firstaid` for name `morphine`, expected `placebo`. This could be a intended override, but in most cases indicates a broken mod.
[22:25:07] [Client thread/WARN]: Potentially Dangerous alternative prefix `foodexpansion` for name `spidersoup`, expected `placebo`. This could be a intended override, but in most cases indicates a broken mod.
[22:25:07] [Client thread/WARN]: Potentially Dangerous alternative prefix `foodexpansion` for name `melonsalad`, expected `placebo`. This could be a intended override, but in most cases indicates a broken mod.
[22:25:07] [Client thread/WARN]: Potentially Dangerous alternative prefix `foodexpansion` for name `jelly`, expected `placebo`. This could be a intended override, but in most cases indicates a broken mod.
[22:25:07] [Client thread/WARN]: Potentially Dangerous alternative prefix `foodexpansion` for name `dough`, expected `placebo`. This could be a intended override, but in most cases indicates a broken mod.
[22:25:07] [Client thread/WARN]: Potentially Dangerous alternative prefix `foodexpansion` for name `compressedflesh`, expected `placebo`. This could be a intended override, but in most cases indicates a broken mod.
[22:25:07] [Client thread/WARN]: Potentially Dangerous alternative prefix `foodexpansion` for name `chocolatebar`, expected `placebo`. This could be a intended override, but in most cases indicates a broken mod.
[22:25:07] [Client thread/WARN]: Potentially Dangerous alternative prefix `foodexpansion` for name `carrotseedsoup`, expected `placebo`. This could be a intended override, but in most cases indicates a broken mod.
[22:25:07] [Client thread/WARN]: Potentially Dangerous alternative prefix `foodexpansion` for name `carrotpie`, expected `placebo`. This could be a intended override, but in most cases indicates a broken mod.
[22:25:07] [Client thread/WARN]: Potentially Dangerous alternative prefix `foodexpansion` for name `cactusfruit`, expected `placebo`. This could be a intended override, but in most cases indicates a broken mod.
[22:25:07] [Client thread/WARN]: Potentially Dangerous alternative prefix `foodexpansion` for name `blazecream`, expected `placebo`. This could be a intended override, but in most cases indicates a broken mod.
[22:25:07] [Client thread/WARN]: Potentially Dangerous alternative prefix `foodexpansion` for name `beetrootnoodles`, expected `placebo`. This could be a intended override, but in most cases indicates a broken mod.
[22:25:07] [Client thread/WARN]: Potentially Dangerous alternative prefix `foodexpansion` for name `baconandegg`, expected `placebo`. This could be a intended override, but in most cases indicates a broken mod.
[22:25:07] [Client thread/WARN]: Potentially Dangerous alternative prefix `foodexpansion` for name `bacon`, expected `placebo`. This could be a intended override, but in most cases indicates a broken mod.
[22:25:07] [Client thread/WARN]: Potentially Dangerous alternative prefix `grapplemod` for name `grapplebow`, expected `placebo`. This could be a intended override, but in most cases indicates a broken mod.
[22:25:07] [Client thread/WARN]: Potentially Dangerous alternative prefix `grapplemod` for name `rocketupgradeitem`, expected `placebo`. This could be a intended override, but in most cases indicates a broken mod.
[22:25:07] [Client thread/WARN]: Potentially Dangerous alternative prefix `notreepunching` for name `misc/grass_string`, expected `placebo`. This could be a intended override, but in most cases indicates a broken mod.
[22:25:07] [Client thread/WARN]: Potentially Dangerous alternative prefix `realistictorches` for name `glowstone_paste`, expected `placebo`. This could be a intended override, but in most cases indicates a broken mod.
[22:25:07] [Client thread/WARN]: Potentially Dangerous alternative prefix `realistictorches` for name `torch_alt`, expected `placebo`. This could be a intended override, but in most cases indicates a broken mod.
[22:25:07] [Client thread/WARN]: Potentially Dangerous alternative prefix `realistictorches` for name `matchbox_repair`, expected `placebo`. This could be a intended override, but in most cases indicates a broken mod.
[22:25:07] [Client thread/WARN]: Potentially Dangerous alternative prefix `realistictorches` for name `torch_lit`, expected `placebo`. This could be a intended override, but in most cases indicates a broken mod.
[22:25:07] [Client thread/WARN]: Potentially Dangerous alternative prefix `realistictorches` for name `torch_alt_alt`, expected `placebo`. This could be a intended override, but in most cases indicates a broken mod.
[22:25:07] [Client thread/WARN]: Potentially Dangerous alternative prefix `artifacts` for name `ultimate_pendant`, expected `placebo`. This could be a intended override, but in most cases indicates a broken mod.
[22:25:07] [Client thread/WARN]: Potentially Dangerous alternative prefix `artifacts` for name `mechanical_glove`, expected `placebo`. This could be a intended override, but in most cases indicates a broken mod.
[22:25:07] [Client thread/WARN]: Potentially Dangerous alternative prefix `artifacts` for name `fire_gauntlet`, expected `placebo`. This could be a intended override, but in most cases indicates a broken mod.
[22:25:07] [Client thread/WARN]: Potentially Dangerous alternative prefix `artifacts` for name `bottled_fart`, expected `placebo`. This could be a intended override, but in most cases indicates a broken mod.
[22:25:07] [Client thread/WARN]: Potentially Dangerous alternative prefix `roughtweaks` for name `enchantedmedikit`, expected `placebo`. This could be a intended override, but in most cases indicates a broken mod.
[22:25:07] [Client thread/WARN]: Potentially Dangerous alternative prefix `rustic` for name `grape_seeds`, expected `placebo`. This could be a intended override, but in most cases indicates a broken mod.
[22:25:07] [Client thread/WARN]: Potentially Dangerous alternative prefix `simpledifficulty` for name `potion_filter`, expected `placebo`. This could be a intended override, but in most cases indicates a broken mod.
[22:25:07] [Client thread/WARN]: Potentially Dangerous alternative prefix `simpledifficulty` for name `juice_pumpkin`, expected `placebo`. This could be a intended override, but in most cases indicates a broken mod.
[22:25:07] [Client thread/WARN]: Potentially Dangerous alternative prefix `simpledifficulty` for name `juice_melon`, expected `placebo`. This could be a intended override, but in most cases indicates a broken mod.
[22:25:07] [Client thread/WARN]: Potentially Dangerous alternative prefix `simpledifficulty` for name `juice_golden_melon`, expected `placebo`. This could be a intended override, but in most cases indicates a broken mod.
[22:25:07] [Client thread/WARN]: Potentially Dangerous alternative prefix `simpledifficulty` for name `juice_golden_carrot`, expected `placebo`. This could be a intended override, but in most cases indicates a broken mod.
[22:25:07] [Client thread/WARN]: Potentially Dangerous alternative prefix `simpledifficulty` for name `juice_golden_apple`, expected `placebo`. This could be a intended override, but in most cases indicates a broken mod.
[22:25:07] [Client thread/WARN]: Potentially Dangerous alternative prefix `simpledifficulty` for name `juice_chorus_fruit`, expected `placebo`. This could be a intended override, but in most cases indicates a broken mod.
[22:25:07] [Client thread/WARN]: Potentially Dangerous alternative prefix `simpledifficulty` for name `juice_carrot`, expected `placebo`. This could be a intended override, but in most cases indicates a broken mod.
[22:25:07] [Client thread/WARN]: Potentially Dangerous alternative prefix `simpledifficulty` for name `juice_cactus`, expected `placebo`. This could be a intended override, but in most cases indicates a broken mod.
[22:25:07] [Client thread/WARN]: Potentially Dangerous alternative prefix `simpledifficulty` for name `juice_beetroot`, expected `placebo`. This could be a intended override, but in most cases indicates a broken mod.
[22:25:07] [Client thread/WARN]: Potentially Dangerous alternative prefix `simpledifficulty` for name `juice_apple`, expected `placebo`. This could be a intended override, but in most cases indicates a broken mod.
[22:25:07] [Client thread/WARN]: Potentially Dangerous alternative prefix `simpledifficulty` for name `iron_canteen_dumped`, expected `placebo`. This could be a intended override, but in most cases indicates a broken mod.
[22:25:07] [Client thread/WARN]: Potentially Dangerous alternative prefix `simpledifficulty` for name `canteen_dumped`, expected `placebo`. This could be a intended override, but in most cases indicates a broken mod.
[22:25:07] [Client thread/WARN]: Potentially Dangerous alternative prefix `xat` for name `mana_reagent`, expected `placebo`. This could be a intended override, but in most cases indicates a broken mod.
[22:25:07] [Client thread/WARN]: Potentially Dangerous alternative prefix `spartanweaponry` for name `handle_wool`, expected `placebo`. This could be a intended override, but in most cases indicates a broken mod.
[22:25:07] [Client thread/WARN]: Potentially Dangerous alternative prefix `spartanweaponry` for name `handle_leather`, expected `placebo`. This could be a intended override, but in most cases indicates a broken mod.
[22:25:07] [Client thread/WARN]: Potentially Dangerous alternative prefix `spartanweaponry` for name `bolt_spectral`, expected `placebo`. This could be a intended override, but in most cases indicates a broken mod.
[22:25:07] [Client thread/WARN]: Potentially Dangerous alternative prefix `spartanweaponry` for name `arrow_explosive`, expected `placebo`. This could be a intended override, but in most cases indicates a broken mod.
[22:25:07] [Client thread/WARN]: Potentially Dangerous alternative prefix `spartanfire` for name `witherbone_pole`, expected `placebo`. This could be a intended override, but in most cases indicates a broken mod.
[22:25:07] [Client thread/WARN]: Potentially Dangerous alternative prefix `spartanfire` for name `witherbone_handle`, expected `placebo`. This could be a intended override, but in most cases indicates a broken mod.
[22:25:07] [Client thread/WARN]: Potentially Dangerous alternative prefix `spartanfire` for name `warhammer_ice_dragonbone`, expected `placebo`. This could be a intended override, but in most cases indicates a broken mod.
[22:25:07] [Client thread/WARN]: Potentially Dangerous alternative prefix `spartanfire` for name `warhammer_fire_dragonbone`, expected `placebo`. This could be a intended override, but in most cases indicates a broken mod.
[22:25:07] [Client thread/WARN]: Potentially Dangerous alternative prefix `spartanfire` for name `staff_jungle_venom`, expected `placebo`. This could be a intended override, but in most cases indicates a broken mod.
[22:25:07] [Client thread/WARN]: Potentially Dangerous alternative prefix `spartanfire` for name `staff_ice_dragonbone`, expected `placebo`. This could be a intended override, but in most cases indicates a broken mod.
[22:25:07] [Client thread/WARN]: Potentially Dangerous alternative prefix `spartanfire` for name `staff_fire_dragonbone`, expected `placebo`. This could be a intended override, but in most cases indicates a broken mod.
[22:25:07] [Client thread/WARN]: Potentially Dangerous alternative prefix `spartanfire` for name `staff_desert_venom`, expected `placebo`. This could be a intended override, but in most cases indicates a broken mod.
[22:25:07] [Client thread/WARN]: Potentially Dangerous alternative prefix `spartanfire` for name `spear_jungle_venom`, expected `placebo`. This could be a intended override, but in most cases indicates a broken mod.
[22:25:07] [Client thread/WARN]: Potentially Dangerous alternative prefix `spartanfire` for name `spear_ice_dragonbone`, expected `placebo`. This could be a intended override, but in most cases indicates a broken mod.
[22:25:07] [Client thread/WARN]: Potentially Dangerous alternative prefix `spartanfire` for name `spear_fire_dragonbone`, expected `placebo`. This could be a intended override, but in most cases indicates a broken mod.
[22:25:07] [Client thread/WARN]: Potentially Dangerous alternative prefix `spartanfire` for name `spear_desert_venom`, expected `placebo`. This could be a intended override, but in most cases indicates a broken mod.
[22:25:07] [Client thread/WARN]: Potentially Dangerous alternative prefix `spartanfire` for name `saber_ice_dragonbone`, expected `placebo`. This could be a intended override, but in most cases indicates a broken mod.
[22:25:07] [Client thread/WARN]: Potentially Dangerous alternative prefix `spartanfire` for name `saber_fire_dragonbone`, expected `placebo`. This could be a intended override, but in most cases indicates a broken mod.
[22:25:07] [Client thread/WARN]: Potentially Dangerous alternative prefix `spartanfire` for name `rapier_ice_dragonbone`, expected `placebo`. This could be a intended override, but in most cases indicates a broken mod.
[22:25:07] [Client thread/WARN]: Potentially Dangerous alternative prefix `spartanfire` for name `rapier_fire_dragonbone`, expected `placebo`. This could be a intended override, but in most cases indicates a broken mod.
[22:25:07] [Client thread/WARN]: Potentially Dangerous alternative prefix `spartanfire` for name `pike_jungle_venom`, expected `placebo`. This could be a intended override, but in most cases indicates a broken mod.
[22:25:07] [Client thread/WARN]: Potentially Dangerous alternative prefix `spartanfire` for name `pike_ice_dragonbone`, expected `placebo`. This could be a intended override, but in most cases indicates a broken mod.
[22:25:07] [Client thread/WARN]: Potentially Dangerous alternative prefix `spartanfire` for name `pike_fire_dragonbone`, expected `placebo`. This could be a intended override, but in most cases indicates a broken mod.
[22:25:07] [Client thread/WARN]: Potentially Dangerous alternative prefix `spartanfire` for name `pike_desert_venom`, expected `placebo`. This could be a intended override, but in most cases indicates a broken mod.
[22:25:07] [Client thread/WARN]: Potentially Dangerous alternative prefix `spartanfire` for name `mace_ice_dragonbone`, expected `placebo`. This could be a intended override, but in most cases indicates a broken mod.
[22:25:07] [Client thread/WARN]: Potentially Dangerous alternative prefix `spartanfire` for name `mace_fire_dragonbone`, expected `placebo`. This could be a intended override, but in most cases indicates a broken mod.
[22:25:07] [Client thread/WARN]: Potentially Dangerous alternative prefix `spartanfire` for name `longsword_ice_dragonbone`, expected `placebo`. This could be a intended override, but in most cases indicates a broken mod.
[22:25:07] [Client thread/WARN]: Potentially Dangerous alternative prefix `spartanfire` for name `longsword_fire_dragonbone`, expected `placebo`. This could be a intended override, but in most cases indicates a broken mod.
[22:25:07] [Client thread/WARN]: Potentially Dangerous alternative prefix `spartanfire` for name `longbow_ice_dragonbone`, expected `placebo`. This could be a intended override, but in most cases indicates a broken mod.
[22:25:07] [Client thread/WARN]: Potentially Dangerous alternative prefix `spartanfire` for name `longbow_fire_dragonbone`, expected `placebo`. This could be a intended override, but in most cases indicates a broken mod.
[22:25:07] [Client thread/WARN]: Potentially Dangerous alternative prefix `spartanfire` for name `lance_jungle_venom`, expected `placebo`. This could be a intended override, but in most cases indicates a broken mod.
[22:25:07] [Client thread/WARN]: Potentially Dangerous alternative prefix `spartanfire` for name `lance_ice_dragonbone`, expected `placebo`. This could be a intended override, but in most cases indicates a broken mod.
[22:25:07] [Client thread/WARN]: Potentially Dangerous alternative prefix `spartanfire` for name `lance_fire_dragonbone`, expected `placebo`. This could be a intended override, but in most cases indicates a broken mod.
[22:25:07] [Client thread/WARN]: Potentially Dangerous alternative prefix `spartanfire` for name `lance_desert_venom`, expected `placebo`. This could be a intended override, but in most cases indicates a broken mod.
[22:25:07] [Client thread/WARN]: Potentially Dangerous alternative prefix `spartanfire` for name `katana_ice_dragonbone`, expected `placebo`. This could be a intended override, but in most cases indicates a broken mod.
[22:25:07] [Client thread/WARN]: Potentially Dangerous alternative prefix `spartanfire` for name `katana_fire_dragonbone`, expected `placebo`. This could be a intended override, but in most cases indicates a broken mod.
[22:25:07] [Client thread/WARN]: Potentially Dangerous alternative prefix `spartanfire` for name `hammer_ice_dragonbone`, expected `placebo`. This could be a intended override, but in most cases indicates a broken mod.
[22:25:07] [Client thread/WARN]: Potentially Dangerous alternative prefix `spartanfire` for name `hammer_fire_dragonbone`, expected `placebo`. This could be a intended override, but in most cases indicates a broken mod.
[22:25:07] [Client thread/WARN]: Potentially Dangerous alternative prefix `spartanfire` for name `halberd_ice_dragonbone`, expected `placebo`. This could be a intended override, but in most cases indicates a broken mod.
[22:25:07] [Client thread/WARN]: Potentially Dangerous alternative prefix `spartanfire` for name `halberd_fire_dragonbone`, expected `placebo`. This could be a intended override, but in most cases indicates a broken mod.
[22:25:07] [Client thread/WARN]: Potentially Dangerous alternative prefix `spartanfire` for name `greatsword_ice_dragonbone`, expected `placebo`. This could be a intended override, but in most cases indicates a broken mod.
[22:25:07] [Client thread/WARN]: Potentially Dangerous alternative prefix `spartanfire` for name `greatsword_fire_dragonbone`, expected `placebo`. This could be a intended override, but in most cases indicates a broken mod.
[22:25:07] [Client thread/WARN]: Potentially Dangerous alternative prefix `spartanfire` for name `glaive_ice_dragonbone`, expected `placebo`. This could be a intended override, but in most cases indicates a broken mod.
[22:25:07] [Client thread/WARN]: Potentially Dangerous alternative prefix `spartanfire` for name `glaive_fire_dragonbone`, expected `placebo`. This could be a intended override, but in most cases indicates a broken mod.
[22:25:07] [Client thread/WARN]: Potentially Dangerous alternative prefix `spartanfire` for name `dagger_jungle_venom`, expected `placebo`. This could be a intended override, but in most cases indicates a broken mod.
[22:25:07] [Client thread/WARN]: Potentially Dangerous alternative prefix `spartanfire` for name `dagger_ice_dragonbone`, expected `placebo`. This could be a intended override, but in most cases indicates a broken mod.
[22:25:07] [Client thread/WARN]: Potentially Dangerous alternative prefix `spartanfire` for name `dagger_fire_dragonbone`, expected `placebo`. This could be a intended override, but in most cases indicates a broken mod.
[22:25:07] [Client thread/WARN]: Potentially Dangerous alternative prefix `spartanfire` for name `dagger_desert_venom`, expected `placebo`. This could be a intended override, but in most cases indicates a broken mod.
[22:25:07] [Client thread/WARN]: Potentially Dangerous alternative prefix `spartanfire` for name `crossbow_ice_dragonbone`, expected `placebo`. This could be a intended override, but in most cases indicates a broken mod.
[22:25:07] [Client thread/WARN]: Potentially Dangerous alternative prefix `spartanfire` for name `crossbow_fire_dragonbone`, expected `placebo`. This could be a intended override, but in most cases indicates a broken mod.
[22:25:07] [Client thread/WARN]: Potentially Dangerous alternative prefix `spartanfire` for name `battleaxe_ice_dragonbone`, expected `placebo`. This could be a intended override, but in most cases indicates a broken mod.
[22:25:07] [Client thread/WARN]: Potentially Dangerous alternative prefix `spartanfire` for name `battleaxe_fire_dragonbone`, expected `placebo`. This could be a intended override, but in most cases indicates a broken mod.
[22:25:07] [Client thread/WARN]: Potentially Dangerous alternative prefix `quark` for name `paper_wall_sakura`, expected `placebo`. This could be a intended override, but in most cases indicates a broken mod.
[22:25:07] [Client thread/WARN]: Potentially Dangerous alternative prefix `quark` for name `paper_lantern_1`, expected `placebo`. This could be a intended override, but in most cases indicates a broken mod.
[22:25:07] [Client thread/WARN]: Potentially Dangerous alternative prefix `quark` for name `colored_flowerpot_white`, expected `placebo`. This could be a intended override, but in most cases indicates a broken mod.
[22:25:07] [Client thread/WARN]: Potentially Dangerous alternative prefix `quark` for name `colored_flowerpot_orange`, expected `placebo`. This could be a intended override, but in most cases indicates a broken mod.
[22:25:07] [Client thread/WARN]: Potentially Dangerous alternative prefix `quark` for name `colored_flowerpot_magenta`, expected `placebo`. This could be a intended override, but in most cases indicates a broken mod.
[22:25:07] [Client thread/WARN]: Potentially Dangerous alternative prefix `quark` for name `colored_flowerpot_light_blue`, expected `placebo`. This could be a intended override, but in most cases indicates a broken mod.
[22:25:07] [Client thread/WARN]: Potentially Dangerous alternative prefix `quark` for name `colored_flowerpot_yellow`, expected `placebo`. This could be a intended override, but in most cases indicates a broken mod.
[22:25:07] [Client thread/WARN]: Potentially Dangerous alternative prefix `quark` for name `colored_flowerpot_lime`, expected `placebo`. This could be a intended override, but in most cases indicates a broken mod.
[22:25:07] [Client thread/WARN]: Potentially Dangerous alternative prefix `quark` for name `colored_flowerpot_pink`, expected `placebo`. This could be a intended override, but in most cases indicates a broken mod.
[22:25:07] [Client thread/WARN]: Potentially Dangerous alternative prefix `quark` for name `colored_flowerpot_gray`, expected `placebo`. This could be a intended override, but in most cases indicates a broken mod.
[22:25:07] [Client thread/WARN]: Potentially Dangerous alternative prefix `quark` for name `colored_flowerpot_silver`, expected `placebo`. This could be a intended override, but in most cases indicates a broken mod.
[22:25:07] [Client thread/WARN]: Potentially Dangerous alternative prefix `quark` for name `colored_flowerpot_cyan`, expected `placebo`. This could be a intended override, but in most cases indicates a broken mod.
[22:25:07] [Client thread/WARN]: Potentially Dangerous alternative prefix `quark` for name `colored_flowerpot_purple`, expected `placebo`. This could be a intended override, but in most cases indicates a broken mod.
[22:25:07] [Client thread/WARN]: Potentially Dangerous alternative prefix `quark` for name `colored_flowerpot_blue`, expected `placebo`. This could be a intended override, but in most cases indicates a broken mod.
[22:25:07] [Client thread/WARN]: Potentially Dangerous alternative prefix `quark` for name `colored_flowerpot_brown`, expected `placebo`. This could be a intended override, but in most cases indicates a broken mod.
[22:25:07] [Client thread/WARN]: Potentially Dangerous alternative prefix `quark` for name `colored_flowerpot_green`, expected `placebo`. This could be a intended override, but in most cases indicates a broken mod.
[22:25:07] [Client thread/WARN]: Potentially Dangerous alternative prefix `quark` for name `colored_flowerpot_red`, expected `placebo`. This could be a intended override, but in most cases indicates a broken mod.
[22:25:07] [Client thread/WARN]: Potentially Dangerous alternative prefix `quark` for name `colored_flowerpot_black`, expected `placebo`. This could be a intended override, but in most cases indicates a broken mod.
[22:25:07] [Client thread/WARN]: Potentially Dangerous alternative prefix `quark` for name `colored_item_frame`, expected `placebo`. This could be a intended override, but in most cases indicates a broken mod.
[22:25:07] [Client thread/WARN]: Potentially Dangerous alternative prefix `quark` for name `colored_item_frame_1`, expected `placebo`. This could be a intended override, but in most cases indicates a broken mod.
[22:25:07] [Client thread/WARN]: Potentially Dangerous alternative prefix `quark` for name `colored_item_frame_2`, expected `placebo`. This could be a intended override, but in most cases indicates a broken mod.
[22:25:07] [Client thread/WARN]: Potentially Dangerous alternative prefix `quark` for name `colored_item_frame_3`, expected `placebo`. This could be a intended override, but in most cases indicates a broken mod.
[22:25:07] [Client thread/WARN]: Potentially Dangerous alternative prefix `quark` for name `colored_item_frame_4`, expected `placebo`. This could be a intended override, but in most cases indicates a broken mod.
[22:25:07] [Client thread/WARN]: Potentially Dangerous alternative prefix `quark` for name `colored_item_frame_5`, expected `placebo`. This could be a intended override, but in most cases indicates a broken mod.
[22:25:07] [Client thread/WARN]: Potentially Dangerous alternative prefix `quark` for name `colored_item_frame_6`, expected `placebo`. This could be a intended override, but in most cases indicates a broken mod.
[22:25:07] [Client thread/WARN]: Potentially Dangerous alternative prefix `quark` for name `colored_item_frame_7`, expected `placebo`. This could be a intended override, but in most cases indicates a broken mod.
[22:25:07] [Client thread/WARN]: Potentially Dangerous alternative prefix `quark` for name `colored_item_frame_8`, expected `placebo`. This could be a intended override, but in most cases indicates a broken mod.
[22:25:07] [Client thread/WARN]: Potentially Dangerous alternative prefix `quark` for name `colored_item_frame_9`, expected `placebo`. This could be a intended override, but in most cases indicates a broken mod.
[22:25:07] [Client thread/WARN]: Potentially Dangerous alternative prefix `quark` for name `colored_item_frame_10`, expected `placebo`. This could be a intended override, but in most cases indicates a broken mod.
[22:25:07] [Client thread/WARN]: Potentially Dangerous alternative prefix `quark` for name `colored_item_frame_11`, expected `placebo`. This could be a intended override, but in most cases indicates a broken mod.
[22:25:07] [Client thread/WARN]: Potentially Dangerous alternative prefix `quark` for name `colored_item_frame_12`, expected `placebo`. This could be a intended override, but in most cases indicates a broken mod.
[22:25:07] [Client thread/WARN]: Potentially Dangerous alternative prefix `quark` for name `colored_item_frame_13`, expected `placebo`. This could be a intended override, but in most cases indicates a broken mod.
[22:25:07] [Client thread/WARN]: Potentially Dangerous alternative prefix `quark` for name `colored_item_frame_14`, expected `placebo`. This could be a intended override, but in most cases indicates a broken mod.
[22:25:07] [Client thread/WARN]: Potentially Dangerous alternative prefix `quark` for name `colored_item_frame_15`, expected `placebo`. This could be a intended override, but in most cases indicates a broken mod.
[22:25:07] [Client thread/WARN]: Potentially Dangerous alternative prefix `quark` for name `lit_lamp`, expected `placebo`. This could be a intended override, but in most cases indicates a broken mod.
[22:25:07] [Client thread/WARN]: Potentially Dangerous alternative prefix `quark` for name `coal`, expected `placebo`. This could be a intended override, but in most cases indicates a broken mod.
[22:25:07] [Client thread/WARN]: Potentially Dangerous alternative prefix `quark` for name `sugar`, expected `placebo`. This could be a intended override, but in most cases indicates a broken mod.
[22:25:07] [Client thread/WARN]: Potentially Dangerous alternative prefix `quark` for name `iron_button`, expected `placebo`. This could be a intended override, but in most cases indicates a broken mod.
[22:25:07] [Client thread/WARN]: Potentially Dangerous alternative prefix `quark` for name `iron_button_1`, expected `placebo`. This could be a intended override, but in most cases indicates a broken mod.
[22:25:07] [Client thread/WARN]: Potentially Dangerous alternative prefix `quark` for name `gold_button`, expected `placebo`. This could be a intended override, but in most cases indicates a broken mod.
[22:25:07] [Client thread/WARN]: Potentially Dangerous alternative prefix `quark` for name `gold_button_1`, expected `placebo`. This could be a intended override, but in most cases indicates a broken mod.
[22:25:07] [Client thread/WARN]: Potentially Dangerous alternative prefix `quark` for name `clay_ball`, expected `placebo`. This could be a intended override, but in most cases indicates a broken mod.
[22:25:07] [Client thread/WARN]: Potentially Dangerous alternative prefix `quark` for name `root_dye`, expected `placebo`. This could be a intended override, but in most cases indicates a broken mod.
[22:25:07] [Client thread/WARN]: Potentially Dangerous alternative prefix `quark` for name `root_dye_1`, expected `placebo`. This could be a intended override, but in most cases indicates a broken mod.
[22:25:07] [Client thread/WARN]: Potentially Dangerous alternative prefix `quark` for name `root_dye_2`, expected `placebo`. This could be a intended override, but in most cases indicates a broken mod.
[22:25:07] [Client thread/WARN]: Potentially Dangerous alternative prefix `quark` for name `mushroom_stew`, expected `placebo`. This could be a intended override, but in most cases indicates a broken mod.
[22:25:07] [Client thread/WARN]: Potentially Dangerous alternative prefix `quark` for name `log`, expected `placebo`. This could be a intended override, but in most cases indicates a broken mod.
[22:25:07] [Client thread/WARN]: Potentially Dangerous alternative prefix `quark` for name `log_1`, expected `placebo`. This could be a intended override, but in most cases indicates a broken mod.
[22:25:07] [Client thread/WARN]: Potentially Dangerous alternative prefix `quark` for name `log_2`, expected `placebo`. This could be a intended override, but in most cases indicates a broken mod.
[22:25:07] [Client thread/WARN]: Potentially Dangerous alternative prefix `quark` for name `log_3`, expected `placebo`. This could be a intended override, but in most cases indicates a broken mod.
[22:25:07] [Client thread/WARN]: Potentially Dangerous alternative prefix `quark` for name `log2`, expected `placebo`. This could be a intended override, but in most cases indicates a broken mod.
[22:25:07] [Client thread/WARN]: Potentially Dangerous alternative prefix `quark` for name `log2_1`, expected `placebo`. This could be a intended override, but in most cases indicates a broken mod.
[22:25:07] [Client thread/WARN]: Potentially Dangerous alternative prefix `quark` for name `sandy_bricks`, expected `placebo`. This could be a intended override, but in most cases indicates a broken mod.
[22:25:07] [Client thread/WARN]: Potentially Dangerous alternative prefix `quark` for name `charred_nether_bricks`, expected `placebo`. This could be a intended override, but in most cases indicates a broken mod.
[22:25:07] [Client thread/WARN]: Potentially Dangerous alternative prefix `quark` for name `magma_bricks`, expected `placebo`. This could be a intended override, but in most cases indicates a broken mod.
[22:25:07] [Client thread/WARN]: Potentially Dangerous alternative prefix `quark` for name `reeds`, expected `placebo`. This could be a intended override, but in most cases indicates a broken mod.
[22:25:07] [Client thread/WARN]: Potentially Dangerous alternative prefix `quark` for name `custom_chest_trap`, expected `placebo`. This could be a intended override, but in most cases indicates a broken mod.
[22:25:07] [Client thread/WARN]: Potentially Dangerous alternative prefix `quark` for name `custom_chest_trap_1`, expected `placebo`. This could be a intended override, but in most cases indicates a broken mod.
[22:25:07] [Client thread/WARN]: Potentially Dangerous alternative prefix `quark` for name `custom_chest_trap_2`, expected `placebo`. This could be a intended override, but in most cases indicates a broken mod.
[22:25:07] [Client thread/WARN]: Potentially Dangerous alternative prefix `quark` for name `custom_chest_trap_3`, expected `placebo`. This could be a intended override, but in most cases indicates a broken mod.
[22:25:07] [Client thread/WARN]: Potentially Dangerous alternative prefix `quark` for name `custom_chest_trap_4`, expected `placebo`. This could be a intended override, but in most cases indicates a broken mod.
[22:25:07] [Client thread/WARN]: Potentially Dangerous alternative prefix `quark` for name `chest_2`, expected `placebo`. This could be a intended override, but in most cases indicates a broken mod.
[22:25:07] [Client thread/WARN]: Potentially Dangerous alternative prefix `quark` for name `trapped_chest`, expected `placebo`. This could be a intended override, but in most cases indicates a broken mod.
[22:25:07] [Client thread/WARN]: Potentially Dangerous alternative prefix `quark` for name `spruce_button`, expected `placebo`. This could be a intended override, but in most cases indicates a broken mod.
[22:25:07] [Client thread/WARN]: Potentially Dangerous alternative prefix `quark` for name `birch_button`, expected `placebo`. This could be a intended override, but in most cases indicates a broken mod.
[22:25:07] [Client thread/WARN]: Potentially Dangerous alternative prefix `quark` for name `jungle_button`, expected `placebo`. This could be a intended override, but in most cases indicates a broken mod.
[22:25:07] [Client thread/WARN]: Potentially Dangerous alternative prefix `quark` for name `acacia_button`, expected `placebo`. This could be a intended override, but in most cases indicates a broken mod.
[22:25:07] [Client thread/WARN]: Potentially Dangerous alternative prefix `quark` for name `dark_oak_button`, expected `placebo`. This could be a intended override, but in most cases indicates a broken mod.
[22:25:07] [Client thread/WARN]: Potentially Dangerous alternative prefix `quark` for name `wool`, expected `placebo`. This could be a intended override, but in most cases indicates a broken mod.
[22:25:07] [Client thread/WARN]: Potentially Dangerous alternative prefix `quark` for name `wool_1`, expected `placebo`. This could be a intended override, but in most cases indicates a broken mod.
[22:25:07] [Client thread/WARN]: Potentially Dangerous alternative prefix `quark` for name `quilted_wool_16`, expected `placebo`. This could be a intended override, but in most cases indicates a broken mod.
[22:25:07] [Client thread/WARN]: Potentially Dangerous alternative prefix `quark` for name `quilted_wool_17`, expected `placebo`. This could be a intended override, but in most cases indicates a broken mod.
[22:25:07] [Client thread/WARN]: Potentially Dangerous alternative prefix `quark` for name `wool_2`, expected `placebo`. This could be a intended override, but in most cases indicates a broken mod.
[22:25:07] [Client thread/WARN]: Potentially Dangerous alternative prefix `quark` for name `wool_3`, expected `placebo`. This could be a intended override, but in most cases indicates a broken mod.
[22:25:07] [Client thread/WARN]: Potentially Dangerous alternative prefix `quark` for name `quilted_wool_18`, expected `placebo`. This could be a intended override, but in most cases indicates a broken mod.
[22:25:07] [Client thread/WARN]: Potentially Dangerous alternative prefix `quark` for name `quilted_wool_19`, expected `placebo`. This could be a intended override, but in most cases indicates a broken mod.
[22:25:07] [Client thread/WARN]: Potentially Dangerous alternative prefix `quark` for name `wool_4`, expected `placebo`. This could be a intended override, but in most cases indicates a broken mod.
[22:25:07] [Client thread/WARN]: Potentially Dangerous alternative prefix `quark` for name `wool_5`, expected `placebo`. This could be a intended override, but in most cases indicates a broken mod.
[22:25:07] [Client thread/WARN]: Potentially Dangerous alternative prefix `quark` for name `quilted_wool_20`, expected `placebo`. This could be a intended override, but in most cases indicates a broken mod.
[22:25:07] [Client thread/WARN]: Potentially Dangerous alternative prefix `quark` for name `quilted_wool_21`, expected `placebo`. This could be a intended override, but in most cases indicates a broken mod.
[22:25:07] [Client thread/WARN]: Potentially Dangerous alternative prefix `quark` for name `wool_6`, expected `placebo`. This could be a intended override, but in most cases indicates a broken mod.
[22:25:07] [Client thread/WARN]: Potentially Dangerous alternative prefix `quark` for name `wool_7`, expected `placebo`. This could be a intended override, but in most cases indicates a broken mod.
[22:25:07] [Client thread/WARN]: Potentially Dangerous alternative prefix `quark` for name `quilted_wool_22`, expected `placebo`. This could be a intended override, but in most cases indicates a broken mod.
[22:25:07] [Client thread/WARN]: Potentially Dangerous alternative prefix `quark` for name `quilted_wool_23`, expected `placebo`. This could be a intended override, but in most cases indicates a broken mod.
[22:25:07] [Client thread/WARN]: Potentially Dangerous alternative prefix `quark` for name `wool_8`, expected `placebo`. This could be a intended override, but in most cases indicates a broken mod.
[22:25:07] [Client thread/WARN]: Potentially Dangerous alternative prefix `quark` for name `wool_9`, expected `placebo`. This could be a intended override, but in most cases indicates a broken mod.
[22:25:07] [Client thread/WARN]: Potentially Dangerous alternative prefix `quark` for name `quilted_wool_24`, expected `placebo`. This could be a intended override, but in most cases indicates a broken mod.
[22:25:07] [Client thread/WARN]: Potentially Dangerous alternative prefix `quark` for name `quilted_wool_25`, expected `placebo`. This could be a intended override, but in most cases indicates a broken mod.
[22:25:07] [Client thread/WARN]: Potentially Dangerous alternative prefix `quark` for name `wool_10`, expected `placebo`. This could be a intended override, but in most cases indicates a broken mod.
[22:25:07] [Client thread/WARN]: Potentially Dangerous alternative prefix `quark` for name `wool_11`, expected `placebo`. This could be a intended override, but in most cases indicates a broken mod.
[22:25:07] [Client thread/WARN]: Potentially Dangerous alternative prefix `quark` for name `quilted_wool_26`, expected `placebo`. This could be a intended override, but in most cases indicates a broken mod.
[22:25:07] [Client thread/WARN]: Potentially Dangerous alternative prefix `quark` for name `quilted_wool_27`, expected `placebo`. This could be a intended override, but in most cases indicates a broken mod.
[22:25:07] [Client thread/WARN]: Potentially Dangerous alternative prefix `quark` for name `wool_12`, expected `placebo`. This could be a intended override, but in most cases indicates a broken mod.
[22:25:07] [Client thread/WARN]: Potentially Dangerous alternative prefix `quark` for name `wool_13`, expected `placebo`. This could be a intended override, but in most cases indicates a broken mod.
[22:25:07] [Client thread/WARN]: Potentially Dangerous alternative prefix `quark` for name `quilted_wool_28`, expected `placebo`. This could be a intended override, but in most cases indicates a broken mod.
[22:25:07] [Client thread/WARN]: Potentially Dangerous alternative prefix `quark` for name `quilted_wool_29`, expected `placebo`. This could be a intended override, but in most cases indicates a broken mod.
[22:25:07] [Client thread/WARN]: Potentially Dangerous alternative prefix `quark` for name `wool_14`, expected `placebo`. This could be a intended override, but in most cases indicates a broken mod.
[22:25:07] [Client thread/WARN]: Potentially Dangerous alternative prefix `quark` for name `wool_15`, expected `placebo`. This could be a intended override, but in most cases indicates a broken mod.
[22:25:07] [Client thread/WARN]: Potentially Dangerous alternative prefix `quark` for name `quilted_wool_30`, expected `placebo`. This could be a intended override, but in most cases indicates a broken mod.
[22:25:07] [Client thread/WARN]: Potentially Dangerous alternative prefix `quark` for name `quilted_wool_31`, expected `placebo`. This could be a intended override, but in most cases indicates a broken mod.
[22:25:07] [Client thread/WARN]: Potentially Dangerous alternative prefix `quark` for name `wool_16`, expected `placebo`. This could be a intended override, but in most cases indicates a broken mod.
[22:25:07] [Client thread/WARN]: Potentially Dangerous alternative prefix `quark` for name `wool_17`, expected `placebo`. This could be a intended override, but in most cases indicates a broken mod.
[22:25:07] [Client thread/WARN]: Potentially Dangerous alternative prefix `quark` for name `quilted_wool_32`, expected `placebo`. This could be a intended override, but in most cases indicates a broken mod.
[22:25:07] [Client thread/WARN]: Potentially Dangerous alternative prefix `quark` for name `quilted_wool_33`, expected `placebo`. This could be a intended override, but in most cases indicates a broken mod.
[22:25:07] [Client thread/WARN]: Potentially Dangerous alternative prefix `quark` for name `wool_18`, expected `placebo`. This could be a intended override, but in most cases indicates a broken mod.
[22:25:07] [Client thread/WARN]: Potentially Dangerous alternative prefix `quark` for name `wool_19`, expected `placebo`. This could be a intended override, but in most cases indicates a broken mod.
[22:25:07] [Client thread/WARN]: Potentially Dangerous alternative prefix `quark` for name `quilted_wool_34`, expected `placebo`. This could be a intended override, but in most cases indicates a broken mod.
[22:25:07] [Client thread/WARN]: Potentially Dangerous alternative prefix `quark` for name `quilted_wool_35`, expected `placebo`. This could be a intended override, but in most cases indicates a broken mod.
[22:25:07] [Client thread/WARN]: Potentially Dangerous alternative prefix `quark` for name `wool_20`, expected `placebo`. This could be a intended override, but in most cases indicates a broken mod.
[22:25:07] [Client thread/WARN]: Potentially Dangerous alternative prefix `quark` for name `wool_21`, expected `placebo`. This could be a intended override, but in most cases indicates a broken mod.
[22:25:07] [Client thread/WARN]: Potentially Dangerous alternative prefix `quark` for name `quilted_wool_36`, expected `placebo`. This could be a intended override, but in most cases indicates a broken mod.
[22:25:07] [Client thread/WARN]: Potentially Dangerous alternative prefix `quark` for name `quilted_wool_37`, expected `placebo`. This could be a intended override, but in most cases indicates a broken mod.
[22:25:07] [Client thread/WARN]: Potentially Dangerous alternative prefix `quark` for name `wool_22`, expected `placebo`. This could be a intended override, but in most cases indicates a broken mod.
[22:25:07] [Client thread/WARN]: Potentially Dangerous alternative prefix `quark` for name `wool_23`, expected `placebo`. This could be a intended override, but in most cases indicates a broken mod.
[22:25:07] [Client thread/WARN]: Potentially Dangerous alternative prefix `quark` for name `quilted_wool_38`, expected `placebo`. This could be a intended override, but in most cases indicates a broken mod.
[22:25:07] [Client thread/WARN]: Potentially Dangerous alternative prefix `quark` for name `quilted_wool_39`, expected `placebo`. This could be a intended override, but in most cases indicates a broken mod.
[22:25:07] [Client thread/WARN]: Potentially Dangerous alternative prefix `quark` for name `wool_24`, expected `placebo`. This could be a intended override, but in most cases indicates a broken mod.
[22:25:07] [Client thread/WARN]: Potentially Dangerous alternative prefix `quark` for name `wool_25`, expected `placebo`. This could be a intended override, but in most cases indicates a broken mod.
[22:25:07] [Client thread/WARN]: Potentially Dangerous alternative prefix `quark` for name `quilted_wool_40`, expected `placebo`. This could be a intended override, but in most cases indicates a broken mod.
[22:25:07] [Client thread/WARN]: Potentially Dangerous alternative prefix `quark` for name `quilted_wool_41`, expected `placebo`. This could be a intended override, but in most cases indicates a broken mod.
[22:25:07] [Client thread/WARN]: Potentially Dangerous alternative prefix `quark` for name `wool_26`, expected `placebo`. This could be a intended override, but in most cases indicates a broken mod.
[22:25:07] [Client thread/WARN]: Potentially Dangerous alternative prefix `quark` for name `wool_27`, expected `placebo`. This could be a intended override, but in most cases indicates a broken mod.
[22:25:07] [Client thread/WARN]: Potentially Dangerous alternative prefix `quark` for name `quilted_wool_42`, expected `placebo`. This could be a intended override, but in most cases indicates a broken mod.
[22:25:07] [Client thread/WARN]: Potentially Dangerous alternative prefix `quark` for name `quilted_wool_43`, expected `placebo`. This could be a intended override, but in most cases indicates a broken mod.
[22:25:07] [Client thread/WARN]: Potentially Dangerous alternative prefix `quark` for name `wool_28`, expected `placebo`. This could be a intended override, but in most cases indicates a broken mod.
[22:25:07] [Client thread/WARN]: Potentially Dangerous alternative prefix `quark` for name `wool_29`, expected `placebo`. This could be a intended override, but in most cases indicates a broken mod.
[22:25:07] [Client thread/WARN]: Potentially Dangerous alternative prefix `quark` for name `quilted_wool_44`, expected `placebo`. This could be a intended override, but in most cases indicates a broken mod.
[22:25:07] [Client thread/WARN]: Potentially Dangerous alternative prefix `quark` for name `quilted_wool_45`, expected `placebo`. This could be a intended override, but in most cases indicates a broken mod.
[22:25:07] [Client thread/WARN]: Potentially Dangerous alternative prefix `quark` for name `wool_30`, expected `placebo`. This could be a intended override, but in most cases indicates a broken mod.
[22:25:07] [Client thread/WARN]: Potentially Dangerous alternative prefix `quark` for name `wool_31`, expected `placebo`. This could be a intended override, but in most cases indicates a broken mod.
[22:25:07] [Client thread/WARN]: Potentially Dangerous alternative prefix `quark` for name `quilted_wool_46`, expected `placebo`. This could be a intended override, but in most cases indicates a broken mod.
[22:25:07] [Client thread/WARN]: Potentially Dangerous alternative prefix `quark` for name `quilted_wool_47`, expected `placebo`. This could be a intended override, but in most cases indicates a broken mod.
[22:25:07] [Client thread/WARN]: Potentially Dangerous alternative prefix `quark` for name `elder_prismarine`, expected `placebo`. This could be a intended override, but in most cases indicates a broken mod.
[22:25:07] [Client thread/WARN]: Potentially Dangerous alternative prefix `quark` for name `elder_sea_lantern`, expected `placebo`. This could be a intended override, but in most cases indicates a broken mod.
[22:25:07] [Client thread/WARN]: Potentially Dangerous alternative prefix `quark` for name `soul_powder`, expected `placebo`. This could be a intended override, but in most cases indicates a broken mod.
[22:25:07] [Client thread/WARN]: Potentially Dangerous alternative prefix `levelup2` for name `gravel`, expected `placebo`. This could be a intended override, but in most cases indicates a broken mod.
[22:25:07] [Client thread/WARN]: Potentially Dangerous alternative prefix `levelup2` for name `orequartz`, expected `placebo`. This could be a intended override, but in most cases indicates a broken mod.
[22:25:07] [Client thread/WARN]: Potentially Dangerous alternative prefix `dttraverse` for name `firseed`, expected `placebo`. This could be a intended override, but in most cases indicates a broken mod.
[22:25:07] [Client thread/WARN]: Potentially Dangerous alternative prefix `dttraverse` for name `firsapling`, expected `placebo`. This could be a intended override, but in most cases indicates a broken mod.
[22:25:07] [Client thread/WARN]: Potentially Dangerous alternative prefix `dttraverse` for name `autumn_yellowseed`, expected `placebo`. This could be a intended override, but in most cases indicates a broken mod.
[22:25:07] [Client thread/WARN]: Potentially Dangerous alternative prefix `dttraverse` for name `autumn_yellowsapling`, expected `placebo`. This could be a intended override, but in most cases indicates a broken mod.
[22:25:07] [Client thread/WARN]: Potentially Dangerous alternative prefix `dttraverse` for name `autumn_orangeseed`, expected `placebo`. This could be a intended override, but in most cases indicates a broken mod.
[22:25:07] [Client thread/WARN]: Potentially Dangerous alternative prefix `dttraverse` for name `autumn_orangesapling`, expected `placebo`. This could be a intended override, but in most cases indicates a broken mod.
[22:25:07] [Client thread/WARN]: Potentially Dangerous alternative prefix `dttraverse` for name `autumn_redseed`, expected `placebo`. This could be a intended override, but in most cases indicates a broken mod.
[22:25:07] [Client thread/WARN]: Potentially Dangerous alternative prefix `dttraverse` for name `autumn_redsapling`, expected `placebo`. This could be a intended override, but in most cases indicates a broken mod.
[22:25:07] [Client thread/WARN]: Potentially Dangerous alternative prefix `bountifulbaubles` for name `reforger`, expected `placebo`. This could be a intended override, but in most cases indicates a broken mod.
[22:25:07] [Client thread/WARN]: Potentially Dangerous alternative prefix `bountifulbaubles` for name `disintegrate_item.bountifulbaubles.trinketbrokenheart`, expected `placebo`. This could be a intended override, but in most cases indicates a broken mod.
[22:25:07] [Client thread/WARN]: Potentially Dangerous alternative prefix `bountifulbaubles` for name `disintegrate_item.bountifulbaubles.trinketballoon`, expected `placebo`. This could be a intended override, but in most cases indicates a broken mod.
[22:25:07] [Client thread/WARN]: Potentially Dangerous alternative prefix `bountifulbaubles` for name `disintegrate_item.bountifulbaubles.shieldcobalt`, expected `placebo`. This could be a intended override, but in most cases indicates a broken mod.
[22:25:07] [Client thread/WARN]: Potentially Dangerous alternative prefix `bountifulbaubles` for name `disintegrate_item.bountifulbaubles.shieldobsidian`, expected `placebo`. This could be a intended override, but in most cases indicates a broken mod.
[22:25:07] [Client thread/WARN]: Potentially Dangerous alternative prefix `bountifulbaubles` for name `disintegrate_item.bountifulbaubles.magicmirror`, expected `placebo`. This could be a intended override, but in most cases indicates a broken mod.
[22:25:07] [Client thread/WARN]: Potentially Dangerous alternative prefix `bountifulbaubles` for name `disintegrate_item.bountifulbaubles.wormholemirror`, expected `placebo`. This could be a intended override, but in most cases indicates a broken mod.
[22:25:07] [Client thread/WARN]: Potentially Dangerous alternative prefix `bountifulbaubles` for name `disintegrate_item.bountifulbaubles.trinketluckyhorseshoe`, expected `placebo`. This could be a intended override, but in most cases indicates a broken mod.
[22:25:07] [Client thread/WARN]: Potentially Dangerous alternative prefix `bountifulbaubles` for name `disintegrate_item.bountifulbaubles.trinketmagiclenses`, expected `placebo`. This could be a intended override, but in most cases indicates a broken mod.
[22:25:07] [Client thread/WARN]: Potentially Dangerous alternative prefix `bountifulbaubles` for name `disintegrate_item.bountifulbaubles.amuletcross`, expected `placebo`. This could be a intended override, but in most cases indicates a broken mod.
[22:25:07] [Client thread/WARN]: Potentially Dangerous alternative prefix `bountifulbaubles` for name `disintegrate_item.bountifulbaubles.amuletsinempty`, expected `placebo`. This could be a intended override, but in most cases indicates a broken mod.
[22:25:07] [Client thread/WARN]: Potentially Dangerous alternative prefix `bountifulbaubles` for name `disintegrate_item.bountifulbaubles.flaregun`, expected `placebo`. This could be a intended override, but in most cases indicates a broken mod.
[22:25:07] [Client thread/WARN]: Potentially Dangerous alternative prefix `bountifulbaubles` for name `disintegrate_item.bountifulbaubles.brokenblackdragonscale`, expected `placebo`. This could be a intended override, but in most cases indicates a broken mod.
[22:25:07] [Client thread/WARN]: Potentially Dangerous alternative prefix `charm` for name `gunpowder`, expected `placebo`. This could be a intended override, but in most cases indicates a broken mod.
[22:25:07] [Client thread/WARN]: Potentially Dangerous alternative prefix `charm` for name `rotten_flesh`, expected `placebo`. This could be a intended override, but in most cases indicates a broken mod.
[22:25:07] [Client thread/WARN]: Potentially Dangerous alternative prefix `rustic` for name `oliveseed`, expected `placebo`. This could be a intended override, but in most cases indicates a broken mod.
[22:25:07] [Client thread/WARN]: Potentially Dangerous alternative prefix `rustic` for name `ironwoodseed`, expected `placebo`. This could be a intended override, but in most cases indicates a broken mod.
[22:25:07] [Client thread/WARN]: Potentially Dangerous alternative prefix `rustic` for name `olivesapling`, expected `placebo`. This could be a intended override, but in most cases indicates a broken mod.
[22:25:07] [Client thread/WARN]: Potentially Dangerous alternative prefix `rustic` for name `ironwoodsapling`, expected `placebo`. This could be a intended override, but in most cases indicates a broken mod.
[22:25:07] [Client thread/WARN]: Potentially Dangerous alternative prefix `dynamictrees` for name `dirtbucket`, expected `placebo`. This could be a intended override, but in most cases indicates a broken mod.
[22:25:07] [Client thread/WARN]: Potentially Dangerous alternative prefix `dynamictrees` for name `oakseed`, expected `placebo`. This could be a intended override, but in most cases indicates a broken mod.
[22:25:07] [Client thread/WARN]: Potentially Dangerous alternative prefix `dynamictrees` for name `oaksapling`, expected `placebo`. This could be a intended override, but in most cases indicates a broken mod.
[22:25:07] [Client thread/WARN]: Potentially Dangerous alternative prefix `dynamictrees` for name `spruceseed`, expected `placebo`. This could be a intended override, but in most cases indicates a broken mod.
[22:25:07] [Client thread/WARN]: Potentially Dangerous alternative prefix `dynamictrees` for name `sprucesapling`, expected `placebo`. This could be a intended override, but in most cases indicates a broken mod.
[22:25:07] [Client thread/WARN]: Potentially Dangerous alternative prefix `dynamictrees` for name `birchseed`, expected `placebo`. This could be a intended override, but in most cases indicates a broken mod.
[22:25:07] [Client thread/WARN]: Potentially Dangerous alternative prefix `dynamictrees` for name `birchsapling`, expected `placebo`. This could be a intended override, but in most cases indicates a broken mod.
[22:25:07] [Client thread/WARN]: Potentially Dangerous alternative prefix `dynamictrees` for name `jungleseed`, expected `placebo`. This could be a intended override, but in most cases indicates a broken mod.
[22:25:07] [Client thread/WARN]: Potentially Dangerous alternative prefix `dynamictrees` for name `junglesapling`, expected `placebo`. This could be a intended override, but in most cases indicates a broken mod.
[22:25:07] [Client thread/WARN]: Potentially Dangerous alternative prefix `dynamictrees` for name `acaciaseed`, expected `placebo`. This could be a intended override, but in most cases indicates a broken mod.
[22:25:07] [Client thread/WARN]: Potentially Dangerous alternative prefix `dynamictrees` for name `acaciasapling`, expected `placebo`. This could be a intended override, but in most cases indicates a broken mod.
[22:25:07] [Client thread/WARN]: Potentially Dangerous alternative prefix `dynamictrees` for name `darkoakseed`, expected `placebo`. This could be a intended override, but in most cases indicates a broken mod.
[22:25:07] [Client thread/WARN]: Potentially Dangerous alternative prefix `dynamictrees` for name `darkoaksapling`, expected `placebo`. This could be a intended override, but in most cases indicates a broken mod.
[22:25:07] [Client thread/WARN]: Potentially Dangerous alternative prefix `dynamictrees` for name `appleseed`, expected `placebo`. This could be a intended override, but in most cases indicates a broken mod.
[22:25:07] [Client thread/WARN]: Potentially Dangerous alternative prefix `fishingmadebetter` for name `bucket`, expected `placebo`. This could be a intended override, but in most cases indicates a broken mod.
[22:25:07] [Client thread/WARN]: Potentially Dangerous alternative prefix `fishingmadebetter` for name `fishing_rod_wood`, expected `placebo`. This could be a intended override, but in most cases indicates a broken mod.
[22:25:07] [Client thread/WARN]: Potentially Dangerous alternative prefix `fishingmadebetter` for name `food`, expected `placebo`. This could be a intended override, but in most cases indicates a broken mod.
[22:25:07] [Client thread/WARN]: Potentially Dangerous alternative prefix `fishingmadebetter` for name `food_1`, expected `placebo`. This could be a intended override, but in most cases indicates a broken mod.
[22:25:07] [Client thread/WARN]: Potentially Dangerous alternative prefix `fishingmadebetter` for name `lava_bucket`, expected `placebo`. This could be a intended override, but in most cases indicates a broken mod.
[22:25:07] [Client thread/WARN]: Potentially Dangerous alternative prefix `switchbow` for name `arrowtorch`, expected `placebo`. This could be a intended override, but in most cases indicates a broken mod.
[22:25:07] [Client thread/WARN]: Potentially Dangerous alternative prefix `switchbow` for name `arrowtriple`, expected `placebo`. This could be a intended override, but in most cases indicates a broken mod.
[22:25:07] [Client thread/INFO]: Successfully replaced 564 recipes with fast recipes.
[22:25:07] [Client thread/INFO]: Removed 2 torch recipes.
[22:25:07] [Client thread/INFO]: Registered 0 blocks and 5 items as light sources.
[22:25:07] [Client thread/INFO]: Replaced curse_break enchantment type with RLTweaker Charm curse_break
[22:25:07] [Client thread/INFO]: Replaced homing enchantment type with RLTweaker Charm homing
[22:25:07] [Client thread/INFO]: Replaced magnetic enchantment type with RLTweaker Charm magnetic
[22:25:07] [Client thread/INFO]: Fixing Charged Emerald Crash
[22:25:07] [Client thread/INFO]: Found and removed tschipp.carryon.common.event.ItemEvents IEventListener onItemDropped from the event bus
[22:25:07] [Client thread/INFO]: Registering COItemDropped to the event bus
[22:25:07] [Client thread/INFO]: Found and removed atomicstryker.ruins.common.RuinsMod IEventListener onEntityEnteringChunk from the event bus
[22:25:07] [Client thread/INFO]: Found and removed com.tmtravlr.potioncore.PotionCoreEventHandlerClient IEventListener renderOverlaysPre from the event bus
[22:25:07] [Client thread/INFO]: Registering PCRenderOverlaysPre to the event bus
[22:25:07] [Client thread/INFO]: Found and removed com.tmtravlr.potioncore.PotionCoreEventHandlerClient IEventListener renderOverlaysPost from the event bus
[22:25:07] [Client thread/INFO]: Registering PCRenderOverlaysPost to the event bus
[22:25:07] [Client thread/INFO]: FirstAid Dehydration Registered
[22:25:07] [Client thread/INFO]: Found class with shadows: com/charles445/simpledifficulty/compat/mod/InspirationsHandler$CanteenRecipe
[22:25:07] [Client thread/INFO]: Rewriting class with shadows: com/charles445/simpledifficulty/compat/mod/InspirationsHandler$CanteenRecipe
[22:25:07] [Client thread/INFO]: Armor Underwear Modifiers Enabled
[22:25:07] [Client thread/INFO]: Baubles Modifier Enabled
[22:25:07] [Client thread/INFO]: Inspirations Handler Enabled
[22:25:07] [Client thread/INFO]: Serene Seasons Modifier Enabled
[22:25:08] [Client thread/INFO]: Finished postInit phase!
[22:25:08] [Client thread/INFO]: Performing server-side compatibility postInit for mobends...
[22:25:08] [Client thread/INFO]: Initializing layer providers...
[22:25:08] [Client thread/INFO]: Loading layer providers for mobends...
[22:25:08] [Client thread/INFO]: Performing client-side compatibility postInit for mobends...
[22:25:08] [Client thread/INFO]: Using cached texture method for light level HUD render
[22:25:08] [Client thread/WARN]: .= === = ================================ = ================================================== =.
[22:25:08] [Client thread/WARN]: ||                 RTG could not find realistic versions of the following biomes               ||
[22:25:08] [Client thread/WARN]: || === = ================================ = ================================================== ||
[22:25:08] [Client thread/WARN]: ||  ID | Biome Class                      | Registry Name                                      ||
[22:25:08] [Client thread/WARN]: || --- - -------------------------------- - -------------------------------------------------- ||
[22:25:08] [Client thread/WARN]: ||  40 | BiomeGlacier                     | iceandfire:glacier                                 ||
[22:25:08] [Client thread/WARN]: ||  66 | BiomeCanyon                      | traverse:canyon                                    ||
[22:25:08] [Client thread/WARN]: ||  67 | BiomeCragCliffs                  | traverse:crag_cliffs                               ||
[22:25:08] [Client thread/WARN]: ||  72 | BiomeInfestedPlain               | srparasites:biome_parasite                         ||
[22:25:08] [Client thread/WARN]: `= === | ================================ | ================================================== =`
[22:25:08] [Client thread/INFO]: Transforming ItemHandlerHelper
[22:25:08] [Client thread/INFO]: Applying Transformation to method (Names [insertItem, insertItem, ] Descriptor (Lnet/minecraftforge/items/IItemHandler;Lnet/minecraft/item/ItemStack;Z)Lnet/minecraft/item/ItemStack; / (Lnet/minecraftforge/items/IItemHandler;Laip;Z)Laip;)
[22:25:08] [Client thread/INFO]: Located method, patching...
[22:25:08] [Client thread/INFO]: Located target ALOAD 0
[22:25:08] [Client thread/INFO]: Patch result: true
[22:25:09] [Client thread/INFO]: Starting JEI...
[22:25:09] [Client thread/INFO]: JEI Plugin is Registering subtypes
[22:25:09] [Client thread/INFO]: Registering recipe categories...
[22:25:09] [Client thread/INFO]: Registering recipe categories took 32.57 ms
[22:25:09] [Client thread/INFO]: Registering mod plugins...
[22:25:09] [Client thread/ERROR]: Recipe has too many inputs. Varied Commodities variedcommodities:wall_banner_1 class net.minecraft.item.crafting.ShapedRecipes
Outputs:
net.minecraft.item.ItemStack: [[1xtile.wall_banner@1 variedcommodities:wall_banner]]
Inputs:
net.minecraft.item.ItemStack: [[1xtile.stone@0 minecraft:stone, 1xtile.stone@1 minecraft:stone, 1xtile.stone@2 minecraft:stone, 1xtile.stone@3 minecraft:stone, 1xtile.stone@4 minecraft:stone, 1xtile.stone@5 minecraft:stone, 1xtile.stone@6 minecraft:stone], [1xtile.stone@0 minecraft:stone, 1xtile.stone@1 minecraft:stone, 1xtile.stone@2 minecraft:stone, 1xtile.stone@3 minecraft:stone, 1xtile.stone@4 minecraft:stone, 1xtile.stone@5 minecraft:stone, 1xtile.stone@6 minecraft:stone], [1xtile.stone@0 minecraft:stone, 1xtile.stone@1 minecraft:stone, 1xtile.stone@2 minecraft:stone, 1xtile.stone@3 minecraft:stone, 1xtile.stone@4 minecraft:stone, 1xtile.stone@5 minecraft:stone, 1xtile.stone@6 minecraft:stone], [1xtile.cloth@0 minecraft:wool, 1xtile.cloth@1 minecraft:wool, 1xtile.cloth@2 minecraft:wool, 1xtile.cloth@3 minecraft:wool, 1xtile.cloth@4 minecraft:wool, 1xtile.cloth@5 minecraft:wool, 1xtile.cloth@6 minecraft:wool, 1xtile.cloth@7 minecraft:wool, 1xtile.cloth@8 minecraft:wool, 1xtile.cloth@9 minecraft:wool, 1xtile.cloth@10 minecraft:wool, 1xtile.cloth@11 minecraft:wool, 1xtile.cloth@12 minecraft:wool, 1xtile.cloth@13 minecraft:wool, 1xtile.cloth@14 minecraft:wool, 1xtile.cloth@15 minecraft:wool], [1xtile.cloth@0 minecraft:wool, 1xtile.cloth@1 minecraft:wool, 1xtile.cloth@2 minecraft:wool, 1xtile.cloth@3 minecraft:wool, 1xtile.cloth@4 minecraft:wool, 1xtile.cloth@5 minecraft:wool, 1xtile.cloth@6 minecraft:wool, 1xtile.cloth@7 minecraft:wool, 1xtile.cloth@8 minecraft:wool, 1xtile.cloth@9 minecraft:wool, 1xtile.cloth@10 minecraft:wool, 1xtile.cloth@11 minecraft:wool, 1xtile.cloth@12 minecraft:wool, 1xtile.cloth@13 minecraft:wool, 1xtile.cloth@14 minecraft:wool, 1xtile.cloth@15 minecraft:wool], [1xtile.cloth@0 minecraft:wool, 1xtile.cloth@1 minecraft:wool, 1xtile.cloth@2 minecraft:wool, 1xtile.cloth@3 minecraft:wool, 1xtile.cloth@4 minecraft:wool, 1xtile.cloth@5 minecraft:wool, 1xtile.cloth@6 minecraft:wool, 1xtile.cloth@7 minecraft:wool, 1xtile.cloth@8 minecraft:wool, 1xtile.cloth@9 minecraft:wool, 1xtile.cloth@10 minecraft:wool, 1xtile.cloth@11 minecraft:wool, 1xtile.cloth@12 minecraft:wool, 1xtile.cloth@13 minecraft:wool, 1xtile.cloth@14 minecraft:wool, 1xtile.cloth@15 minecraft:wool], [1xtile.cloth@0 minecraft:wool, 1xtile.cloth@1 minecraft:wool, 1xtile.cloth@2 minecraft:wool, 1xtile.cloth@3 minecraft:wool, 1xtile.cloth@4 minecraft:wool, 1xtile.cloth@5 minecraft:wool, 1xtile.cloth@6 minecraft:wool, 1xtile.cloth@7 minecraft:wool, 1xtile.cloth@8 minecraft:wool, 1xtile.cloth@9 minecraft:wool, 1xtile.cloth@10 minecraft:wool, 1xtile.cloth@11 minecraft:wool, 1xtile.cloth@12 minecraft:wool, 1xtile.cloth@13 minecraft:wool, 1xtile.cloth@14 minecraft:wool, 1xtile.cloth@15 minecraft:wool], [1xtile.cloth@0 minecraft:wool, 1xtile.cloth@1 minecraft:wool, 1xtile.cloth@2 minecraft:wool, 1xtile.cloth@3 minecraft:wool, 1xtile.cloth@4 minecraft:wool, 1xtile.cloth@5 minecraft:wool, 1xtile.cloth@6 minecraft:wool, 1xtile.cloth@7 minecraft:wool, 1xtile.cloth@8 minecraft:wool, 1xtile.cloth@9 minecraft:wool, 1xtile.cloth@10 minecraft:wool, 1xtile.cloth@11 minecraft:wool, 1xtile.cloth@12 minecraft:wool, 1xtile.cloth@13 minecraft:wool, 1xtile.cloth@14 minecraft:wool, 1xtile.cloth@15 minecraft:wool], [1xtile.cloth@0 minecraft:wool, 1xtile.cloth@1 minecraft:wool, 1xtile.cloth@2 minecraft:wool, 1xtile.cloth@3 minecraft:wool, 1xtile.cloth@4 minecraft:wool, 1xtile.cloth@5 minecraft:wool, 1xtile.cloth@6 minecraft:wool, 1xtile.cloth@7 minecraft:wool, 1xtile.cloth@8 minecraft:wool, 1xtile.cloth@9 minecraft:wool, 1xtile.cloth@10 minecraft:wool, 1xtile.cloth@11 minecraft:wool, 1xtile.cloth@12 minecraft:wool, 1xtile.cloth@13 minecraft:wool, 1xtile.cloth@14 minecraft:wool, 1xtile.cloth@15 minecraft:wool], [1xtile.cloth@0 minecraft:wool, 1xtile.cloth@1 minecraft:wool, 1xtile.cloth@2 minecraft:wool, 1xtile.cloth@3 minecraft:wool, 1xtile.cloth@4 minecraft:wool, 1xtile.cloth@5 minecraft:wool, 1xtile.cloth@6 minecraft:wool, 1xtile.cloth@7 minecraft:wool, 1xtile.cloth@8 minecraft:wool, 1xtile.cloth@9 minecraft:wool, 1xtile.cloth@10 minecraft:wool, 1xtile.cloth@11 minecraft:wool, 1xtile.cloth@12 minecraft:wool, 1xtile.cloth@13 minecraft:wool, 1xtile.cloth@14 minecraft:wool, 1xtile.cloth@15 minecraft:wool], [], [1xtile.cloth@0 minecraft:wool, 1xtile.cloth@1 minecraft:wool, 1xtile.cloth@2 minecraft:wool, 1xtile.cloth@3 minecraft:wool, 1xtile.cloth@4 minecraft:wool, 1xtile.cloth@5 minecraft:wool, 1xtile.cloth@6 minecraft:wool, 1xtile.cloth@7 minecraft:wool, 1xtile.cloth@8 minecraft:wool, 1xtile.cloth@9 minecraft:wool, 1xtile.cloth@10 minecraft:wool, 1xtile.cloth@11 minecraft:wool, 1xtile.cloth@12 minecraft:wool, 1xtile.cloth@13 minecraft:wool, 1xtile.cloth@14 minecraft:wool, 1xtile.cloth@15 minecraft:wool]]
[22:25:09] [Client thread/ERROR]: Recipe has too many inputs. Varied Commodities variedcommodities:wall_banner_2 class net.minecraft.item.crafting.ShapedRecipes
Outputs:
net.minecraft.item.ItemStack: [[1xtile.wall_banner@2 variedcommodities:wall_banner]]
Inputs:
net.minecraft.item.ItemStack: [[1xitem.ingotIron@0 minecraft:iron_ingot], [1xitem.ingotIron@0 minecraft:iron_ingot], [1xitem.ingotIron@0 minecraft:iron_ingot], [1xtile.cloth@0 minecraft:wool, 1xtile.cloth@1 minecraft:wool, 1xtile.cloth@2 minecraft:wool, 1xtile.cloth@3 minecraft:wool, 1xtile.cloth@4 minecraft:wool, 1xtile.cloth@5 minecraft:wool, 1xtile.cloth@6 minecraft:wool, 1xtile.cloth@7 minecraft:wool, 1xtile.cloth@8 minecraft:wool, 1xtile.cloth@9 minecraft:wool, 1xtile.cloth@10 minecraft:wool, 1xtile.cloth@11 minecraft:wool, 1xtile.cloth@12 minecraft:wool, 1xtile.cloth@13 minecraft:wool, 1xtile.cloth@14 minecraft:wool, 1xtile.cloth@15 minecraft:wool], [1xtile.cloth@0 minecraft:wool, 1xtile.cloth@1 minecraft:wool, 1xtile.cloth@2 minecraft:wool, 1xtile.cloth@3 minecraft:wool, 1xtile.cloth@4 minecraft:wool, 1xtile.cloth@5 minecraft:wool, 1xtile.cloth@6 minecraft:wool, 1xtile.cloth@7 minecraft:wool, 1xtile.cloth@8 minecraft:wool, 1xtile.cloth@9 minecraft:wool, 1xtile.cloth@10 minecraft:wool, 1xtile.cloth@11 minecraft:wool, 1xtile.cloth@12 minecraft:wool, 1xtile.cloth@13 minecraft:wool, 1xtile.cloth@14 minecraft:wool, 1xtile.cloth@15 minecraft:wool], [1xtile.cloth@0 minecraft:wool, 1xtile.cloth@1 minecraft:wool, 1xtile.cloth@2 minecraft:wool, 1xtile.cloth@3 minecraft:wool, 1xtile.cloth@4 minecraft:wool, 1xtile.cloth@5 minecraft:wool, 1xtile.cloth@6 minecraft:wool, 1xtile.cloth@7 minecraft:wool, 1xtile.cloth@8 minecraft:wool, 1xtile.cloth@9 minecraft:wool, 1xtile.cloth@10 minecraft:wool, 1xtile.cloth@11 minecraft:wool, 1xtile.cloth@12 minecraft:wool, 1xtile.cloth@13 minecraft:wool, 1xtile.cloth@14 minecraft:wool, 1xtile.cloth@15 minecraft:wool], [1xtile.cloth@0 minecraft:wool, 1xtile.cloth@1 minecraft:wool, 1xtile.cloth@2 minecraft:wool, 1xtile.cloth@3 minecraft:wool, 1xtile.cloth@4 minecraft:wool, 1xtile.cloth@5 minecraft:wool, 1xtile.cloth@6 minecraft:wool, 1xtile.cloth@7 minecraft:wool, 1xtile.cloth@8 minecraft:wool, 1xtile.cloth@9 minecraft:wool, 1xtile.cloth@10 minecraft:wool, 1xtile.cloth@11 minecraft:wool, 1xtile.cloth@12 minecraft:wool, 1xtile.cloth@13 minecraft:wool, 1xtile.cloth@14 minecraft:wool, 1xtile.cloth@15 minecraft:wool], [1xtile.cloth@0 minecraft:wool, 1xtile.cloth@1 minecraft:wool, 1xtile.cloth@2 minecraft:wool, 1xtile.cloth@3 minecraft:wool, 1xtile.cloth@4 minecraft:wool, 1xtile.cloth@5 minecraft:wool, 1xtile.cloth@6 minecraft:wool, 1xtile.cloth@7 minecraft:wool, 1xtile.cloth@8 minecraft:wool, 1xtile.cloth@9 minecraft:wool, 1xtile.cloth@10 minecraft:wool, 1xtile.cloth@11 minecraft:wool, 1xtile.cloth@12 minecraft:wool, 1xtile.cloth@13 minecraft:wool, 1xtile.cloth@14 minecraft:wool, 1xtile.cloth@15 minecraft:wool], [1xtile.cloth@0 minecraft:wool, 1xtile.cloth@1 minecraft:wool, 1xtile.cloth@2 minecraft:wool, 1xtile.cloth@3 minecraft:wool, 1xtile.cloth@4 minecraft:wool, 1xtile.cloth@5 minecraft:wool, 1xtile.cloth@6 minecraft:wool, 1xtile.cloth@7 minecraft:wool, 1xtile.cloth@8 minecraft:wool, 1xtile.cloth@9 minecraft:wool, 1xtile.cloth@10 minecraft:wool, 1xtile.cloth@11 minecraft:wool, 1xtile.cloth@12 minecraft:wool, 1xtile.cloth@13 minecraft:wool, 1xtile.cloth@14 minecraft:wool, 1xtile.cloth@15 minecraft:wool], [1xtile.cloth@0 minecraft:wool, 1xtile.cloth@1 minecraft:wool, 1xtile.cloth@2 minecraft:wool, 1xtile.cloth@3 minecraft:wool, 1xtile.cloth@4 minecraft:wool, 1xtile.cloth@5 minecraft:wool, 1xtile.cloth@6 minecraft:wool, 1xtile.cloth@7 minecraft:wool, 1xtile.cloth@8 minecraft:wool, 1xtile.cloth@9 minecraft:wool, 1xtile.cloth@10 minecraft:wool, 1xtile.cloth@11 minecraft:wool, 1xtile.cloth@12 minecraft:wool, 1xtile.cloth@13 minecraft:wool, 1xtile.cloth@14 minecraft:wool, 1xtile.cloth@15 minecraft:wool], [], [1xtile.cloth@0 minecraft:wool, 1xtile.cloth@1 minecraft:wool, 1xtile.cloth@2 minecraft:wool, 1xtile.cloth@3 minecraft:wool, 1xtile.cloth@4 minecraft:wool, 1xtile.cloth@5 minecraft:wool, 1xtile.cloth@6 minecraft:wool, 1xtile.cloth@7 minecraft:wool, 1xtile.cloth@8 minecraft:wool, 1xtile.cloth@9 minecraft:wool, 1xtile.cloth@10 minecraft:wool, 1xtile.cloth@11 minecraft:wool, 1xtile.cloth@12 minecraft:wool, 1xtile.cloth@13 minecraft:wool, 1xtile.cloth@14 minecraft:wool, 1xtile.cloth@15 minecraft:wool]]
[22:25:09] [Client thread/ERROR]: Recipe has too many inputs. Varied Commodities variedcommodities:wall_banner_3 class net.minecraft.item.crafting.ShapedRecipes
Outputs:
net.minecraft.item.ItemStack: [[1xtile.wall_banner@3 variedcommodities:wall_banner]]
Inputs:
net.minecraft.item.ItemStack: [[1xitem.ingotGold@0 minecraft:gold_ingot], [1xitem.ingotGold@0 minecraft:gold_ingot], [1xitem.ingotGold@0 minecraft:gold_ingot], [1xtile.cloth@0 minecraft:wool, 1xtile.cloth@1 minecraft:wool, 1xtile.cloth@2 minecraft:wool, 1xtile.cloth@3 minecraft:wool, 1xtile.cloth@4 minecraft:wool, 1xtile.cloth@5 minecraft:wool, 1xtile.cloth@6 minecraft:wool, 1xtile.cloth@7 minecraft:wool, 1xtile.cloth@8 minecraft:wool, 1xtile.cloth@9 minecraft:wool, 1xtile.cloth@10 minecraft:wool, 1xtile.cloth@11 minecraft:wool, 1xtile.cloth@12 minecraft:wool, 1xtile.cloth@13 minecraft:wool, 1xtile.cloth@14 minecraft:wool, 1xtile.cloth@15 minecraft:wool], [1xtile.cloth@0 minecraft:wool, 1xtile.cloth@1 minecraft:wool, 1xtile.cloth@2 minecraft:wool, 1xtile.cloth@3 minecraft:wool, 1xtile.cloth@4 minecraft:wool, 1xtile.cloth@5 minecraft:wool, 1xtile.cloth@6 minecraft:wool, 1xtile.cloth@7 minecraft:wool, 1xtile.cloth@8 minecraft:wool, 1xtile.cloth@9 minecraft:wool, 1xtile.cloth@10 minecraft:wool, 1xtile.cloth@11 minecraft:wool, 1xtile.cloth@12 minecraft:wool, 1xtile.cloth@13 minecraft:wool, 1xtile.cloth@14 minecraft:wool, 1xtile.cloth@15 minecraft:wool], [1xtile.cloth@0 minecraft:wool, 1xtile.cloth@1 minecraft:wool, 1xtile.cloth@2 minecraft:wool, 1xtile.cloth@3 minecraft:wool, 1xtile.cloth@4 minecraft:wool, 1xtile.cloth@5 minecraft:wool, 1xtile.cloth@6 minecraft:wool, 1xtile.cloth@7 minecraft:wool, 1xtile.cloth@8 minecraft:wool, 1xtile.cloth@9 minecraft:wool, 1xtile.cloth@10 minecraft:wool, 1xtile.cloth@11 minecraft:wool, 1xtile.cloth@12 minecraft:wool, 1xtile.cloth@13 minecraft:wool, 1xtile.cloth@14 minecraft:wool, 1xtile.cloth@15 minecraft:wool], [1xtile.cloth@0 minecraft:wool, 1xtile.cloth@1 minecraft:wool, 1xtile.cloth@2 minecraft:wool, 1xtile.cloth@3 minecraft:wool, 1xtile.cloth@4 minecraft:wool, 1xtile.cloth@5 minecraft:wool, 1xtile.cloth@6 minecraft:wool, 1xtile.cloth@7 minecraft:wool, 1xtile.cloth@8 minecraft:wool, 1xtile.cloth@9 minecraft:wool, 1xtile.cloth@10 minecraft:wool, 1xtile.cloth@11 minecraft:wool, 1xtile.cloth@12 minecraft:wool, 1xtile.cloth@13 minecraft:wool, 1xtile.cloth@14 minecraft:wool, 1xtile.cloth@15 minecraft:wool], [1xtile.cloth@0 minecraft:wool, 1xtile.cloth@1 minecraft:wool, 1xtile.cloth@2 minecraft:wool, 1xtile.cloth@3 minecraft:wool, 1xtile.cloth@4 minecraft:wool, 1xtile.cloth@5 minecraft:wool, 1xtile.cloth@6 minecraft:wool, 1xtile.cloth@7 minecraft:wool, 1xtile.cloth@8 minecraft:wool, 1xtile.cloth@9 minecraft:wool, 1xtile.cloth@10 minecraft:wool, 1xtile.cloth@11 minecraft:wool, 1xtile.cloth@12 minecraft:wool, 1xtile.cloth@13 minecraft:wool, 1xtile.cloth@14 minecraft:wool, 1xtile.cloth@15 minecraft:wool], [1xtile.cloth@0 minecraft:wool, 1xtile.cloth@1 minecraft:wool, 1xtile.cloth@2 minecraft:wool, 1xtile.cloth@3 minecraft:wool, 1xtile.cloth@4 minecraft:wool, 1xtile.cloth@5 minecraft:wool, 1xtile.cloth@6 minecraft:wool, 1xtile.cloth@7 minecraft:wool, 1xtile.cloth@8 minecraft:wool, 1xtile.cloth@9 minecraft:wool, 1xtile.cloth@10 minecraft:wool, 1xtile.cloth@11 minecraft:wool, 1xtile.cloth@12 minecraft:wool, 1xtile.cloth@13 minecraft:wool, 1xtile.cloth@14 minecraft:wool, 1xtile.cloth@15 minecraft:wool], [1xtile.cloth@0 minecraft:wool, 1xtile.cloth@1 minecraft:wool, 1xtile.cloth@2 minecraft:wool, 1xtile.cloth@3 minecraft:wool, 1xtile.cloth@4 minecraft:wool, 1xtile.cloth@5 minecraft:wool, 1xtile.cloth@6 minecraft:wool, 1xtile.cloth@7 minecraft:wool, 1xtile.cloth@8 minecraft:wool, 1xtile.cloth@9 minecraft:wool, 1xtile.cloth@10 minecraft:wool, 1xtile.cloth@11 minecraft:wool, 1xtile.cloth@12 minecraft:wool, 1xtile.cloth@13 minecraft:wool, 1xtile.cloth@14 minecraft:wool, 1xtile.cloth@15 minecraft:wool], [], [1xtile.cloth@0 minecraft:wool, 1xtile.cloth@1 minecraft:wool, 1xtile.cloth@2 minecraft:wool, 1xtile.cloth@3 minecraft:wool, 1xtile.cloth@4 minecraft:wool, 1xtile.cloth@5 minecraft:wool, 1xtile.cloth@6 minecraft:wool, 1xtile.cloth@7 minecraft:wool, 1xtile.cloth@8 minecraft:wool, 1xtile.cloth@9 minecraft:wool, 1xtile.cloth@10 minecraft:wool, 1xtile.cloth@11 minecraft:wool, 1xtile.cloth@12 minecraft:wool, 1xtile.cloth@13 minecraft:wool, 1xtile.cloth@14 minecraft:wool, 1xtile.cloth@15 minecraft:wool]]
[22:25:09] [Client thread/ERROR]: Recipe has too many inputs. Varied Commodities variedcommodities:wall_banner_0 class net.minecraft.item.crafting.ShapedRecipes
Outputs:
net.minecraft.item.ItemStack: [[1xtile.wall_banner@0 variedcommodities:wall_banner]]
Inputs:
net.minecraft.item.ItemStack: [[1xtile.wood@0 minecraft:planks, 1xtile.wood@1 minecraft:planks, 1xtile.wood@2 minecraft:planks, 1xtile.wood@3 minecraft:planks, 1xtile.wood@4 minecraft:planks, 1xtile.wood@5 minecraft:planks], [1xtile.wood@0 minecraft:planks, 1xtile.wood@1 minecraft:planks, 1xtile.wood@2 minecraft:planks, 1xtile.wood@3 minecraft:planks, 1xtile.wood@4 minecraft:planks, 1xtile.wood@5 minecraft:planks], [1xtile.wood@0 minecraft:planks, 1xtile.wood@1 minecraft:planks, 1xtile.wood@2 minecraft:planks, 1xtile.wood@3 minecraft:planks, 1xtile.wood@4 minecraft:planks, 1xtile.wood@5 minecraft:planks], [1xtile.cloth@0 minecraft:wool, 1xtile.cloth@1 minecraft:wool, 1xtile.cloth@2 minecraft:wool, 1xtile.cloth@3 minecraft:wool, 1xtile.cloth@4 minecraft:wool, 1xtile.cloth@5 minecraft:wool, 1xtile.cloth@6 minecraft:wool, 1xtile.cloth@7 minecraft:wool, 1xtile.cloth@8 minecraft:wool, 1xtile.cloth@9 minecraft:wool, 1xtile.cloth@10 minecraft:wool, 1xtile.cloth@11 minecraft:wool, 1xtile.cloth@12 minecraft:wool, 1xtile.cloth@13 minecraft:wool, 1xtile.cloth@14 minecraft:wool, 1xtile.cloth@15 minecraft:wool], [1xtile.cloth@0 minecraft:wool, 1xtile.cloth@1 minecraft:wool, 1xtile.cloth@2 minecraft:wool, 1xtile.cloth@3 minecraft:wool, 1xtile.cloth@4 minecraft:wool, 1xtile.cloth@5 minecraft:wool, 1xtile.cloth@6 minecraft:wool, 1xtile.cloth@7 minecraft:wool, 1xtile.cloth@8 minecraft:wool, 1xtile.cloth@9 minecraft:wool, 1xtile.cloth@10 minecraft:wool, 1xtile.cloth@11 minecraft:wool, 1xtile.cloth@12 minecraft:wool, 1xtile.cloth@13 minecraft:wool, 1xtile.cloth@14 minecraft:wool, 1xtile.cloth@15 minecraft:wool], [1xtile.cloth@0 minecraft:wool, 1xtile.cloth@1 minecraft:wool, 1xtile.cloth@2 minecraft:wool, 1xtile.cloth@3 minecraft:wool, 1xtile.cloth@4 minecraft:wool, 1xtile.cloth@5 minecraft:wool, 1xtile.cloth@6 minecraft:wool, 1xtile.cloth@7 minecraft:wool, 1xtile.cloth@8 minecraft:wool, 1xtile.cloth@9 minecraft:wool, 1xtile.cloth@10 minecraft:wool, 1xtile.cloth@11 minecraft:wool, 1xtile.cloth@12 minecraft:wool, 1xtile.cloth@13 minecraft:wool, 1xtile.cloth@14 minecraft:wool, 1xtile.cloth@15 minecraft:wool], [1xtile.cloth@0 minecraft:wool, 1xtile.cloth@1 minecraft:wool, 1xtile.cloth@2 minecraft:wool, 1xtile.cloth@3 minecraft:wool, 1xtile.cloth@4 minecraft:wool, 1xtile.cloth@5 minecraft:wool, 1xtile.cloth@6 minecraft:wool, 1xtile.cloth@7 minecraft:wool, 1xtile.cloth@8 minecraft:wool, 1xtile.cloth@9 minecraft:wool, 1xtile.cloth@10 minecraft:wool, 1xtile.cloth@11 minecraft:wool, 1xtile.cloth@12 minecraft:wool, 1xtile.cloth@13 minecraft:wool, 1xtile.cloth@14 minecraft:wool, 1xtile.cloth@15 minecraft:wool], [1xtile.cloth@0 minecraft:wool, 1xtile.cloth@1 minecraft:wool, 1xtile.cloth@2 minecraft:wool, 1xtile.cloth@3 minecraft:wool, 1xtile.cloth@4 minecraft:wool, 1xtile.cloth@5 minecraft:wool, 1xtile.cloth@6 minecraft:wool, 1xtile.cloth@7 minecraft:wool, 1xtile.cloth@8 minecraft:wool, 1xtile.cloth@9 minecraft:wool, 1xtile.cloth@10 minecraft:wool, 1xtile.cloth@11 minecraft:wool, 1xtile.cloth@12 minecraft:wool, 1xtile.cloth@13 minecraft:wool, 1xtile.cloth@14 minecraft:wool, 1xtile.cloth@15 minecraft:wool], [1xtile.cloth@0 minecraft:wool, 1xtile.cloth@1 minecraft:wool, 1xtile.cloth@2 minecraft:wool, 1xtile.cloth@3 minecraft:wool, 1xtile.cloth@4 minecraft:wool, 1xtile.cloth@5 minecraft:wool, 1xtile.cloth@6 minecraft:wool, 1xtile.cloth@7 minecraft:wool, 1xtile.cloth@8 minecraft:wool, 1xtile.cloth@9 minecraft:wool, 1xtile.cloth@10 minecraft:wool, 1xtile.cloth@11 minecraft:wool, 1xtile.cloth@12 minecraft:wool, 1xtile.cloth@13 minecraft:wool, 1xtile.cloth@14 minecraft:wool, 1xtile.cloth@15 minecraft:wool], [1xtile.cloth@0 minecraft:wool, 1xtile.cloth@1 minecraft:wool, 1xtile.cloth@2 minecraft:wool, 1xtile.cloth@3 minecraft:wool, 1xtile.cloth@4 minecraft:wool, 1xtile.cloth@5 minecraft:wool, 1xtile.cloth@6 minecraft:wool, 1xtile.cloth@7 minecraft:wool, 1xtile.cloth@8 minecraft:wool, 1xtile.cloth@9 minecraft:wool, 1xtile.cloth@10 minecraft:wool, 1xtile.cloth@11 minecraft:wool, 1xtile.cloth@12 minecraft:wool, 1xtile.cloth@13 minecraft:wool, 1xtile.cloth@14 minecraft:wool, 1xtile.cloth@15 minecraft:wool], [], [1xtile.cloth@0 minecraft:wool, 1xtile.cloth@1 minecraft:wool, 1xtile.cloth@2 minecraft:wool, 1xtile.cloth@3 minecraft:wool, 1xtile.cloth@4 minecraft:wool, 1xtile.cloth@5 minecraft:wool, 1xtile.cloth@6 minecraft:wool, 1xtile.cloth@7 minecraft:wool, 1xtile.cloth@8 minecraft:wool, 1xtile.cloth@9 minecraft:wool, 1xtile.cloth@10 minecraft:wool, 1xtile.cloth@11 minecraft:wool, 1xtile.cloth@12 minecraft:wool, 1xtile.cloth@13 minecraft:wool, 1xtile.cloth@14 minecraft:wool, 1xtile.cloth@15 minecraft:wool]]
[22:25:09] [Client thread/ERROR]: Recipe has too many inputs. Varied Commodities variedcommodities:wall_banner_4 class net.minecraft.item.crafting.ShapedRecipes
Outputs:
net.minecraft.item.ItemStack: [[1xtile.wall_banner@4 variedcommodities:wall_banner]]
Inputs:
net.minecraft.item.ItemStack: [[1xitem.diamond@0 minecraft:diamond], [1xitem.diamond@0 minecraft:diamond], [1xitem.diamond@0 minecraft:diamond], [1xtile.cloth@0 minecraft:wool, 1xtile.cloth@1 minecraft:wool, 1xtile.cloth@2 minecraft:wool, 1xtile.cloth@3 minecraft:wool, 1xtile.cloth@4 minecraft:wool, 1xtile.cloth@5 minecraft:wool, 1xtile.cloth@6 minecraft:wool, 1xtile.cloth@7 minecraft:wool, 1xtile.cloth@8 minecraft:wool, 1xtile.cloth@9 minecraft:wool, 1xtile.cloth@10 minecraft:wool, 1xtile.cloth@11 minecraft:wool, 1xtile.cloth@12 minecraft:wool, 1xtile.cloth@13 minecraft:wool, 1xtile.cloth@14 minecraft:wool, 1xtile.cloth@15 minecraft:wool], [1xtile.cloth@0 minecraft:wool, 1xtile.cloth@1 minecraft:wool, 1xtile.cloth@2 minecraft:wool, 1xtile.cloth@3 minecraft:wool, 1xtile.cloth@4 minecraft:wool, 1xtile.cloth@5 minecraft:wool, 1xtile.cloth@6 minecraft:wool, 1xtile.cloth@7 minecraft:wool, 1xtile.cloth@8 minecraft:wool, 1xtile.cloth@9 minecraft:wool, 1xtile.cloth@10 minecraft:wool, 1xtile.cloth@11 minecraft:wool, 1xtile.cloth@12 minecraft:wool, 1xtile.cloth@13 minecraft:wool, 1xtile.cloth@14 minecraft:wool, 1xtile.cloth@15 minecraft:wool], [1xtile.cloth@0 minecraft:wool, 1xtile.cloth@1 minecraft:wool, 1xtile.cloth@2 minecraft:wool, 1xtile.cloth@3 minecraft:wool, 1xtile.cloth@4 minecraft:wool, 1xtile.cloth@5 minecraft:wool, 1xtile.cloth@6 minecraft:wool, 1xtile.cloth@7 minecraft:wool, 1xtile.cloth@8 minecraft:wool, 1xtile.cloth@9 minecraft:wool, 1xtile.cloth@10 minecraft:wool, 1xtile.cloth@11 minecraft:wool, 1xtile.cloth@12 minecraft:wool, 1xtile.cloth@13 minecraft:wool, 1xtile.cloth@14 minecraft:wool, 1xtile.cloth@15 minecraft:wool], [1xtile.cloth@0 minecraft:wool, 1xtile.cloth@1 minecraft:wool, 1xtile.cloth@2 minecraft:wool, 1xtile.cloth@3 minecraft:wool, 1xtile.cloth@4 minecraft:wool, 1xtile.cloth@5 minecraft:wool, 1xtile.cloth@6 minecraft:wool, 1xtile.cloth@7 minecraft:wool, 1xtile.cloth@8 minecraft:wool, 1xtile.cloth@9 minecraft:wool, 1xtile.cloth@10 minecraft:wool, 1xtile.cloth@11 minecraft:wool, 1xtile.cloth@12 minecraft:wool, 1xtile.cloth@13 minecraft:wool, 1xtile.cloth@14 minecraft:wool, 1xtile.cloth@15 minecraft:wool], [1xtile.cloth@0 minecraft:wool, 1xtile.cloth@1 minecraft:wool, 1xtile.cloth@2 minecraft:wool, 1xtile.cloth@3 minecraft:wool, 1xtile.cloth@4 minecraft:wool, 1xtile.cloth@5 minecraft:wool, 1xtile.cloth@6 minecraft:wool, 1xtile.cloth@7 minecraft:wool, 1xtile.cloth@8 minecraft:wool, 1xtile.cloth@9 minecraft:wool, 1xtile.cloth@10 minecraft:wool, 1xtile.cloth@11 minecraft:wool, 1xtile.cloth@12 minecraft:wool, 1xtile.cloth@13 minecraft:wool, 1xtile.cloth@14 minecraft:wool, 1xtile.cloth@15 minecraft:wool], [1xtile.cloth@0 minecraft:wool, 1xtile.cloth@1 minecraft:wool, 1xtile.cloth@2 minecraft:wool, 1xtile.cloth@3 minecraft:wool, 1xtile.cloth@4 minecraft:wool, 1xtile.cloth@5 minecraft:wool, 1xtile.cloth@6 minecraft:wool, 1xtile.cloth@7 minecraft:wool, 1xtile.cloth@8 minecraft:wool, 1xtile.cloth@9 minecraft:wool, 1xtile.cloth@10 minecraft:wool, 1xtile.cloth@11 minecraft:wool, 1xtile.cloth@12 minecraft:wool, 1xtile.cloth@13 minecraft:wool, 1xtile.cloth@14 minecraft:wool, 1xtile.cloth@15 minecraft:wool], [1xtile.cloth@0 minecraft:wool, 1xtile.cloth@1 minecraft:wool, 1xtile.cloth@2 minecraft:wool, 1xtile.cloth@3 minecraft:wool, 1xtile.cloth@4 minecraft:wool, 1xtile.cloth@5 minecraft:wool, 1xtile.cloth@6 minecraft:wool, 1xtile.cloth@7 minecraft:wool, 1xtile.cloth@8 minecraft:wool, 1xtile.cloth@9 minecraft:wool, 1xtile.cloth@10 minecraft:wool, 1xtile.cloth@11 minecraft:wool, 1xtile.cloth@12 minecraft:wool, 1xtile.cloth@13 minecraft:wool, 1xtile.cloth@14 minecraft:wool, 1xtile.cloth@15 minecraft:wool], [], [1xtile.cloth@0 minecraft:wool, 1xtile.cloth@1 minecraft:wool, 1xtile.cloth@2 minecraft:wool, 1xtile.cloth@3 minecraft:wool, 1xtile.cloth@4 minecraft:wool, 1xtile.cloth@5 minecraft:wool, 1xtile.cloth@6 minecraft:wool, 1xtile.cloth@7 minecraft:wool, 1xtile.cloth@8 minecraft:wool, 1xtile.cloth@9 minecraft:wool, 1xtile.cloth@10 minecraft:wool, 1xtile.cloth@11 minecraft:wool, 1xtile.cloth@12 minecraft:wool, 1xtile.cloth@13 minecraft:wool, 1xtile.cloth@14 minecraft:wool, 1xtile.cloth@15 minecraft:wool]]
[22:25:09] [Client thread/ERROR]: Recipe has too many inputs. Varied Commodities variedcommodities:banner_0 class net.minecraft.item.crafting.ShapedRecipes
Outputs:
net.minecraft.item.ItemStack: [[1xtile.banner@0 variedcommodities:banner]]
Inputs:
net.minecraft.item.ItemStack: [[], [1xtile.wall_banner@0 variedcommodities:wall_banner], [], [], [1xtile.wood@0 minecraft:planks, 1xtile.wood@1 minecraft:planks, 1xtile.wood@2 minecraft:planks, 1xtile.wood@3 minecraft:planks, 1xtile.wood@4 minecraft:planks, 1xtile.wood@5 minecraft:planks], [], [], [1xtile.wood@0 minecraft:planks, 1xtile.wood@1 minecraft:planks, 1xtile.wood@2 minecraft:planks, 1xtile.wood@3 minecraft:planks, 1xtile.wood@4 minecraft:planks, 1xtile.wood@5 minecraft:planks], [], [1xtile.wood@0 minecraft:planks, 1xtile.wood@1 minecraft:planks, 1xtile.wood@2 minecraft:planks, 1xtile.wood@3 minecraft:planks, 1xtile.wood@4 minecraft:planks, 1xtile.wood@5 minecraft:planks], [1xtile.wood@0 minecraft:planks, 1xtile.wood@1 minecraft:planks, 1xtile.wood@2 minecraft:planks, 1xtile.wood@3 minecraft:planks, 1xtile.wood@4 minecraft:planks, 1xtile.wood@5 minecraft:planks], [1xtile.wood@0 minecraft:planks, 1xtile.wood@1 minecraft:planks, 1xtile.wood@2 minecraft:planks, 1xtile.wood@3 minecraft:planks, 1xtile.wood@4 minecraft:planks, 1xtile.wood@5 minecraft:planks]]
[22:25:09] [Client thread/ERROR]: Recipe has too many inputs. Varied Commodities variedcommodities:banner_1 class net.minecraft.item.crafting.ShapedRecipes
Outputs:
net.minecraft.item.ItemStack: [[1xtile.banner@1 variedcommodities:banner]]
Inputs:
net.minecraft.item.ItemStack: [[], [1xtile.wall_banner@1 variedcommodities:wall_banner], [], [], [1xtile.stone@0 minecraft:stone, 1xtile.stone@1 minecraft:stone, 1xtile.stone@2 minecraft:stone, 1xtile.stone@3 minecraft:stone, 1xtile.stone@4 minecraft:stone, 1xtile.stone@5 minecraft:stone, 1xtile.stone@6 minecraft:stone], [], [], [1xtile.stone@0 minecraft:stone, 1xtile.stone@1 minecraft:stone, 1xtile.stone@2 minecraft:stone, 1xtile.stone@3 minecraft:stone, 1xtile.stone@4 minecraft:stone, 1xtile.stone@5 minecraft:stone, 1xtile.stone@6 minecraft:stone], [], [1xtile.stone@0 minecraft:stone, 1xtile.stone@1 minecraft:stone, 1xtile.stone@2 minecraft:stone, 1xtile.stone@3 minecraft:stone, 1xtile.stone@4 minecraft:stone, 1xtile.stone@5 minecraft:stone, 1xtile.stone@6 minecraft:stone], [1xtile.stone@0 minecraft:stone, 1xtile.stone@1 minecraft:stone, 1xtile.stone@2 minecraft:stone, 1xtile.stone@3 minecraft:stone, 1xtile.stone@4 minecraft:stone, 1xtile.stone@5 minecraft:stone, 1xtile.stone@6 minecraft:stone], [1xtile.stone@0 minecraft:stone, 1xtile.stone@1 minecraft:stone, 1xtile.stone@2 minecraft:stone, 1xtile.stone@3 minecraft:stone, 1xtile.stone@4 minecraft:stone, 1xtile.stone@5 minecraft:stone, 1xtile.stone@6 minecraft:stone]]
[22:25:09] [Client thread/ERROR]: Recipe has too many inputs. Varied Commodities variedcommodities:banner_2 class net.minecraft.item.crafting.ShapedRecipes
Outputs:
net.minecraft.item.ItemStack: [[1xtile.banner@2 variedcommodities:banner]]
Inputs:
net.minecraft.item.ItemStack: [[], [1xtile.wall_banner@2 variedcommodities:wall_banner], [], [], [1xitem.ingotIron@0 minecraft:iron_ingot], [], [], [1xitem.ingotIron@0 minecraft:iron_ingot], [], [1xitem.ingotIron@0 minecraft:iron_ingot], [1xitem.ingotIron@0 minecraft:iron_ingot], [1xitem.ingotIron@0 minecraft:iron_ingot]]
[22:25:09] [Client thread/ERROR]: Recipe has too many inputs. Varied Commodities variedcommodities:banner_3 class net.minecraft.item.crafting.ShapedRecipes
Outputs:
net.minecraft.item.ItemStack: [[1xtile.banner@3 variedcommodities:banner]]
Inputs:
net.minecraft.item.ItemStack: [[], [1xtile.wall_banner@3 variedcommodities:wall_banner], [], [], [1xitem.ingotGold@0 minecraft:gold_ingot], [], [], [1xitem.ingotGold@0 minecraft:gold_ingot], [], [1xitem.ingotGold@0 minecraft:gold_ingot], [1xitem.ingotGold@0 minecraft:gold_ingot], [1xitem.ingotGold@0 minecraft:gold_ingot]]
[22:25:09] [Client thread/ERROR]: Recipe has too many inputs. Varied Commodities variedcommodities:banner_4 class net.minecraft.item.crafting.ShapedRecipes
Outputs:
net.minecraft.item.ItemStack: [[1xtile.banner@4 variedcommodities:banner]]
Inputs:
net.minecraft.item.ItemStack: [[], [1xtile.wall_banner@4 variedcommodities:wall_banner], [], [], [1xitem.diamond@0 minecraft:diamond], [], [], [1xitem.diamond@0 minecraft:diamond], [], [1xitem.diamond@0 minecraft:diamond], [1xitem.diamond@0 minecraft:diamond], [1xitem.diamond@0 minecraft:diamond]]
[22:25:09] [Client thread/ERROR]: Recipe has too many inputs. Varied Commodities variedcommodities:tall_lamp_3 class net.minecraft.item.crafting.ShapedRecipes
Outputs:
net.minecraft.item.ItemStack: [[1xtile.tall_lamp@3 variedcommodities:tall_lamp]]
Inputs:
net.minecraft.item.ItemStack: [[1xtile.cloth@0 minecraft:wool, 1xtile.cloth@1 minecraft:wool, 1xtile.cloth@2 minecraft:wool, 1xtile.cloth@3 minecraft:wool, 1xtile.cloth@4 minecraft:wool, 1xtile.cloth@5 minecraft:wool, 1xtile.cloth@6 minecraft:wool, 1xtile.cloth@7 minecraft:wool, 1xtile.cloth@8 minecraft:wool, 1xtile.cloth@9 minecraft:wool, 1xtile.cloth@10 minecraft:wool, 1xtile.cloth@11 minecraft:wool, 1xtile.cloth@12 minecraft:wool, 1xtile.cloth@13 minecraft:wool, 1xtile.cloth@14 minecraft:wool, 1xtile.cloth@15 minecraft:wool], [1xtile.torch@0 minecraft:torch], [1xtile.cloth@0 minecraft:wool, 1xtile.cloth@1 minecraft:wool, 1xtile.cloth@2 minecraft:wool, 1xtile.cloth@3 minecraft:wool, 1xtile.cloth@4 minecraft:wool, 1xtile.cloth@5 minecraft:wool, 1xtile.cloth@6 minecraft:wool, 1xtile.cloth@7 minecraft:wool, 1xtile.cloth@8 minecraft:wool, 1xtile.cloth@9 minecraft:wool, 1xtile.cloth@10 minecraft:wool, 1xtile.cloth@11 minecraft:wool, 1xtile.cloth@12 minecraft:wool, 1xtile.cloth@13 minecraft:wool, 1xtile.cloth@14 minecraft:wool, 1xtile.cloth@15 minecraft:wool], [], [1xitem.ingotGold@0 minecraft:gold_ingot], [], [], [1xitem.ingotGold@0 minecraft:gold_ingot], [], [1xitem.ingotGold@0 minecraft:gold_ingot], [1xitem.ingotGold@0 minecraft:gold_ingot], [1xitem.ingotGold@0 minecraft:gold_ingot]]
[22:25:09] [Client thread/ERROR]: Recipe has too many inputs. Varied Commodities variedcommodities:tall_lamp_2 class net.minecraft.item.crafting.ShapedRecipes
Outputs:
net.minecraft.item.ItemStack: [[1xtile.tall_lamp@2 variedcommodities:tall_lamp]]
Inputs:
net.minecraft.item.ItemStack: [[1xtile.cloth@0 minecraft:wool, 1xtile.cloth@1 minecraft:wool, 1xtile.cloth@2 minecraft:wool, 1xtile.cloth@3 minecraft:wool, 1xtile.cloth@4 minecraft:wool, 1xtile.cloth@5 minecraft:wool, 1xtile.cloth@6 minecraft:wool, 1xtile.cloth@7 minecraft:wool, 1xtile.cloth@8 minecraft:wool, 1xtile.cloth@9 minecraft:wool, 1xtile.cloth@10 minecraft:wool, 1xtile.cloth@11 minecraft:wool, 1xtile.cloth@12 minecraft:wool, 1xtile.cloth@13 minecraft:wool, 1xtile.cloth@14 minecraft:wool, 1xtile.cloth@15 minecraft:wool], [1xtile.torch@0 minecraft:torch], [1xtile.cloth@0 minecraft:wool, 1xtile.cloth@1 minecraft:wool, 1xtile.cloth@2 minecraft:wool, 1xtile.cloth@3 minecraft:wool, 1xtile.cloth@4 minecraft:wool, 1xtile.cloth@5 minecraft:wool, 1xtile.cloth@6 minecraft:wool, 1xtile.cloth@7 minecraft:wool, 1xtile.cloth@8 minecraft:wool, 1xtile.cloth@9 minecraft:wool, 1xtile.cloth@10 minecraft:wool, 1xtile.cloth@11 minecraft:wool, 1xtile.cloth@12 minecraft:wool, 1xtile.cloth@13 minecraft:wool, 1xtile.cloth@14 minecraft:wool, 1xtile.cloth@15 minecraft:wool], [], [1xitem.ingotIron@0 minecraft:iron_ingot], [], [], [1xitem.ingotIron@0 minecraft:iron_ingot], [], [1xitem.ingotIron@0 minecraft:iron_ingot], [1xitem.ingotIron@0 minecraft:iron_ingot], [1xitem.ingotIron@0 minecraft:iron_ingot]]
[22:25:09] [Client thread/ERROR]: Recipe has too many inputs. Varied Commodities variedcommodities:tall_lamp_4 class net.minecraft.item.crafting.ShapedRecipes
Outputs:
net.minecraft.item.ItemStack: [[1xtile.tall_lamp@4 variedcommodities:tall_lamp]]
Inputs:
net.minecraft.item.ItemStack: [[1xtile.cloth@0 minecraft:wool, 1xtile.cloth@1 minecraft:wool, 1xtile.cloth@2 minecraft:wool, 1xtile.cloth@3 minecraft:wool, 1xtile.cloth@4 minecraft:wool, 1xtile.cloth@5 minecraft:wool, 1xtile.cloth@6 minecraft:wool, 1xtile.cloth@7 minecraft:wool, 1xtile.cloth@8 minecraft:wool, 1xtile.cloth@9 minecraft:wool, 1xtile.cloth@10 minecraft:wool, 1xtile.cloth@11 minecraft:wool, 1xtile.cloth@12 minecraft:wool, 1xtile.cloth@13 minecraft:wool, 1xtile.cloth@14 minecraft:wool, 1xtile.cloth@15 minecraft:wool], [1xtile.torch@0 minecraft:torch], [1xtile.cloth@0 minecraft:wool, 1xtile.cloth@1 minecraft:wool, 1xtile.cloth@2 minecraft:wool, 1xtile.cloth@3 minecraft:wool, 1xtile.cloth@4 minecraft:wool, 1xtile.cloth@5 minecraft:wool, 1xtile.cloth@6 minecraft:wool, 1xtile.cloth@7 minecraft:wool, 1xtile.cloth@8 minecraft:wool, 1xtile.cloth@9 minecraft:wool, 1xtile.cloth@10 minecraft:wool, 1xtile.cloth@11 minecraft:wool, 1xtile.cloth@12 minecraft:wool, 1xtile.cloth@13 minecraft:wool, 1xtile.cloth@14 minecraft:wool, 1xtile.cloth@15 minecraft:wool], [], [1xitem.diamond@0 minecraft:diamond], [], [], [1xitem.diamond@0 minecraft:diamond], [], [1xitem.diamond@0 minecraft:diamond], [1xitem.diamond@0 minecraft:diamond], [1xitem.diamond@0 minecraft:diamond]]
[22:25:09] [Client thread/ERROR]: Recipe has too many inputs. Varied Commodities variedcommodities:tall_lamp_0 class net.minecraft.item.crafting.ShapedRecipes
Outputs:
net.minecraft.item.ItemStack: [[1xtile.tall_lamp@0 variedcommodities:tall_lamp]]
Inputs:
net.minecraft.item.ItemStack: [[1xtile.cloth@0 minecraft:wool, 1xtile.cloth@1 minecraft:wool, 1xtile.cloth@2 minecraft:wool, 1xtile.cloth@3 minecraft:wool, 1xtile.cloth@4 minecraft:wool, 1xtile.cloth@5 minecraft:wool, 1xtile.cloth@6 minecraft:wool, 1xtile.cloth@7 minecraft:wool, 1xtile.cloth@8 minecraft:wool, 1xtile.cloth@9 minecraft:wool, 1xtile.cloth@10 minecraft:wool, 1xtile.cloth@11 minecraft:wool, 1xtile.cloth@12 minecraft:wool, 1xtile.cloth@13 minecraft:wool, 1xtile.cloth@14 minecraft:wool, 1xtile.cloth@15 minecraft:wool], [1xtile.torch@0 minecraft:torch], [1xtile.cloth@0 minecraft:wool, 1xtile.cloth@1 minecraft:wool, 1xtile.cloth@2 minecraft:wool, 1xtile.cloth@3 minecraft:wool, 1xtile.cloth@4 minecraft:wool, 1xtile.cloth@5 minecraft:wool, 1xtile.cloth@6 minecraft:wool, 1xtile.cloth@7 minecraft:wool, 1xtile.cloth@8 minecraft:wool, 1xtile.cloth@9 minecraft:wool, 1xtile.cloth@10 minecraft:wool, 1xtile.cloth@11 minecraft:wool, 1xtile.cloth@12 minecraft:wool, 1xtile.cloth@13 minecraft:wool, 1xtile.cloth@14 minecraft:wool, 1xtile.cloth@15 minecraft:wool], [], [1xtile.wood@0 minecraft:planks, 1xtile.wood@1 minecraft:planks, 1xtile.wood@2 minecraft:planks, 1xtile.wood@3 minecraft:planks, 1xtile.wood@4 minecraft:planks, 1xtile.wood@5 minecraft:planks], [], [], [1xtile.wood@0 minecraft:planks, 1xtile.wood@1 minecraft:planks, 1xtile.wood@2 minecraft:planks, 1xtile.wood@3 minecraft:planks, 1xtile.wood@4 minecraft:planks, 1xtile.wood@5 minecraft:planks], [], [1xtile.wood@0 minecraft:planks, 1xtile.wood@1 minecraft:planks, 1xtile.wood@2 minecraft:planks, 1xtile.wood@3 minecraft:planks, 1xtile.wood@4 minecraft:planks, 1xtile.wood@5 minecraft:planks], [1xtile.wood@0 minecraft:planks, 1xtile.wood@1 minecraft:planks, 1xtile.wood@2 minecraft:planks, 1xtile.wood@3 minecraft:planks, 1xtile.wood@4 minecraft:planks, 1xtile.wood@5 minecraft:planks], [1xtile.wood@0 minecraft:planks, 1xtile.wood@1 minecraft:planks, 1xtile.wood@2 minecraft:planks, 1xtile.wood@3 minecraft:planks, 1xtile.wood@4 minecraft:planks, 1xtile.wood@5 minecraft:planks]]
[22:25:09] [Client thread/ERROR]: Recipe has too many inputs. Varied Commodities variedcommodities:tall_lamp_1 class net.minecraft.item.crafting.ShapedRecipes
Outputs:
net.minecraft.item.ItemStack: [[1xtile.tall_lamp@1 variedcommodities:tall_lamp]]
Inputs:
net.minecraft.item.ItemStack: [[1xtile.cloth@0 minecraft:wool, 1xtile.cloth@1 minecraft:wool, 1xtile.cloth@2 minecraft:wool, 1xtile.cloth@3 minecraft:wool, 1xtile.cloth@4 minecraft:wool, 1xtile.cloth@5 minecraft:wool, 1xtile.cloth@6 minecraft:wool, 1xtile.cloth@7 minecraft:wool, 1xtile.cloth@8 minecraft:wool, 1xtile.cloth@9 minecraft:wool, 1xtile.cloth@10 minecraft:wool, 1xtile.cloth@11 minecraft:wool, 1xtile.cloth@12 minecraft:wool, 1xtile.cloth@13 minecraft:wool, 1xtile.cloth@14 minecraft:wool, 1xtile.cloth@15 minecraft:wool], [1xtile.torch@0 minecraft:torch], [1xtile.cloth@0 minecraft:wool, 1xtile.cloth@1 minecraft:wool, 1xtile.cloth@2 minecraft:wool, 1xtile.cloth@3 minecraft:wool, 1xtile.cloth@4 minecraft:wool, 1xtile.cloth@5 minecraft:wool, 1xtile.cloth@6 minecraft:wool, 1xtile.cloth@7 minecraft:wool, 1xtile.cloth@8 minecraft:wool, 1xtile.cloth@9 minecraft:wool, 1xtile.cloth@10 minecraft:wool, 1xtile.cloth@11 minecraft:wool, 1xtile.cloth@12 minecraft:wool, 1xtile.cloth@13 minecraft:wool, 1xtile.cloth@14 minecraft:wool, 1xtile.cloth@15 minecraft:wool], [], [1xtile.stone@0 minecraft:stone, 1xtile.stone@1 minecraft:stone, 1xtile.stone@2 minecraft:stone, 1xtile.stone@3 minecraft:stone, 1xtile.stone@4 minecraft:stone, 1xtile.stone@5 minecraft:stone, 1xtile.stone@6 minecraft:stone], [], [], [1xtile.stone@0 minecraft:stone, 1xtile.stone@1 minecraft:stone, 1xtile.stone@2 minecraft:stone, 1xtile.stone@3 minecraft:stone, 1xtile.stone@4 minecraft:stone, 1xtile.stone@5 minecraft:stone, 1xtile.stone@6 minecraft:stone], [], [1xtile.stone@0 minecraft:stone, 1xtile.stone@1 minecraft:stone, 1xtile.stone@2 minecraft:stone, 1xtile.stone@3 minecraft:stone, 1xtile.stone@4 minecraft:stone, 1xtile.stone@5 minecraft:stone, 1xtile.stone@6 minecraft:stone], [1xtile.stone@0 minecraft:stone, 1xtile.stone@1 minecraft:stone, 1xtile.stone@2 minecraft:stone, 1xtile.stone@3 minecraft:stone, 1xtile.stone@4 minecraft:stone, 1xtile.stone@5 minecraft:stone, 1xtile.stone@6 minecraft:stone], [1xtile.stone@0 minecraft:stone, 1xtile.stone@1 minecraft:stone, 1xtile.stone@2 minecraft:stone, 1xtile.stone@3 minecraft:stone, 1xtile.stone@4 minecraft:stone, 1xtile.stone@5 minecraft:stone, 1xtile.stone@6 minecraft:stone]]
[22:25:09] [Client thread/ERROR]: Recipe has too many inputs. Varied Commodities variedcommodities:chair_0 class net.minecraft.item.crafting.ShapedRecipes
Outputs:
net.minecraft.item.ItemStack: [[1xtile.chair@0 variedcommodities:chair]]
Inputs:
net.minecraft.item.ItemStack: [[], [], [1xtile.wood@0 minecraft:planks], [], [], [1xtile.wood@0 minecraft:planks], [1xtile.wood@0 minecraft:planks], [1xtile.wood@0 minecraft:planks], [1xtile.wood@0 minecraft:planks], [1xtile.wood@0 minecraft:planks], [], [1xtile.wood@0 minecraft:planks]]
[22:25:09] [Client thread/ERROR]: Recipe has too many inputs. Varied Commodities variedcommodities:chair_1 class net.minecraft.item.crafting.ShapedRecipes
Outputs:
net.minecraft.item.ItemStack: [[1xtile.chair@1 variedcommodities:chair]]
Inputs:
net.minecraft.item.ItemStack: [[], [], [1xtile.wood@1 minecraft:planks], [], [], [1xtile.wood@1 minecraft:planks], [1xtile.wood@1 minecraft:planks], [1xtile.wood@1 minecraft:planks], [1xtile.wood@1 minecraft:planks], [1xtile.wood@1 minecraft:planks], [], [1xtile.wood@1 minecraft:planks]]
[22:25:09] [Client thread/ERROR]: Recipe has too many inputs. Varied Commodities variedcommodities:chair_2 class net.minecraft.item.crafting.ShapedRecipes
Outputs:
net.minecraft.item.ItemStack: [[1xtile.chair@2 variedcommodities:chair]]
Inputs:
net.minecraft.item.ItemStack: [[], [], [1xtile.wood@2 minecraft:planks], [], [], [1xtile.wood@2 minecraft:planks], [1xtile.wood@2 minecraft:planks], [1xtile.wood@2 minecraft:planks], [1xtile.wood@2 minecraft:planks], [1xtile.wood@2 minecraft:planks], [], [1xtile.wood@2 minecraft:planks]]
[22:25:09] [Client thread/ERROR]: Recipe has too many inputs. Varied Commodities variedcommodities:chair_3 class net.minecraft.item.crafting.ShapedRecipes
Outputs:
net.minecraft.item.ItemStack: [[1xtile.chair@3 variedcommodities:chair]]
Inputs:
net.minecraft.item.ItemStack: [[], [], [1xtile.wood@3 minecraft:planks], [], [], [1xtile.wood@3 minecraft:planks], [1xtile.wood@3 minecraft:planks], [1xtile.wood@3 minecraft:planks], [1xtile.wood@3 minecraft:planks], [1xtile.wood@3 minecraft:planks], [], [1xtile.wood@3 minecraft:planks]]
[22:25:09] [Client thread/ERROR]: Recipe has too many inputs. Varied Commodities variedcommodities:chair_4 class net.minecraft.item.crafting.ShapedRecipes
Outputs:
net.minecraft.item.ItemStack: [[1xtile.chair@4 variedcommodities:chair]]
Inputs:
net.minecraft.item.ItemStack: [[], [], [1xtile.wood@4 minecraft:planks], [], [], [1xtile.wood@4 minecraft:planks], [1xtile.wood@4 minecraft:planks], [1xtile.wood@4 minecraft:planks], [1xtile.wood@4 minecraft:planks], [1xtile.wood@4 minecraft:planks], [], [1xtile.wood@4 minecraft:planks]]
[22:25:09] [Client thread/ERROR]: Recipe has too many inputs. Varied Commodities variedcommodities:chair_5 class net.minecraft.item.crafting.ShapedRecipes
Outputs:
net.minecraft.item.ItemStack: [[1xtile.chair@5 variedcommodities:chair]]
Inputs:
net.minecraft.item.ItemStack: [[], [], [1xtile.wood@5 minecraft:planks], [], [], [1xtile.wood@5 minecraft:planks], [1xtile.wood@5 minecraft:planks], [1xtile.wood@5 minecraft:planks], [1xtile.wood@5 minecraft:planks], [1xtile.wood@5 minecraft:planks], [], [1xtile.wood@5 minecraft:planks]]
[22:25:09] [Client thread/ERROR]: Recipe has too many inputs. Varied Commodities variedcommodities:crate_0 class net.minecraft.item.crafting.ShapedRecipes
Outputs:
net.minecraft.item.ItemStack: [[1xtile.crate@0 variedcommodities:crate]]
Inputs:
net.minecraft.item.ItemStack: [[1xtile.wood@0 minecraft:planks], [1xtile.wood@0 minecraft:planks], [1xtile.wood@0 minecraft:planks], [1xtile.wood@0 minecraft:planks], [1xtile.wood@0 minecraft:planks], [], [], [1xtile.wood@0 minecraft:planks], [1xtile.wood@0 minecraft:planks], [], [], [1xtile.wood@0 minecraft:planks], [1xtile.wood@0 minecraft:planks], [1xtile.wood@0 minecraft:planks], [1xtile.wood@0 minecraft:planks], [1xtile.wood@0 minecraft:planks]]
[22:25:09] [Client thread/ERROR]: Recipe has too many inputs. Varied Commodities variedcommodities:crate_1 class net.minecraft.item.crafting.ShapedRecipes
Outputs:
net.minecraft.item.ItemStack: [[1xtile.crate@1 variedcommodities:crate]]
Inputs:
net.minecraft.item.ItemStack: [[1xtile.wood@1 minecraft:planks], [1xtile.wood@1 minecraft:planks], [1xtile.wood@1 minecraft:planks], [1xtile.wood@1 minecraft:planks], [1xtile.wood@1 minecraft:planks], [], [], [1xtile.wood@1 minecraft:planks], [1xtile.wood@1 minecraft:planks], [], [], [1xtile.wood@1 minecraft:planks], [1xtile.wood@1 minecraft:planks], [1xtile.wood@1 minecraft:planks], [1xtile.wood@1 minecraft:planks], [1xtile.wood@1 minecraft:planks]]
[22:25:09] [Client thread/ERROR]: Recipe has too many inputs. Varied Commodities variedcommodities:crate_2 class net.minecraft.item.crafting.ShapedRecipes
Outputs:
net.minecraft.item.ItemStack: [[1xtile.crate@2 variedcommodities:crate]]
Inputs:
net.minecraft.item.ItemStack: [[1xtile.wood@2 minecraft:planks], [1xtile.wood@2 minecraft:planks], [1xtile.wood@2 minecraft:planks], [1xtile.wood@2 minecraft:planks], [1xtile.wood@2 minecraft:planks], [], [], [1xtile.wood@2 minecraft:planks], [1xtile.wood@2 minecraft:planks], [], [], [1xtile.wood@2 minecraft:planks], [1xtile.wood@2 minecraft:planks], [1xtile.wood@2 minecraft:planks], [1xtile.wood@2 minecraft:planks], [1xtile.wood@2 minecraft:planks]]
[22:25:09] [Client thread/ERROR]: Recipe has too many inputs. Varied Commodities variedcommodities:crate_3 class net.minecraft.item.crafting.ShapedRecipes
Outputs:
net.minecraft.item.ItemStack: [[1xtile.crate@3 variedcommodities:crate]]
Inputs:
net.minecraft.item.ItemStack: [[1xtile.wood@3 minecraft:planks], [1xtile.wood@3 minecraft:planks], [1xtile.wood@3 minecraft:planks], [1xtile.wood@3 minecraft:planks], [1xtile.wood@3 minecraft:planks], [], [], [1xtile.wood@3 minecraft:planks], [1xtile.wood@3 minecraft:planks], [], [], [1xtile.wood@3 minecraft:planks], [1xtile.wood@3 minecraft:planks], [1xtile.wood@3 minecraft:planks], [1xtile.wood@3 minecraft:planks], [1xtile.wood@3 minecraft:planks]]
[22:25:09] [Client thread/ERROR]: Recipe has too many inputs. Varied Commodities variedcommodities:crate_4 class net.minecraft.item.crafting.ShapedRecipes
Outputs:
net.minecraft.item.ItemStack: [[1xtile.crate@4 variedcommodities:crate]]
Inputs:
net.minecraft.item.ItemStack: [[1xtile.wood@4 minecraft:planks], [1xtile.wood@4 minecraft:planks], [1xtile.wood@4 minecraft:planks], [1xtile.wood@4 minecraft:planks], [1xtile.wood@4 minecraft:planks], [], [], [1xtile.wood@4 minecraft:planks], [1xtile.wood@4 minecraft:planks], [], [], [1xtile.wood@4 minecraft:planks], [1xtile.wood@4 minecraft:planks], [1xtile.wood@4 minecraft:planks], [1xtile.wood@4 minecraft:planks], [1xtile.wood@4 minecraft:planks]]
[22:25:09] [Client thread/ERROR]: Recipe has too many inputs. Varied Commodities variedcommodities:crate_5 class net.minecraft.item.crafting.ShapedRecipes
Outputs:
net.minecraft.item.ItemStack: [[1xtile.crate@5 variedcommodities:crate]]
Inputs:
net.minecraft.item.ItemStack: [[1xtile.wood@5 minecraft:planks], [1xtile.wood@5 minecraft:planks], [1xtile.wood@5 minecraft:planks], [1xtile.wood@5 minecraft:planks], [1xtile.wood@5 minecraft:planks], [], [], [1xtile.wood@5 minecraft:planks], [1xtile.wood@5 minecraft:planks], [], [], [1xtile.wood@5 minecraft:planks], [1xtile.wood@5 minecraft:planks], [1xtile.wood@5 minecraft:planks], [1xtile.wood@5 minecraft:planks], [1xtile.wood@5 minecraft:planks]]
[22:25:09] [Client thread/ERROR]: Recipe has too many inputs. Varied Commodities variedcommodities:weapon_rack_0 class net.minecraft.item.crafting.ShapedRecipes
Outputs:
net.minecraft.item.ItemStack: [[1xtile.weapon_rack@0 variedcommodities:weapon_rack]]
Inputs:
net.minecraft.item.ItemStack: [[1xtile.wood@0 minecraft:planks], [1xtile.wood@0 minecraft:planks], [1xtile.wood@0 minecraft:planks], [1xtile.wood@0 minecraft:planks], [1xitem.stick@0 minecraft:stick], [1xtile.wood@0 minecraft:planks], [1xtile.wood@0 minecraft:planks], [1xitem.stick@0 minecraft:stick], [1xtile.wood@0 minecraft:planks], [1xtile.wood@0 minecraft:planks], [1xtile.wood@0 minecraft:planks], [1xtile.wood@0 minecraft:planks]]
[22:25:09] [Client thread/ERROR]: Recipe has too many inputs. Varied Commodities variedcommodities:weapon_rack_1 class net.minecraft.item.crafting.ShapedRecipes
Outputs:
net.minecraft.item.ItemStack: [[1xtile.weapon_rack@1 variedcommodities:weapon_rack]]
Inputs:
net.minecraft.item.ItemStack: [[1xtile.wood@1 minecraft:planks], [1xtile.wood@1 minecraft:planks], [1xtile.wood@1 minecraft:planks], [1xtile.wood@1 minecraft:planks], [1xitem.stick@0 minecraft:stick], [1xtile.wood@1 minecraft:planks], [1xtile.wood@1 minecraft:planks], [1xitem.stick@0 minecraft:stick], [1xtile.wood@1 minecraft:planks], [1xtile.wood@1 minecraft:planks], [1xtile.wood@1 minecraft:planks], [1xtile.wood@1 minecraft:planks]]
[22:25:09] [Client thread/ERROR]: Recipe has too many inputs. Varied Commodities variedcommodities:weapon_rack_2 class net.minecraft.item.crafting.ShapedRecipes
Outputs:
net.minecraft.item.ItemStack: [[1xtile.weapon_rack@2 variedcommodities:weapon_rack]]
Inputs:
net.minecraft.item.ItemStack: [[1xtile.wood@2 minecraft:planks], [1xtile.wood@2 minecraft:planks], [1xtile.wood@2 minecraft:planks], [1xtile.wood@2 minecraft:planks], [1xitem.stick@0 minecraft:stick], [1xtile.wood@2 minecraft:planks], [1xtile.wood@2 minecraft:planks], [1xitem.stick@0 minecraft:stick], [1xtile.wood@2 minecraft:planks], [1xtile.wood@2 minecraft:planks], [1xtile.wood@2 minecraft:planks], [1xtile.wood@2 minecraft:planks]]
[22:25:09] [Client thread/ERROR]: Recipe has too many inputs. Varied Commodities variedcommodities:weapon_rack_3 class net.minecraft.item.crafting.ShapedRecipes
Outputs:
net.minecraft.item.ItemStack: [[1xtile.weapon_rack@3 variedcommodities:weapon_rack]]
Inputs:
net.minecraft.item.ItemStack: [[1xtile.wood@3 minecraft:planks], [1xtile.wood@3 minecraft:planks], [1xtile.wood@3 minecraft:planks], [1xtile.wood@3 minecraft:planks], [1xitem.stick@0 minecraft:stick], [1xtile.wood@3 minecraft:planks], [1xtile.wood@3 minecraft:planks], [1xitem.stick@0 minecraft:stick], [1xtile.wood@3 minecraft:planks], [1xtile.wood@3 minecraft:planks], [1xtile.wood@3 minecraft:planks], [1xtile.wood@3 minecraft:planks]]
[22:25:09] [Client thread/ERROR]: Recipe has too many inputs. Varied Commodities variedcommodities:weapon_rack_4 class net.minecraft.item.crafting.ShapedRecipes
Outputs:
net.minecraft.item.ItemStack: [[1xtile.weapon_rack@4 variedcommodities:weapon_rack]]
Inputs:
net.minecraft.item.ItemStack: [[1xtile.wood@4 minecraft:planks], [1xtile.wood@4 minecraft:planks], [1xtile.wood@4 minecraft:planks], [1xtile.wood@4 minecraft:planks], [1xitem.stick@0 minecraft:stick], [1xtile.wood@4 minecraft:planks], [1xtile.wood@4 minecraft:planks], [1xitem.stick@0 minecraft:stick], [1xtile.wood@4 minecraft:planks], [1xtile.wood@4 minecraft:planks], [1xtile.wood@4 minecraft:planks], [1xtile.wood@4 minecraft:planks]]
[22:25:09] [Client thread/ERROR]: Recipe has too many inputs. Varied Commodities variedcommodities:weapon_rack_5 class net.minecraft.item.crafting.ShapedRecipes
Outputs:
net.minecraft.item.ItemStack: [[1xtile.weapon_rack@5 variedcommodities:weapon_rack]]
Inputs:
net.minecraft.item.ItemStack: [[1xtile.wood@5 minecraft:planks], [1xtile.wood@5 minecraft:planks], [1xtile.wood@5 minecraft:planks], [1xtile.wood@5 minecraft:planks], [1xitem.stick@0 minecraft:stick], [1xtile.wood@5 minecraft:planks], [1xtile.wood@5 minecraft:planks], [1xitem.stick@0 minecraft:stick], [1xtile.wood@5 minecraft:planks], [1xtile.wood@5 minecraft:planks], [1xtile.wood@5 minecraft:planks], [1xtile.wood@5 minecraft:planks]]
[22:25:09] [Client thread/ERROR]: Recipe has too many inputs. Varied Commodities variedcommodities:couch_wood_0 class net.minecraft.item.crafting.ShapedRecipes
Outputs:
net.minecraft.item.ItemStack: [[1xtile.couch_wood@0 variedcommodities:couch_wood]]
Inputs:
net.minecraft.item.ItemStack: [[], [], [], [1xtile.wood@0 minecraft:planks], [], [], [], [1xtile.wood@0 minecraft:planks], [1xtile.wood@0 minecraft:planks], [1xtile.wood@0 minecraft:planks], [1xtile.wood@0 minecraft:planks], [1xtile.wood@0 minecraft:planks], [1xtile.wood@0 minecraft:planks], [], [], [1xtile.wood@0 minecraft:planks]]
[22:25:09] [Client thread/ERROR]: Recipe has too many inputs. Varied Commodities variedcommodities:couch_wood_1 class net.minecraft.item.crafting.ShapedRecipes
Outputs:
net.minecraft.item.ItemStack: [[1xtile.couch_wood@1 variedcommodities:couch_wood]]
Inputs:
net.minecraft.item.ItemStack: [[], [], [], [1xtile.wood@1 minecraft:planks], [], [], [], [1xtile.wood@1 minecraft:planks], [1xtile.wood@1 minecraft:planks], [1xtile.wood@1 minecraft:planks], [1xtile.wood@1 minecraft:planks], [1xtile.wood@1 minecraft:planks], [1xtile.wood@1 minecraft:planks], [], [], [1xtile.wood@1 minecraft:planks]]
[22:25:09] [Client thread/ERROR]: Recipe has too many inputs. Varied Commodities variedcommodities:couch_wood_2 class net.minecraft.item.crafting.ShapedRecipes
Outputs:
net.minecraft.item.ItemStack: [[1xtile.couch_wood@2 variedcommodities:couch_wood]]
Inputs:
net.minecraft.item.ItemStack: [[], [], [], [1xtile.wood@2 minecraft:planks], [], [], [], [1xtile.wood@2 minecraft:planks], [1xtile.wood@2 minecraft:planks], [1xtile.wood@2 minecraft:planks], [1xtile.wood@2 minecraft:planks], [1xtile.wood@2 minecraft:planks], [1xtile.wood@2 minecraft:planks], [], [], [1xtile.wood@2 minecraft:planks]]
[22:25:09] [Client thread/ERROR]: Recipe has too many inputs. Varied Commodities variedcommodities:couch_wood_3 class net.minecraft.item.crafting.ShapedRecipes
Outputs:
net.minecraft.item.ItemStack: [[1xtile.couch_wood@3 variedcommodities:couch_wood]]
Inputs:
net.minecraft.item.ItemStack: [[], [], [], [1xtile.wood@3 minecraft:planks], [], [], [], [1xtile.wood@3 minecraft:planks], [1xtile.wood@3 minecraft:planks], [1xtile.wood@3 minecraft:planks], [1xtile.wood@3 minecraft:planks], [1xtile.wood@3 minecraft:planks], [1xtile.wood@3 minecraft:planks], [], [], [1xtile.wood@3 minecraft:planks]]
[22:25:09] [Client thread/ERROR]: Recipe has too many inputs. Varied Commodities variedcommodities:couch_wood_4 class net.minecraft.item.crafting.ShapedRecipes
Outputs:
net.minecraft.item.ItemStack: [[1xtile.couch_wood@4 variedcommodities:couch_wood]]
Inputs:
net.minecraft.item.ItemStack: [[], [], [], [1xtile.wood@4 minecraft:planks], [], [], [], [1xtile.wood@4 minecraft:planks], [1xtile.wood@4 minecraft:planks], [1xtile.wood@4 minecraft:planks], [1xtile.wood@4 minecraft:planks], [1xtile.wood@4 minecraft:planks], [1xtile.wood@4 minecraft:planks], [], [], [1xtile.wood@4 minecraft:planks]]
[22:25:09] [Client thread/ERROR]: Recipe has too many inputs. Varied Commodities variedcommodities:couch_wood_5 class net.minecraft.item.crafting.ShapedRecipes
Outputs:
net.minecraft.item.ItemStack: [[1xtile.couch_wood@5 variedcommodities:couch_wood]]
Inputs:
net.minecraft.item.ItemStack: [[], [], [], [1xtile.wood@5 minecraft:planks], [], [], [], [1xtile.wood@5 minecraft:planks], [1xtile.wood@5 minecraft:planks], [1xtile.wood@5 minecraft:planks], [1xtile.wood@5 minecraft:planks], [1xtile.wood@5 minecraft:planks], [1xtile.wood@5 minecraft:planks], [], [], [1xtile.wood@5 minecraft:planks]]
[22:25:09] [Client thread/ERROR]: Recipe has too many inputs. Varied Commodities variedcommodities:couch_wool_0 class net.minecraft.item.crafting.ShapedRecipes
Outputs:
net.minecraft.item.ItemStack: [[1xtile.couch_wool@0 variedcommodities:couch_wool]]
Inputs:
net.minecraft.item.ItemStack: [[], [], [1xtile.cloth@0 minecraft:wool, 1xtile.cloth@1 minecraft:wool, 1xtile.cloth@2 minecraft:wool, 1xtile.cloth@3 minecraft:wool, 1xtile.cloth@4 minecraft:wool, 1xtile.cloth@5 minecraft:wool, 1xtile.cloth@6 minecraft:wool, 1xtile.cloth@7 minecraft:wool, 1xtile.cloth@8 minecraft:wool, 1xtile.cloth@9 minecraft:wool, 1xtile.cloth@10 minecraft:wool, 1xtile.cloth@11 minecraft:wool, 1xtile.cloth@12 minecraft:wool, 1xtile.cloth@13 minecraft:wool, 1xtile.cloth@14 minecraft:wool, 1xtile.cloth@15 minecraft:wool], [1xtile.wood@0 minecraft:planks], [], [], [1xtile.cloth@0 minecraft:wool, 1xtile.cloth@1 minecraft:wool, 1xtile.cloth@2 minecraft:wool, 1xtile.cloth@3 minecraft:wool, 1xtile.cloth@4 minecraft:wool, 1xtile.cloth@5 minecraft:wool, 1xtile.cloth@6 minecraft:wool, 1xtile.cloth@7 minecraft:wool, 1xtile.cloth@8 minecraft:wool, 1xtile.cloth@9 minecraft:wool, 1xtile.cloth@10 minecraft:wool, 1xtile.cloth@11 minecraft:wool, 1xtile.cloth@12 minecraft:wool, 1xtile.cloth@13 minecraft:wool, 1xtile.cloth@14 minecraft:wool, 1xtile.cloth@15 minecraft:wool], [1xtile.wood@0 minecraft:planks], [1xtile.cloth@0 minecraft:wool, 1xtile.cloth@1 minecraft:wool, 1xtile.cloth@2 minecraft:wool, 1xtile.cloth@3 minecraft:wool, 1xtile.cloth@4 minecraft:wool, 1xtile.cloth@5 minecraft:wool, 1xtile.cloth@6 minecraft:wool, 1xtile.cloth@7 minecraft:wool, 1xtile.cloth@8 minecraft:wool, 1xtile.cloth@9 minecraft:wool, 1xtile.cloth@10 minecraft:wool, 1xtile.cloth@11 minecraft:wool, 1xtile.cloth@12 minecraft:wool, 1xtile.cloth@13 minecraft:wool, 1xtile.cloth@14 minecraft:wool, 1xtile.cloth@15 minecraft:wool], [1xtile.cloth@0 minecraft:wool, 1xtile.cloth@1 minecraft:wool, 1xtile.cloth@2 minecraft:wool, 1xtile.cloth@3 minecraft:wool, 1xtile.cloth@4 minecraft:wool, 1xtile.cloth@5 minecraft:wool, 1xtile.cloth@6 minecraft:wool, 1xtile.cloth@7 minecraft:wool, 1xtile.cloth@8 minecraft:wool, 1xtile.cloth@9 minecraft:wool, 1xtile.cloth@10 minecraft:wool, 1xtile.cloth@11 minecraft:wool, 1xtile.cloth@12 minecraft:wool, 1xtile.cloth@13 minecraft:wool, 1xtile.cloth@14 minecraft:wool, 1xtile.cloth@15 minecraft:wool], [1xtile.cloth@0 minecraft:wool, 1xtile.cloth@1 minecraft:wool, 1xtile.cloth@2 minecraft:wool, 1xtile.cloth@3 minecraft:wool, 1xtile.cloth@4 minecraft:wool, 1xtile.cloth@5 minecraft:wool, 1xtile.cloth@6 minecraft:wool, 1xtile.cloth@7 minecraft:wool, 1xtile.cloth@8 minecraft:wool, 1xtile.cloth@9 minecraft:wool, 1xtile.cloth@10 minecraft:wool, 1xtile.cloth@11 minecraft:wool, 1xtile.cloth@12 minecraft:wool, 1xtile.cloth@13 minecraft:wool, 1xtile.cloth@14 minecraft:wool, 1xtile.cloth@15 minecraft:wool], [1xtile.wood@0 minecraft:planks], [1xtile.wood@0 minecraft:planks], [1xtile.wood@0 minecraft:planks], [1xtile.wood@0 minecraft:planks], [1xtile.wood@0 minecraft:planks]]
[22:25:09] [Client thread/ERROR]: Recipe has too many inputs. Varied Commodities variedcommodities:couch_wool_1 class net.minecraft.item.crafting.ShapedRecipes
Outputs:
net.minecraft.item.ItemStack: [[1xtile.couch_wool@1 variedcommodities:couch_wool]]
Inputs:
net.minecraft.item.ItemStack: [[], [], [1xtile.cloth@0 minecraft:wool, 1xtile.cloth@1 minecraft:wool, 1xtile.cloth@2 minecraft:wool, 1xtile.cloth@3 minecraft:wool, 1xtile.cloth@4 minecraft:wool, 1xtile.cloth@5 minecraft:wool, 1xtile.cloth@6 minecraft:wool, 1xtile.cloth@7 minecraft:wool, 1xtile.cloth@8 minecraft:wool, 1xtile.cloth@9 minecraft:wool, 1xtile.cloth@10 minecraft:wool, 1xtile.cloth@11 minecraft:wool, 1xtile.cloth@12 minecraft:wool, 1xtile.cloth@13 minecraft:wool, 1xtile.cloth@14 minecraft:wool, 1xtile.cloth@15 minecraft:wool], [1xtile.wood@1 minecraft:planks], [], [], [1xtile.cloth@0 minecraft:wool, 1xtile.cloth@1 minecraft:wool, 1xtile.cloth@2 minecraft:wool, 1xtile.cloth@3 minecraft:wool, 1xtile.cloth@4 minecraft:wool, 1xtile.cloth@5 minecraft:wool, 1xtile.cloth@6 minecraft:wool, 1xtile.cloth@7 minecraft:wool, 1xtile.cloth@8 minecraft:wool, 1xtile.cloth@9 minecraft:wool, 1xtile.cloth@10 minecraft:wool, 1xtile.cloth@11 minecraft:wool, 1xtile.cloth@12 minecraft:wool, 1xtile.cloth@13 minecraft:wool, 1xtile.cloth@14 minecraft:wool, 1xtile.cloth@15 minecraft:wool], [1xtile.wood@1 minecraft:planks], [1xtile.cloth@0 minecraft:wool, 1xtile.cloth@1 minecraft:wool, 1xtile.cloth@2 minecraft:wool, 1xtile.cloth@3 minecraft:wool, 1xtile.cloth@4 minecraft:wool, 1xtile.cloth@5 minecraft:wool, 1xtile.cloth@6 minecraft:wool, 1xtile.cloth@7 minecraft:wool, 1xtile.cloth@8 minecraft:wool, 1xtile.cloth@9 minecraft:wool, 1xtile.cloth@10 minecraft:wool, 1xtile.cloth@11 minecraft:wool, 1xtile.cloth@12 minecraft:wool, 1xtile.cloth@13 minecraft:wool, 1xtile.cloth@14 minecraft:wool, 1xtile.cloth@15 minecraft:wool], [1xtile.cloth@0 minecraft:wool, 1xtile.cloth@1 minecraft:wool, 1xtile.cloth@2 minecraft:wool, 1xtile.cloth@3 minecraft:wool, 1xtile.cloth@4 minecraft:wool, 1xtile.cloth@5 minecraft:wool, 1xtile.cloth@6 minecraft:wool, 1xtile.cloth@7 minecraft:wool, 1xtile.cloth@8 minecraft:wool, 1xtile.cloth@9 minecraft:wool, 1xtile.cloth@10 minecraft:wool, 1xtile.cloth@11 minecraft:wool, 1xtile.cloth@12 minecraft:wool, 1xtile.cloth@13 minecraft:wool, 1xtile.cloth@14 minecraft:wool, 1xtile.cloth@15 minecraft:wool], [1xtile.cloth@0 minecraft:wool, 1xtile.cloth@1 minecraft:wool, 1xtile.cloth@2 minecraft:wool, 1xtile.cloth@3 minecraft:wool, 1xtile.cloth@4 minecraft:wool, 1xtile.cloth@5 minecraft:wool, 1xtile.cloth@6 minecraft:wool, 1xtile.cloth@7 minecraft:wool, 1xtile.cloth@8 minecraft:wool, 1xtile.cloth@9 minecraft:wool, 1xtile.cloth@10 minecraft:wool, 1xtile.cloth@11 minecraft:wool, 1xtile.cloth@12 minecraft:wool, 1xtile.cloth@13 minecraft:wool, 1xtile.cloth@14 minecraft:wool, 1xtile.cloth@15 minecraft:wool], [1xtile.wood@1 minecraft:planks], [1xtile.wood@1 minecraft:planks], [1xtile.wood@1 minecraft:planks], [1xtile.wood@1 minecraft:planks], [1xtile.wood@1 minecraft:planks]]
[22:25:09] [Client thread/ERROR]: Recipe has too many inputs. Varied Commodities variedcommodities:couch_wool_2 class net.minecraft.item.crafting.ShapedRecipes
Outputs:
net.minecraft.item.ItemStack: [[1xtile.couch_wool@2 variedcommodities:couch_wool]]
Inputs:
net.minecraft.item.ItemStack: [[], [], [1xtile.cloth@0 minecraft:wool, 1xtile.cloth@1 minecraft:wool, 1xtile.cloth@2 minecraft:wool, 1xtile.cloth@3 minecraft:wool, 1xtile.cloth@4 minecraft:wool, 1xtile.cloth@5 minecraft:wool, 1xtile.cloth@6 minecraft:wool, 1xtile.cloth@7 minecraft:wool, 1xtile.cloth@8 minecraft:wool, 1xtile.cloth@9 minecraft:wool, 1xtile.cloth@10 minecraft:wool, 1xtile.cloth@11 minecraft:wool, 1xtile.cloth@12 minecraft:wool, 1xtile.cloth@13 minecraft:wool, 1xtile.cloth@14 minecraft:wool, 1xtile.cloth@15 minecraft:wool], [1xtile.wood@2 minecraft:planks], [], [], [1xtile.cloth@0 minecraft:wool, 1xtile.cloth@1 minecraft:wool, 1xtile.cloth@2 minecraft:wool, 1xtile.cloth@3 minecraft:wool, 1xtile.cloth@4 minecraft:wool, 1xtile.cloth@5 minecraft:wool, 1xtile.cloth@6 minecraft:wool, 1xtile.cloth@7 minecraft:wool, 1xtile.cloth@8 minecraft:wool, 1xtile.cloth@9 minecraft:wool, 1xtile.cloth@10 minecraft:wool, 1xtile.cloth@11 minecraft:wool, 1xtile.cloth@12 minecraft:wool, 1xtile.cloth@13 minecraft:wool, 1xtile.cloth@14 minecraft:wool, 1xtile.cloth@15 minecraft:wool], [1xtile.wood@2 minecraft:planks], [1xtile.cloth@0 minecraft:wool, 1xtile.cloth@1 minecraft:wool, 1xtile.cloth@2 minecraft:wool, 1xtile.cloth@3 minecraft:wool, 1xtile.cloth@4 minecraft:wool, 1xtile.cloth@5 minecraft:wool, 1xtile.cloth@6 minecraft:wool, 1xtile.cloth@7 minecraft:wool, 1xtile.cloth@8 minecraft:wool, 1xtile.cloth@9 minecraft:wool, 1xtile.cloth@10 minecraft:wool, 1xtile.cloth@11 minecraft:wool, 1xtile.cloth@12 minecraft:wool, 1xtile.cloth@13 minecraft:wool, 1xtile.cloth@14 minecraft:wool, 1xtile.cloth@15 minecraft:wool], [1xtile.cloth@0 minecraft:wool, 1xtile.cloth@1 minecraft:wool, 1xtile.cloth@2 minecraft:wool, 1xtile.cloth@3 minecraft:wool, 1xtile.cloth@4 minecraft:wool, 1xtile.cloth@5 minecraft:wool, 1xtile.cloth@6 minecraft:wool, 1xtile.cloth@7 minecraft:wool, 1xtile.cloth@8 minecraft:wool, 1xtile.cloth@9 minecraft:wool, 1xtile.cloth@10 minecraft:wool, 1xtile.cloth@11 minecraft:wool, 1xtile.cloth@12 minecraft:wool, 1xtile.cloth@13 minecraft:wool, 1xtile.cloth@14 minecraft:wool, 1xtile.cloth@15 minecraft:wool], [1xtile.cloth@0 minecraft:wool, 1xtile.cloth@1 minecraft:wool, 1xtile.cloth@2 minecraft:wool, 1xtile.cloth@3 minecraft:wool, 1xtile.cloth@4 minecraft:wool, 1xtile.cloth@5 minecraft:wool, 1xtile.cloth@6 minecraft:wool, 1xtile.cloth@7 minecraft:wool, 1xtile.cloth@8 minecraft:wool, 1xtile.cloth@9 minecraft:wool, 1xtile.cloth@10 minecraft:wool, 1xtile.cloth@11 minecraft:wool, 1xtile.cloth@12 minecraft:wool, 1xtile.cloth@13 minecraft:wool, 1xtile.cloth@14 minecraft:wool, 1xtile.cloth@15 minecraft:wool], [1xtile.wood@2 minecraft:planks], [1xtile.wood@2 minecraft:planks], [1xtile.wood@2 minecraft:planks], [1xtile.wood@2 minecraft:planks], [1xtile.wood@2 minecraft:planks]]
[22:25:09] [Client thread/ERROR]: Recipe has too many inputs. Varied Commodities variedcommodities:couch_wool_3 class net.minecraft.item.crafting.ShapedRecipes
Outputs:
net.minecraft.item.ItemStack: [[1xtile.couch_wool@3 variedcommodities:couch_wool]]
Inputs:
net.minecraft.item.ItemStack: [[], [], [1xtile.cloth@0 minecraft:wool, 1xtile.cloth@1 minecraft:wool, 1xtile.cloth@2 minecraft:wool, 1xtile.cloth@3 minecraft:wool, 1xtile.cloth@4 minecraft:wool, 1xtile.cloth@5 minecraft:wool, 1xtile.cloth@6 minecraft:wool, 1xtile.cloth@7 minecraft:wool, 1xtile.cloth@8 minecraft:wool, 1xtile.cloth@9 minecraft:wool, 1xtile.cloth@10 minecraft:wool, 1xtile.cloth@11 minecraft:wool, 1xtile.cloth@12 minecraft:wool, 1xtile.cloth@13 minecraft:wool, 1xtile.cloth@14 minecraft:wool, 1xtile.cloth@15 minecraft:wool], [1xtile.wood@3 minecraft:planks], [], [], [1xtile.cloth@0 minecraft:wool, 1xtile.cloth@1 minecraft:wool, 1xtile.cloth@2 minecraft:wool, 1xtile.cloth@3 minecraft:wool, 1xtile.cloth@4 minecraft:wool, 1xtile.cloth@5 minecraft:wool, 1xtile.cloth@6 minecraft:wool, 1xtile.cloth@7 minecraft:wool, 1xtile.cloth@8 minecraft:wool, 1xtile.cloth@9 minecraft:wool, 1xtile.cloth@10 minecraft:wool, 1xtile.cloth@11 minecraft:wool, 1xtile.cloth@12 minecraft:wool, 1xtile.cloth@13 minecraft:wool, 1xtile.cloth@14 minecraft:wool, 1xtile.cloth@15 minecraft:wool], [1xtile.wood@3 minecraft:planks], [1xtile.cloth@0 minecraft:wool, 1xtile.cloth@1 minecraft:wool, 1xtile.cloth@2 minecraft:wool, 1xtile.cloth@3 minecraft:wool, 1xtile.cloth@4 minecraft:wool, 1xtile.cloth@5 minecraft:wool, 1xtile.cloth@6 minecraft:wool, 1xtile.cloth@7 minecraft:wool, 1xtile.cloth@8 minecraft:wool, 1xtile.cloth@9 minecraft:wool, 1xtile.cloth@10 minecraft:wool, 1xtile.cloth@11 minecraft:wool, 1xtile.cloth@12 minecraft:wool, 1xtile.cloth@13 minecraft:wool, 1xtile.cloth@14 minecraft:wool, 1xtile.cloth@15 minecraft:wool], [1xtile.cloth@0 minecraft:wool, 1xtile.cloth@1 minecraft:wool, 1xtile.cloth@2 minecraft:wool, 1xtile.cloth@3 minecraft:wool, 1xtile.cloth@4 minecraft:wool, 1xtile.cloth@5 minecraft:wool, 1xtile.cloth@6 minecraft:wool, 1xtile.cloth@7 minecraft:wool, 1xtile.cloth@8 minecraft:wool, 1xtile.cloth@9 minecraft:wool, 1xtile.cloth@10 minecraft:wool, 1xtile.cloth@11 minecraft:wool, 1xtile.cloth@12 minecraft:wool, 1xtile.cloth@13 minecraft:wool, 1xtile.cloth@14 minecraft:wool, 1xtile.cloth@15 minecraft:wool], [1xtile.cloth@0 minecraft:wool, 1xtile.cloth@1 minecraft:wool, 1xtile.cloth@2 minecraft:wool, 1xtile.cloth@3 minecraft:wool, 1xtile.cloth@4 minecraft:wool, 1xtile.cloth@5 minecraft:wool, 1xtile.cloth@6 minecraft:wool, 1xtile.cloth@7 minecraft:wool, 1xtile.cloth@8 minecraft:wool, 1xtile.cloth@9 minecraft:wool, 1xtile.cloth@10 minecraft:wool, 1xtile.cloth@11 minecraft:wool, 1xtile.cloth@12 minecraft:wool, 1xtile.cloth@13 minecraft:wool, 1xtile.cloth@14 minecraft:wool, 1xtile.cloth@15 minecraft:wool], [1xtile.wood@3 minecraft:planks], [1xtile.wood@3 minecraft:planks], [1xtile.wood@3 minecraft:planks], [1xtile.wood@3 minecraft:planks], [1xtile.wood@3 minecraft:planks]]
[22:25:09] [Client thread/ERROR]: Recipe has too many inputs. Varied Commodities variedcommodities:couch_wool_4 class net.minecraft.item.crafting.ShapedRecipes
Outputs:
net.minecraft.item.ItemStack: [[1xtile.couch_wool@4 variedcommodities:couch_wool]]
Inputs:
net.minecraft.item.ItemStack: [[], [], [1xtile.cloth@0 minecraft:wool, 1xtile.cloth@1 minecraft:wool, 1xtile.cloth@2 minecraft:wool, 1xtile.cloth@3 minecraft:wool, 1xtile.cloth@4 minecraft:wool, 1xtile.cloth@5 minecraft:wool, 1xtile.cloth@6 minecraft:wool, 1xtile.cloth@7 minecraft:wool, 1xtile.cloth@8 minecraft:wool, 1xtile.cloth@9 minecraft:wool, 1xtile.cloth@10 minecraft:wool, 1xtile.cloth@11 minecraft:wool, 1xtile.cloth@12 minecraft:wool, 1xtile.cloth@13 minecraft:wool, 1xtile.cloth@14 minecraft:wool, 1xtile.cloth@15 minecraft:wool], [1xtile.wood@4 minecraft:planks], [], [], [1xtile.cloth@0 minecraft:wool, 1xtile.cloth@1 minecraft:wool, 1xtile.cloth@2 minecraft:wool, 1xtile.cloth@3 minecraft:wool, 1xtile.cloth@4 minecraft:wool, 1xtile.cloth@5 minecraft:wool, 1xtile.cloth@6 minecraft:wool, 1xtile.cloth@7 minecraft:wool, 1xtile.cloth@8 minecraft:wool, 1xtile.cloth@9 minecraft:wool, 1xtile.cloth@10 minecraft:wool, 1xtile.cloth@11 minecraft:wool, 1xtile.cloth@12 minecraft:wool, 1xtile.cloth@13 minecraft:wool, 1xtile.cloth@14 minecraft:wool, 1xtile.cloth@15 minecraft:wool], [1xtile.wood@4 minecraft:planks], [1xtile.cloth@0 minecraft:wool, 1xtile.cloth@1 minecraft:wool, 1xtile.cloth@2 minecraft:wool, 1xtile.cloth@3 minecraft:wool, 1xtile.cloth@4 minecraft:wool, 1xtile.cloth@5 minecraft:wool, 1xtile.cloth@6 minecraft:wool, 1xtile.cloth@7 minecraft:wool, 1xtile.cloth@8 minecraft:wool, 1xtile.cloth@9 minecraft:wool, 1xtile.cloth@10 minecraft:wool, 1xtile.cloth@11 minecraft:wool, 1xtile.cloth@12 minecraft:wool, 1xtile.cloth@13 minecraft:wool, 1xtile.cloth@14 minecraft:wool, 1xtile.cloth@15 minecraft:wool], [1xtile.cloth@0 minecraft:wool, 1xtile.cloth@1 minecraft:wool, 1xtile.cloth@2 minecraft:wool, 1xtile.cloth@3 minecraft:wool, 1xtile.cloth@4 minecraft:wool, 1xtile.cloth@5 minecraft:wool, 1xtile.cloth@6 minecraft:wool, 1xtile.cloth@7 minecraft:wool, 1xtile.cloth@8 minecraft:wool, 1xtile.cloth@9 minecraft:wool, 1xtile.cloth@10 minecraft:wool, 1xtile.cloth@11 minecraft:wool, 1xtile.cloth@12 minecraft:wool, 1xtile.cloth@13 minecraft:wool, 1xtile.cloth@14 minecraft:wool, 1xtile.cloth@15 minecraft:wool], [1xtile.cloth@0 minecraft:wool, 1xtile.cloth@1 minecraft:wool, 1xtile.cloth@2 minecraft:wool, 1xtile.cloth@3 minecraft:wool, 1xtile.cloth@4 minecraft:wool, 1xtile.cloth@5 minecraft:wool, 1xtile.cloth@6 minecraft:wool, 1xtile.cloth@7 minecraft:wool, 1xtile.cloth@8 minecraft:wool, 1xtile.cloth@9 minecraft:wool, 1xtile.cloth@10 minecraft:wool, 1xtile.cloth@11 minecraft:wool, 1xtile.cloth@12 minecraft:wool, 1xtile.cloth@13 minecraft:wool, 1xtile.cloth@14 minecraft:wool, 1xtile.cloth@15 minecraft:wool], [1xtile.wood@4 minecraft:planks], [1xtile.wood@4 minecraft:planks], [1xtile.wood@4 minecraft:planks], [1xtile.wood@4 minecraft:planks], [1xtile.wood@4 minecraft:planks]]
[22:25:09] [Client thread/ERROR]: Recipe has too many inputs. Varied Commodities variedcommodities:couch_wool_5 class net.minecraft.item.crafting.ShapedRecipes
Outputs:
net.minecraft.item.ItemStack: [[1xtile.couch_wool@5 variedcommodities:couch_wool]]
Inputs:
net.minecraft.item.ItemStack: [[], [], [1xtile.cloth@0 minecraft:wool, 1xtile.cloth@1 minecraft:wool, 1xtile.cloth@2 minecraft:wool, 1xtile.cloth@3 minecraft:wool, 1xtile.cloth@4 minecraft:wool, 1xtile.cloth@5 minecraft:wool, 1xtile.cloth@6 minecraft:wool, 1xtile.cloth@7 minecraft:wool, 1xtile.cloth@8 minecraft:wool, 1xtile.cloth@9 minecraft:wool, 1xtile.cloth@10 minecraft:wool, 1xtile.cloth@11 minecraft:wool, 1xtile.cloth@12 minecraft:wool, 1xtile.cloth@13 minecraft:wool, 1xtile.cloth@14 minecraft:wool, 1xtile.cloth@15 minecraft:wool], [1xtile.wood@5 minecraft:planks], [], [], [1xtile.cloth@0 minecraft:wool, 1xtile.cloth@1 minecraft:wool, 1xtile.cloth@2 minecraft:wool, 1xtile.cloth@3 minecraft:wool, 1xtile.cloth@4 minecraft:wool, 1xtile.cloth@5 minecraft:wool, 1xtile.cloth@6 minecraft:wool, 1xtile.cloth@7 minecraft:wool, 1xtile.cloth@8 minecraft:wool, 1xtile.cloth@9 minecraft:wool, 1xtile.cloth@10 minecraft:wool, 1xtile.cloth@11 minecraft:wool, 1xtile.cloth@12 minecraft:wool, 1xtile.cloth@13 minecraft:wool, 1xtile.cloth@14 minecraft:wool, 1xtile.cloth@15 minecraft:wool], [1xtile.wood@5 minecraft:planks], [1xtile.cloth@0 minecraft:wool, 1xtile.cloth@1 minecraft:wool, 1xtile.cloth@2 minecraft:wool, 1xtile.cloth@3 minecraft:wool, 1xtile.cloth@4 minecraft:wool, 1xtile.cloth@5 minecraft:wool, 1xtile.cloth@6 minecraft:wool, 1xtile.cloth@7 minecraft:wool, 1xtile.cloth@8 minecraft:wool, 1xtile.cloth@9 minecraft:wool, 1xtile.cloth@10 minecraft:wool, 1xtile.cloth@11 minecraft:wool, 1xtile.cloth@12 minecraft:wool, 1xtile.cloth@13 minecraft:wool, 1xtile.cloth@14 minecraft:wool, 1xtile.cloth@15 minecraft:wool], [1xtile.cloth@0 minecraft:wool, 1xtile.cloth@1 minecraft:wool, 1xtile.cloth@2 minecraft:wool, 1xtile.cloth@3 minecraft:wool, 1xtile.cloth@4 minecraft:wool, 1xtile.cloth@5 minecraft:wool, 1xtile.cloth@6 minecraft:wool, 1xtile.cloth@7 minecraft:wool, 1xtile.cloth@8 minecraft:wool, 1xtile.cloth@9 minecraft:wool, 1xtile.cloth@10 minecraft:wool, 1xtile.cloth@11 minecraft:wool, 1xtile.cloth@12 minecraft:wool, 1xtile.cloth@13 minecraft:wool, 1xtile.cloth@14 minecraft:wool, 1xtile.cloth@15 minecraft:wool], [1xtile.cloth@0 minecraft:wool, 1xtile.cloth@1 minecraft:wool, 1xtile.cloth@2 minecraft:wool, 1xtile.cloth@3 minecraft:wool, 1xtile.cloth@4 minecraft:wool, 1xtile.cloth@5 minecraft:wool, 1xtile.cloth@6 minecraft:wool, 1xtile.cloth@7 minecraft:wool, 1xtile.cloth@8 minecraft:wool, 1xtile.cloth@9 minecraft:wool, 1xtile.cloth@10 minecraft:wool, 1xtile.cloth@11 minecraft:wool, 1xtile.cloth@12 minecraft:wool, 1xtile.cloth@13 minecraft:wool, 1xtile.cloth@14 minecraft:wool, 1xtile.cloth@15 minecraft:wool], [1xtile.wood@5 minecraft:planks], [1xtile.wood@5 minecraft:planks], [1xtile.wood@5 minecraft:planks], [1xtile.wood@5 minecraft:planks], [1xtile.wood@5 minecraft:planks]]
[22:25:09] [Client thread/ERROR]: Recipe has too many inputs. Varied Commodities variedcommodities:table_0 class net.minecraft.item.crafting.ShapedRecipes
Outputs:
net.minecraft.item.ItemStack: [[1xtile.table@0 variedcommodities:table]]
Inputs:
net.minecraft.item.ItemStack: [[1xtile.wood@0 minecraft:planks], [1xtile.wood@0 minecraft:planks], [1xtile.wood@0 minecraft:planks], [1xtile.wood@0 minecraft:planks], [1xtile.wood@0 minecraft:planks], [], [], [1xtile.wood@0 minecraft:planks], [1xtile.wood@0 minecraft:planks], [], [], [1xtile.wood@0 minecraft:planks], [1xtile.wood@0 minecraft:planks], [], [], [1xtile.wood@0 minecraft:planks]]
[22:25:09] [Client thread/ERROR]: Recipe has too many inputs. Varied Commodities variedcommodities:table_1 class net.minecraft.item.crafting.ShapedRecipes
Outputs:
net.minecraft.item.ItemStack: [[1xtile.table@1 variedcommodities:table]]
Inputs:
net.minecraft.item.ItemStack: [[1xtile.wood@1 minecraft:planks], [1xtile.wood@1 minecraft:planks], [1xtile.wood@1 minecraft:planks], [1xtile.wood@1 minecraft:planks], [1xtile.wood@1 minecraft:planks], [], [], [1xtile.wood@1 minecraft:planks], [1xtile.wood@1 minecraft:planks], [], [], [1xtile.wood@1 minecraft:planks], [1xtile.wood@1 minecraft:planks], [], [], [1xtile.wood@1 minecraft:planks]]
[22:25:09] [Client thread/ERROR]: Recipe has too many inputs. Varied Commodities variedcommodities:table_2 class net.minecraft.item.crafting.ShapedRecipes
Outputs:
net.minecraft.item.ItemStack: [[1xtile.table@2 variedcommodities:table]]
Inputs:
net.minecraft.item.ItemStack: [[1xtile.wood@2 minecraft:planks], [1xtile.wood@2 minecraft:planks], [1xtile.wood@2 minecraft:planks], [1xtile.wood@2 minecraft:planks], [1xtile.wood@2 minecraft:planks], [], [], [1xtile.wood@2 minecraft:planks], [1xtile.wood@2 minecraft:planks], [], [], [1xtile.wood@2 minecraft:planks], [1xtile.wood@2 minecraft:planks], [], [], [1xtile.wood@2 minecraft:planks]]
[22:25:09] [Client thread/ERROR]: Recipe has too many inputs. Varied Commodities variedcommodities:table_3 class net.minecraft.item.crafting.ShapedRecipes
Outputs:
net.minecraft.item.ItemStack: [[1xtile.table@3 variedcommodities:table]]
Inputs:
net.minecraft.item.ItemStack: [[1xtile.wood@3 minecraft:planks], [1xtile.wood@3 minecraft:planks], [1xtile.wood@3 minecraft:planks], [1xtile.wood@3 minecraft:planks], [1xtile.wood@3 minecraft:planks], [], [], [1xtile.wood@3 minecraft:planks], [1xtile.wood@3 minecraft:planks], [], [], [1xtile.wood@3 minecraft:planks], [1xtile.wood@3 minecraft:planks], [], [], [1xtile.wood@3 minecraft:planks]]
[22:25:09] [Client thread/ERROR]: Recipe has too many inputs. Varied Commodities variedcommodities:table_4 class net.minecraft.item.crafting.ShapedRecipes
Outputs:
net.minecraft.item.ItemStack: [[1xtile.table@4 variedcommodities:table]]
Inputs:
net.minecraft.item.ItemStack: [[1xtile.wood@4 minecraft:planks], [1xtile.wood@4 minecraft:planks], [1xtile.wood@4 minecraft:planks], [1xtile.wood@4 minecraft:planks], [1xtile.wood@4 minecraft:planks], [], [], [1xtile.wood@4 minecraft:planks], [1xtile.wood@4 minecraft:planks], [], [], [1xtile.wood@4 minecraft:planks], [1xtile.wood@4 minecraft:planks], [], [], [1xtile.wood@4 minecraft:planks]]
[22:25:09] [Client thread/ERROR]: Recipe has too many inputs. Varied Commodities variedcommodities:table_5 class net.minecraft.item.crafting.ShapedRecipes
Outputs:
net.minecraft.item.ItemStack: [[1xtile.table@5 variedcommodities:table]]
Inputs:
net.minecraft.item.ItemStack: [[1xtile.wood@5 minecraft:planks], [1xtile.wood@5 minecraft:planks], [1xtile.wood@5 minecraft:planks], [1xtile.wood@5 minecraft:planks], [1xtile.wood@5 minecraft:planks], [], [], [1xtile.wood@5 minecraft:planks], [1xtile.wood@5 minecraft:planks], [], [], [1xtile.wood@5 minecraft:planks], [1xtile.wood@5 minecraft:planks], [], [], [1xtile.wood@5 minecraft:planks]]
[22:25:09] [Client thread/ERROR]: Recipe has too many inputs. Varied Commodities variedcommodities:stool_0 class net.minecraft.item.crafting.ShapedRecipes
Outputs:
net.minecraft.item.ItemStack: [[1xtile.stool@0 variedcommodities:stool]]
Inputs:
net.minecraft.item.ItemStack: [[1xtile.wood@0 minecraft:planks], [1xtile.wood@0 minecraft:planks], [1xtile.wood@0 minecraft:planks], [1xtile.wood@0 minecraft:planks], [], [1xtile.wood@0 minecraft:planks], [1xtile.wood@0 minecraft:planks], [], [1xtile.wood@0 minecraft:planks], [], [], [1xtile.wood@0 minecraft:planks]]
[22:25:09] [Client thread/ERROR]: Recipe has too many inputs. Varied Commodities variedcommodities:stool_1 class net.minecraft.item.crafting.ShapedRecipes
Outputs:
net.minecraft.item.ItemStack: [[1xtile.stool@1 variedcommodities:stool]]
Inputs:
net.minecraft.item.ItemStack: [[1xtile.wood@1 minecraft:planks], [1xtile.wood@1 minecraft:planks], [1xtile.wood@1 minecraft:planks], [1xtile.wood@1 minecraft:planks], [], [1xtile.wood@1 minecraft:planks], [1xtile.wood@1 minecraft:planks], [], [1xtile.wood@1 minecraft:planks], [], [], [1xtile.wood@1 minecraft:planks]]
[22:25:09] [Client thread/ERROR]: Recipe has too many inputs. Varied Commodities variedcommodities:stool_2 class net.minecraft.item.crafting.ShapedRecipes
Outputs:
net.minecraft.item.ItemStack: [[1xtile.stool@2 variedcommodities:stool]]
Inputs:
net.minecraft.item.ItemStack: [[1xtile.wood@2 minecraft:planks], [1xtile.wood@2 minecraft:planks], [1xtile.wood@2 minecraft:planks], [1xtile.wood@2 minecraft:planks], [], [1xtile.wood@2 minecraft:planks], [1xtile.wood@2 minecraft:planks], [], [1xtile.wood@2 minecraft:planks], [], [], [1xtile.wood@2 minecraft:planks]]
[22:25:09] [Client thread/ERROR]: Recipe has too many inputs. Varied Commodities variedcommodities:stool_3 class net.minecraft.item.crafting.ShapedRecipes
Outputs:
net.minecraft.item.ItemStack: [[1xtile.stool@3 variedcommodities:stool]]
Inputs:
net.minecraft.item.ItemStack: [[1xtile.wood@3 minecraft:planks], [1xtile.wood@3 minecraft:planks], [1xtile.wood@3 minecraft:planks], [1xtile.wood@3 minecraft:planks], [], [1xtile.wood@3 minecraft:planks], [1xtile.wood@3 minecraft:planks], [], [1xtile.wood@3 minecraft:planks], [], [], [1xtile.wood@3 minecraft:planks]]
[22:25:09] [Client thread/ERROR]: Recipe has too many inputs. Varied Commodities variedcommodities:stool_4 class net.minecraft.item.crafting.ShapedRecipes
Outputs:
net.minecraft.item.ItemStack: [[1xtile.stool@4 variedcommodities:stool]]
Inputs:
net.minecraft.item.ItemStack: [[1xtile.wood@4 minecraft:planks], [1xtile.wood@4 minecraft:planks], [1xtile.wood@4 minecraft:planks], [1xtile.wood@4 minecraft:planks], [], [1xtile.wood@4 minecraft:planks], [1xtile.wood@4 minecraft:planks], [], [1xtile.wood@4 minecraft:planks], [], [], [1xtile.wood@4 minecraft:planks]]
[22:25:09] [Client thread/ERROR]: Recipe has too many inputs. Varied Commodities variedcommodities:stool_5 class net.minecraft.item.crafting.ShapedRecipes
Outputs:
net.minecraft.item.ItemStack: [[1xtile.stool@5 variedcommodities:stool]]
Inputs:
net.minecraft.item.ItemStack: [[1xtile.wood@5 minecraft:planks], [1xtile.wood@5 minecraft:planks], [1xtile.wood@5 minecraft:planks], [1xtile.wood@5 minecraft:planks], [], [1xtile.wood@5 minecraft:planks], [1xtile.wood@5 minecraft:planks], [], [1xtile.wood@5 minecraft:planks], [], [], [1xtile.wood@5 minecraft:planks]]
[22:25:09] [Client thread/ERROR]: Recipe has too many inputs. Varied Commodities variedcommodities:barrel_0 class net.minecraft.item.crafting.ShapedRecipes
Outputs:
net.minecraft.item.ItemStack: [[1xtile.barrel@0 variedcommodities:barrel]]
Inputs:
net.minecraft.item.ItemStack: [[1xtile.wood@0 minecraft:planks], [1xtile.wood@0 minecraft:planks], [1xtile.wood@0 minecraft:planks], [1xtile.wood@0 minecraft:planks], [], [1xtile.wood@0 minecraft:planks], [1xtile.wood@0 minecraft:planks], [], [1xtile.wood@0 minecraft:planks], [1xtile.wood@0 minecraft:planks], [1xtile.wood@0 minecraft:planks], [1xtile.wood@0 minecraft:planks]]
[22:25:09] [Client thread/ERROR]: Recipe has too many inputs. Varied Commodities variedcommodities:barrel_1 class net.minecraft.item.crafting.ShapedRecipes
Outputs:
net.minecraft.item.ItemStack: [[1xtile.barrel@1 variedcommodities:barrel]]
Inputs:
net.minecraft.item.ItemStack: [[1xtile.wood@1 minecraft:planks], [1xtile.wood@1 minecraft:planks], [1xtile.wood@1 minecraft:planks], [1xtile.wood@1 minecraft:planks], [], [1xtile.wood@1 minecraft:planks], [1xtile.wood@1 minecraft:planks], [], [1xtile.wood@1 minecraft:planks], [1xtile.wood@1 minecraft:planks], [1xtile.wood@1 minecraft:planks], [1xtile.wood@1 minecraft:planks]]
[22:25:09] [Client thread/ERROR]: Recipe has too many inputs. Varied Commodities variedcommodities:barrel_2 class net.minecraft.item.crafting.ShapedRecipes
Outputs:
net.minecraft.item.ItemStack: [[1xtile.barrel@2 variedcommodities:barrel]]
Inputs:
net.minecraft.item.ItemStack: [[1xtile.wood@2 minecraft:planks], [1xtile.wood@2 minecraft:planks], [1xtile.wood@2 minecraft:planks], [1xtile.wood@2 minecraft:planks], [], [1xtile.wood@2 minecraft:planks], [1xtile.wood@2 minecraft:planks], [], [1xtile.wood@2 minecraft:planks], [1xtile.wood@2 minecraft:planks], [1xtile.wood@2 minecraft:planks], [1xtile.wood@2 minecraft:planks]]
[22:25:09] [Client thread/ERROR]: Recipe has too many inputs. Varied Commodities variedcommodities:barrel_3 class net.minecraft.item.crafting.ShapedRecipes
Outputs:
net.minecraft.item.ItemStack: [[1xtile.barrel@3 variedcommodities:barrel]]
Inputs:
net.minecraft.item.ItemStack: [[1xtile.wood@3 minecraft:planks], [1xtile.wood@3 minecraft:planks], [1xtile.wood@3 minecraft:planks], [1xtile.wood@3 minecraft:planks], [], [1xtile.wood@3 minecraft:planks], [1xtile.wood@3 minecraft:planks], [], [1xtile.wood@3 minecraft:planks], [1xtile.wood@3 minecraft:planks], [1xtile.wood@3 minecraft:planks], [1xtile.wood@3 minecraft:planks]]
[22:25:09] [Client thread/ERROR]: Recipe has too many inputs. Varied Commodities variedcommodities:barrel_4 class net.minecraft.item.crafting.ShapedRecipes
Outputs:
net.minecraft.item.ItemStack: [[1xtile.barrel@4 variedcommodities:barrel]]
Inputs:
net.minecraft.item.ItemStack: [[1xtile.wood@4 minecraft:planks], [1xtile.wood@4 minecraft:planks], [1xtile.wood@4 minecraft:planks], [1xtile.wood@4 minecraft:planks], [], [1xtile.wood@4 minecraft:planks], [1xtile.wood@4 minecraft:planks], [], [1xtile.wood@4 minecraft:planks], [1xtile.wood@4 minecraft:planks], [1xtile.wood@4 minecraft:planks], [1xtile.wood@4 minecraft:planks]]
[22:25:09] [Client thread/ERROR]: Recipe has too many inputs. Varied Commodities variedcommodities:barrel_5 class net.minecraft.item.crafting.ShapedRecipes
Outputs:
net.minecraft.item.ItemStack: [[1xtile.barrel@5 variedcommodities:barrel]]
Inputs:
net.minecraft.item.ItemStack: [[1xtile.wood@5 minecraft:planks], [1xtile.wood@5 minecraft:planks], [1xtile.wood@5 minecraft:planks], [1xtile.wood@5 minecraft:planks], [], [1xtile.wood@5 minecraft:planks], [1xtile.wood@5 minecraft:planks], [], [1xtile.wood@5 minecraft:planks], [1xtile.wood@5 minecraft:planks], [1xtile.wood@5 minecraft:planks], [1xtile.wood@5 minecraft:planks]]
[22:25:09] [Client thread/ERROR]: Recipe has too many inputs. Varied Commodities variedcommodities:shelf_0 class net.minecraft.item.crafting.ShapedRecipes
Outputs:
net.minecraft.item.ItemStack: [[3xtile.shelf@0 variedcommodities:shelf]]
Inputs:
net.minecraft.item.ItemStack: [[1xtile.wood@0 minecraft:planks], [1xtile.wood@0 minecraft:planks], [1xtile.wood@0 minecraft:planks], [1xtile.wood@0 minecraft:planks], [1xtile.wood@0 minecraft:planks], [], [1xitem.stick@0 minecraft:stick], [], [1xtile.wood@0 minecraft:planks], [1xitem.stick@0 minecraft:stick], [], []]
[22:25:09] [Client thread/ERROR]: Recipe has too many inputs. Varied Commodities variedcommodities:shelf_1 class net.minecraft.item.crafting.ShapedRecipes
Outputs:
net.minecraft.item.ItemStack: [[3xtile.shelf@1 variedcommodities:shelf]]
Inputs:
net.minecraft.item.ItemStack: [[1xtile.wood@1 minecraft:planks], [1xtile.wood@1 minecraft:planks], [1xtile.wood@1 minecraft:planks], [1xtile.wood@1 minecraft:planks], [1xtile.wood@1 minecraft:planks], [], [1xitem.stick@0 minecraft:stick], [], [1xtile.wood@1 minecraft:planks], [1xitem.stick@0 minecraft:stick], [], []]
[22:25:09] [Client thread/ERROR]: Recipe has too many inputs. Varied Commodities variedcommodities:shelf_2 class net.minecraft.item.crafting.ShapedRecipes
Outputs:
net.minecraft.item.ItemStack: [[3xtile.shelf@2 variedcommodities:shelf]]
Inputs:
net.minecraft.item.ItemStack: [[1xtile.wood@2 minecraft:planks], [1xtile.wood@2 minecraft:planks], [1xtile.wood@2 minecraft:planks], [1xtile.wood@2 minecraft:planks], [1xtile.wood@2 minecraft:planks], [], [1xitem.stick@0 minecraft:stick], [], [1xtile.wood@2 minecraft:planks], [1xitem.stick@0 minecraft:stick], [], []]
[22:25:09] [Client thread/ERROR]: Recipe has too many inputs. Varied Commodities variedcommodities:shelf_3 class net.minecraft.item.crafting.ShapedRecipes
Outputs:
net.minecraft.item.ItemStack: [[3xtile.shelf@3 variedcommodities:shelf]]
Inputs:
net.minecraft.item.ItemStack: [[1xtile.wood@3 minecraft:planks], [1xtile.wood@3 minecraft:planks], [1xtile.wood@3 minecraft:planks], [1xtile.wood@3 minecraft:planks], [1xtile.wood@3 minecraft:planks], [], [1xitem.stick@0 minecraft:stick], [], [1xtile.wood@3 minecraft:planks], [1xitem.stick@0 minecraft:stick], [], []]
[22:25:09] [Client thread/ERROR]: Recipe has too many inputs. Varied Commodities variedcommodities:shelf_4 class net.minecraft.item.crafting.ShapedRecipes
Outputs:
net.minecraft.item.ItemStack: [[3xtile.shelf@4 variedcommodities:shelf]]
Inputs:
net.minecraft.item.ItemStack: [[1xtile.wood@4 minecraft:planks], [1xtile.wood@4 minecraft:planks], [1xtile.wood@4 minecraft:planks], [1xtile.wood@4 minecraft:planks], [1xtile.wood@4 minecraft:planks], [], [1xitem.stick@0 minecraft:stick], [], [1xtile.wood@4 minecraft:planks], [1xitem.stick@0 minecraft:stick], [], []]
[22:25:09] [Client thread/ERROR]: Recipe has too many inputs. Varied Commodities variedcommodities:shelf_5 class net.minecraft.item.crafting.ShapedRecipes
Outputs:
net.minecraft.item.ItemStack: [[3xtile.shelf@5 variedcommodities:shelf]]
Inputs:
net.minecraft.item.ItemStack: [[1xtile.wood@5 minecraft:planks], [1xtile.wood@5 minecraft:planks], [1xtile.wood@5 minecraft:planks], [1xtile.wood@5 minecraft:planks], [1xtile.wood@5 minecraft:planks], [], [1xitem.stick@0 minecraft:stick], [], [1xtile.wood@5 minecraft:planks], [1xitem.stick@0 minecraft:stick], [], []]
[22:25:09] [Client thread/ERROR]: Recipe has too many inputs. Varied Commodities variedcommodities:lamp_0 class net.minecraft.item.crafting.ShapedRecipes
Outputs:
net.minecraft.item.ItemStack: [[1xtile.lamp@0 variedcommodities:lamp]]
Inputs:
net.minecraft.item.ItemStack: [[1xitem.ingotIron@0 minecraft:iron_ingot], [1xitem.ingotIron@0 minecraft:iron_ingot], [1xitem.ingotIron@0 minecraft:iron_ingot], [1xtile.glass@0 minecraft:glass], [], [1xtile.glass@0 minecraft:glass], [1xtile.glass@0 minecraft:glass], [1xtile.torch@0 minecraft:torch], [1xtile.glass@0 minecraft:glass], [1xitem.ingotIron@0 minecraft:iron_ingot], [1xitem.ingotIron@0 minecraft:iron_ingot], [1xitem.ingotIron@0 minecraft:iron_ingot]]
[22:25:09] [Client thread/ERROR]: Recipe has too many inputs. Varied Commodities variedcommodities:demonic_halberd_0 class net.minecraft.item.crafting.ShapedRecipes
Outputs:
net.minecraft.item.ItemStack: [[1xitem.demonic_halberd@0 variedcommodities:demonic_halberd]]
Inputs:
net.minecraft.item.ItemStack: [[1xitem.ingot_demonic@0 variedcommodities:ingot_demonic], [1xitem.stick@0 minecraft:stick], [1xitem.ingot_demonic@0 variedcommodities:ingot_demonic], [1xitem.ingot_demonic@0 variedcommodities:ingot_demonic], [1xitem.stick@0 minecraft:stick], [], [], [1xitem.stick@0 minecraft:stick], [], [], [1xitem.stick@0 minecraft:stick], []]
[22:25:09] [Client thread/ERROR]: Recipe has too many inputs. Varied Commodities variedcommodities:mithril_halberd_0 class net.minecraft.item.crafting.ShapedRecipes
Outputs:
net.minecraft.item.ItemStack: [[1xitem.mithril_halberd@0 variedcommodities:mithril_halberd]]
Inputs:
net.minecraft.item.ItemStack: [[1xitem.ingot_mithril@0 variedcommodities:ingot_mithril], [1xitem.stick@0 minecraft:stick], [1xitem.ingot_mithril@0 variedcommodities:ingot_mithril], [1xitem.ingot_mithril@0 variedcommodities:ingot_mithril], [1xitem.stick@0 minecraft:stick], [], [], [1xitem.stick@0 minecraft:stick], [], [], [1xitem.stick@0 minecraft:stick], []]
[22:25:09] [Client thread/ERROR]: Recipe has too many inputs. Varied Commodities variedcommodities:mithril_glaive_0 class net.minecraft.item.crafting.ShapedRecipes
Outputs:
net.minecraft.item.ItemStack: [[1xitem.mithril_glaive@0 variedcommodities:mithril_glaive]]
Inputs:
net.minecraft.item.ItemStack: [[], [], [], [1xitem.ingot_mithril@0 variedcommodities:ingot_mithril], [], [], [1xitem.stick@0 minecraft:stick], [], [], [1xitem.stick@0 minecraft:stick], [], [], [1xitem.ingot_mithril@0 variedcommodities:ingot_mithril], [], [], []]
[22:25:09] [Client thread/ERROR]: Recipe has too many inputs. Varied Commodities variedcommodities:demonic_glaive_0 class net.minecraft.item.crafting.ShapedRecipes
Outputs:
net.minecraft.item.ItemStack: [[1xitem.demonic_glaive@0 variedcommodities:demonic_glaive]]
Inputs:
net.minecraft.item.ItemStack: [[], [], [], [1xitem.ingot_demonic@0 variedcommodities:ingot_demonic], [], [], [1xitem.stick@0 minecraft:stick], [], [], [1xitem.stick@0 minecraft:stick], [], [], [1xitem.ingot_demonic@0 variedcommodities:ingot_demonic], [], [], []]
[22:25:09] [Client thread/ERROR]: Recipe has too many inputs. Varied Commodities variedcommodities:demonic_trident_0 class net.minecraft.item.crafting.ShapedRecipes
Outputs:
net.minecraft.item.ItemStack: [[1xitem.demonic_trident@0 variedcommodities:demonic_trident]]
Inputs:
net.minecraft.item.ItemStack: [[1xitem.ingot_demonic@0 variedcommodities:ingot_demonic], [], [1xitem.ingot_demonic@0 variedcommodities:ingot_demonic], [], [1xitem.ingot_demonic@0 variedcommodities:ingot_demonic], [], [], [1xitem.stick@0 minecraft:stick], [], [], [1xitem.stick@0 minecraft:stick], []]
[22:25:09] [Client thread/ERROR]: Recipe has too many inputs. Varied Commodities variedcommodities:mithril_trident_0 class net.minecraft.item.crafting.ShapedRecipes
Outputs:
net.minecraft.item.ItemStack: [[1xitem.mithril_trident@0 variedcommodities:mithril_trident]]
Inputs:
net.minecraft.item.ItemStack: [[1xitem.ingot_mithril@0 variedcommodities:ingot_mithril], [], [1xitem.ingot_mithril@0 variedcommodities:ingot_mithril], [], [1xitem.ingot_mithril@0 variedcommodities:ingot_mithril], [], [], [1xitem.stick@0 minecraft:stick], [], [], [1xitem.stick@0 minecraft:stick], []]
[22:25:09] [Client thread/ERROR]: Recipe has too many inputs. Varied Commodities variedcommodities:mithril_scythe_0 class net.minecraft.item.crafting.ShapedRecipes
Outputs:
net.minecraft.item.ItemStack: [[1xitem.mithril_scythe@0 variedcommodities:mithril_scythe]]
Inputs:
net.minecraft.item.ItemStack: [[1xitem.ingot_mithril@0 variedcommodities:ingot_mithril], [1xitem.ingot_mithril@0 variedcommodities:ingot_mithril], [1xitem.ingot_mithril@0 variedcommodities:ingot_mithril], [], [], [1xitem.stick@0 minecraft:stick], [], [], [1xitem.stick@0 minecraft:stick], [], [], [1xitem.stick@0 minecraft:stick]]
[22:25:09] [Client thread/ERROR]: Recipe has too many inputs. Varied Commodities variedcommodities:demonic_scythe_0 class net.minecraft.item.crafting.ShapedRecipes
Outputs:
net.minecraft.item.ItemStack: [[1xitem.demonic_scythe@0 variedcommodities:demonic_scythe]]
Inputs:
net.minecraft.item.ItemStack: [[1xitem.ingot_demonic@0 variedcommodities:ingot_demonic], [1xitem.ingot_demonic@0 variedcommodities:ingot_demonic], [1xitem.ingot_demonic@0 variedcommodities:ingot_demonic], [], [], [1xitem.stick@0 minecraft:stick], [], [], [1xitem.stick@0 minecraft:stick], [], [], [1xitem.stick@0 minecraft:stick]]
[22:25:09] [Client thread/ERROR]: Recipe has too many inputs. Varied Commodities variedcommodities:demonic_warhammer_0 class net.minecraft.item.crafting.ShapedRecipes
Outputs:
net.minecraft.item.ItemStack: [[1xitem.demonic_warhammer@0 variedcommodities:demonic_warhammer]]
Inputs:
net.minecraft.item.ItemStack: [[1xitem.ingot_demonic@0 variedcommodities:ingot_demonic], [1xitem.ingot_demonic@0 variedcommodities:ingot_demonic], [1xitem.ingot_demonic@0 variedcommodities:ingot_demonic], [], [1xitem.stick@0 minecraft:stick], [], [], [1xitem.stick@0 minecraft:stick], [], [], [1xitem.stick@0 minecraft:stick], []]
[22:25:09] [Client thread/ERROR]: Recipe has too many inputs. Varied Commodities variedcommodities:mithril_warhammer_0 class net.minecraft.item.crafting.ShapedRecipes
Outputs:
net.minecraft.item.ItemStack: [[1xitem.mithril_warhammer@0 variedcommodities:mithril_warhammer]]
Inputs:
net.minecraft.item.ItemStack: [[1xitem.ingot_mithril@0 variedcommodities:ingot_mithril], [1xitem.ingot_mithril@0 variedcommodities:ingot_mithril], [1xitem.ingot_mithril@0 variedcommodities:ingot_mithril], [], [1xitem.stick@0 minecraft:stick], [], [], [1xitem.stick@0 minecraft:stick], [], [], [1xitem.stick@0 minecraft:stick], []]
[22:25:09] [Client thread/ERROR]: Recipe has too many inputs. Varied Commodities variedcommodities:mithril_shield_round_0 class net.minecraft.item.crafting.ShapedRecipes
Outputs:
net.minecraft.item.ItemStack: [[1xitem.mithril_shield_round@0 variedcommodities:mithril_shield_round]]
Inputs:
net.minecraft.item.ItemStack: [[], [1xitem.ingot_mithril@0 variedcommodities:ingot_mithril], [1xitem.ingot_mithril@0 variedcommodities:ingot_mithril], [], [1xitem.ingot_mithril@0 variedcommodities:ingot_mithril], [1xitem.ingot_mithril@0 variedcommodities:ingot_mithril], [1xitem.ingot_mithril@0 variedcommodities:ingot_mithril], [1xitem.ingot_mithril@0 variedcommodities:ingot_mithril], [1xitem.ingot_mithril@0 variedcommodities:ingot_mithril], [1xitem.ingot_mithril@0 variedcommodities:ingot_mithril], [1xitem.ingot_mithril@0 variedcommodities:ingot_mithril], [1xitem.ingot_mithril@0 variedcommodities:ingot_mithril], [], [1xitem.ingot_mithril@0 variedcommodities:ingot_mithril], [1xitem.ingot_mithril@0 variedcommodities:ingot_mithril], []]
[22:25:09] [Client thread/ERROR]: Recipe has too many inputs. Varied Commodities variedcommodities:demonic_shield_round_0 class net.minecraft.item.crafting.ShapedRecipes
Outputs:
net.minecraft.item.ItemStack: [[1xitem.demonic_shield_round@0 variedcommodities:demonic_shield_round]]
Inputs:
net.minecraft.item.ItemStack: [[], [1xitem.ingot_demonic@0 variedcommodities:ingot_demonic], [1xitem.ingot_demonic@0 variedcommodities:ingot_demonic], [], [1xitem.ingot_demonic@0 variedcommodities:ingot_demonic], [1xitem.ingot_demonic@0 variedcommodities:ingot_demonic], [1xitem.ingot_demonic@0 variedcommodities:ingot_demonic], [1xitem.ingot_demonic@0 variedcommodities:ingot_demonic], [1xitem.ingot_demonic@0 variedcommodities:ingot_demonic], [1xitem.ingot_demonic@0 variedcommodities:ingot_demonic], [1xitem.ingot_demonic@0 variedcommodities:ingot_demonic], [1xitem.ingot_demonic@0 variedcommodities:ingot_demonic], [], [1xitem.ingot_demonic@0 variedcommodities:ingot_demonic], [1xitem.ingot_demonic@0 variedcommodities:ingot_demonic], []]
[22:25:10] [Client thread/INFO]: InvTweaks: successfully transformed setFocused/func_146195_b
[22:25:10] [Client thread/INFO]: Injecting into afz (net.minecraft.inventory.ContainerWorkbench)
[22:25:10] [Client thread/INFO]:  - mRealBenchTile
[22:25:10] [Client thread/INFO]:  - <init>
[22:25:10] [Client thread/INFO]:  - WorkbenchTile[PUTFIELD]
[22:25:10] [Client thread/INFO]:  - WorkbenchInventory[NEW]
[22:25:10] [Client thread/INFO]:  - WorkbenchInventory[INVOKESPECIAL]
[22:25:10] [Client thread/INFO]:  - ContainerWorkbench[REFRESH_MATRIX]
[22:25:10] [Client thread/INFO]:  - onContainerClosed
[22:25:10] [Client thread/INFO]:  - Done
[22:25:10] [Client thread/INFO]: Transforming net.minecraft.inventory.ContainerWorkbench
[22:25:10] [Client thread/INFO]: Applying Transformation to method (Names [transferStackInSlot, func_82846_b] Descriptor (Lnet/minecraft/entity/player/EntityPlayer;I)Lnet/minecraft/item/ItemStack;)
[22:25:10] [Client thread/INFO]: Located Method, patching...
[22:25:10] [Client thread/INFO]: Located patch target node INVOKEVIRTUAL net/minecraft/inventory/ContainerWorkbench.func_75135_a (Lnet/minecraft/item/ItemStack;IIZ)Z
[22:25:10] [Client thread/INFO]: Located patch target node INVOKEVIRTUAL net/minecraft/inventory/ContainerWorkbench.func_75135_a (Lnet/minecraft/item/ItemStack;IIZ)Z
[22:25:10] [Client thread/INFO]: Located patch target node INVOKEVIRTUAL net/minecraft/inventory/ContainerWorkbench.func_75135_a (Lnet/minecraft/item/ItemStack;IIZ)Z
[22:25:10] [Client thread/INFO]: Located patch target node INVOKEVIRTUAL net/minecraft/inventory/ContainerWorkbench.func_75135_a (Lnet/minecraft/item/ItemStack;IIZ)Z
[22:25:10] [Client thread/INFO]: Patch result: true
[22:25:10] [Client thread/INFO]: Patch exists for net.minecraft.inventory.ContainerWorkbench
[22:25:10] [Client thread/INFO]: Writing class net.minecraft.inventory.ContainerWorkbench with flags MAXS | FRAMES
[22:25:10] [Client thread/INFO]: Transforming ContainerRepair
[22:25:10] [Client thread/INFO]: Applying Transformation to method (Names [updateRepairOutput, func_82848_d, e] Descriptor ()V / ()V)
[22:25:10] [Client thread/INFO]: Located method, patching...
[22:25:10] [Client thread/INFO]: Located target ICONST_0
[22:25:10] [Client thread/INFO]: Patch result: true
[22:25:10] [Client thread/INFO]: Registering mod plugins took 1.052 s
[22:25:10] [Client thread/INFO]: Building recipe registry...
[22:25:11] [Client thread/INFO]: Building recipe registry took 704.8 ms
[22:25:11] [Client thread/INFO]: Building ingredient list...
[22:25:11] [Client thread/INFO]: Building ingredient list took 49.61 ms
[22:25:11] [Client thread/INFO]: Building ingredient filter...
[22:25:13] [Client thread/INFO]: Building ingredient filter took 1.869 s
[22:25:13] [Client thread/INFO]: Building bookmarks...
[22:25:13] [Client thread/INFO]: Building bookmarks took 5.796 ms
[22:25:13] [Client thread/INFO]: Building runtime...
[22:25:13] [Client thread/INFO]: InvTweaks: successfully transformed setFocused/func_146195_b
[22:25:13] [Client thread/INFO]: Building runtime took 101.1 ms
[22:25:13] [Client thread/INFO]: Optimizing memory usage...
[22:25:13] [Client thread/INFO]: Optimizing memory usage took 96.68 ms
[22:25:13] [Client thread/INFO]: Starting JEI took 4.176 s
[22:25:13] [Client thread/INFO]: FML mod loading complete. There appear to be 2 BNBGaming mods present.
[22:25:13] [Client thread/INFO]: Loading external configuration script 'rlcraft_sounds.json'
[22:25:13] [Client thread/INFO]: Initializing registry [Sound Registry]
[22:25:14] [Client thread/INFO]: Initializing registry [Acoustic Registry]
[22:25:14] [Client thread/INFO]: Initializing registry [Biome Registry]
[22:25:14] [Client thread/INFO]: Initializing registry [BlockState Registry]
[22:25:14] [Client thread/INFO]: Initializing registry [Footsteps Registry]
[22:25:14] [Client thread/INFO]: Initializing registry [Item Registry]
[22:25:14] [Client thread/INFO]: Initializing registry [Effects Registry]
[22:25:14] [Client thread/INFO]: Initializing registry [Dimension Registry]
[22:25:14] [Client thread/INFO]: [Sound Registry] 2045 sound events in private registry
[22:25:14] [Client thread/INFO]: [Acoustic Registry] 35779 cache hits during initialization
[22:25:14] [Client thread/INFO]: [Acoustic Registry] 34770 primitives by material generated
[22:25:14] [Client thread/INFO]: [Acoustic Registry] 2 primitives by sound generated
[22:25:14] [Client thread/INFO]: [BlockState Registry] 46328 block states processed, 20 registry entries
[22:25:14] [Client thread/INFO]: Reading rules from effects.json
[22:25:14] [Client thread/INFO]: Loaded 0 rules!
[22:25:14] [Client thread/INFO]: Reading rules from breakevents.json
[22:25:14] [Client thread/INFO]: Loaded 0 rules!
[22:25:14] [Client thread/INFO]: Reading rules from placeevents.json
[22:25:14] [Client thread/INFO]: Loaded 0 rules!
[22:25:14] [Client thread/INFO]: Reading rules from rightclicks.json
[22:25:14] [Client thread/INFO]: Loaded 5 rules!
[22:25:14] [Client thread/INFO]: Reading rules from leftclicks.json
[22:25:14] [Client thread/INFO]: Loaded 0 rules!
[22:25:14] [Client thread/INFO]: Reading spawn rules from spawn.json
[22:25:14] [Client thread/INFO]: Reading spawn rules from summonaid.json
[22:25:14] [Client thread/INFO]: Reading spawn rules from potentialspawn.json
[22:25:14] [Client thread/INFO]: Reading spawn rules from loot.json
[22:25:14] [Client thread/INFO]: Reading spawn rules from experience.json
[22:25:14] [Client thread/INFO]: Found and removed atomicstryker.battletowers.common.WorldGenHandler IEventListener eventWorldLoad from the event bus
[22:25:14] [Client thread/INFO]: Registering BTWorldLoadEvent to the event bus
[22:25:14] [Client thread/INFO]: Found and removed atomicstryker.battletowers.common.WorldGenHandler IEventListener eventWorldLoad from the event bus
[22:25:14] [Client thread/INFO]: Found and removed atomicstryker.battletowers.common.WorldGenHandler IEventListener eventWorldSave from the event bus
[22:25:14] [Client thread/INFO]: Registering BTWorldSaveEvent to the event bus
[22:25:14] [Client thread/INFO]: Found and removed atomicstryker.battletowers.common.WorldGenHandler IEventListener eventWorldSave from the event bus
[22:25:14] [Client thread/INFO]: Wrapped IWorldGenerator of class atomicstryker.battletowers.common.WorldGenHandler
[22:25:14] [Client thread/INFO]: Found and removed levelup2.skills.combat.StealthDamage IEventListener onDamage from the event bus
[22:25:14] [Client thread/INFO]: Registering LUStealthDamage to the event bus
[22:25:14] [Client thread/INFO]: Found and removed levelup2.skills.combat.SwordCritBonus IEventListener onHurting from the event bus
[22:25:14] [Client thread/INFO]: Registering LUSwordCrit to the event bus
[22:25:14] [Client thread/INFO]: Found and removed levelup2.skills.combat.SwordDamageBonus IEventListener onHurting from the event bus
[22:25:14] [Client thread/INFO]: Registering LUSwordDamage to the event bus
[22:25:14] [Client thread/INFO]: Found and removed levelup2.skills.combat.XPBonusCombat IEventListener getCombatBonus from the event bus
[22:25:14] [Client thread/INFO]: Registering LUXPBonus to the event bus
[22:25:14] [Client thread/INFO]: Found and removed levelup2.skills.combat.StealthBonus IEventListener onTargetSet from the event bus
[22:25:14] [Client thread/INFO]: Registering LUStealthTarget to the event bus
[22:25:14] [Client thread/INFO]: Gathered subscriber instance of class: levelup2.skills.combat.StealthBonus
[22:25:14] [Client thread/INFO]: Found and removed vazkii.quark.misc.feature.AncientTomes IEventListener onAnvilUpdate from the event bus
[22:25:14] [Client thread/INFO]: Registering QKAncientTomeAnvilUpdate to the event bus
[22:25:14] [Client thread/INFO]: Setting block rustic:log harvest type to axe
[22:25:14] [Client thread/INFO]: Setting block rustic:planks harvest type to axe
[22:25:14] [Client thread/INFO]: Removed Infernal Mobs Blacklisted Enchantment: somanyenchantments:pandora
[22:25:14] [Client thread/INFO]: Removed Infernal Mobs Blacklisted Enchantment: mujmajnkraftsbettersurvival:vitality
[22:25:14] [Client thread/INFO]: Removed Infernal Mobs Blacklisted Enchantment: aquaculture:appealing
[22:25:14] [Client thread/INFO]: Removed Infernal Mobs Blacklisted Enchantment: aquaculture:magnetic
[22:25:14] [Client thread/INFO]: Removed Infernal Mobs Blacklisted Enchantment: aquaculture:long_cast
[22:25:14] [Client thread/INFO]: Removed Infernal Mobs Blacklisted Enchantment: aquaculture:short_cast
[22:25:14] [Client thread/INFO]: Removed Infernal Mobs Blacklisted Enchantment: aquaculture:double_hook
[22:25:14] [Client thread/INFO]: Removed Infernal Mobs Blacklisted Enchantment: aquaculture:barbed_hook
[22:25:14] [Client thread/INFO]: Removed Infernal Mobs Blacklisted Enchantment: aquaculture:heavy_line
[22:25:14] [Client thread/INFO]: Adding Watchdog Routine: InfernalMobs Stall
[22:25:14] [Client thread/INFO]: Adding Watchdog Routine: MultiMine Stall
[22:25:14] [Client thread/INFO]: Found and removed sereneseasons.handler.season.RandomUpdateHandler IEventListener onWorldTick from the event bus
[22:25:14] [Client thread/INFO]: Replacing SereneSeasons RandomUpdateHandler world tick
[22:25:14] [Client thread/INFO]: Found and removed slimeknights.mantle.client.ExtraHeartRenderHandler IEventListener renderHealthbar from the event bus
[22:25:14] [Client thread/INFO]: Registered com.charles445.rltweaker.handler.GooglyEyesHandlerClient onRenderSafe to the event bus
[22:25:14] [Client thread/INFO]: The game loaded in approximately  60.583 seconds.
[22:25:14] [Client thread/INFO]: Performing server-side compatibility loadComplete for mobends...
[22:25:14] [Client thread/INFO]: Performing client-side compatibility loadComplete for mobends...
[22:25:14] [Client thread/INFO]: JEI search tree manager injection complete!
[22:25:15] [Client thread/INFO]: Forge Mod Loader has successfully loaded 185 mods
[22:25:15] [Client thread/INFO]: OpenGL Debug: supported=true, enabled=false
[22:25:15] [Client thread/INFO]: Narrator library for x64 successfully loaded
[22:25:15] [Client thread/INFO]: Removed googly eyes layer for entity: Husk
[22:25:15] [Client thread/INFO]: Removed googly eyes layer for entity: defiledlands.scuttler
[22:25:15] [Client thread/INFO]: Removed googly eyes layer for entity: Spider
[22:25:15] [Client thread/INFO]: Removed googly eyes layer for entity: Skeleton
[22:25:15] [Client thread/INFO]: Removed googly eyes layer for entity: AlphaWolf
[22:25:15] [Client thread/INFO]: Removed googly eyes layer for entity: Wolf
[22:25:15] [Client thread/INFO]: Removed googly eyes layer for entity: Squid
[22:25:15] [Client thread/INFO]: Removed googly eyes layer for entity: quark:foxhound
[22:25:15] [Client thread/INFO]: Removed googly eyes layer for entity: PigZombie
[22:25:15] [Client thread/INFO]: Removed googly eyes layer for entity: Zombie
[22:25:15] [Client thread/INFO]: Removed googly eyes layer for entity: CaveSpider
[22:25:15] [Client thread/ERROR]: +=+=+=+=+=+=+=+=+=+=+=+=+=+=+=+=+=+=+=+=+=+=+=+=+=
[22:25:15] [Client thread/ERROR]: The following texture errors were found.
[22:25:15] [Client thread/ERROR]: ==================================================
[22:25:15] [Client thread/ERROR]:   DOMAIN minecraft
[22:25:15] [Client thread/ERROR]: --------------------------------------------------
[22:25:15] [Client thread/ERROR]:   domain minecraft is missing 1 texture
[22:25:15] [Client thread/ERROR]:     domain minecraft has 15 locations:
[22:25:15] [Client thread/ERROR]:       unknown resourcepack type net.minecraft.client.resources.DefaultResourcePack : Default
[22:25:15] [Client thread/ERROR]:       mod betterbiomeblend resources at C:\Users\clkma\AppData\Roaming\.minecraft\modpacks\97310384-d078-3373-9553-2a4e6fca4cf5\mods\betterbiomeblend-1.12.2-1.1.7-forge.jar
[22:25:15] [Client thread/ERROR]:       mod betternether resources at C:\Users\clkma\AppData\Roaming\.minecraft\modpacks\97310384-d078-3373-9553-2a4e6fca4cf5\mods\betternether-0.1.8.6.jar
[22:25:15] [Client thread/ERROR]:       unknown resourcepack type net.minecraft.client.resources.LegacyV2Adapter : FMLFileResourcePack:Ice and Fire
[22:25:15] [Client thread/ERROR]:       mod mcwbridges resources at C:\Users\clkma\AppData\Roaming\.minecraft\modpacks\97310384-d078-3373-9553-2a4e6fca4cf5\mods\mcw-bridges-1.0.6b-mc1.12.2.jar
[22:25:15] [Client thread/ERROR]:       unknown resourcepack type net.minecraft.client.resources.LegacyV2Adapter : FMLFileResourcePack:Quark
[22:25:15] [Client thread/ERROR]:       mod snowrealmagic resources at C:\Users\clkma\AppData\Roaming\.minecraft\modpacks\97310384-d078-3373-9553-2a4e6fca4cf5\mods\SnowRealMagic-1.12.2-0.7.1.jar
[22:25:15] [Client thread/ERROR]:       mod srparasites resources at C:\Users\clkma\AppData\Roaming\.minecraft\modpacks\97310384-d078-3373-9553-2a4e6fca4cf5\mods\SRParasites-1.12.2v1.9.11.jar
[22:25:15] [Client thread/ERROR]:       mod xat resources at C:\Users\clkma\AppData\Roaming\.minecraft\modpacks\97310384-d078-3373-9553-2a4e6fca4cf5\mods\Trinkets and Baubles-32.4.jar
[22:25:15] [Client thread/ERROR]:       resource pack at path C:\Users\clkma\AppData\Roaming\.minecraft\modpacks\97310384-d078-3373-9553-2a4e6fca4cf5\resources
[22:25:15] [Client thread/ERROR]:       resource pack at path C:\Users\clkma\AppData\Roaming\.minecraft\modpacks\97310384-d078-3373-9553-2a4e6fca4cf5\mods\Quark-r1.6-179.jar
[22:25:15] [Client thread/ERROR]:       unknown resourcepack type lumien.resourceloader.loader.NormalResourceLoader : CustomResources
[22:25:15] [Client thread/ERROR]:       resource pack at path C:\Users\clkma\AppData\Roaming\.minecraft\modpacks\97310384-d078-3373-9553-2a4e6fca4cf5\resourcepacks\RLHats.zip
[22:25:15] [Client thread/ERROR]:       resource pack at path C:\Users\clkma\AppData\Roaming\.minecraft\modpacks\97310384-d078-3373-9553-2a4e6fca4cf5\resourcepacks\Lum.1.12.2.zip
[22:25:15] [Client thread/ERROR]:       resource pack at path C:\Users\clkma\AppData\Roaming\.minecraft\modpacks\97310384-d078-3373-9553-2a4e6fca4cf5\resourcepacks\AnimEmis_InF_SW_Blue.zip
[22:25:15] [Client thread/ERROR]: -------------------------
[22:25:15] [Client thread/ERROR]:     The missing resources for domain minecraft are:
[22:25:15] [Client thread/ERROR]:       textures/blocks/torch.png
[22:25:15] [Client thread/ERROR]: -------------------------
[22:25:15] [Client thread/ERROR]:     No other errors exist for domain minecraft
[22:25:15] [Client thread/ERROR]: ==================================================
[22:25:15] [Client thread/ERROR]: ==================================================
[22:25:15] [Client thread/ERROR]:   DOMAIN bountifulbaubles
[22:25:15] [Client thread/ERROR]: --------------------------------------------------
[22:25:15] [Client thread/ERROR]:   domain bountifulbaubles is missing 1 texture
[22:25:15] [Client thread/ERROR]:     domain bountifulbaubles has 5 locations:
[22:25:15] [Client thread/ERROR]:       mod bountifulbaubles resources at C:\Users\clkma\AppData\Roaming\.minecraft\modpacks\97310384-d078-3373-9553-2a4e6fca4cf5\mods\Bountiful Baubles-1.12.2-0.1.8.jar
[22:25:15] [Client thread/ERROR]:       mod rlmixins resources at C:\Users\clkma\AppData\Roaming\.minecraft\modpacks\97310384-d078-3373-9553-2a4e6fca4cf5\mods\RLMixins-1.2.15.jar
[22:25:15] [Client thread/ERROR]:       resource pack at path C:\Users\clkma\AppData\Roaming\.minecraft\modpacks\97310384-d078-3373-9553-2a4e6fca4cf5\resources
[22:25:15] [Client thread/ERROR]:       unknown resourcepack type lumien.resourceloader.loader.NormalResourceLoader : CustomResources
[22:25:15] [Client thread/ERROR]:       resource pack at path C:\Users\clkma\AppData\Roaming\.minecraft\modpacks\97310384-d078-3373-9553-2a4e6fca4cf5\resourcepacks\Emis_Rlcraft.zip
[22:25:15] [Client thread/ERROR]: -------------------------
[22:25:15] [Client thread/ERROR]:     The missing resources for domain bountifulbaubles are:
[22:25:15] [Client thread/ERROR]:       textures/items/flare_gun/particle.png
[22:25:15] [Client thread/ERROR]: -------------------------
[22:25:15] [Client thread/ERROR]:     No other errors exist for domain bountifulbaubles
[22:25:15] [Client thread/ERROR]: ==================================================
[22:25:15] [Client thread/ERROR]: +=+=+=+=+=+=+=+=+=+=+=+=+=+=+=+=+=+=+=+=+=+=+=+=+=
[22:27:02] [Client thread/INFO]: Deleting level RLCraft
[22:27:02] [Client thread/INFO]: Attempt 1...
[22:27:15] [Server thread/INFO]: Starting integrated minecraft server version 1.12.2
[22:27:15] [Server thread/INFO]: Generating keypair
[22:27:15] [Server thread/INFO]: Injecting existing registry data into this server instance
[22:27:15] [Server thread/INFO]: JEI search tree manager injection complete!
[22:27:15] [Server thread/INFO]: Applying holder lookups
[22:27:15] [Server thread/INFO]: Holder lookups applied
[22:27:15] [Server thread/INFO]: Loading dimension 0 (RLCraft) (net.minecraft.server.integrated.IntegratedServer@7d58efd7)
[22:27:15] [Server thread/INFO]: Injecting Aquaculture junk into FishingMadeBetter junk
[22:27:15] [Server thread/INFO]: Injecting Aquaculture treasure into FishingMadeBetter treasure
[22:27:16] [Server thread/INFO]: Loaded 628 advancements
[22:27:16] [Server thread/INFO]: Better Caves config file for dimension 0 not found. Using global config...
[22:27:16] [Server thread/INFO]: Using block 'minecraft:lava' as lava in cave generation for dimension 0 (OVERWORLD) ...
[22:27:16] [Server thread/INFO]: Using block 'minecraft:water' as water in cave generation for dimension 0 (OVERWORLD) ...
[22:27:16] [Server thread/INFO]: Better Caves config file for dimension 0 not found. Using global config...
[22:27:16] [Server thread/INFO]: Using block 'minecraft:lava' as lava in cave generation for dimension 0 (OVERWORLD) ...
[22:27:16] [Server thread/INFO]: Using block 'minecraft:water' as water in cave generation for dimension 0 (OVERWORLD) ...
[22:27:16] [Server thread/INFO]: [pl.asie.foamfix.coremod.FoamFixTransformer:spliceClasses:114]: Spliced in METHOD: net.minecraft.world.chunk.BlockStateContainer.func_186018_a
[22:27:17] [Server thread/INFO]: Patch exists for net.minecraft.world.ServerWorldEventHandler
[22:27:17] [Server thread/INFO]: Writing class net.minecraft.world.ServerWorldEventHandler with flags MAXS
[22:27:17] [Server thread/INFO]: Applying config gamerules to dimension 0 (RLCraft)
[22:27:17] [Server thread/INFO]: Setting difficulty of dimension 0 (RLCraft) to HARD
[22:27:17] [Server thread/INFO]: World Seed: 788726176215887776
[22:27:17] [Server thread/INFO]: true
[22:27:18] [Server thread/INFO]: Creating STANDARD weather generator for dimension [overworld]
[22:27:18] [Server thread/INFO]: Loading dimension -1 (RLCraft) (net.minecraft.server.integrated.IntegratedServer@7d58efd7)
[22:27:18] [Server thread/INFO]: Applying config gamerules to dimension -1 (RLCraft)
[22:27:18] [Server thread/INFO]: Setting difficulty of dimension -1 (RLCraft) to HARD
[22:27:18] [Server thread/INFO]: Creating NETHER weather generator for dimension [the_nether]
[22:27:18] [Server thread/INFO]: Loading dimension 1 (RLCraft) (net.minecraft.server.integrated.IntegratedServer@7d58efd7)
[22:27:18] [Server thread/INFO]: Applying config gamerules to dimension 1 (RLCraft)
[22:27:18] [Server thread/INFO]: Setting difficulty of dimension 1 (RLCraft) to HARD
[22:27:18] [Server thread/INFO]: Creating NULL weather generator for dimension [the_end]
[22:27:18] [Server thread/INFO]: Loading dimension 111 (RLCraft) (net.minecraft.server.integrated.IntegratedServer@7d58efd7)
[22:27:18] [Server thread/INFO]: Applying config gamerules to dimension 111 (RLCraft)
[22:27:18] [Server thread/INFO]: Setting difficulty of dimension 111 (RLCraft) to HARD
[22:27:18] [Server thread/INFO]: Creating STANDARD weather generator for dimension [lostcities]
[22:27:18] [Server thread/INFO]: Preparing start region for level 0
[22:27:19] [Server thread/INFO]: Preparing spawn area: 4%
[22:27:20] [Server thread/INFO]: Patch exists for net.minecraft.pathfinding.WalkNodeProcessor
[22:27:20] [Server thread/INFO]: Writing class net.minecraft.pathfinding.WalkNodeProcessor with flags MAXS
[22:27:20] [Server thread/INFO]: Preparing spawn area: 7%
[22:27:21] [Server thread/INFO]: Trying to spawn dungeon at chunkX 0 and chunkZ 0...
[22:27:21] [Server thread/INFO]: Trying to spawn dungeon with id fnar:dungeon_cave at {"x": -165, "y": 0, "z": -116}...
[22:27:22] [Server thread/INFO]: Patch exists for com.lycanitesmobs.core.inventory.InventoryCreature
[22:27:22] [Server thread/INFO]: Patching InventoryCreature
[22:27:22] [Server thread/INFO]: If your game crashes immediately after this, change the config rltweaker/patches/lycanitesPetDupeFix to false!
[22:27:22] [Server thread/INFO]: Writing class com.lycanitesmobs.core.inventory.InventoryCreature with flags MAXS | FRAMES
[22:27:23] [Server thread/WARN]: Failed to find preset (transformer preset): DesertAdjustment
[22:27:23] [Server thread/WARN]: Failed to find preset (transformer preset): DesertAdjustment
[22:27:24] [Server thread/INFO]: Successfully generated dungeon with id fnar:dungeon_cave at {"x": -165, "y": 0, "z": -116}.
[22:27:24] [Server thread/INFO]: Preparing spawn area: 8%
[22:27:25] [Server thread/INFO]: Preparing spawn area: 18%
[22:27:26] [Server thread/INFO]: Preparing spawn area: 28%
[22:27:27] [Server thread/INFO]: Preparing spawn area: 37%
[22:27:28] [Server thread/INFO]: Preparing spawn area: 45%
[22:27:29] [Server thread/INFO]: Preparing spawn area: 56%
[22:27:30] [Server thread/INFO]: Preparing spawn area: 68%
[22:27:30] [Server thread/WARN]: Failed to find preset (transformer preset): DesertAdjustment
[22:27:30] [Server thread/WARN]: Failed to find preset (transformer preset): DesertAdjustment
[22:27:31] [Server thread/INFO]: Preparing spawn area: 79%
[22:27:32] [Server thread/INFO]: Preparing spawn area: 89%
[22:27:33] [Server thread/INFO]: Preparing spawn area: 98%
[22:27:34] [Server thread/INFO]: Loaded 348 quests
[22:27:34] [Server thread/INFO]: Loaded 18 quest lines
[22:27:34] [Server thread/INFO]: Loaded 0 parties
[22:27:34] [Server thread/INFO]: Loaded 0 names
[22:27:34] [Server thread/INFO]: Loot table loottweaker:lostcityground saved to C:\Users\clkma\AppData\Roaming\.minecraft\modpacks\97310384-d078-3373-9553-2a4e6fca4cf5\saves\RLCraft\data\loot_tables\loottweaker\lostcityground.json
[22:27:34] [Server thread/INFO]: Loot table loottweaker:lowtable saved to C:\Users\clkma\AppData\Roaming\.minecraft\modpacks\97310384-d078-3373-9553-2a4e6fca4cf5\saves\RLCraft\data\loot_tables\loottweaker\lowtable.json
[22:27:34] [Server thread/INFO]: Loot table loottweaker:medtable saved to C:\Users\clkma\AppData\Roaming\.minecraft\modpacks\97310384-d078-3373-9553-2a4e6fca4cf5\saves\RLCraft\data\loot_tables\loottweaker\medtable.json
[22:27:34] [Server thread/INFO]: Loot table loottweaker:hightable saved to C:\Users\clkma\AppData\Roaming\.minecraft\modpacks\97310384-d078-3373-9553-2a4e6fca4cf5\saves\RLCraft\data\loot_tables\loottweaker\hightable.json
[22:27:34] [Server thread/INFO]: Loot table loottweaker:lostcityhighrise saved to C:\Users\clkma\AppData\Roaming\.minecraft\modpacks\97310384-d078-3373-9553-2a4e6fca4cf5\saves\RLCraft\data\loot_tables\loottweaker\lostcityhighrise.json
[22:27:34] [Server thread/INFO]: Loot table loottweaker:lostcityrare saved to C:\Users\clkma\AppData\Roaming\.minecraft\modpacks\97310384-d078-3373-9553-2a4e6fca4cf5\saves\RLCraft\data\loot_tables\loottweaker\lostcityrare.json
[22:27:34] [Server thread/INFO]: Loot table loottweaker:lostcitysubway saved to C:\Users\clkma\AppData\Roaming\.minecraft\modpacks\97310384-d078-3373-9553-2a4e6fca4cf5\saves\RLCraft\data\loot_tables\loottweaker\lostcitysubway.json
[22:27:34] [Server thread/INFO]: Loot table loottweaker:lostcityuncommon saved to C:\Users\clkma\AppData\Roaming\.minecraft\modpacks\97310384-d078-3373-9553-2a4e6fca4cf5\saves\RLCraft\data\loot_tables\loottweaker\lostcityuncommon.json
[22:27:34] [Server thread/INFO]: Loot table loottweaker:buildertable saved to C:\Users\clkma\AppData\Roaming\.minecraft\modpacks\97310384-d078-3373-9553-2a4e6fca4cf5\saves\RLCraft\data\loot_tables\loottweaker\buildertable.json
[22:27:34] [Server thread/INFO]: Loot table loottweaker:lostcitybasement saved to C:\Users\clkma\AppData\Roaming\.minecraft\modpacks\97310384-d078-3373-9553-2a4e6fca4cf5\saves\RLCraft\data\loot_tables\loottweaker\lostcitybasement.json
[22:27:34] [Server thread/INFO]: Loot table loottweaker:lostcitycommon saved to C:\Users\clkma\AppData\Roaming\.minecraft\modpacks\97310384-d078-3373-9553-2a4e6fca4cf5\saves\RLCraft\data\loot_tables\loottweaker\lostcitycommon.json
[22:27:34] [Server thread/INFO]: Found and removed org.orecruncher.dsurround.server.services.EnvironmentService IEventListener tickEvent from the event bus
[22:27:34] [Server thread/WARN]: Command bountiful incorrectly overrides compareTo: %s
[22:27:34] [Server thread/WARN]: Command bountiful incorrectly overrides compareTo: %s
[22:27:34] [Server thread/WARN]: Command bountiful incorrectly overrides compareTo: %s
[22:27:34] [Server thread/WARN]: Command srpnodes incorrectly overrides compareTo: %s
[22:27:34] [Server thread/WARN]: Command bnb incorrectly overrides compareTo: %s
[22:27:34] [Server thread/WARN]: Command srparasites incorrectly overrides compareTo: %s
[22:27:34] [Server thread/WARN]: Command srpcolonies incorrectly overrides compareTo: %s
[22:27:34] [Server thread/WARN]: Command srpevolution incorrectly overrides compareTo: %s
[22:27:34] [Server thread/INFO]: Saving gamerules of dimension -1 (RLCraft) to config
[22:27:34] [Server thread/INFO]: Unloading dimension -1
[22:27:34] [Server thread/INFO]: Saving gamerules of dimension 1 (RLCraft) to config
[22:27:34] [Server thread/INFO]: Unloading dimension 1
[22:27:34] [Server thread/INFO]: Saving gamerules of dimension 111 (RLCraft) to config
[22:27:34] [Server thread/INFO]: Unloading dimension 111
[22:27:35] [Netty Local Client IO #0/INFO]: Server protocol version 2
[22:27:35] [Netty Server IO #1/INFO]: Client protocol version 2
[22:27:35] [Netty Server IO #1/INFO]: Client attempting to join with 185 mods : wolfarmor@3.8.1+alpha.1,levelup2@${version},grapplemod@1.12.2-v12.3,friendlyendermite@1.0,disenchanter@1.8,foodexpansion@1.3,globalgamerules@2.2,alcatrazcore@1.0.4,elenaidodge@2.1,creativecoredummy@1.0.0,fantasticlib@1.12.2.047,fishingmadebetter@2.2.6,incontrol@3.9.18,betternether@0.1.8.6,contenttweaker@1.12.2-4.10.0,multimine@1.6.2,bettercaves@1.12.2,neat@1.4-17,forgeendertech@1.12.2-4.5.6.1,reborncore@3.19.5,betterquesting@3.5.329,controlling@3.0.10,enhancedvisuals@1.3.0,placebo@1.6.0,bettertabs@1.0.4,forgelin@1.8.4,familiarfauna@1.0.11,llibrary@1.7.20,snowrealmagic@0.7.1,librarianliblate@4.22,carryon@1.12.3,bq_msi@1.0.9,loadingscreens@0.3.1,mainmenuscale@1.0,bq_standard@3.4.173,fbp@2.4.1,mcwbridges@1.0.6,dshuds@3.6.0.0,crafttweakerjei@2.0.3,aireducer@0.3.0,mtlib@3.0.7,craftablechainmail@1.0,chunkanimator@1.12.2-1.2,compatskills@1.12.2-1.17.0,defiledlands@1.4.3,battletowers@1.6.5,reccomplex@1.4.8.4,modtweaker@4.0.19,notreepunching@2.0.21,corpsecomplex@1.0.12.0,helpfixer@1.12.1-1.5.18,resourceloader@1.5.3,lycanitesmobs@2.0.8.9 - MC 1.12.2,bountiful@2.2.3,spark@1.6.3,blockoverlayfix@1.0.0,roguelike@2.4.4,potioncore@1.9_for_1.12.2,carrots@1.0.0b1,betterbiomeblend@1.12.2-1.1.7-forge,qualitytools@1.0.7_for_1.12.2,forgottenitems@1.2.1,spartanfire@1.1.0,lostcities@2.0.22,dynamictreesdefiledlands@1.12.2-1.0.0,FML@8.0.99.99,rtg@6.1.0.0-snapshot.1,spartanweaponry@1.5.3,itemphysic@1.4.0,charm@1.4,dttraverse@1.12.2-2.1,particleculling@v1.4.1,scalinghealth@1.3.37,switchbow@1.6.8,bettermineshafts@1.12.2-2.2.1,dynamictrees@1.12.2-0.9.29,setbonus@1.12.2.020,materialtweaker@1.1.1,kiwi@0.5.3.32,ctgui@1.0.0,dldungeonsjbg@1.14.12,advanced-fishing@1.3.3,reachfix@1.0.8,rltweaker@0.5.12,librarianlib@4.22,coralreef@2.0,xpfromharvest@1.2.0,renderlib@1.2.8,trumpetskeleton@1.12-1.0.2.1,bountifulbaubles@0.0.1,locks@3.0.0,googlyeyes@7.1.1,jei@4.16.1.302,bnbgaminglib@2.17.6,attributefix@1.0.12,callablehorses@1.1.1,custommainmenu@2.0.9.1,pigstep@1.12,simpledifficulty@0.3.9,ivtoolkit@1.3.3-1.12,iseedragons@1.2.1,mujmajnkraftsbettersurvival@1.5.3,potionfingers@r1.0-8,yungslaw@1.12.2,waystones@4.1.0,mcp@9.42,comforts@1.4.1.3,framevoidpatch@1.0.0,artifacts@1.1.2,tumbleweed@1.12-0.4.7,sereneseasons@1.2.18,classyhats@%VERSION%,adhooks@1.12.2-3.3.1.0,champions@1.12.2-1.0.11.10,surge@2.0.79,inventorytweaks@1.64+dev.151.822d839,foamfixcore@7.7.4,realistictorches@2.1.2,bettercombatmod@2.0.8,rlmixins@1.2.14,xat@0.32,iceandfire@1.7.1,toastcontrol@1.8.1,ichunutil@7.2.2,traverse@1.6.0,crafttweaker@4.1.20,antiquecities@1.0,firstaid@1.6.22,forge@14.23.5.2860,playerbosses@1.0,ruins@17.2,portaldupebegone@1.0.0,testdummy@1.12,phosphor-lighting@1.12.2-0.2.6,wearablebackpacks@3.2.6,orelib@3.6.0.1,dsurround@3.6.2.1,antiqueatlas@4.6.3,infernalmobs@1.7.6,spartandefiled@1.0,variedcommodities@1.12.2,minecraft@1.12.2,inspirations@1.12.2-0.2.9,itlt@1.0.4,enchdesc@1.1.20,fxcontrol@0.1.14,bedbreakbegone@1.0.2,mousetweaks@2.10.1,roughtweaks@1.0,toolbelt@1.9.14,silentlib@3.0.13,baubles@1.5.2,creativecore@1.10.0,tschipplib@1.1.6,somanyenchantments@0.5.5,rustic@1.1.7,astikorcarts@1.12.2-0.1.2.8,armorunder@1.0.0,bloodmoon@1.5.3,quark@r1.6-179,mantle@1.12-1.3.3.55,legendarytooltips@1.1.9,loottweaker@0.3.1,spartanshields@1.5.5,tnt_utilities@1.2.3,bqtweaker@1.3.5,autoreglib@1.3-32,reskillable@1.12.2-1.13.0,spartanhudbaubles@1.0.0 Indev 1,sit@v1.3,entityculling@6.3.1,anvilpatch@1.1.1,srparasites@1.9.11,spawnercontrol@1.6.3b,shieldbreak@1.1.3,antiqueatlasoverlay@1.2,foamfix@@VERSION@,aquaculture@1.6.8,tnt_utilities_core@1.2.3,collisiondamage@1.2.2,soundfilters@0.12.1_for_1.12,betterfoliage@2.3.2,mobends@1.2.1,base@3.14.0,xpbook@v1.1.6
[22:27:35] [Netty Local Client IO #0/INFO]: Dynamic Surroundings version 3.6.2.1 is installed on the server
[22:27:35] [Netty Local Client IO #0/INFO]: [Netty Local Client IO #0] Client side modded connection established
[22:27:35] [Netty Local Client IO #0/INFO]: [atomicstryker.battletowers.common.AS_BattleTowersCore:onClientConnected:111]: CLIENT registered ClientConnectedToServerEvent, sending packet to server
[22:27:35] [Server thread/INFO]: Patch exists for net.minecraft.world.ChunkCache
[22:27:35] [Server thread/INFO]: Writing class net.minecraft.world.ChunkCache with flags MAXS
[22:27:35] [Server thread/INFO]: [Server thread] Server side modded connection established
[22:27:35] [Server thread/INFO]: Gojo[local:E:895fc54c] logged in with entity id 2560 at (1996.5, 48.0, -5392.5)
[22:27:35] [Server thread/INFO]: Player [Gojo] connected with Dynamic Surroundings 3.6.2.1
[22:27:35] [Server thread/INFO]: Gojo joined the game
[22:27:36] [Server thread/INFO]: Attempting to sync config to player Gojo
[22:27:36] [Server thread/INFO]: Syncing Quark configuration with player: Gojo
[22:27:36] [Server thread/INFO]: Sending Configuration to player: Gojo
[22:27:36] [Server thread/INFO]: Sent custom biome data to player Gojo
[22:27:36] [Server thread/INFO]: Sent markers data #-1 to player Gojo
[22:27:36] [Server thread/INFO]: Syncing Config to Gojo
[22:27:36] [Netty Local Client IO #0/INFO]: Loaded 628 advancements
[22:27:36] [Client thread/INFO]: Applying config gamerules to dimension 0 (MpServer)
[22:27:36] [Client thread/INFO]: Setting weather renderer for dimension [overworld]
[22:27:36] [Thread-37/INFO]: [com.lycanitesmobs.LycanitesMobs:logInfo:278]: [LycanitesMobs] [Info] [] Online familiars loaded successfully for dafddcc6-a3d2-35f5-9626-9a3b168b1673.
[22:27:38] [Netty Local Client IO #0/INFO]: Received remote damage model
[22:27:38] [Server thread/INFO]: Saving and pausing game...
[22:27:38] [Server thread/INFO]: Saving chunks for level 'RLCraft'/overworld
[22:27:38] [Server thread/INFO]: Saving local markers data to NBT
[22:27:39] [Client thread/INFO]: Transforming net.minecraft.client.gui.inventory.GuiBeacon$PowerButton
[22:27:39] [Client thread/INFO]: Could not locate, injecting method (Names [drawButton, func_191745_a] Descriptor (Lnet/minecraft/client/Minecraft;IIF)V)
[22:27:39] [Client thread/INFO]: Patch result: true
[22:27:39] [Client thread/INFO]: [CHAT] [First Aid] Press H for the tutorial
[22:27:39] [Client thread/INFO]: Synced configs from server
[22:27:39] [Client thread/INFO]: Found Server Config
[22:27:39] [Client thread/INFO]: Loaded 7 advancements
[22:27:39] [Server thread/INFO]: Saving and pausing game...
[22:27:39] [Server thread/INFO]: Saving chunks for level 'RLCraft'/overworld
[22:27:39] [Server thread/WARN]: Can't keep up! Did the system time change, or is the server overloaded? Running 5038ms behind, skipping 100 tick(s)
[22:29:26] [Chunk Batcher 4/INFO]: Found method net.minecraft.client.renderer.BlockModelRenderer$AmbientOcclusionFace.<init> (Lnet/minecraft/client/renderer/BlockModelRenderer;)V
[22:29:26] [Chunk Batcher 4/INFO]: [BetterFoliageLoader] Setting AmbientOcclusionFace constructor public
[22:29:32] [Server thread/WARN]: Can't keep up! Did the system time change, or is the server overloaded? Running 2997ms behind, skipping 59 tick(s)
[22:29:38] [Server thread/INFO]: Saving and pausing game...
[22:29:38] [Server thread/INFO]: Saving chunks for level 'RLCraft'/overworld
[22:29:39] [Netty Local Client IO #0/INFO]: [com.yyon.grapplinghook.ClientProxyClass:onPlayerLoggedOutEvent:597]: deleting server options
[22:29:39] [Client thread/INFO]: Saving gamerules of dimension 0 (MpServer) to config
[22:29:39] [Server thread/INFO]: Stopping SP...
[22:29:39] [Server thread/INFO]: Stopping server
[22:29:39] [Server thread/INFO]: Saving players
[22:29:39] [Server thread/INFO]: Gojo lost connection: Disconnected
[22:29:39] [Server thread/INFO]: Gojo left the game
[22:29:39] [Server thread/INFO]: Stopping singleplayer server as player logged out
[22:29:39] [Server thread/INFO]: Saving worlds
[22:29:39] [Server thread/INFO]: Saving chunks for level 'RLCraft'/overworld
[22:29:39] [Server thread/INFO]: Saving gamerules of dimension 0 (RLCraft) to config
[22:29:39] [Server thread/INFO]: Unloading dimension 0
[22:29:40] [Server thread/INFO]: JEI search tree manager injection complete!
[22:29:40] [Server thread/INFO]: Applying holder lookups
[22:29:40] [Server thread/INFO]: Holder lookups applied
[22:29:45] [Client thread/INFO]: Deleting level RLCraft
[22:29:45] [Client thread/INFO]: Attempt 1...
[22:30:39] [Client thread/INFO]: Unloaded world <net.minecraft.client.multiplayer.WorldClient@5208823a 0 MultiplayerChunkCache: 289, 289> is still hanging around after 60 seconds.
[22:30:39] [Client thread/INFO]: This may be due to a world leak, or there is little memory pressure.
[22:30:39] [Client thread/INFO]: Use the relevant FoamFix options to adjust the wait time.
[22:31:31] [Server thread/INFO]: Starting integrated minecraft server version 1.12.2
[22:31:31] [Server thread/INFO]: Generating keypair
[22:31:31] [Server thread/INFO]: Injecting existing registry data into this server instance
[22:31:31] [Server thread/INFO]: JEI search tree manager injection complete!
[22:31:32] [Server thread/INFO]: Applying holder lookups
[22:31:32] [Server thread/INFO]: Holder lookups applied
[22:31:32] [Server thread/INFO]: Loading dimension 0 (RLCraft) (net.minecraft.server.integrated.IntegratedServer@37de13d4)
[22:31:32] [Server thread/INFO]: Injecting Aquaculture junk into FishingMadeBetter junk
[22:31:32] [Server thread/INFO]: Injecting Aquaculture treasure into FishingMadeBetter treasure
[22:31:32] [Server thread/INFO]: Loaded 628 advancements
[22:31:32] [Server thread/INFO]: Better Caves config file for dimension 0 not found. Using global config...
[22:31:32] [Server thread/INFO]: Using block 'minecraft:lava' as lava in cave generation for dimension 0 (OVERWORLD) ...
[22:31:32] [Server thread/INFO]: Using block 'minecraft:water' as water in cave generation for dimension 0 (OVERWORLD) ...
[22:31:32] [Server thread/INFO]: Better Caves config file for dimension 0 not found. Using global config...
[22:31:32] [Server thread/INFO]: Using block 'minecraft:lava' as lava in cave generation for dimension 0 (OVERWORLD) ...
[22:31:32] [Server thread/INFO]: Using block 'minecraft:water' as water in cave generation for dimension 0 (OVERWORLD) ...
[22:31:32] [Server thread/INFO]: Applying config gamerules to dimension 0 (RLCraft)
[22:31:32] [Server thread/INFO]: Setting difficulty of dimension 0 (RLCraft) to HARD
[22:31:32] [Server thread/INFO]: World Seed: -4279163263957713822
[22:31:32] [Server thread/INFO]: true
[22:31:32] [Server thread/INFO]: Creating STANDARD weather generator for dimension [overworld]
[22:31:32] [Server thread/INFO]: Loading dimension -1 (RLCraft) (net.minecraft.server.integrated.IntegratedServer@37de13d4)
[22:31:32] [Server thread/INFO]: Applying config gamerules to dimension -1 (RLCraft)
[22:31:32] [Server thread/INFO]: Setting difficulty of dimension -1 (RLCraft) to HARD
[22:31:32] [Server thread/INFO]: Creating NETHER weather generator for dimension [the_nether]
[22:31:32] [Server thread/INFO]: Loading dimension 1 (RLCraft) (net.minecraft.server.integrated.IntegratedServer@37de13d4)
[22:31:32] [Server thread/INFO]: Applying config gamerules to dimension 1 (RLCraft)
[22:31:32] [Server thread/INFO]: Setting difficulty of dimension 1 (RLCraft) to HARD
[22:31:32] [Server thread/INFO]: Creating NULL weather generator for dimension [the_end]
[22:31:32] [Server thread/INFO]: Loading dimension 111 (RLCraft) (net.minecraft.server.integrated.IntegratedServer@37de13d4)
[22:31:32] [Server thread/INFO]: Applying config gamerules to dimension 111 (RLCraft)
[22:31:32] [Server thread/INFO]: Setting difficulty of dimension 111 (RLCraft) to HARD
[22:31:32] [Server thread/INFO]: Creating STANDARD weather generator for dimension [lostcities]
[22:31:32] [Server thread/INFO]: Preparing start region for level 0
[22:31:33] [Server thread/INFO]: Preparing spawn area: 9%
[22:31:34] [Server thread/INFO]: Preparing spawn area: 23%
[22:31:35] [Server thread/INFO]: Preparing spawn area: 36%
[22:31:36] [Server thread/INFO]: Preparing spawn area: 49%
[22:31:37] [Server thread/INFO]: Preparing spawn area: 63%
[22:31:38] [Server thread/INFO]: Caching Wrapped Task Constructor: com.charles445.aireducer.routine.IAFOldDeathWormRoutine$WrappedProximityTaskOldDeathWorm
[22:31:38] [Server thread/INFO]: Preparing spawn area: 74%
[22:31:39] [Server thread/INFO]: Preparing spawn area: 87%
[22:31:39] [Server thread/INFO]: Trying to spawn dungeon at chunkX 0 and chunkZ 0...
[22:31:40] [Server thread/INFO]: Trying to spawn dungeon with id fnar:dungeon_villager_house at {"x": 212, "y": 0, "z": 28}...
[22:31:40] [Server thread/INFO]: Successfully generated dungeon with id fnar:dungeon_villager_house at {"x": 212, "y": 0, "z": 28}.
[22:31:40] [Server thread/INFO]: Preparing spawn area: 89%
[22:31:41] [Server thread/INFO]: Loaded 348 quests
[22:31:41] [Server thread/INFO]: Loaded 18 quest lines
[22:31:41] [Server thread/INFO]: Loaded 0 parties
[22:31:41] [Server thread/INFO]: Loaded 0 names
[22:31:41] [Server thread/INFO]: Loot table loottweaker:lostcityground saved to C:\Users\clkma\AppData\Roaming\.minecraft\modpacks\97310384-d078-3373-9553-2a4e6fca4cf5\saves\RLCraft\data\loot_tables\loottweaker\lostcityground.json
[22:31:41] [Server thread/INFO]: Loot table loottweaker:lowtable saved to C:\Users\clkma\AppData\Roaming\.minecraft\modpacks\97310384-d078-3373-9553-2a4e6fca4cf5\saves\RLCraft\data\loot_tables\loottweaker\lowtable.json
[22:31:41] [Server thread/INFO]: Loot table loottweaker:medtable saved to C:\Users\clkma\AppData\Roaming\.minecraft\modpacks\97310384-d078-3373-9553-2a4e6fca4cf5\saves\RLCraft\data\loot_tables\loottweaker\medtable.json
[22:31:41] [Server thread/INFO]: Loot table loottweaker:hightable saved to C:\Users\clkma\AppData\Roaming\.minecraft\modpacks\97310384-d078-3373-9553-2a4e6fca4cf5\saves\RLCraft\data\loot_tables\loottweaker\hightable.json
[22:31:41] [Server thread/INFO]: Loot table loottweaker:lostcityhighrise saved to C:\Users\clkma\AppData\Roaming\.minecraft\modpacks\97310384-d078-3373-9553-2a4e6fca4cf5\saves\RLCraft\data\loot_tables\loottweaker\lostcityhighrise.json
[22:31:41] [Server thread/INFO]: Loot table loottweaker:lostcityrare saved to C:\Users\clkma\AppData\Roaming\.minecraft\modpacks\97310384-d078-3373-9553-2a4e6fca4cf5\saves\RLCraft\data\loot_tables\loottweaker\lostcityrare.json
[22:31:41] [Server thread/INFO]: Loot table loottweaker:lostcitysubway saved to C:\Users\clkma\AppData\Roaming\.minecraft\modpacks\97310384-d078-3373-9553-2a4e6fca4cf5\saves\RLCraft\data\loot_tables\loottweaker\lostcitysubway.json
[22:31:41] [Server thread/INFO]: Loot table loottweaker:lostcityuncommon saved to C:\Users\clkma\AppData\Roaming\.minecraft\modpacks\97310384-d078-3373-9553-2a4e6fca4cf5\saves\RLCraft\data\loot_tables\loottweaker\lostcityuncommon.json
[22:31:41] [Server thread/INFO]: Loot table loottweaker:buildertable saved to C:\Users\clkma\AppData\Roaming\.minecraft\modpacks\97310384-d078-3373-9553-2a4e6fca4cf5\saves\RLCraft\data\loot_tables\loottweaker\buildertable.json
[22:31:41] [Server thread/INFO]: Loot table loottweaker:lostcitybasement saved to C:\Users\clkma\AppData\Roaming\.minecraft\modpacks\97310384-d078-3373-9553-2a4e6fca4cf5\saves\RLCraft\data\loot_tables\loottweaker\lostcitybasement.json
[22:31:41] [Server thread/INFO]: Loot table loottweaker:lostcitycommon saved to C:\Users\clkma\AppData\Roaming\.minecraft\modpacks\97310384-d078-3373-9553-2a4e6fca4cf5\saves\RLCraft\data\loot_tables\loottweaker\lostcitycommon.json
[22:31:41] [Server thread/INFO]: Found and removed org.orecruncher.dsurround.server.services.EnvironmentService IEventListener tickEvent from the event bus
[22:31:41] [Server thread/WARN]: Command bountiful incorrectly overrides compareTo: %s
[22:31:41] [Server thread/WARN]: Command bountiful incorrectly overrides compareTo: %s
[22:31:41] [Server thread/WARN]: Command bountiful incorrectly overrides compareTo: %s
[22:31:41] [Server thread/WARN]: Command srpnodes incorrectly overrides compareTo: %s
[22:31:41] [Server thread/WARN]: Command bnb incorrectly overrides compareTo: %s
[22:31:41] [Server thread/WARN]: Command srparasites incorrectly overrides compareTo: %s
[22:31:41] [Server thread/WARN]: Command srpcolonies incorrectly overrides compareTo: %s
[22:31:41] [Server thread/WARN]: Command srpevolution incorrectly overrides compareTo: %s
[22:31:41] [Server thread/INFO]: Saving gamerules of dimension -1 (RLCraft) to config
[22:31:41] [Server thread/INFO]: Unloading dimension -1
[22:31:41] [Server thread/INFO]: Saving gamerules of dimension 1 (RLCraft) to config
[22:31:42] [Server thread/INFO]: Unloading dimension 1
[22:31:42] [Server thread/INFO]: Saving gamerules of dimension 111 (RLCraft) to config
[22:31:42] [Server thread/INFO]: Unloading dimension 111
[22:31:42] [Netty Local Client IO #1/INFO]: Server protocol version 2
[22:31:42] [Netty Server IO #3/INFO]: Client protocol version 2
[22:31:42] [Netty Server IO #3/INFO]: Client attempting to join with 185 mods : wolfarmor@3.8.1+alpha.1,levelup2@${version},grapplemod@1.12.2-v12.3,friendlyendermite@1.0,disenchanter@1.8,foodexpansion@1.3,globalgamerules@2.2,alcatrazcore@1.0.4,elenaidodge@2.1,creativecoredummy@1.0.0,fantasticlib@1.12.2.047,fishingmadebetter@2.2.6,incontrol@3.9.18,betternether@0.1.8.6,contenttweaker@1.12.2-4.10.0,multimine@1.6.2,bettercaves@1.12.2,neat@1.4-17,forgeendertech@1.12.2-4.5.6.1,reborncore@3.19.5,betterquesting@3.5.329,controlling@3.0.10,enhancedvisuals@1.3.0,placebo@1.6.0,bettertabs@1.0.4,forgelin@1.8.4,familiarfauna@1.0.11,llibrary@1.7.20,snowrealmagic@0.7.1,librarianliblate@4.22,carryon@1.12.3,bq_msi@1.0.9,loadingscreens@0.3.1,mainmenuscale@1.0,bq_standard@3.4.173,fbp@2.4.1,mcwbridges@1.0.6,dshuds@3.6.0.0,crafttweakerjei@2.0.3,aireducer@0.3.0,mtlib@3.0.7,craftablechainmail@1.0,chunkanimator@1.12.2-1.2,compatskills@1.12.2-1.17.0,defiledlands@1.4.3,battletowers@1.6.5,reccomplex@1.4.8.4,modtweaker@4.0.19,notreepunching@2.0.21,corpsecomplex@1.0.12.0,helpfixer@1.12.1-1.5.18,resourceloader@1.5.3,lycanitesmobs@2.0.8.9 - MC 1.12.2,bountiful@2.2.3,spark@1.6.3,blockoverlayfix@1.0.0,roguelike@2.4.4,potioncore@1.9_for_1.12.2,carrots@1.0.0b1,betterbiomeblend@1.12.2-1.1.7-forge,qualitytools@1.0.7_for_1.12.2,forgottenitems@1.2.1,spartanfire@1.1.0,lostcities@2.0.22,dynamictreesdefiledlands@1.12.2-1.0.0,FML@8.0.99.99,rtg@6.1.0.0-snapshot.1,spartanweaponry@1.5.3,itemphysic@1.4.0,charm@1.4,dttraverse@1.12.2-2.1,particleculling@v1.4.1,scalinghealth@1.3.37,switchbow@1.6.8,bettermineshafts@1.12.2-2.2.1,dynamictrees@1.12.2-0.9.29,setbonus@1.12.2.020,materialtweaker@1.1.1,kiwi@0.5.3.32,ctgui@1.0.0,dldungeonsjbg@1.14.12,advanced-fishing@1.3.3,reachfix@1.0.8,rltweaker@0.5.12,librarianlib@4.22,coralreef@2.0,xpfromharvest@1.2.0,renderlib@1.2.8,trumpetskeleton@1.12-1.0.2.1,bountifulbaubles@0.0.1,locks@3.0.0,googlyeyes@7.1.1,jei@4.16.1.302,bnbgaminglib@2.17.6,attributefix@1.0.12,callablehorses@1.1.1,custommainmenu@2.0.9.1,pigstep@1.12,simpledifficulty@0.3.9,ivtoolkit@1.3.3-1.12,iseedragons@1.2.1,mujmajnkraftsbettersurvival@1.5.3,potionfingers@r1.0-8,yungslaw@1.12.2,waystones@4.1.0,mcp@9.42,comforts@1.4.1.3,framevoidpatch@1.0.0,artifacts@1.1.2,tumbleweed@1.12-0.4.7,sereneseasons@1.2.18,classyhats@%VERSION%,adhooks@1.12.2-3.3.1.0,champions@1.12.2-1.0.11.10,surge@2.0.79,inventorytweaks@1.64+dev.151.822d839,foamfixcore@7.7.4,realistictorches@2.1.2,bettercombatmod@2.0.8,rlmixins@1.2.14,xat@0.32,iceandfire@1.7.1,toastcontrol@1.8.1,ichunutil@7.2.2,traverse@1.6.0,crafttweaker@4.1.20,antiquecities@1.0,firstaid@1.6.22,forge@14.23.5.2860,playerbosses@1.0,ruins@17.2,portaldupebegone@1.0.0,testdummy@1.12,phosphor-lighting@1.12.2-0.2.6,wearablebackpacks@3.2.6,orelib@3.6.0.1,dsurround@3.6.2.1,antiqueatlas@4.6.3,infernalmobs@1.7.6,spartandefiled@1.0,variedcommodities@1.12.2,minecraft@1.12.2,inspirations@1.12.2-0.2.9,itlt@1.0.4,enchdesc@1.1.20,fxcontrol@0.1.14,bedbreakbegone@1.0.2,mousetweaks@2.10.1,roughtweaks@1.0,toolbelt@1.9.14,silentlib@3.0.13,baubles@1.5.2,creativecore@1.10.0,tschipplib@1.1.6,somanyenchantments@0.5.5,rustic@1.1.7,astikorcarts@1.12.2-0.1.2.8,armorunder@1.0.0,bloodmoon@1.5.3,quark@r1.6-179,mantle@1.12-1.3.3.55,legendarytooltips@1.1.9,loottweaker@0.3.1,spartanshields@1.5.5,tnt_utilities@1.2.3,bqtweaker@1.3.5,autoreglib@1.3-32,reskillable@1.12.2-1.13.0,spartanhudbaubles@1.0.0 Indev 1,sit@v1.3,entityculling@6.3.1,anvilpatch@1.1.1,srparasites@1.9.11,spawnercontrol@1.6.3b,shieldbreak@1.1.3,antiqueatlasoverlay@1.2,foamfix@@VERSION@,aquaculture@1.6.8,tnt_utilities_core@1.2.3,collisiondamage@1.2.2,soundfilters@0.12.1_for_1.12,betterfoliage@2.3.2,mobends@1.2.1,base@3.14.0,xpbook@v1.1.6
[22:31:42] [Netty Local Client IO #1/INFO]: Dynamic Surroundings version 3.6.2.1 is installed on the server
[22:31:42] [Netty Local Client IO #1/INFO]: [Netty Local Client IO #1] Client side modded connection established
[22:31:42] [Netty Local Client IO #1/INFO]: [atomicstryker.battletowers.common.AS_BattleTowersCore:onClientConnected:111]: CLIENT registered ClientConnectedToServerEvent, sending packet to server
[22:31:42] [Server thread/INFO]: [Server thread] Server side modded connection established
[22:31:42] [Server thread/INFO]: Gojo[local:E:dcc5d674] logged in with entity id 6740 at (2247.5, 56.0, -3566.5)
[22:31:42] [Server thread/INFO]: Player [Gojo] connected with Dynamic Surroundings 3.6.2.1
[22:31:42] [Server thread/INFO]: Gojo joined the game
[22:31:42] [Server thread/INFO]: Attempting to sync config to player Gojo
[22:31:42] [Server thread/INFO]: Syncing Quark configuration with player: Gojo
[22:31:42] [Server thread/INFO]: Sending Configuration to player: Gojo
[22:31:42] [Server thread/INFO]: Sent custom biome data to player Gojo
[22:31:42] [Server thread/INFO]: Sent markers data #-1 to player Gojo
[22:31:42] [Server thread/INFO]: Syncing Config to Gojo
[22:31:42] [Netty Local Client IO #1/INFO]: Loaded 628 advancements
[22:31:42] [Client thread/INFO]: Applying config gamerules to dimension 0 (MpServer)
[22:31:42] [Client thread/INFO]: Setting weather renderer for dimension [overworld]
[22:31:44] [Netty Local Client IO #1/INFO]: Received remote damage model
[22:31:44] [Server thread/INFO]: Saving and pausing game...
[22:31:44] [Server thread/INFO]: Saving chunks for level 'RLCraft'/overworld
[22:31:44] [Client thread/INFO]: [CHAT] [First Aid] Press H for the tutorial
[22:31:44] [Client thread/INFO]: Synced configs from server
[22:31:44] [Client thread/INFO]: Found Server Config
[22:31:44] [Client thread/INFO]: Loaded 7 advancements
[22:31:44] [Server thread/INFO]: Saving local markers data to NBT
[22:31:44] [Server thread/WARN]: Can't keep up! Did the system time change, or is the server overloaded? Running 2806ms behind, skipping 56 tick(s)
[22:31:53] [Server thread/INFO]: Caching Wrapped Task Constructor: com.charles445.aireducer.ai.myrmexold.WrappedTaskOldMyrmexAIEscortEntity
[22:31:53] [Server thread/INFO]: Caching Wrapped Task Constructor: com.charles445.aireducer.ai.myrmexold.WrappedTaskOldMyrmexAILeaveHive
[22:31:53] [Server thread/INFO]: Caching Wrapped Task Constructor: com.charles445.aireducer.ai.myrmexold.WrappedTaskOldMyrmexAIMoveThroughHive
[22:31:53] [Server thread/INFO]: Caching Wrapped Task Constructor: com.charles445.aireducer.ai.myrmexold.WrappedTaskOldMyrmexAIReEnterHive
[22:31:53] [Server thread/INFO]: Caching Wrapped Task Constructor: com.charles445.aireducer.ai.myrmexold.WrappedProximityTaskOldMyrmex
[22:31:53] [Server thread/INFO]: Caching Wrapped Task Constructor: com.charles445.aireducer.ai.myrmexold.WrappedTaskOldMyrmexAIForage
[22:31:53] [Server thread/INFO]: Caching Wrapped Task Constructor: com.charles445.aireducer.ai.myrmexold.WrappedTaskOldMyrmexAIFindHidingSpot
[22:31:53] [Server thread/WARN]: Tried to over-fill a container
[22:31:53] [Netty Local Client IO #1/INFO]: [com.yyon.grapplinghook.ClientProxyClass:onPlayerLoggedOutEvent:597]: deleting server options
[22:31:53] [Client thread/INFO]: Saving gamerules of dimension 0 (MpServer) to config
[22:31:53] [Server thread/INFO]: Gojo lost connection: Disconnected
[22:31:53] [Server thread/INFO]: Gojo left the game
[22:31:53] [Server thread/INFO]: Stopping singleplayer server as player logged out
[22:31:53] [Server thread/INFO]: Saving and pausing game...
[22:31:53] [Server thread/INFO]: Saving chunks for level 'RLCraft'/overworld
[22:31:54] [Server thread/INFO]: Stopping SP...
[22:31:54] [Server thread/INFO]: Stopping server
[22:31:54] [Server thread/INFO]: Saving players
[22:31:54] [Server thread/INFO]: Saving worlds
[22:31:54] [Server thread/INFO]: Saving chunks for level 'RLCraft'/overworld
[22:31:54] [Server thread/INFO]: Saving gamerules of dimension 0 (RLCraft) to config
[22:31:54] [Server thread/INFO]: Unloading dimension 0
[22:31:55] [Server thread/INFO]: JEI search tree manager injection complete!
[22:31:55] [Server thread/INFO]: Applying holder lookups
[22:31:55] [Server thread/INFO]: Holder lookups applied
[22:32:53] [Client thread/INFO]: Unloaded world <net.minecraft.client.multiplayer.WorldClient@7c1a3ce9 0 MultiplayerChunkCache: 209, 209> is still hanging around after 60 seconds.
