[27Jul2025 02:13:45.165] [main/INFO] [cpw.mods.modlauncher.Launcher/MODLAUNCHER]: ModLauncher running: args [--launchTarget, forgeserver, --fml.forgeVersion, 47.3.7, --fml.mcVersion, 1.20.1, --fml.forgeGroup, net.minecraftforge, --fml.mcpVersion, 20230612.114412, nogui]
[27Jul2025 02:13:45.168] [main/INFO] [cpw.mods.modlauncher.Launcher/MODLAUNCHER]: ModLauncher 10.0.9+10.0.9+main.dcd20f30 starting: java version 17.0.15 by Ubuntu; OS Linux arch amd64 version 6.8.0-1030-azure
[27Jul2025 02:13:46.247] [main/INFO] [net.minecraftforge.fml.loading.ImmediateWindowHandler/]: ImmediateWindowProvider not loading because launch target is forgeserver
[27Jul2025 02:13:46.293] [main/INFO] [mixin/]: SpongePowered MIXIN Subsystem Version=0.8.5 Source=union:/workspaces/Minecraft/servidor_minecraft/libraries/org/spongepowered/mixin/0.8.5/mixin-0.8.5.jar%2365!/ Service=ModLauncher Env=SERVER
[27Jul2025 02:13:46.825] [main/WARN] [net.minecraftforge.fml.loading.moddiscovery.ModFileParser/LOADING]: Mod file /workspaces/Minecraft/servidor_minecraft/libraries/net/minecraftforge/fmlcore/1.20.1-47.3.7/fmlcore-1.20.1-47.3.7.jar is missing mods.toml file
[27Jul2025 02:13:46.829] [main/WARN] [net.minecraftforge.fml.loading.moddiscovery.ModFileParser/LOADING]: Mod file /workspaces/Minecraft/servidor_minecraft/libraries/net/minecraftforge/javafmllanguage/1.20.1-47.3.7/javafmllanguage-1.20.1-47.3.7.jar is missing mods.toml file
[27Jul2025 02:13:46.830] [main/WARN] [net.minecraftforge.fml.loading.moddiscovery.ModFileParser/LOADING]: Mod file /workspaces/Minecraft/servidor_minecraft/libraries/net/minecraftforge/lowcodelanguage/1.20.1-47.3.7/lowcodelanguage-1.20.1-47.3.7.jar is missing mods.toml file
[27Jul2025 02:13:46.832] [main/WARN] [net.minecraftforge.fml.loading.moddiscovery.ModFileParser/LOADING]: Mod file /workspaces/Minecraft/servidor_minecraft/libraries/net/minecraftforge/mclanguage/1.20.1-47.3.7/mclanguage-1.20.1-47.3.7.jar is missing mods.toml file
[27Jul2025 02:13:47.206] [main/INFO] [net.minecraftforge.fml.loading.moddiscovery.JarInJarDependencyLocator/]: Found 12 dependencies adding them to mods collection
[27Jul2025 02:13:51.155] [main/INFO] [mixin/]: Compatibility level set to JAVA_17
[27Jul2025 02:13:51.250] [main/ERROR] [mixin/]: Mixin config azurelib.mixins.json does not specify "minVersion" property
[27Jul2025 02:13:51.255] [main/ERROR] [mixin/]: Mixin config azurelib.forge.mixins.json does not specify "minVersion" property
[27Jul2025 02:13:51.361] [main/ERROR] [mixin/]: Mixin config arclight.mixins.json does not specify "minVersion" property
[27Jul2025 02:13:51.371] [main/INFO] [cpw.mods.modlauncher.LaunchServiceHandler/MODLAUNCHER]: Launching target 'forgeserver' with arguments [nogui]
[27Jul2025 02:13:51.439] [main/WARN] [mixin/]: Reference map 'graveyard-FORGE-forge-refmap.json' for graveyard-forge.mixins.json could not be read. If this is a development environment you can ignore this message
[27Jul2025 02:13:51.586] [main/WARN] [mixin/]: Reference map 'mixins.call_of_yucutan.refmap.json' for mixins.call_of_yucutan.json could not be read. If this is a development environment you can ignore this message
[27Jul2025 02:13:51.601] [main/WARN] [mixin/]: Reference map 'puzzlesaccessapi.common.refmap.json' for puzzlesaccessapi.common.mixins.json could not be read. If this is a development environment you can ignore this message
[27Jul2025 02:13:51.634] [main/WARN] [mixin/]: Reference map 'mes-forge-refmap.json' for mes-forge.mixins.json could not be read. If this is a development environment you can ignore this message
[27Jul2025 02:13:51.674] [main/WARN] [mixin/]: Reference map 'simplyswords-forge-refmap.json' for simplyswords.mixins.json could not be read. If this is a development environment you can ignore this message
[27Jul2025 02:13:51.704] [main/INFO] [Puzzles Lib/]: Loading 89 mods:
	- alexscaves 2.0.2
	- alexsmobs 1.22.9
	- animal_feeding_trough 1.1.0+1.20.1-forge
	- animatedmobsmod 1.0.0
	- architectury 9.2.14
	- artifacts 9.5.16
		\-- expandability 9.0.4
	- attributefix 21.0.4
	- azurelib 3.0.11
	- bettercombat 1.8.6+1.20.1
	- blueprint 7.1.3
	- boatload 5.0.1
	- born_in_chaos_v1 1.7
	- caelus 3.2.0+1.20.1
	- call_of_yucutan 1.0.13
	- cardinal_sins 1.0.0
	- cataclysm 3.09
	- chefsdelight 1.0.3-forge-1.20.1
	- citadel 2.6.2
	- cloth_config 11.1.136
	- comforts 6.4.0+1.20.1
		\-- spectrelib 0.13.15+1.20.1
	- commonnetworking 1.0.5-1.20.1
	- create 0.5.1.j
		\-- flywheel 0.6.11-13
	- curios 5.14.1+1.20.1
	- decocraft 3.0.0.12-beta-1.20.1
	- decorativebottles 1.20.1 - 0.1.3
	- dreadsteel 1.1.9
	- dungeonsweaponry 1.17.0-1.20.1
	- ec_es_plugin 1.1.5
	- endertrigon 1.20.1-1.1
		\-- crackerslib 1.20.1-0.3.2.1
	- epicpaladins 1.0.2-1.20.1-forge
	- expanded_combat 3.2.6
	- faded_conquest_2 1.3.0
	- farmersdelight 1.20.1-1.2.8
	- forge 47.3.7
	- gamma_creatures 1.2.2
	- geckolib 4.7.3
	- graveyard 3.1
	- hexerei 1.20.1-0.4.2.3
	- hopo 1.2.2
	- hoporp 1.3.7
	- hopour 1.1.4
	- hrbsdrills 1.1.2-1.20.1
	- icarus 2.12.0
		\-- mixinextras 0.4.1
	- iceandfire 2.1.13-1.20.1
	- illageandspillage 1.2.8
	- irons_spellbooks 1.20.1-3.4.0.9
	- jei 15.20.0.112
	- journeymap 5.10.3
	- justoutdoorstuffs 1.0.2-1.20.1
	- legendary_monsters 1.20.1
	- lets_forge_bronze_and_iron 5.0
	- lionfishapi 2.4-Fix
	- lostcities 1.20-7.4.0
	- mantle 1.11.71
	- mca 7.6.11+1.20.1
	- mes 1.3.4-1.20-forge
	- minecraft 1.20.1
	- monolib 2.1.0
	- more_bows_and_arrows 5.0.0
	- mowziesmobs 1.7.3
	- mr_tidal_towns 1.3.4
	- mutantmonsters 8.0.7
	- orcz 0.82
	- pehkui 3.8.2+1.20.1-forge
	- playeranimator 1.0.2-rc1+1.20
	- prettypipes 1.15.0
	- projectile_damage 3.2.2+1.20.1
	- puzzleslib 8.1.32
		\-- puzzlesaccessapi 20.1.1
	- realmrpg_demons 0.9.0
	- regions_unexplored 0.5.6
	- resourcefulconfig 2.1.3
	- retrodamageindicators 1.0.1
	- ru_expansion 1.0.1
	- samurai_dynasty 0.0.49-1.20.1-neo
	- securitycraft 1.10.0.1
	- shadowizardlib 1.20.1-1.2.5
	- simplyswords 1.56.0-1.20.1
	- soulsweapons 1.2.4-1.20.1-forge}
	- spartanshields 3.1.1
	- tconstruct 3.10.2.92
	- terrablender 3.0.1.10
	- usefulbackpacks 2.0.1.124
	- uteamcore 5.1.4.382
[27Jul2025 02:13:51.721] [main/WARN] [mixin/]: Reference map 'arclight.mixins.refmap.json' for arclight.mixins.json could not be read. If this is a development environment you can ignore this message
[27Jul2025 02:13:52.836] [main/ERROR] [net.minecraftforge.fml.loading.RuntimeDistCleaner/DISTXFORM]: Attempted to load class net/minecraft/client/renderer/ScreenEffectRenderer for invalid dist DEDICATED_SERVER
[27Jul2025 02:13:52.838] [main/WARN] [mixin/]: Error loading class: net/minecraft/client/renderer/ScreenEffectRenderer (java.lang.RuntimeException: Attempted to load class net/minecraft/client/renderer/ScreenEffectRenderer for invalid dist DEDICATED_SERVER)
[27Jul2025 02:13:52.838] [main/WARN] [mixin/]: @Mixin target net.minecraft.client.renderer.ScreenEffectRenderer was not found hrbsdrills.mixin.json:GuiMixin
[27Jul2025 02:13:54.033] [main/INFO] [MixinExtras|Service/]: Initializing MixinExtras via com.llamalad7.mixinextras.service.MixinExtrasServiceImpl(version=0.4.1).
[27Jul2025 02:14:01.197] [main/WARN] [mixin/]: Mixin alexscaves.mixins.json:SwampHutPieceMixin has multiple constructors, (Lnet/minecraft/world/level/levelgen/structure/pieces/StructurePieceType;IIIIIILnet/minecraft/core/Direction;)V was selected

[27Jul2025 02:14:02.012] [modloading-worker-0/INFO] [Puzzles Lib/]: Constructing common components for mutantmonsters:main
[27Jul2025 02:14:02.669] [modloading-worker-0/INFO] [graveyard/]: Registered JSON trade offer adapter.
[27Jul2025 02:14:02.795] [modloading-worker-0/INFO] [dev.architectury.networking.forge.NetworkManagerImpl/]: Registering C2S receiver with id architectury:sync_ids
[27Jul2025 02:14:02.803] [modloading-worker-0/INFO] [dev.architectury.networking.forge.NetworkManagerImpl/]: Registering C2S receiver with id artifacts:networking_channel/42a7ad70b1cc371599a0eff744096b8a
[27Jul2025 02:14:02.808] [modloading-worker-0/INFO] [dev.architectury.networking.forge.NetworkManagerImpl/]: Registering C2S receiver with id artifacts:networking_channel/74a5e841822a3a87854ae896a33430d6
[27Jul2025 02:14:02.813] [modloading-worker-0/INFO] [dev.architectury.networking.forge.NetworkManagerImpl/]: Registering C2S receiver with id artifacts:networking_channel/eb3d1e2748533430848cadf0f37c7e9c
[27Jul2025 02:14:02.817] [modloading-worker-0/INFO] [dev.architectury.networking.forge.NetworkManagerImpl/]: Registering C2S receiver with id artifacts:networking_channel/91c8520f19f93b3e8b6a727568e194ab
[27Jul2025 02:14:02.818] [modloading-worker-0/INFO] [dev.architectury.networking.forge.NetworkManagerImpl/]: Registering C2S receiver with id artifacts:networking_channel/8c2784d778293fd482ed84b8aa5fedb9
[27Jul2025 02:14:02.822] [modloading-worker-0/INFO] [dev.architectury.networking.forge.NetworkManagerImpl/]: Registering C2S receiver with id artifacts:networking_channel/ea038224ea783d40b2863f52239e2604
[27Jul2025 02:14:02.828] [modloading-worker-0/INFO] [dev.architectury.networking.forge.NetworkManagerImpl/]: Registering C2S receiver with id artifacts:networking_channel/97ad64b7ecaf33209991c4f031501a58
[27Jul2025 02:14:03.201] [modloading-worker-0/INFO] [info.u_team.u_team_core.util.verify.JarSignVerifier/]: Mod uteamcore is signed with a valid certificate.
[27Jul2025 02:14:03.874] [modloading-worker-0/INFO] [azurelib/FileWatching]: Registered azurelib config for auto-sync function
[27Jul2025 02:14:03.907] [modloading-worker-0/INFO] [net.minecraftforge.common.ForgeMod/FORGEMOD]: Forge mod loading, version 47.3.7, for MC 1.20.1 with MCP 20230612.114412
[27Jul2025 02:14:03.907] [modloading-worker-0/INFO] [net.minecraftforge.common.MinecraftForge/FORGE]: MinecraftForge v47.3.7 Initialized
[27Jul2025 02:14:04.532] [modloading-worker-0/INFO] [info.u_team.u_team_core.util.verify.JarSignVerifier/]: Mod usefulbackpacks is signed with a valid certificate.
[27Jul2025 02:14:06.181] [modloading-worker-0/INFO] [Spartan Shields/]: Constructing Mod: Spartan Shields
[27Jul2025 02:14:07.158] [modloading-worker-0/INFO] [Animal Feeding Trough/]: [Animal Feeding Trough] Load Complete! Enjoy :D
[27Jul2025 02:14:07.215] [modloading-worker-0/INFO] [Puzzles Lib/]: Constructing common components for puzzleslib:main
[27Jul2025 02:14:07.340] [modloading-worker-0/INFO] [be.florens.expandability.ExpandAbility/]: ExpandAbility here, who dis?
[27Jul2025 02:14:25.149] [main/WARN] [dev.architectury.registry.registries.forge.RegistrarManagerImpl/]: Registry entry listened Registry Entry [minecraft:entity_type / mca:male_villager] was not realized!
[27Jul2025 02:14:25.149] [main/WARN] [dev.architectury.registry.registries.forge.RegistrarManagerImpl/]: Registry entry listened Registry Entry [minecraft:entity_type / mca:male_zombie_villager] was not realized!
[27Jul2025 02:14:25.149] [main/WARN] [dev.architectury.registry.registries.forge.RegistrarManagerImpl/]: Registry entry listened Registry Entry [minecraft:entity_type / mca:female_zombie_villager] was not realized!
[27Jul2025 02:14:25.149] [main/WARN] [dev.architectury.registry.registries.forge.RegistrarManagerImpl/]: Registry entry listened Registry Entry [minecraft:entity_type / mca:female_villager] was not realized!
[27Jul2025 02:14:25.149] [main/WARN] [dev.architectury.registry.registries.forge.RegistrarManagerImpl/]: Registry entry listened Registry Entry [minecraft:entity_type / mca:grim_reaper] was not realized!
[27Jul2025 02:14:26.958] [main/WARN] [net.minecraft.network.syncher.SynchedEntityData/]: defineId called for: class com.github.alexmodguy.alexscaves.server.entity.living.TremorzillaEntity from class com.github.alexmodguy.alexscaves.server.entity.living.LicowitchEntity
[27Jul2025 02:14:26.969] [main/WARN] [net.minecraft.network.syncher.SynchedEntityData/]: defineId called for: class net.mcreator.borninchaosv.entity.BabySpiderEntity from class net.mcreator.borninchaosv.entity.MotherSpiderEntity
[27Jul2025 02:14:26.978] [main/WARN] [net.minecraft.network.syncher.SynchedEntityData/]: defineId called for: class net.miauczel.legendary_monsters.entity.AnimatedMonster.Mobs.Shulker_MimicEntity from class net.miauczel.legendary_monsters.entity.AnimatedMonster.Old.OldShulkerMimic
[27Jul2025 02:14:26.979] [main/WARN] [net.minecraft.network.syncher.SynchedEntityData/]: defineId called for: class net.miauczel.legendary_monsters.entity.AnimatedMonster.IAnimatedBoss.CloudGolem.Cloud_GolemEntity from class net.miauczel.legendary_monsters.entity.AnimatedMonster.OriginClasses.IAnimatedBoss
[27Jul2025 02:14:26.979] [main/WARN] [net.minecraft.network.syncher.SynchedEntityData/]: defineId called for: class net.miauczel.legendary_monsters.entity.AnimatedMonster.IAnimatedBoss.CloudGolem.Cloud_GolemEntity from class net.miauczel.legendary_monsters.entity.AnimatedMonster.OriginClasses.IAnimatedBoss
[27Jul2025 02:14:26.979] [main/WARN] [net.minecraft.network.syncher.SynchedEntityData/]: defineId called for: class net.miauczel.legendary_monsters.entity.AnimatedMonster.IAnimatedBoss.CloudGolem.Cloud_GolemEntity from class net.miauczel.legendary_monsters.entity.AnimatedMonster.OriginClasses.IAnimatedBoss
[27Jul2025 02:14:27.001] [main/WARN] [net.minecraft.network.syncher.SynchedEntityData/]: defineId called for: class forge.net.mca.entity.VillagerEntityMCA from class forge.net.mca.util.network.datasync.CDataParameter
[27Jul2025 02:14:27.001] [main/WARN] [net.minecraft.network.syncher.SynchedEntityData/]: defineId called for: class forge.net.mca.entity.VillagerEntityMCA from class forge.net.mca.util.network.datasync.CDataParameter
[27Jul2025 02:14:27.001] [main/WARN] [net.minecraft.network.syncher.SynchedEntityData/]: defineId called for: class forge.net.mca.entity.VillagerEntityMCA from class forge.net.mca.util.network.datasync.CDataParameter
[27Jul2025 02:14:27.001] [main/WARN] [net.minecraft.network.syncher.SynchedEntityData/]: defineId called for: class forge.net.mca.entity.VillagerEntityMCA from class forge.net.mca.util.network.datasync.CDataParameter
[27Jul2025 02:14:27.001] [main/WARN] [net.minecraft.network.syncher.SynchedEntityData/]: defineId called for: class forge.net.mca.entity.VillagerEntityMCA from class forge.net.mca.util.network.datasync.CDataParameter
[27Jul2025 02:14:27.002] [main/WARN] [net.minecraft.network.syncher.SynchedEntityData/]: defineId called for: class forge.net.mca.entity.VillagerEntityMCA from class forge.net.mca.util.network.datasync.CDataParameter
[27Jul2025 02:14:27.002] [main/WARN] [net.minecraft.network.syncher.SynchedEntityData/]: defineId called for: class forge.net.mca.entity.VillagerEntityMCA from class forge.net.mca.util.network.datasync.CDataParameter
[27Jul2025 02:14:27.002] [main/WARN] [net.minecraft.network.syncher.SynchedEntityData/]: defineId called for: class forge.net.mca.entity.VillagerEntityMCA from class forge.net.mca.util.network.datasync.CEnumParameter
[27Jul2025 02:14:27.004] [main/WARN] [net.minecraft.network.syncher.SynchedEntityData/]: defineId called for: class forge.net.mca.entity.VillagerEntityMCA from class forge.net.mca.util.network.datasync.CDataParameter
[27Jul2025 02:14:27.004] [main/WARN] [net.minecraft.network.syncher.SynchedEntityData/]: defineId called for: class forge.net.mca.entity.VillagerEntityMCA from class forge.net.mca.util.network.datasync.CDataParameter
[27Jul2025 02:14:27.004] [main/WARN] [net.minecraft.network.syncher.SynchedEntityData/]: defineId called for: class forge.net.mca.entity.VillagerEntityMCA from class forge.net.mca.util.network.datasync.CDataParameter
[27Jul2025 02:14:27.004] [main/WARN] [net.minecraft.network.syncher.SynchedEntityData/]: defineId called for: class forge.net.mca.entity.VillagerEntityMCA from class forge.net.mca.util.network.datasync.CDataParameter
[27Jul2025 02:14:27.004] [main/WARN] [net.minecraft.network.syncher.SynchedEntityData/]: defineId called for: class forge.net.mca.entity.VillagerEntityMCA from class forge.net.mca.util.network.datasync.CDataParameter
[27Jul2025 02:14:27.004] [main/WARN] [net.minecraft.network.syncher.SynchedEntityData/]: defineId called for: class forge.net.mca.entity.VillagerEntityMCA from class forge.net.mca.util.network.datasync.CDataParameter
[27Jul2025 02:14:27.005] [main/WARN] [net.minecraft.network.syncher.SynchedEntityData/]: defineId called for: class forge.net.mca.entity.VillagerEntityMCA from class forge.net.mca.util.network.datasync.CDataParameter
[27Jul2025 02:14:27.005] [main/WARN] [net.minecraft.network.syncher.SynchedEntityData/]: defineId called for: class forge.net.mca.entity.VillagerEntityMCA from class forge.net.mca.util.network.datasync.CDataParameter
[27Jul2025 02:14:27.005] [main/WARN] [net.minecraft.network.syncher.SynchedEntityData/]: defineId called for: class forge.net.mca.entity.VillagerEntityMCA from class forge.net.mca.util.network.datasync.CDataParameter
[27Jul2025 02:14:27.005] [main/WARN] [net.minecraft.network.syncher.SynchedEntityData/]: defineId called for: class forge.net.mca.entity.VillagerEntityMCA from class forge.net.mca.util.network.datasync.CDataParameter
[27Jul2025 02:14:27.005] [main/WARN] [net.minecraft.network.syncher.SynchedEntityData/]: defineId called for: class forge.net.mca.entity.VillagerEntityMCA from class forge.net.mca.util.network.datasync.CDataParameter
[27Jul2025 02:14:27.006] [main/WARN] [net.minecraft.network.syncher.SynchedEntityData/]: defineId called for: class forge.net.mca.entity.VillagerEntityMCA from class forge.net.mca.util.network.datasync.CEnumParameter
[27Jul2025 02:14:27.006] [main/WARN] [net.minecraft.network.syncher.SynchedEntityData/]: defineId called for: class forge.net.mca.entity.VillagerEntityMCA from class forge.net.mca.util.network.datasync.CDataParameter
[27Jul2025 02:14:27.010] [main/WARN] [net.minecraft.network.syncher.SynchedEntityData/]: defineId called for: class forge.net.mca.entity.VillagerEntityMCA from class forge.net.mca.util.network.datasync.CDataParameter
[27Jul2025 02:14:27.010] [main/WARN] [net.minecraft.network.syncher.SynchedEntityData/]: defineId called for: class forge.net.mca.entity.VillagerEntityMCA from class forge.net.mca.util.network.datasync.CEnumParameter
[27Jul2025 02:14:27.010] [main/WARN] [net.minecraft.network.syncher.SynchedEntityData/]: defineId called for: class forge.net.mca.entity.VillagerEntityMCA from class forge.net.mca.util.network.datasync.CDataParameter
[27Jul2025 02:14:27.010] [main/WARN] [net.minecraft.network.syncher.SynchedEntityData/]: defineId called for: class forge.net.mca.entity.VillagerEntityMCA from class forge.net.mca.util.network.datasync.CEnumParameter
[27Jul2025 02:14:27.011] [main/WARN] [net.minecraft.network.syncher.SynchedEntityData/]: defineId called for: class forge.net.mca.entity.VillagerEntityMCA from class forge.net.mca.util.network.datasync.CEnumParameter
[27Jul2025 02:14:27.011] [main/WARN] [net.minecraft.network.syncher.SynchedEntityData/]: defineId called for: class forge.net.mca.entity.VillagerEntityMCA from class forge.net.mca.util.network.datasync.CDataParameter
[27Jul2025 02:14:27.011] [main/WARN] [net.minecraft.network.syncher.SynchedEntityData/]: defineId called for: class forge.net.mca.entity.VillagerEntityMCA from class forge.net.mca.util.network.datasync.CDataParameter
[27Jul2025 02:14:27.011] [main/WARN] [net.minecraft.network.syncher.SynchedEntityData/]: defineId called for: class forge.net.mca.entity.VillagerEntityMCA from class forge.net.mca.util.network.datasync.CDataParameter
[27Jul2025 02:14:27.011] [main/WARN] [net.minecraft.network.syncher.SynchedEntityData/]: defineId called for: class forge.net.mca.entity.VillagerEntityMCA from class forge.net.mca.util.network.datasync.CDataParameter
[27Jul2025 02:14:27.012] [main/WARN] [net.minecraft.network.syncher.SynchedEntityData/]: defineId called for: class forge.net.mca.entity.VillagerEntityMCA from class forge.net.mca.util.network.datasync.CDataParameter
[27Jul2025 02:14:27.013] [main/WARN] [net.minecraft.network.syncher.SynchedEntityData/]: defineId called for: class forge.net.mca.entity.VillagerEntityMCA from class forge.net.mca.util.network.datasync.CDataParameter
[27Jul2025 02:14:27.018] [main/WARN] [net.minecraft.network.syncher.SynchedEntityData/]: defineId called for: class forge.net.mca.entity.VillagerEntityMCA from class forge.net.mca.util.network.datasync.CDataParameter
[27Jul2025 02:14:27.018] [main/WARN] [net.minecraft.network.syncher.SynchedEntityData/]: defineId called for: class forge.net.mca.entity.VillagerEntityMCA from class forge.net.mca.util.network.datasync.CDataParameter
[27Jul2025 02:14:27.019] [main/WARN] [net.minecraft.network.syncher.SynchedEntityData/]: defineId called for: class forge.net.mca.entity.VillagerEntityMCA from class forge.net.mca.util.network.datasync.CDataParameter
[27Jul2025 02:14:27.019] [main/WARN] [net.minecraft.network.syncher.SynchedEntityData/]: defineId called for: class forge.net.mca.entity.VillagerEntityMCA from class forge.net.mca.util.network.datasync.CDataParameter
[27Jul2025 02:14:27.019] [main/WARN] [net.minecraft.network.syncher.SynchedEntityData/]: defineId called for: class forge.net.mca.entity.VillagerEntityMCA from class forge.net.mca.util.network.datasync.CDataParameter
[27Jul2025 02:14:27.020] [main/WARN] [net.minecraft.network.syncher.SynchedEntityData/]: defineId called for: class forge.net.mca.entity.GrimReaperEntity from class forge.net.mca.util.network.datasync.CEnumParameter
[27Jul2025 02:14:27.082] [main/WARN] [net.minecraftforge.common.ForgeConfigSpec/CORE]: Configuration file /workspaces/Minecraft/servidor_minecraft/config/Hexerei-common.toml is not correct. Correcting
[27Jul2025 02:14:27.083] [main/WARN] [net.minecraftforge.common.ForgeConfigSpec/CORE]: Incorrect key Herb Jar Settings was corrected from null to its default, SimpleCommentedConfig:{}. 
[27Jul2025 02:14:27.083] [main/WARN] [net.minecraftforge.common.ForgeConfigSpec/CORE]: Incorrect key Herb Jar Settings.jars_only_hold_herbs was corrected from null to its default, true. 
[27Jul2025 02:14:27.084] [main/WARN] [net.minecraftforge.common.ForgeConfigSpec/CORE]: Incorrect key Sage Burning Plate Settings was corrected from null to its default, SimpleCommentedConfig:{}. 
[27Jul2025 02:14:27.084] [main/WARN] [net.minecraftforge.common.ForgeConfigSpec/CORE]: Incorrect key Sage Burning Plate Settings.spawn_disable_range was corrected from null to its default, 48. 
[27Jul2025 02:14:27.085] [main/WARN] [net.minecraftforge.common.ForgeConfigSpec/CORE]: Incorrect key Crow Pickpocket Cooldown was corrected from null to its default, SimpleCommentedConfig:{}. 
[27Jul2025 02:14:27.085] [main/WARN] [net.minecraftforge.common.ForgeConfigSpec/CORE]: Incorrect key Crow Pickpocket Cooldown.crow_pickpocket_cooldown was corrected from null to its default, 1800. 
[27Jul2025 02:14:27.085] [main/WARN] [net.minecraftforge.common.ForgeConfigSpec/CORE]: Incorrect key Broom Brush Durability was corrected from null to its default, SimpleCommentedConfig:{}. 
[27Jul2025 02:14:27.085] [main/WARN] [net.minecraftforge.common.ForgeConfigSpec/CORE]: Incorrect key Broom Brush Durability.broom_brush_durability was corrected from null to its default, 100. 
[27Jul2025 02:14:27.086] [main/WARN] [net.minecraftforge.common.ForgeConfigSpec/CORE]: Incorrect key Herb Enhanced Brush Durability was corrected from null to its default, SimpleCommentedConfig:{}. 
[27Jul2025 02:14:27.086] [main/WARN] [net.minecraftforge.common.ForgeConfigSpec/CORE]: Incorrect key Herb Enhanced Brush Durability.herb_enhanced_brush_durability was corrected from null to its default, 200. 
[27Jul2025 02:14:27.086] [main/WARN] [net.minecraftforge.common.ForgeConfigSpec/CORE]: Incorrect key Moon Dust Brush Durability was corrected from null to its default, SimpleCommentedConfig:{}. 
[27Jul2025 02:14:27.086] [main/WARN] [net.minecraftforge.common.ForgeConfigSpec/CORE]: Incorrect key Moon Dust Brush Durability.moon_dust_brush_durability was corrected from null to its default, 200. 
[27Jul2025 02:14:27.087] [main/WARN] [net.minecraftforge.common.ForgeConfigSpec/CORE]: Incorrect key Thruster Brush Durability was corrected from null to its default, SimpleCommentedConfig:{}. 
[27Jul2025 02:14:27.087] [main/WARN] [net.minecraftforge.common.ForgeConfigSpec/CORE]: Incorrect key Thruster Brush Durability.thruster_brush_durability was corrected from null to its default, 400. 
[27Jul2025 02:14:27.087] [main/WARN] [net.minecraftforge.common.ForgeConfigSpec/CORE]: Incorrect key Broom Waterproof Tip Durability was corrected from null to its default, SimpleCommentedConfig:{}. 
[27Jul2025 02:14:27.087] [main/WARN] [net.minecraftforge.common.ForgeConfigSpec/CORE]: Incorrect key Broom Waterproof Tip Durability.broom_waterproof_tip_durability was corrected from null to its default, 800. 
[27Jul2025 02:14:27.088] [main/WARN] [net.minecraftforge.common.ForgeConfigSpec/CORE]: Incorrect key Broom Netherite Tip Durability was corrected from null to its default, SimpleCommentedConfig:{}. 
[27Jul2025 02:14:27.088] [main/WARN] [net.minecraftforge.common.ForgeConfigSpec/CORE]: Incorrect key Broom Netherite Tip Durability.broom_netherite_tip_durability was corrected from null to its default, 200. 
[27Jul2025 02:14:27.089] [main/WARN] [net.minecraftforge.common.ForgeConfigSpec/CORE]: Incorrect key Sage Bundle Durability was corrected from null to its default, SimpleCommentedConfig:{}. 
[27Jul2025 02:14:27.089] [main/WARN] [net.minecraftforge.common.ForgeConfigSpec/CORE]: Incorrect key Sage Bundle Durability.sage_bundle_durability was corrected from null to its default, 3600. 
[27Jul2025 02:14:27.090] [main/WARN] [net.minecraftforge.common.ForgeConfigSpec/CORE]: Incorrect key Coffer Item Blacklist was corrected from null to its default, SimpleCommentedConfig:{}. 
[27Jul2025 02:14:27.090] [main/WARN] [net.minecraftforge.common.ForgeConfigSpec/CORE]: Incorrect key Coffer Item Blacklist.coffer_blacklist was corrected from null to its default, [minecraft:shulker_box, minecraft:white_shulker_box, minecraft:orange_shulker_box, minecraft:magenta_shulker_box, minecraft:light_blue_shulker_box, minecraft:yellow_shulker_box, minecraft:lime_shulker_box, minecraft:pink_shulker_box, minecraft:gray_shulker_box, minecraft:light_gray_shulker_box, minecraft:cyan_shulker_box, minecraft:purple_shulker_box, minecraft:blue_shulker_box, minecraft:brown_shulker_box, minecraft:green_shulker_box, minecraft:red_shulker_box, minecraft:black_shulker_box, hexerei:coffer]. 
[27Jul2025 02:14:27.091] [main/WARN] [net.minecraftforge.common.ForgeConfigSpec/CORE]: Incorrect key Biome Generation was corrected from null to its default, SimpleCommentedConfig:{}. 
[27Jul2025 02:14:27.091] [main/WARN] [net.minecraftforge.common.ForgeConfigSpec/CORE]: Incorrect key Biome Generation.willow_swamp_rarity was corrected from null to its default, 2. 
[27Jul2025 02:14:27.096] [main/WARN] [net.minecraftforge.common.ForgeConfigSpec/CORE]: Configuration file /workspaces/Minecraft/servidor_minecraft/config/mutantmonsters-common.toml is not correct. Correcting
[27Jul2025 02:14:27.097] [main/WARN] [net.minecraftforge.common.ForgeConfigSpec/CORE]: Incorrect key mutant_creeper_spawn_weight was corrected from null to its default, 0.05. 
[27Jul2025 02:14:27.098] [main/WARN] [net.minecraftforge.common.ForgeConfigSpec/CORE]: Incorrect key mutant_enderman_spawn_weight was corrected from null to its default, 0.05. 
[27Jul2025 02:14:27.098] [main/WARN] [net.minecraftforge.common.ForgeConfigSpec/CORE]: Incorrect key mutant_skeleton_spawn_weight was corrected from null to its default, 0.05. 
[27Jul2025 02:14:27.099] [main/WARN] [net.minecraftforge.common.ForgeConfigSpec/CORE]: Incorrect key mutant_zombie_spawn_weight was corrected from null to its default, 0.05. 
[27Jul2025 02:14:27.100] [main/INFO] [Puzzles Lib/]: Loading common config for mutantmonsters
[27Jul2025 02:14:27.100] [Thread-2/INFO] [Puzzles Lib/]: Reloading common config for mutantmonsters
[27Jul2025 02:14:27.101] [Thread-2/INFO] [Puzzles Lib/]: Reloading common config for mutantmonsters
[27Jul2025 02:14:27.101] [Thread-2/INFO] [Puzzles Lib/]: Reloading common config for mutantmonsters
[27Jul2025 02:14:27.102] [main/WARN] [net.minecraftforge.common.ForgeConfigSpec/CORE]: Configuration file /workspaces/Minecraft/servidor_minecraft/config/endertrigon-common.toml is not correct. Correcting
[27Jul2025 02:14:27.103] [main/WARN] [net.minecraftforge.common.ForgeConfigSpec/CORE]: Incorrect key enabled_custom_phases was corrected from null to its default, SimpleCommentedConfig:{}. 
[27Jul2025 02:14:27.103] [main/WARN] [net.minecraftforge.common.ForgeConfigSpec/CORE]: Incorrect key enabled_custom_phases.enableSnatchPlayer was corrected from null to its default, true. 
[27Jul2025 02:14:27.104] [main/WARN] [net.minecraftforge.common.ForgeConfigSpec/CORE]: Incorrect key enabled_custom_phases.enableCrashPlayer was corrected from null to its default, true. 
[27Jul2025 02:14:27.104] [main/WARN] [net.minecraftforge.common.ForgeConfigSpec/CORE]: Incorrect key enabled_custom_phases.enableDiveBombPlayer was corrected from null to its default, true. 
[27Jul2025 02:14:27.105] [main/WARN] [net.minecraftforge.common.ForgeConfigSpec/CORE]: Incorrect key skipLandingPhase was corrected from null to its default, true. 
[27Jul2025 02:14:27.106] [main/WARN] [net.minecraftforge.common.ForgeConfigSpec/CORE]: Incorrect key crashPhaseDestroysBlocks was corrected from null to its default, true. 
[27Jul2025 02:14:27.106] [main/WARN] [net.minecraftforge.common.ForgeConfigSpec/CORE]: Incorrect key maxBabyEnderDragons was corrected from null to its default, 4. 
[27Jul2025 02:14:27.107] [main/WARN] [net.minecraftforge.common.ForgeConfigSpec/CORE]: Incorrect key attacksUntilPerch was corrected from null to its default, 4. 
[27Jul2025 02:14:27.110] [main/WARN] [net.minecraftforge.common.ForgeConfigSpec/CORE]: Configuration file /workspaces/Minecraft/servidor_minecraft/config/mowziesmobs-common.toml is not correct. Correcting
[27Jul2025 02:14:27.110] [main/WARN] [net.minecraftforge.common.ForgeConfigSpec/CORE]: Incorrect key tools_and_abilities was corrected from null to its default, SimpleCommentedConfig:{}. 
[27Jul2025 02:14:27.110] [main/WARN] [net.minecraftforge.common.ForgeConfigSpec/CORE]: Incorrect key tools_and_abilities.suns_blessing was corrected from null to its default, SimpleCommentedConfig:{}. 
[27Jul2025 02:14:27.111] [main/WARN] [net.minecraftforge.common.ForgeConfigSpec/CORE]: Incorrect key tools_and_abilities.suns_blessing.suns_blessing_duration was corrected from null to its default, 60. 
[27Jul2025 02:14:27.111] [main/WARN] [net.minecraftforge.common.ForgeConfigSpec/CORE]: Incorrect key tools_and_abilities.suns_blessing.suns_blessing_attack_multiplier was corrected from null to its default, 1.0. 
[27Jul2025 02:14:27.111] [main/WARN] [net.minecraftforge.common.ForgeConfigSpec/CORE]: Incorrect key tools_and_abilities.suns_blessing.solar_beam_cost was corrected from null to its default, 5. 
[27Jul2025 02:14:27.111] [main/WARN] [net.minecraftforge.common.ForgeConfigSpec/CORE]: Incorrect key tools_and_abilities.supernova_cost was corrected from null to its default, 60. 
[27Jul2025 02:14:27.111] [main/WARN] [net.minecraftforge.common.ForgeConfigSpec/CORE]: Incorrect key tools_and_abilities.wrought_helm was corrected from null to its default, SimpleCommentedConfig:{}. 
[27Jul2025 02:14:27.111] [main/WARN] [net.minecraftforge.common.ForgeConfigSpec/CORE]: Incorrect key tools_and_abilities.wrought_helm.armor_config was corrected from null to its default, SimpleCommentedConfig:{}. 
[27Jul2025 02:14:27.111] [main/WARN] [net.minecraftforge.common.ForgeConfigSpec/CORE]: Incorrect key tools_and_abilities.wrought_helm.armor_config.damage_reduction_multiplier was corrected from null to its default, 1.0. 
[27Jul2025 02:14:27.111] [main/WARN] [net.minecraftforge.common.ForgeConfigSpec/CORE]: Incorrect key tools_and_abilities.wrought_helm.armor_config.toughness_multiplier was corrected from null to its default, 1.0. 
[27Jul2025 02:14:27.111] [main/WARN] [net.minecraftforge.common.ForgeConfigSpec/CORE]: Incorrect key tools_and_abilities.wrought_helm.breakable was corrected from null to its default, false. 
[27Jul2025 02:14:27.112] [main/WARN] [net.minecraftforge.common.ForgeConfigSpec/CORE]: Incorrect key tools_and_abilities.axe_of_a_thousand_metals was corrected from null to its default, SimpleCommentedConfig:{}. 
[27Jul2025 02:14:27.112] [main/WARN] [net.minecraftforge.common.ForgeConfigSpec/CORE]: Incorrect key tools_and_abilities.axe_of_a_thousand_metals.tool_config was corrected from null to its default, SimpleCommentedConfig:{}. 
[27Jul2025 02:14:27.112] [main/WARN] [net.minecraftforge.common.ForgeConfigSpec/CORE]: Incorrect key tools_and_abilities.axe_of_a_thousand_metals.tool_config.attack_damage was corrected from null to its default, 9.0. 
[27Jul2025 02:14:27.112] [main/WARN] [net.minecraftforge.common.ForgeConfigSpec/CORE]: Incorrect key tools_and_abilities.axe_of_a_thousand_metals.tool_config.attack_speed was corrected from null to its default, 0.8999999761581421. 
[27Jul2025 02:14:27.112] [main/WARN] [net.minecraftforge.common.ForgeConfigSpec/CORE]: Incorrect key tools_and_abilities.axe_of_a_thousand_metals.breakable was corrected from null to its default, false. 
[27Jul2025 02:14:27.112] [main/WARN] [net.minecraftforge.common.ForgeConfigSpec/CORE]: Incorrect key tools_and_abilities.sol_visage was corrected from null to its default, SimpleCommentedConfig:{}. 
[27Jul2025 02:14:27.112] [main/WARN] [net.minecraftforge.common.ForgeConfigSpec/CORE]: Incorrect key tools_and_abilities.sol_visage.armor_config was corrected from null to its default, SimpleCommentedConfig:{}. 
[27Jul2025 02:14:27.112] [main/WARN] [net.minecraftforge.common.ForgeConfigSpec/CORE]: Incorrect key tools_and_abilities.sol_visage.armor_config.damage_reduction_multiplier was corrected from null to its default, 1.0. 
[27Jul2025 02:14:27.113] [main/WARN] [net.minecraftforge.common.ForgeConfigSpec/CORE]: Incorrect key tools_and_abilities.sol_visage.armor_config.toughness_multiplier was corrected from null to its default, 1.0. 
[27Jul2025 02:14:27.113] [main/WARN] [net.minecraftforge.common.ForgeConfigSpec/CORE]: Incorrect key tools_and_abilities.sol_visage.breakable was corrected from null to its default, false. 
[27Jul2025 02:14:27.113] [main/WARN] [net.minecraftforge.common.ForgeConfigSpec/CORE]: Incorrect key tools_and_abilities.sol_visage.max_followers was corrected from null to its default, 10. 
[27Jul2025 02:14:27.113] [main/WARN] [net.minecraftforge.common.ForgeConfigSpec/CORE]: Incorrect key tools_and_abilities.ice_crystal was corrected from null to its default, SimpleCommentedConfig:{}. 
[27Jul2025 02:14:27.113] [main/WARN] [net.minecraftforge.common.ForgeConfigSpec/CORE]: Incorrect key tools_and_abilities.ice_crystal.attack_multiplier was corrected from null to its default, 1.0. 
[27Jul2025 02:14:27.113] [main/WARN] [net.minecraftforge.common.ForgeConfigSpec/CORE]: Incorrect key tools_and_abilities.ice_crystal.breakable was corrected from null to its default, false. 
[27Jul2025 02:14:27.113] [main/WARN] [net.minecraftforge.common.ForgeConfigSpec/CORE]: Incorrect key tools_and_abilities.ice_crystal.durability was corrected from null to its default, 600. 
[27Jul2025 02:14:27.113] [main/WARN] [net.minecraftforge.common.ForgeConfigSpec/CORE]: Incorrect key tools_and_abilities.ice_crystal.freeze_duration was corrected from null to its default, 50. 
[27Jul2025 02:14:27.113] [main/WARN] [net.minecraftforge.common.ForgeConfigSpec/CORE]: Incorrect key tools_and_abilities.umvuthana_mask was corrected from null to its default, SimpleCommentedConfig:{}. 
[27Jul2025 02:14:27.114] [main/WARN] [net.minecraftforge.common.ForgeConfigSpec/CORE]: Incorrect key tools_and_abilities.umvuthana_mask.armor_config was corrected from null to its default, SimpleCommentedConfig:{}. 
[27Jul2025 02:14:27.114] [main/WARN] [net.minecraftforge.common.ForgeConfigSpec/CORE]: Incorrect key tools_and_abilities.umvuthana_mask.armor_config.damage_reduction_multiplier was corrected from null to its default, 1.0. 
[27Jul2025 02:14:27.114] [main/WARN] [net.minecraftforge.common.ForgeConfigSpec/CORE]: Incorrect key tools_and_abilities.umvuthana_mask.armor_config.toughness_multiplier was corrected from null to its default, 1.0. 
[27Jul2025 02:14:27.114] [main/WARN] [net.minecraftforge.common.ForgeConfigSpec/CORE]: Incorrect key tools_and_abilities.geomancerArmor was corrected from null to its default, SimpleCommentedConfig:{}. 
[27Jul2025 02:14:27.114] [main/WARN] [net.minecraftforge.common.ForgeConfigSpec/CORE]: Incorrect key tools_and_abilities.geomancerArmor.armor_config was corrected from null to its default, SimpleCommentedConfig:{}. 
[27Jul2025 02:14:27.114] [main/WARN] [net.minecraftforge.common.ForgeConfigSpec/CORE]: Incorrect key tools_and_abilities.geomancerArmor.armor_config.damage_reduction_multiplier was corrected from null to its default, 1.0. 
[27Jul2025 02:14:27.114] [main/WARN] [net.minecraftforge.common.ForgeConfigSpec/CORE]: Incorrect key tools_and_abilities.geomancerArmor.armor_config.toughness_multiplier was corrected from null to its default, 1.0. 
[27Jul2025 02:14:27.114] [main/WARN] [net.minecraftforge.common.ForgeConfigSpec/CORE]: Incorrect key tools_and_abilities.spear was corrected from null to its default, SimpleCommentedConfig:{}. 
[27Jul2025 02:14:27.114] [main/WARN] [net.minecraftforge.common.ForgeConfigSpec/CORE]: Incorrect key tools_and_abilities.spear.tool_config was corrected from null to its default, SimpleCommentedConfig:{}. 
[27Jul2025 02:14:27.114] [main/WARN] [net.minecraftforge.common.ForgeConfigSpec/CORE]: Incorrect key tools_and_abilities.spear.tool_config.attack_damage was corrected from null to its default, 5.0. 
[27Jul2025 02:14:27.115] [main/WARN] [net.minecraftforge.common.ForgeConfigSpec/CORE]: Incorrect key tools_and_abilities.spear.tool_config.attack_speed was corrected from null to its default, 1.600000023841858. 
[27Jul2025 02:14:27.115] [main/WARN] [net.minecraftforge.common.ForgeConfigSpec/CORE]: Incorrect key tools_and_abilities.naga_fang_dagger was corrected from null to its default, SimpleCommentedConfig:{}. 
[27Jul2025 02:14:27.115] [main/WARN] [net.minecraftforge.common.ForgeConfigSpec/CORE]: Incorrect key tools_and_abilities.naga_fang_dagger.tool_config was corrected from null to its default, SimpleCommentedConfig:{}. 
[27Jul2025 02:14:27.115] [main/WARN] [net.minecraftforge.common.ForgeConfigSpec/CORE]: Incorrect key tools_and_abilities.naga_fang_dagger.tool_config.attack_damage was corrected from null to its default, 3.0. 
[27Jul2025 02:14:27.115] [main/WARN] [net.minecraftforge.common.ForgeConfigSpec/CORE]: Incorrect key tools_and_abilities.naga_fang_dagger.tool_config.attack_speed was corrected from null to its default, 2.0. 
[27Jul2025 02:14:27.115] [main/WARN] [net.minecraftforge.common.ForgeConfigSpec/CORE]: Incorrect key tools_and_abilities.naga_fang_dagger.poison_duration was corrected from null to its default, 40. 
[27Jul2025 02:14:27.115] [main/WARN] [net.minecraftforge.common.ForgeConfigSpec/CORE]: Incorrect key tools_and_abilities.naga_fang_dagger.backstab_damage_mult was corrected from null to its default, 2.0. 
[27Jul2025 02:14:27.116] [main/WARN] [net.minecraftforge.common.ForgeConfigSpec/CORE]: Incorrect key tools_and_abilities.blowgun was corrected from null to its default, SimpleCommentedConfig:{}. 
[27Jul2025 02:14:27.116] [main/WARN] [net.minecraftforge.common.ForgeConfigSpec/CORE]: Incorrect key tools_and_abilities.blowgun.poison_duration was corrected from null to its default, 40. 
[27Jul2025 02:14:27.116] [main/WARN] [net.minecraftforge.common.ForgeConfigSpec/CORE]: Incorrect key tools_and_abilities.blowgun.attack_damage was corrected from null to its default, 1.0. 
[27Jul2025 02:14:27.116] [main/WARN] [net.minecraftforge.common.ForgeConfigSpec/CORE]: Incorrect key tools_and_abilities.earthrend_gauntlet was corrected from null to its default, SimpleCommentedConfig:{}. 
[27Jul2025 02:14:27.116] [main/WARN] [net.minecraftforge.common.ForgeConfigSpec/CORE]: Incorrect key tools_and_abilities.earthrend_gauntlet.attack_multiplier was corrected from null to its default, 1.0. 
[27Jul2025 02:14:27.116] [main/WARN] [net.minecraftforge.common.ForgeConfigSpec/CORE]: Incorrect key tools_and_abilities.earthrend_gauntlet.breakable was corrected from null to its default, false. 
[27Jul2025 02:14:27.117] [main/WARN] [net.minecraftforge.common.ForgeConfigSpec/CORE]: Incorrect key tools_and_abilities.earthrend_gauntlet.durability was corrected from null to its default, 400. 
[27Jul2025 02:14:27.117] [main/WARN] [net.minecraftforge.common.ForgeConfigSpec/CORE]: Incorrect key tools_and_abilities.earthrend_gauntlet.enable_tunneling was corrected from null to its default, true. 
[27Jul2025 02:14:27.117] [main/WARN] [net.minecraftforge.common.ForgeConfigSpec/CORE]: Incorrect key tools_and_abilities.earthrend_gauntlet.tool_config was corrected from null to its default, SimpleCommentedConfig:{}. 
[27Jul2025 02:14:27.117] [main/WARN] [net.minecraftforge.common.ForgeConfigSpec/CORE]: Incorrect key tools_and_abilities.earthrend_gauntlet.tool_config.attack_damage was corrected from null to its default, 6.0. 
[27Jul2025 02:14:27.117] [main/WARN] [net.minecraftforge.common.ForgeConfigSpec/CORE]: Incorrect key tools_and_abilities.earthrend_gauntlet.tool_config.attack_speed was corrected from null to its default, 1.2000000476837158. 
[27Jul2025 02:14:27.117] [main/WARN] [net.minecraftforge.common.ForgeConfigSpec/CORE]: Incorrect key tools_and_abilities.sculptor_staff was corrected from null to its default, SimpleCommentedConfig:{}. 
[27Jul2025 02:14:27.117] [main/WARN] [net.minecraftforge.common.ForgeConfigSpec/CORE]: Incorrect key tools_and_abilities.sculptor_staff.tool_config was corrected from null to its default, SimpleCommentedConfig:{}. 
[27Jul2025 02:14:27.118] [main/WARN] [net.minecraftforge.common.ForgeConfigSpec/CORE]: Incorrect key tools_and_abilities.sculptor_staff.tool_config.attack_damage was corrected from null to its default, 3.0. 
[27Jul2025 02:14:27.118] [main/WARN] [net.minecraftforge.common.ForgeConfigSpec/CORE]: Incorrect key tools_and_abilities.sculptor_staff.tool_config.attack_speed was corrected from null to its default, 1.0. 
[27Jul2025 02:14:27.118] [main/WARN] [net.minecraftforge.common.ForgeConfigSpec/CORE]: Incorrect key tools_and_abilities.sculptor_staff.attack_multiplier was corrected from null to its default, 1.0. 
[27Jul2025 02:14:27.119] [main/WARN] [net.minecraftforge.common.ForgeConfigSpec/CORE]: Incorrect key mobs was corrected from null to its default, SimpleCommentedConfig:{}. 
[27Jul2025 02:14:27.119] [main/WARN] [net.minecraftforge.common.ForgeConfigSpec/CORE]: Incorrect key mobs.frostmaw was corrected from null to its default, SimpleCommentedConfig:{}. 
[27Jul2025 02:14:27.119] [main/WARN] [net.minecraftforge.common.ForgeConfigSpec/CORE]: Incorrect key mobs.frostmaw.biome_config was corrected from null to its default, SimpleCommentedConfig:{}. 
[27Jul2025 02:14:27.119] [main/WARN] [net.minecraftforge.common.ForgeConfigSpec/CORE]: Incorrect key mobs.frostmaw.biome_config.biome_tags was corrected from null to its default, [forge:is_snowy,!minecraft:is_ocean,!minecraft:is_river,!minecraft:is_beach,!minecraft:is_forest,!minecraft:is_taiga]. 
[27Jul2025 02:14:27.119] [main/WARN] [net.minecraftforge.common.ForgeConfigSpec/CORE]: Incorrect key mobs.frostmaw.biome_config.biome_whitelist was corrected from null to its default, []. 
[27Jul2025 02:14:27.119] [main/WARN] [net.minecraftforge.common.ForgeConfigSpec/CORE]: Incorrect key mobs.frostmaw.biome_config.biome_blacklist was corrected from null to its default, []. 
[27Jul2025 02:14:27.120] [main/WARN] [net.minecraftforge.common.ForgeConfigSpec/CORE]: Incorrect key mobs.frostmaw.generation_config was corrected from null to its default, SimpleCommentedConfig:{}. 
[27Jul2025 02:14:27.120] [main/WARN] [net.minecraftforge.common.ForgeConfigSpec/CORE]: Incorrect key mobs.frostmaw.generation_config.generation_distance was corrected from null to its default, 25. 
[27Jul2025 02:14:27.120] [main/WARN] [net.minecraftforge.common.ForgeConfigSpec/CORE]: Incorrect key mobs.frostmaw.generation_config.generation_separation was corrected from null to its default, 8. 
[27Jul2025 02:14:27.120] [main/WARN] [net.minecraftforge.common.ForgeConfigSpec/CORE]: Incorrect key mobs.frostmaw.generation_config.height_max was corrected from null to its default, 100.0. 
[27Jul2025 02:14:27.120] [main/WARN] [net.minecraftforge.common.ForgeConfigSpec/CORE]: Incorrect key mobs.frostmaw.generation_config.height_min was corrected from null to its default, 50.0. 
[27Jul2025 02:14:27.120] [main/WARN] [net.minecraftforge.common.ForgeConfigSpec/CORE]: Incorrect key mobs.frostmaw.generation_config.avoid_structures was corrected from null to its default, [minecraft:villages, minecraft:pillager_outposts]. 
[27Jul2025 02:14:27.121] [main/WARN] [net.minecraftforge.common.ForgeConfigSpec/CORE]: Incorrect key mobs.frostmaw.combat_config was corrected from null to its default, SimpleCommentedConfig:{}. 
[27Jul2025 02:14:27.121] [main/WARN] [net.minecraftforge.common.ForgeConfigSpec/CORE]: Incorrect key mobs.frostmaw.combat_config.health_multiplier was corrected from null to its default, 1.0. 
[27Jul2025 02:14:27.121] [main/WARN] [net.minecraftforge.common.ForgeConfigSpec/CORE]: Incorrect key mobs.frostmaw.combat_config.attack_multiplier was corrected from null to its default, 1.0. 
[27Jul2025 02:14:27.121] [main/WARN] [net.minecraftforge.common.ForgeConfigSpec/CORE]: Incorrect key mobs.frostmaw.has_boss_bar was corrected from null to its default, true. 
[27Jul2025 02:14:27.121] [main/WARN] [net.minecraftforge.common.ForgeConfigSpec/CORE]: Incorrect key mobs.frostmaw.heals_out_of_battle was corrected from null to its default, true. 
[27Jul2025 02:14:27.121] [main/WARN] [net.minecraftforge.common.ForgeConfigSpec/CORE]: Incorrect key mobs.frostmaw.stealable_ice_crystal was corrected from null to its default, true. 
[27Jul2025 02:14:27.121] [main/WARN] [net.minecraftforge.common.ForgeConfigSpec/CORE]: Incorrect key mobs.frostmaw.reset_health_when_respawn was corrected from null to its default, true. 
[27Jul2025 02:14:27.122] [main/WARN] [net.minecraftforge.common.ForgeConfigSpec/CORE]: Incorrect key mobs.umvuthi was corrected from null to its default, SimpleCommentedConfig:{}. 
[27Jul2025 02:14:27.122] [main/WARN] [net.minecraftforge.common.ForgeConfigSpec/CORE]: Incorrect key mobs.umvuthi.biome_config was corrected from null to its default, SimpleCommentedConfig:{}. 
[27Jul2025 02:14:27.122] [main/WARN] [net.minecraftforge.common.ForgeConfigSpec/CORE]: Incorrect key mobs.umvuthi.biome_config.biome_tags was corrected from null to its default, [minecraft:is_savanna]. 
[27Jul2025 02:14:27.122] [main/WARN] [net.minecraftforge.common.ForgeConfigSpec/CORE]: Incorrect key mobs.umvuthi.biome_config.biome_whitelist was corrected from null to its default, []. 
[27Jul2025 02:14:27.122] [main/WARN] [net.minecraftforge.common.ForgeConfigSpec/CORE]: Incorrect key mobs.umvuthi.biome_config.biome_blacklist was corrected from null to its default, []. 
[27Jul2025 02:14:27.122] [main/WARN] [net.minecraftforge.common.ForgeConfigSpec/CORE]: Incorrect key mobs.umvuthi.generation_config was corrected from null to its default, SimpleCommentedConfig:{}. 
[27Jul2025 02:14:27.122] [main/WARN] [net.minecraftforge.common.ForgeConfigSpec/CORE]: Incorrect key mobs.umvuthi.generation_config.generation_distance was corrected from null to its default, 25. 
[27Jul2025 02:14:27.123] [main/WARN] [net.minecraftforge.common.ForgeConfigSpec/CORE]: Incorrect key mobs.umvuthi.generation_config.generation_separation was corrected from null to its default, 8. 
[27Jul2025 02:14:27.123] [main/WARN] [net.minecraftforge.common.ForgeConfigSpec/CORE]: Incorrect key mobs.umvuthi.generation_config.height_max was corrected from null to its default, 100.0. 
[27Jul2025 02:14:27.123] [main/WARN] [net.minecraftforge.common.ForgeConfigSpec/CORE]: Incorrect key mobs.umvuthi.generation_config.height_min was corrected from null to its default, 50.0. 
[27Jul2025 02:14:27.123] [main/WARN] [net.minecraftforge.common.ForgeConfigSpec/CORE]: Incorrect key mobs.umvuthi.generation_config.avoid_structures was corrected from null to its default, [minecraft:villages, minecraft:pillager_outposts]. 
[27Jul2025 02:14:27.123] [main/WARN] [net.minecraftforge.common.ForgeConfigSpec/CORE]: Incorrect key mobs.umvuthi.combat_config was corrected from null to its default, SimpleCommentedConfig:{}. 
[27Jul2025 02:14:27.123] [main/WARN] [net.minecraftforge.common.ForgeConfigSpec/CORE]: Incorrect key mobs.umvuthi.combat_config.health_multiplier was corrected from null to its default, 1.0. 
[27Jul2025 02:14:27.123] [main/WARN] [net.minecraftforge.common.ForgeConfigSpec/CORE]: Incorrect key mobs.umvuthi.combat_config.attack_multiplier was corrected from null to its default, 1.0. 
[27Jul2025 02:14:27.124] [main/WARN] [net.minecraftforge.common.ForgeConfigSpec/CORE]: Incorrect key mobs.umvuthi.has_boss_bar was corrected from null to its default, true. 
[27Jul2025 02:14:27.124] [main/WARN] [net.minecraftforge.common.ForgeConfigSpec/CORE]: Incorrect key mobs.umvuthi.heals_out_of_battle was corrected from null to its default, true. 
[27Jul2025 02:14:27.124] [main/WARN] [net.minecraftforge.common.ForgeConfigSpec/CORE]: Incorrect key mobs.umvuthi.trade_which_item was corrected from null to its default, minecraft:gold_block. 
[27Jul2025 02:14:27.124] [main/WARN] [net.minecraftforge.common.ForgeConfigSpec/CORE]: Incorrect key mobs.umvuthi.trade_how_many was corrected from null to its default, 7. 
[27Jul2025 02:14:27.124] [main/WARN] [net.minecraftforge.common.ForgeConfigSpec/CORE]: Incorrect key mobs.umvuthi.reset_health_when_respawn was corrected from null to its default, true. 
[27Jul2025 02:14:27.124] [main/WARN] [net.minecraftforge.common.ForgeConfigSpec/CORE]: Incorrect key mobs.ferrous_wroughtnaut was corrected from null to its default, SimpleCommentedConfig:{}. 
[27Jul2025 02:14:27.125] [main/WARN] [net.minecraftforge.common.ForgeConfigSpec/CORE]: Incorrect key mobs.ferrous_wroughtnaut.biome_config was corrected from null to its default, SimpleCommentedConfig:{}. 
[27Jul2025 02:14:27.125] [main/WARN] [net.minecraftforge.common.ForgeConfigSpec/CORE]: Incorrect key mobs.ferrous_wroughtnaut.biome_config.biome_tags was corrected from null to its default, [!minecraft:is_ocean]. 
[27Jul2025 02:14:27.125] [main/WARN] [net.minecraftforge.common.ForgeConfigSpec/CORE]: Incorrect key mobs.ferrous_wroughtnaut.biome_config.biome_whitelist was corrected from null to its default, []. 
[27Jul2025 02:14:27.125] [main/WARN] [net.minecraftforge.common.ForgeConfigSpec/CORE]: Incorrect key mobs.ferrous_wroughtnaut.biome_config.biome_blacklist was corrected from null to its default, []. 
[27Jul2025 02:14:27.125] [main/WARN] [net.minecraftforge.common.ForgeConfigSpec/CORE]: Incorrect key mobs.ferrous_wroughtnaut.generation_config was corrected from null to its default, SimpleCommentedConfig:{}. 
[27Jul2025 02:14:27.125] [main/WARN] [net.minecraftforge.common.ForgeConfigSpec/CORE]: Incorrect key mobs.ferrous_wroughtnaut.generation_config.generation_distance was corrected from null to its default, 15. 
[27Jul2025 02:14:27.125] [main/WARN] [net.minecraftforge.common.ForgeConfigSpec/CORE]: Incorrect key mobs.ferrous_wroughtnaut.generation_config.generation_separation was corrected from null to its default, 5. 
[27Jul2025 02:14:27.126] [main/WARN] [net.minecraftforge.common.ForgeConfigSpec/CORE]: Incorrect key mobs.ferrous_wroughtnaut.generation_config.height_max was corrected from null to its default, 50.0. 
[27Jul2025 02:14:27.126] [main/WARN] [net.minecraftforge.common.ForgeConfigSpec/CORE]: Incorrect key mobs.ferrous_wroughtnaut.generation_config.height_min was corrected from null to its default, 20.0. 
[27Jul2025 02:14:27.126] [main/WARN] [net.minecraftforge.common.ForgeConfigSpec/CORE]: Incorrect key mobs.ferrous_wroughtnaut.generation_config.avoid_structures was corrected from null to its default, []. 
[27Jul2025 02:14:27.126] [main/WARN] [net.minecraftforge.common.ForgeConfigSpec/CORE]: Incorrect key mobs.ferrous_wroughtnaut.combat_config was corrected from null to its default, SimpleCommentedConfig:{}. 
[27Jul2025 02:14:27.126] [main/WARN] [net.minecraftforge.common.ForgeConfigSpec/CORE]: Incorrect key mobs.ferrous_wroughtnaut.combat_config.health_multiplier was corrected from null to its default, 1.0. 
[27Jul2025 02:14:27.126] [main/WARN] [net.minecraftforge.common.ForgeConfigSpec/CORE]: Incorrect key mobs.ferrous_wroughtnaut.combat_config.attack_multiplier was corrected from null to its default, 1.0. 
[27Jul2025 02:14:27.127] [main/WARN] [net.minecraftforge.common.ForgeConfigSpec/CORE]: Incorrect key mobs.ferrous_wroughtnaut.has_boss_bar was corrected from null to its default, true. 
[27Jul2025 02:14:27.127] [main/WARN] [net.minecraftforge.common.ForgeConfigSpec/CORE]: Incorrect key mobs.ferrous_wroughtnaut.heals_out_of_battle was corrected from null to its default, true. 
[27Jul2025 02:14:27.127] [main/WARN] [net.minecraftforge.common.ForgeConfigSpec/CORE]: Incorrect key mobs.ferrous_wroughtnaut.reset_health_when_respawn was corrected from null to its default, true. 
[27Jul2025 02:14:27.127] [main/WARN] [net.minecraftforge.common.ForgeConfigSpec/CORE]: Incorrect key mobs.sculptor was corrected from null to its default, SimpleCommentedConfig:{}. 
[27Jul2025 02:14:27.127] [main/WARN] [net.minecraftforge.common.ForgeConfigSpec/CORE]: Incorrect key mobs.sculptor.biome_config was corrected from null to its default, SimpleCommentedConfig:{}. 
[27Jul2025 02:14:27.127] [main/WARN] [net.minecraftforge.common.ForgeConfigSpec/CORE]: Incorrect key mobs.sculptor.biome_config.biome_tags was corrected from null to its default, [forge:is_peak]. 
[27Jul2025 02:14:27.127] [main/WARN] [net.minecraftforge.common.ForgeConfigSpec/CORE]: Incorrect key mobs.sculptor.biome_config.biome_whitelist was corrected from null to its default, []. 
[27Jul2025 02:14:27.128] [main/WARN] [net.minecraftforge.common.ForgeConfigSpec/CORE]: Incorrect key mobs.sculptor.biome_config.biome_blacklist was corrected from null to its default, []. 
[27Jul2025 02:14:27.128] [main/WARN] [net.minecraftforge.common.ForgeConfigSpec/CORE]: Incorrect key mobs.sculptor.generation_config was corrected from null to its default, SimpleCommentedConfig:{}. 
[27Jul2025 02:14:27.128] [main/WARN] [net.minecraftforge.common.ForgeConfigSpec/CORE]: Incorrect key mobs.sculptor.generation_config.generation_distance was corrected from null to its default, 25. 
[27Jul2025 02:14:27.128] [main/WARN] [net.minecraftforge.common.ForgeConfigSpec/CORE]: Incorrect key mobs.sculptor.generation_config.generation_separation was corrected from null to its default, 8. 
[27Jul2025 02:14:27.128] [main/WARN] [net.minecraftforge.common.ForgeConfigSpec/CORE]: Incorrect key mobs.sculptor.generation_config.height_max was corrected from null to its default, 200.0. 
[27Jul2025 02:14:27.128] [main/WARN] [net.minecraftforge.common.ForgeConfigSpec/CORE]: Incorrect key mobs.sculptor.generation_config.height_min was corrected from null to its default, 120.0. 
[27Jul2025 02:14:27.128] [main/WARN] [net.minecraftforge.common.ForgeConfigSpec/CORE]: Incorrect key mobs.sculptor.generation_config.avoid_structures was corrected from null to its default, []. 
[27Jul2025 02:14:27.129] [main/WARN] [net.minecraftforge.common.ForgeConfigSpec/CORE]: Incorrect key mobs.sculptor.combat_config was corrected from null to its default, SimpleCommentedConfig:{}. 
[27Jul2025 02:14:27.129] [main/WARN] [net.minecraftforge.common.ForgeConfigSpec/CORE]: Incorrect key mobs.sculptor.combat_config.health_multiplier was corrected from null to its default, 1.0. 
[27Jul2025 02:14:27.129] [main/WARN] [net.minecraftforge.common.ForgeConfigSpec/CORE]: Incorrect key mobs.sculptor.combat_config.attack_multiplier was corrected from null to its default, 1.0. 
[27Jul2025 02:14:27.129] [main/WARN] [net.minecraftforge.common.ForgeConfigSpec/CORE]: Incorrect key mobs.sculptor.test_height was corrected from null to its default, 60. 
[27Jul2025 02:14:27.129] [main/WARN] [net.minecraftforge.common.ForgeConfigSpec/CORE]: Incorrect key mobs.sculptor.test_time_limit was corrected from null to its default, 400. 
[27Jul2025 02:14:27.129] [main/WARN] [net.minecraftforge.common.ForgeConfigSpec/CORE]: Incorrect key mobs.sculptor.heals_out_of_battle was corrected from null to its default, true. 
[27Jul2025 02:14:27.130] [main/WARN] [net.minecraftforge.common.ForgeConfigSpec/CORE]: Incorrect key mobs.sculptor.has_boss_bar was corrected from null to its default, true. 
[27Jul2025 02:14:27.130] [main/WARN] [net.minecraftforge.common.ForgeConfigSpec/CORE]: Incorrect key mobs.sculptor.trade_which_item was corrected from null to its default, mowziesmobs:bluff_rod. 
[27Jul2025 02:14:27.130] [main/WARN] [net.minecraftforge.common.ForgeConfigSpec/CORE]: Incorrect key mobs.sculptor.trade_how_many was corrected from null to its default, 1. 
[27Jul2025 02:14:27.130] [main/WARN] [net.minecraftforge.common.ForgeConfigSpec/CORE]: Incorrect key mobs.sculptor.disappear_after_reward was corrected from null to its default, true. 
[27Jul2025 02:14:27.130] [main/WARN] [net.minecraftforge.common.ForgeConfigSpec/CORE]: Incorrect key mobs.grottol was corrected from null to its default, SimpleCommentedConfig:{}. 
[27Jul2025 02:14:27.130] [main/WARN] [net.minecraftforge.common.ForgeConfigSpec/CORE]: Incorrect key mobs.grottol.biome_config was corrected from null to its default, SimpleCommentedConfig:{}. 
[27Jul2025 02:14:27.130] [main/WARN] [net.minecraftforge.common.ForgeConfigSpec/CORE]: Incorrect key mobs.grottol.biome_config.biome_tags was corrected from null to its default, [!forge:is_mushroom]. 
[27Jul2025 02:14:27.131] [main/WARN] [net.minecraftforge.common.ForgeConfigSpec/CORE]: Incorrect key mobs.grottol.biome_config.biome_whitelist was corrected from null to its default, []. 
[27Jul2025 02:14:27.131] [main/WARN] [net.minecraftforge.common.ForgeConfigSpec/CORE]: Incorrect key mobs.grottol.biome_config.biome_blacklist was corrected from null to its default, []. 
[27Jul2025 02:14:27.131] [main/WARN] [net.minecraftforge.common.ForgeConfigSpec/CORE]: Incorrect key mobs.grottol.spawn_config was corrected from null to its default, SimpleCommentedConfig:{}. 
[27Jul2025 02:14:27.131] [main/WARN] [net.minecraftforge.common.ForgeConfigSpec/CORE]: Incorrect key mobs.grottol.spawn_config.spawn_rate was corrected from null to its default, 2. 
[27Jul2025 02:14:27.131] [main/WARN] [net.minecraftforge.common.ForgeConfigSpec/CORE]: Incorrect key mobs.grottol.spawn_config.min_group_size was corrected from null to its default, 1. 
[27Jul2025 02:14:27.131] [main/WARN] [net.minecraftforge.common.ForgeConfigSpec/CORE]: Incorrect key mobs.grottol.spawn_config.max_group_size was corrected from null to its default, 1. 
[27Jul2025 02:14:27.131] [main/WARN] [net.minecraftforge.common.ForgeConfigSpec/CORE]: Incorrect key mobs.grottol.spawn_config.extra_rarity was corrected from null to its default, 1.0. 
[27Jul2025 02:14:27.132] [main/WARN] [net.minecraftforge.common.ForgeConfigSpec/CORE]: Incorrect key mobs.grottol.spawn_config.dimensions was corrected from null to its default, [minecraft:overworld]. 
[27Jul2025 02:14:27.132] [main/WARN] [net.minecraftforge.common.ForgeConfigSpec/CORE]: Incorrect key mobs.grottol.spawn_config.allowed_blocks was corrected from null to its default, []. 
[27Jul2025 02:14:27.132] [main/WARN] [net.minecraftforge.common.ForgeConfigSpec/CORE]: Incorrect key mobs.grottol.spawn_config.allowed_block_tags was corrected from null to its default, [minecraft:base_stone_overworld]. 
[27Jul2025 02:14:27.132] [main/WARN] [net.minecraftforge.common.ForgeConfigSpec/CORE]: Incorrect key mobs.grottol.spawn_config.height_max was corrected from null to its default, 16. 
[27Jul2025 02:14:27.132] [main/WARN] [net.minecraftforge.common.ForgeConfigSpec/CORE]: Incorrect key mobs.grottol.spawn_config.height_min was corrected from null to its default, -65. 
[27Jul2025 02:14:27.132] [main/WARN] [net.minecraftforge.common.ForgeConfigSpec/CORE]: Incorrect key mobs.grottol.spawn_config.needs_darkness was corrected from null to its default, true. 
[27Jul2025 02:14:27.133] [main/WARN] [net.minecraftforge.common.ForgeConfigSpec/CORE]: Incorrect key mobs.grottol.spawn_config.needs_see_sky was corrected from null to its default, false. 
[27Jul2025 02:14:27.133] [main/WARN] [net.minecraftforge.common.ForgeConfigSpec/CORE]: Incorrect key mobs.grottol.spawn_config.needs_cant_see_sky was corrected from null to its default, true. 
[27Jul2025 02:14:27.133] [main/WARN] [net.minecraftforge.common.ForgeConfigSpec/CORE]: Incorrect key mobs.grottol.spawn_config.avoid_structures was corrected from null to its default, []. 
[27Jul2025 02:14:27.133] [main/WARN] [net.minecraftforge.common.ForgeConfigSpec/CORE]: Incorrect key mobs.grottol.combat_config was corrected from null to its default, SimpleCommentedConfig:{}. 
[27Jul2025 02:14:27.133] [main/WARN] [net.minecraftforge.common.ForgeConfigSpec/CORE]: Incorrect key mobs.grottol.combat_config.health_multiplier was corrected from null to its default, 1.0. 
[27Jul2025 02:14:27.133] [main/WARN] [net.minecraftforge.common.ForgeConfigSpec/CORE]: Incorrect key mobs.grottol.combat_config.attack_multiplier was corrected from null to its default, 1.0. 
[27Jul2025 02:14:27.134] [main/WARN] [net.minecraftforge.common.ForgeConfigSpec/CORE]: Incorrect key mobs.lantern was corrected from null to its default, SimpleCommentedConfig:{}. 
[27Jul2025 02:14:27.134] [main/WARN] [net.minecraftforge.common.ForgeConfigSpec/CORE]: Incorrect key mobs.lantern.biome_config was corrected from null to its default, SimpleCommentedConfig:{}. 
[27Jul2025 02:14:27.134] [main/WARN] [net.minecraftforge.common.ForgeConfigSpec/CORE]: Incorrect key mobs.lantern.biome_config.biome_tags was corrected from null to its default, [minecraft:is_forest,mowziesmobs:is_magical,!forge:is_snowy]. 
[27Jul2025 02:14:27.134] [main/WARN] [net.minecraftforge.common.ForgeConfigSpec/CORE]: Incorrect key mobs.lantern.biome_config.biome_whitelist was corrected from null to its default, []. 
[27Jul2025 02:14:27.134] [main/WARN] [net.minecraftforge.common.ForgeConfigSpec/CORE]: Incorrect key mobs.lantern.biome_config.biome_blacklist was corrected from null to its default, []. 
[27Jul2025 02:14:27.134] [main/WARN] [net.minecraftforge.common.ForgeConfigSpec/CORE]: Incorrect key mobs.lantern.spawn_config was corrected from null to its default, SimpleCommentedConfig:{}. 
[27Jul2025 02:14:27.134] [main/WARN] [net.minecraftforge.common.ForgeConfigSpec/CORE]: Incorrect key mobs.lantern.spawn_config.spawn_rate was corrected from null to its default, 5. 
[27Jul2025 02:14:27.135] [main/WARN] [net.minecraftforge.common.ForgeConfigSpec/CORE]: Incorrect key mobs.lantern.spawn_config.min_group_size was corrected from null to its default, 2. 
[27Jul2025 02:14:27.135] [main/WARN] [net.minecraftforge.common.ForgeConfigSpec/CORE]: Incorrect key mobs.lantern.spawn_config.max_group_size was corrected from null to its default, 4. 
[27Jul2025 02:14:27.135] [main/WARN] [net.minecraftforge.common.ForgeConfigSpec/CORE]: Incorrect key mobs.lantern.spawn_config.extra_rarity was corrected from null to its default, 1.0. 
[27Jul2025 02:14:27.135] [main/WARN] [net.minecraftforge.common.ForgeConfigSpec/CORE]: Incorrect key mobs.lantern.spawn_config.dimensions was corrected from null to its default, [minecraft:overworld]. 
[27Jul2025 02:14:27.135] [main/WARN] [net.minecraftforge.common.ForgeConfigSpec/CORE]: Incorrect key mobs.lantern.spawn_config.allowed_blocks was corrected from null to its default, []. 
[27Jul2025 02:14:27.135] [main/WARN] [net.minecraftforge.common.ForgeConfigSpec/CORE]: Incorrect key mobs.lantern.spawn_config.allowed_block_tags was corrected from null to its default, [minecraft:animals_spawnable_on, minecraft:leaves, minecraft:logs]. 
[27Jul2025 02:14:27.136] [main/WARN] [net.minecraftforge.common.ForgeConfigSpec/CORE]: Incorrect key mobs.lantern.spawn_config.height_max was corrected from null to its default, -65. 
[27Jul2025 02:14:27.136] [main/WARN] [net.minecraftforge.common.ForgeConfigSpec/CORE]: Incorrect key mobs.lantern.spawn_config.height_min was corrected from null to its default, 60. 
[27Jul2025 02:14:27.136] [main/WARN] [net.minecraftforge.common.ForgeConfigSpec/CORE]: Incorrect key mobs.lantern.spawn_config.needs_darkness was corrected from null to its default, true. 
[27Jul2025 02:14:27.136] [main/WARN] [net.minecraftforge.common.ForgeConfigSpec/CORE]: Incorrect key mobs.lantern.spawn_config.needs_see_sky was corrected from null to its default, false. 
[27Jul2025 02:14:27.136] [main/WARN] [net.minecraftforge.common.ForgeConfigSpec/CORE]: Incorrect key mobs.lantern.spawn_config.needs_cant_see_sky was corrected from null to its default, false. 
[27Jul2025 02:14:27.136] [main/WARN] [net.minecraftforge.common.ForgeConfigSpec/CORE]: Incorrect key mobs.lantern.spawn_config.avoid_structures was corrected from null to its default, []. 
[27Jul2025 02:14:27.136] [main/WARN] [net.minecraftforge.common.ForgeConfigSpec/CORE]: Incorrect key mobs.lantern.combat_config was corrected from null to its default, SimpleCommentedConfig:{}. 
[27Jul2025 02:14:27.137] [main/WARN] [net.minecraftforge.common.ForgeConfigSpec/CORE]: Incorrect key mobs.lantern.combat_config.health_multiplier was corrected from null to its default, 1.0. 
[27Jul2025 02:14:27.137] [main/WARN] [net.minecraftforge.common.ForgeConfigSpec/CORE]: Incorrect key mobs.lantern.combat_config.attack_multiplier was corrected from null to its default, 1.0. 
[27Jul2025 02:14:27.137] [main/WARN] [net.minecraftforge.common.ForgeConfigSpec/CORE]: Incorrect key mobs.umvuthana was corrected from null to its default, SimpleCommentedConfig:{}. 
[27Jul2025 02:14:27.137] [main/WARN] [net.minecraftforge.common.ForgeConfigSpec/CORE]: Incorrect key mobs.umvuthana.biome_config was corrected from null to its default, SimpleCommentedConfig:{}. 
[27Jul2025 02:14:27.137] [main/WARN] [net.minecraftforge.common.ForgeConfigSpec/CORE]: Incorrect key mobs.umvuthana.biome_config.biome_tags was corrected from null to its default, [minecraft:is_savanna]. 
[27Jul2025 02:14:27.137] [main/WARN] [net.minecraftforge.common.ForgeConfigSpec/CORE]: Incorrect key mobs.umvuthana.biome_config.biome_whitelist was corrected from null to its default, []. 
[27Jul2025 02:14:27.137] [main/WARN] [net.minecraftforge.common.ForgeConfigSpec/CORE]: Incorrect key mobs.umvuthana.biome_config.biome_blacklist was corrected from null to its default, []. 
[27Jul2025 02:14:27.138] [main/WARN] [net.minecraftforge.common.ForgeConfigSpec/CORE]: Incorrect key mobs.umvuthana.spawn_config was corrected from null to its default, SimpleCommentedConfig:{}. 
[27Jul2025 02:14:27.138] [main/WARN] [net.minecraftforge.common.ForgeConfigSpec/CORE]: Incorrect key mobs.umvuthana.spawn_config.spawn_rate was corrected from null to its default, 5. 
[27Jul2025 02:14:27.138] [main/WARN] [net.minecraftforge.common.ForgeConfigSpec/CORE]: Incorrect key mobs.umvuthana.spawn_config.min_group_size was corrected from null to its default, 1. 
[27Jul2025 02:14:27.138] [main/WARN] [net.minecraftforge.common.ForgeConfigSpec/CORE]: Incorrect key mobs.umvuthana.spawn_config.max_group_size was corrected from null to its default, 1. 
[27Jul2025 02:14:27.138] [main/WARN] [net.minecraftforge.common.ForgeConfigSpec/CORE]: Incorrect key mobs.umvuthana.spawn_config.extra_rarity was corrected from null to its default, 1.0. 
[27Jul2025 02:14:27.138] [main/WARN] [net.minecraftforge.common.ForgeConfigSpec/CORE]: Incorrect key mobs.umvuthana.spawn_config.dimensions was corrected from null to its default, [minecraft:overworld]. 
[27Jul2025 02:14:27.139] [main/WARN] [net.minecraftforge.common.ForgeConfigSpec/CORE]: Incorrect key mobs.umvuthana.spawn_config.allowed_blocks was corrected from null to its default, []. 
[27Jul2025 02:14:27.139] [main/WARN] [net.minecraftforge.common.ForgeConfigSpec/CORE]: Incorrect key mobs.umvuthana.spawn_config.allowed_block_tags was corrected from null to its default, [minecraft:animals_spawnable_on, minecraft:sand]. 
[27Jul2025 02:14:27.139] [main/WARN] [net.minecraftforge.common.ForgeConfigSpec/CORE]: Incorrect key mobs.umvuthana.spawn_config.height_max was corrected from null to its default, -65. 
[27Jul2025 02:14:27.139] [main/WARN] [net.minecraftforge.common.ForgeConfigSpec/CORE]: Incorrect key mobs.umvuthana.spawn_config.height_min was corrected from null to its default, 60. 
[27Jul2025 02:14:27.139] [main/WARN] [net.minecraftforge.common.ForgeConfigSpec/CORE]: Incorrect key mobs.umvuthana.spawn_config.needs_darkness was corrected from null to its default, false. 
[27Jul2025 02:14:27.139] [main/WARN] [net.minecraftforge.common.ForgeConfigSpec/CORE]: Incorrect key mobs.umvuthana.spawn_config.needs_see_sky was corrected from null to its default, false. 
[27Jul2025 02:14:27.139] [main/WARN] [net.minecraftforge.common.ForgeConfigSpec/CORE]: Incorrect key mobs.umvuthana.spawn_config.needs_cant_see_sky was corrected from null to its default, false. 
[27Jul2025 02:14:27.140] [main/WARN] [net.minecraftforge.common.ForgeConfigSpec/CORE]: Incorrect key mobs.umvuthana.spawn_config.avoid_structures was corrected from null to its default, [minecraft:villages, minecraft:pillager_outposts, mowziesmobs:umvuthana_groves]. 
[27Jul2025 02:14:27.140] [main/WARN] [net.minecraftforge.common.ForgeConfigSpec/CORE]: Incorrect key mobs.umvuthana.combat_config was corrected from null to its default, SimpleCommentedConfig:{}. 
[27Jul2025 02:14:27.140] [main/WARN] [net.minecraftforge.common.ForgeConfigSpec/CORE]: Incorrect key mobs.umvuthana.combat_config.health_multiplier was corrected from null to its default, 1.0. 
[27Jul2025 02:14:27.140] [main/WARN] [net.minecraftforge.common.ForgeConfigSpec/CORE]: Incorrect key mobs.umvuthana.combat_config.attack_multiplier was corrected from null to its default, 1.0. 
[27Jul2025 02:14:27.140] [main/WARN] [net.minecraftforge.common.ForgeConfigSpec/CORE]: Incorrect key mobs.naga was corrected from null to its default, SimpleCommentedConfig:{}. 
[27Jul2025 02:14:27.140] [main/WARN] [net.minecraftforge.common.ForgeConfigSpec/CORE]: Incorrect key mobs.naga.biome_config was corrected from null to its default, SimpleCommentedConfig:{}. 
[27Jul2025 02:14:27.140] [main/WARN] [net.minecraftforge.common.ForgeConfigSpec/CORE]: Incorrect key mobs.naga.biome_config.biome_tags was corrected from null to its default, [minecraft:is_beach,minecraft:is_mountain, minecraft:is_beach,minecraft:is_hill]. 
[27Jul2025 02:14:27.141] [main/WARN] [net.minecraftforge.common.ForgeConfigSpec/CORE]: Incorrect key mobs.naga.biome_config.biome_whitelist was corrected from null to its default, [minecraft:stony_shore]. 
[27Jul2025 02:14:27.141] [main/WARN] [net.minecraftforge.common.ForgeConfigSpec/CORE]: Incorrect key mobs.naga.biome_config.biome_blacklist was corrected from null to its default, []. 
[27Jul2025 02:14:27.141] [main/WARN] [net.minecraftforge.common.ForgeConfigSpec/CORE]: Incorrect key mobs.naga.spawn_config was corrected from null to its default, SimpleCommentedConfig:{}. 
[27Jul2025 02:14:27.141] [main/WARN] [net.minecraftforge.common.ForgeConfigSpec/CORE]: Incorrect key mobs.naga.spawn_config.spawn_rate was corrected from null to its default, 20. 
[27Jul2025 02:14:27.141] [main/WARN] [net.minecraftforge.common.ForgeConfigSpec/CORE]: Incorrect key mobs.naga.spawn_config.min_group_size was corrected from null to its default, 1. 
[27Jul2025 02:14:27.141] [main/WARN] [net.minecraftforge.common.ForgeConfigSpec/CORE]: Incorrect key mobs.naga.spawn_config.max_group_size was corrected from null to its default, 2. 
[27Jul2025 02:14:27.141] [main/WARN] [net.minecraftforge.common.ForgeConfigSpec/CORE]: Incorrect key mobs.naga.spawn_config.extra_rarity was corrected from null to its default, 1.0. 
[27Jul2025 02:14:27.142] [main/WARN] [net.minecraftforge.common.ForgeConfigSpec/CORE]: Incorrect key mobs.naga.spawn_config.dimensions was corrected from null to its default, [minecraft:overworld]. 
[27Jul2025 02:14:27.142] [main/WARN] [net.minecraftforge.common.ForgeConfigSpec/CORE]: Incorrect key mobs.naga.spawn_config.allowed_blocks was corrected from null to its default, []. 
[27Jul2025 02:14:27.142] [main/WARN] [net.minecraftforge.common.ForgeConfigSpec/CORE]: Incorrect key mobs.naga.spawn_config.allowed_block_tags was corrected from null to its default, [minecraft:animals_spawnable_on, minecraft:base_stone_overworld]. 
[27Jul2025 02:14:27.142] [main/WARN] [net.minecraftforge.common.ForgeConfigSpec/CORE]: Incorrect key mobs.naga.spawn_config.height_max was corrected from null to its default, -65. 
[27Jul2025 02:14:27.142] [main/WARN] [net.minecraftforge.common.ForgeConfigSpec/CORE]: Incorrect key mobs.naga.spawn_config.height_min was corrected from null to its default, 68. 
[27Jul2025 02:14:27.142] [main/WARN] [net.minecraftforge.common.ForgeConfigSpec/CORE]: Incorrect key mobs.naga.spawn_config.needs_darkness was corrected from null to its default, true. 
[27Jul2025 02:14:27.143] [main/WARN] [net.minecraftforge.common.ForgeConfigSpec/CORE]: Incorrect key mobs.naga.spawn_config.needs_see_sky was corrected from null to its default, true. 
[27Jul2025 02:14:27.143] [main/WARN] [net.minecraftforge.common.ForgeConfigSpec/CORE]: Incorrect key mobs.naga.spawn_config.needs_cant_see_sky was corrected from null to its default, false. 
[27Jul2025 02:14:27.143] [main/WARN] [net.minecraftforge.common.ForgeConfigSpec/CORE]: Incorrect key mobs.naga.spawn_config.avoid_structures was corrected from null to its default, [minecraft:villages, minecraft:pillager_outposts]. 
[27Jul2025 02:14:27.143] [main/WARN] [net.minecraftforge.common.ForgeConfigSpec/CORE]: Incorrect key mobs.naga.combat_config was corrected from null to its default, SimpleCommentedConfig:{}. 
[27Jul2025 02:14:27.143] [main/WARN] [net.minecraftforge.common.ForgeConfigSpec/CORE]: Incorrect key mobs.naga.combat_config.health_multiplier was corrected from null to its default, 1.0. 
[27Jul2025 02:14:27.144] [main/WARN] [net.minecraftforge.common.ForgeConfigSpec/CORE]: Incorrect key mobs.naga.combat_config.attack_multiplier was corrected from null to its default, 1.0. 
[27Jul2025 02:14:27.144] [main/WARN] [net.minecraftforge.common.ForgeConfigSpec/CORE]: Incorrect key mobs.foliaath was corrected from null to its default, SimpleCommentedConfig:{}. 
[27Jul2025 02:14:27.144] [main/WARN] [net.minecraftforge.common.ForgeConfigSpec/CORE]: Incorrect key mobs.foliaath.biome_config was corrected from null to its default, SimpleCommentedConfig:{}. 
[27Jul2025 02:14:27.144] [main/WARN] [net.minecraftforge.common.ForgeConfigSpec/CORE]: Incorrect key mobs.foliaath.biome_config.biome_tags was corrected from null to its default, [minecraft:is_jungle]. 
[27Jul2025 02:14:27.145] [main/WARN] [net.minecraftforge.common.ForgeConfigSpec/CORE]: Incorrect key mobs.foliaath.biome_config.biome_whitelist was corrected from null to its default, []. 
[27Jul2025 02:14:27.145] [main/WARN] [net.minecraftforge.common.ForgeConfigSpec/CORE]: Incorrect key mobs.foliaath.biome_config.biome_blacklist was corrected from null to its default, []. 
[27Jul2025 02:14:27.145] [main/WARN] [net.minecraftforge.common.ForgeConfigSpec/CORE]: Incorrect key mobs.foliaath.spawn_config was corrected from null to its default, SimpleCommentedConfig:{}. 
[27Jul2025 02:14:27.146] [main/WARN] [net.minecraftforge.common.ForgeConfigSpec/CORE]: Incorrect key mobs.foliaath.spawn_config.spawn_rate was corrected from null to its default, 70. 
[27Jul2025 02:14:27.146] [main/WARN] [net.minecraftforge.common.ForgeConfigSpec/CORE]: Incorrect key mobs.foliaath.spawn_config.min_group_size was corrected from null to its default, 1. 
[27Jul2025 02:14:27.146] [main/WARN] [net.minecraftforge.common.ForgeConfigSpec/CORE]: Incorrect key mobs.foliaath.spawn_config.max_group_size was corrected from null to its default, 4. 
[27Jul2025 02:14:27.146] [main/WARN] [net.minecraftforge.common.ForgeConfigSpec/CORE]: Incorrect key mobs.foliaath.spawn_config.extra_rarity was corrected from null to its default, 1.0. 
[27Jul2025 02:14:27.146] [main/WARN] [net.minecraftforge.common.ForgeConfigSpec/CORE]: Incorrect key mobs.foliaath.spawn_config.dimensions was corrected from null to its default, [minecraft:overworld]. 
[27Jul2025 02:14:27.147] [main/WARN] [net.minecraftforge.common.ForgeConfigSpec/CORE]: Incorrect key mobs.foliaath.spawn_config.allowed_blocks was corrected from null to its default, []. 
[27Jul2025 02:14:27.147] [main/WARN] [net.minecraftforge.common.ForgeConfigSpec/CORE]: Incorrect key mobs.foliaath.spawn_config.allowed_block_tags was corrected from null to its default, [minecraft:animals_spawnable_on, minecraft:leaves, minecraft:logs]. 
[27Jul2025 02:14:27.147] [main/WARN] [net.minecraftforge.common.ForgeConfigSpec/CORE]: Incorrect key mobs.foliaath.spawn_config.height_max was corrected from null to its default, -65. 
[27Jul2025 02:14:27.147] [main/WARN] [net.minecraftforge.common.ForgeConfigSpec/CORE]: Incorrect key mobs.foliaath.spawn_config.height_min was corrected from null to its default, 60. 
[27Jul2025 02:14:27.148] [main/WARN] [net.minecraftforge.common.ForgeConfigSpec/CORE]: Incorrect key mobs.foliaath.spawn_config.needs_darkness was corrected from null to its default, true. 
[27Jul2025 02:14:27.148] [main/WARN] [net.minecraftforge.common.ForgeConfigSpec/CORE]: Incorrect key mobs.foliaath.spawn_config.needs_see_sky was corrected from null to its default, false. 
[27Jul2025 02:14:27.148] [main/WARN] [net.minecraftforge.common.ForgeConfigSpec/CORE]: Incorrect key mobs.foliaath.spawn_config.needs_cant_see_sky was corrected from null to its default, false. 
[27Jul2025 02:14:27.148] [main/WARN] [net.minecraftforge.common.ForgeConfigSpec/CORE]: Incorrect key mobs.foliaath.spawn_config.avoid_structures was corrected from null to its default, [minecraft:villages, minecraft:pillager_outposts]. 
[27Jul2025 02:14:27.148] [main/WARN] [net.minecraftforge.common.ForgeConfigSpec/CORE]: Incorrect key mobs.foliaath.combat_config was corrected from null to its default, SimpleCommentedConfig:{}. 
[27Jul2025 02:14:27.149] [main/WARN] [net.minecraftforge.common.ForgeConfigSpec/CORE]: Incorrect key mobs.foliaath.combat_config.health_multiplier was corrected from null to its default, 1.0. 
[27Jul2025 02:14:27.149] [main/WARN] [net.minecraftforge.common.ForgeConfigSpec/CORE]: Incorrect key mobs.foliaath.combat_config.attack_multiplier was corrected from null to its default, 1.0. 
[27Jul2025 02:14:27.149] [main/WARN] [net.minecraftforge.common.ForgeConfigSpec/CORE]: Incorrect key mobs.bluff was corrected from null to its default, SimpleCommentedConfig:{}. 
[27Jul2025 02:14:27.149] [main/WARN] [net.minecraftforge.common.ForgeConfigSpec/CORE]: Incorrect key mobs.bluff.biome_config was corrected from null to its default, SimpleCommentedConfig:{}. 
[27Jul2025 02:14:27.150] [main/WARN] [net.minecraftforge.common.ForgeConfigSpec/CORE]: Incorrect key mobs.bluff.biome_config.biome_tags was corrected from null to its default, []. 
[27Jul2025 02:14:27.150] [main/WARN] [net.minecraftforge.common.ForgeConfigSpec/CORE]: Incorrect key mobs.bluff.biome_config.biome_whitelist was corrected from null to its default, []. 
[27Jul2025 02:14:27.150] [main/WARN] [net.minecraftforge.common.ForgeConfigSpec/CORE]: Incorrect key mobs.bluff.biome_config.biome_blacklist was corrected from null to its default, []. 
[27Jul2025 02:14:27.150] [main/WARN] [net.minecraftforge.common.ForgeConfigSpec/CORE]: Incorrect key mobs.bluff.spawn_config was corrected from null to its default, SimpleCommentedConfig:{}. 
[27Jul2025 02:14:27.151] [main/WARN] [net.minecraftforge.common.ForgeConfigSpec/CORE]: Incorrect key mobs.bluff.spawn_config.spawn_rate was corrected from null to its default, 10. 
[27Jul2025 02:14:27.151] [main/WARN] [net.minecraftforge.common.ForgeConfigSpec/CORE]: Incorrect key mobs.bluff.spawn_config.min_group_size was corrected from null to its default, 2. 
[27Jul2025 02:14:27.151] [main/WARN] [net.minecraftforge.common.ForgeConfigSpec/CORE]: Incorrect key mobs.bluff.spawn_config.max_group_size was corrected from null to its default, 3. 
[27Jul2025 02:14:27.151] [main/WARN] [net.minecraftforge.common.ForgeConfigSpec/CORE]: Incorrect key mobs.bluff.spawn_config.extra_rarity was corrected from null to its default, 1.0. 
[27Jul2025 02:14:27.152] [main/WARN] [net.minecraftforge.common.ForgeConfigSpec/CORE]: Incorrect key mobs.bluff.spawn_config.dimensions was corrected from null to its default, [minecraft:overworld]. 
[27Jul2025 02:14:27.152] [main/WARN] [net.minecraftforge.common.ForgeConfigSpec/CORE]: Incorrect key mobs.bluff.spawn_config.allowed_blocks was corrected from null to its default, []. 
[27Jul2025 02:14:27.152] [main/WARN] [net.minecraftforge.common.ForgeConfigSpec/CORE]: Incorrect key mobs.bluff.spawn_config.allowed_block_tags was corrected from null to its default, []. 
[27Jul2025 02:14:27.152] [main/WARN] [net.minecraftforge.common.ForgeConfigSpec/CORE]: Incorrect key mobs.bluff.spawn_config.height_max was corrected from null to its default, -65. 
[27Jul2025 02:14:27.153] [main/WARN] [net.minecraftforge.common.ForgeConfigSpec/CORE]: Incorrect key mobs.bluff.spawn_config.height_min was corrected from null to its default, -65. 
[27Jul2025 02:14:27.153] [main/WARN] [net.minecraftforge.common.ForgeConfigSpec/CORE]: Incorrect key mobs.bluff.spawn_config.needs_darkness was corrected from null to its default, true. 
[27Jul2025 02:14:27.153] [main/WARN] [net.minecraftforge.common.ForgeConfigSpec/CORE]: Incorrect key mobs.bluff.spawn_config.needs_see_sky was corrected from null to its default, false. 
[27Jul2025 02:14:27.153] [main/WARN] [net.minecraftforge.common.ForgeConfigSpec/CORE]: Incorrect key mobs.bluff.spawn_config.needs_cant_see_sky was corrected from null to its default, true. 
[27Jul2025 02:14:27.153] [main/WARN] [net.minecraftforge.common.ForgeConfigSpec/CORE]: Incorrect key mobs.bluff.spawn_config.avoid_structures was corrected from null to its default, []. 
[27Jul2025 02:14:27.154] [main/WARN] [net.minecraftforge.common.ForgeConfigSpec/CORE]: Incorrect key mobs.bluff.combat_config was corrected from null to its default, SimpleCommentedConfig:{}. 
[27Jul2025 02:14:27.154] [main/WARN] [net.minecraftforge.common.ForgeConfigSpec/CORE]: Incorrect key mobs.bluff.combat_config.health_multiplier was corrected from null to its default, 1.0. 
[27Jul2025 02:14:27.154] [main/WARN] [net.minecraftforge.common.ForgeConfigSpec/CORE]: Incorrect key mobs.bluff.combat_config.attack_multiplier was corrected from null to its default, 1.0. 
[27Jul2025 02:14:27.161] [main/WARN] [net.minecraftforge.common.ForgeConfigSpec/CORE]: Configuration file /workspaces/Minecraft/servidor_minecraft/config/pehkui-common.toml is not correct. Correcting
[27Jul2025 02:14:27.161] [main/WARN] [net.minecraftforge.common.ForgeConfigSpec/CORE]: Incorrect key general was corrected from null to its default, SimpleCommentedConfig:{}. 
[27Jul2025 02:14:27.162] [main/WARN] [net.minecraftforge.common.ForgeConfigSpec/CORE]: Incorrect key general.scaledFallDamage was corrected from null to its default, true. 
[27Jul2025 02:14:27.162] [main/WARN] [net.minecraftforge.common.ForgeConfigSpec/CORE]: Incorrect key general.scaledMotion was corrected from null to its default, true. 
[27Jul2025 02:14:27.162] [main/WARN] [net.minecraftforge.common.ForgeConfigSpec/CORE]: Incorrect key general.scaledReach was corrected from null to its default, true. 
[27Jul2025 02:14:27.162] [main/WARN] [net.minecraftforge.common.ForgeConfigSpec/CORE]: Incorrect key general.scaledAttack was corrected from null to its default, true. 
[27Jul2025 02:14:27.162] [main/WARN] [net.minecraftforge.common.ForgeConfigSpec/CORE]: Incorrect key general.scaledDefense was corrected from null to its default, true. 
[27Jul2025 02:14:27.162] [main/WARN] [net.minecraftforge.common.ForgeConfigSpec/CORE]: Incorrect key general.scaledHealth was corrected from null to its default, true. 
[27Jul2025 02:14:27.162] [main/WARN] [net.minecraftforge.common.ForgeConfigSpec/CORE]: Incorrect key general.scaledItemDrops was corrected from null to its default, true. 
[27Jul2025 02:14:27.162] [main/WARN] [net.minecraftforge.common.ForgeConfigSpec/CORE]: Incorrect key general.scaledProjectiles was corrected from null to its default, true. 
[27Jul2025 02:14:27.162] [main/WARN] [net.minecraftforge.common.ForgeConfigSpec/CORE]: Incorrect key general.scaledExplosions was corrected from null to its default, true. 
[27Jul2025 02:14:27.163] [main/WARN] [net.minecraftforge.common.ForgeConfigSpec/CORE]: Incorrect key general.keepAllScalesOnRespawn was corrected from null to its default, false. 
[27Jul2025 02:14:27.163] [main/WARN] [net.minecraftforge.common.ForgeConfigSpec/CORE]: Incorrect key general.accurateNetherPortals was corrected from null to its default, true. 
[27Jul2025 02:14:27.163] [main/WARN] [net.minecraftforge.common.ForgeConfigSpec/CORE]: Incorrect key general.scalesKeptOnRespawn was corrected from null to its default, []. 
[27Jul2025 02:14:27.163] [main/WARN] [net.minecraftforge.common.ForgeConfigSpec/CORE]: Incorrect key general.enableCommands was corrected from null to its default, true. 
[27Jul2025 02:14:27.163] [main/WARN] [net.minecraftforge.common.ForgeConfigSpec/CORE]: Incorrect key general.enableDebugCommands was corrected from null to its default, false. 
[27Jul2025 02:14:27.165] [main/WARN] [net.minecraftforge.common.ForgeConfigSpec/CORE]: Configuration file /workspaces/Minecraft/servidor_minecraft/config/hrbsdrills-common.toml is not correct. Correcting
[27Jul2025 02:14:27.165] [main/WARN] [net.minecraftforge.common.ForgeConfigSpec/CORE]: Incorrect key dropBlock was corrected from null to its default, true. 
[27Jul2025 02:14:27.166] [main/WARN] [net.minecraftforge.common.ForgeConfigSpec/CORE]: Incorrect key fuelEfficiency was corrected from null to its default, 12. 
[27Jul2025 02:14:27.166] [main/WARN] [net.minecraftforge.common.ForgeConfigSpec/CORE]: Incorrect key volume was corrected from null to its default, 0.25. 
[27Jul2025 02:14:27.167] [main/WARN] [net.minecraftforge.common.ForgeConfigSpec/CORE]: Incorrect key pitch was corrected from null to its default, 1.0. 
[27Jul2025 02:14:27.175] [main/WARN] [net.minecraftforge.common.ForgeConfigSpec/CORE]: Configuration file /workspaces/Minecraft/servidor_minecraft/config/alexsmobs.toml is not correct. Correcting
[27Jul2025 02:14:27.175] [main/WARN] [net.minecraftforge.common.ForgeConfigSpec/CORE]: Incorrect key general.crowsStealCrops was corrected from null to its default, true. 
[27Jul2025 02:14:27.175] [main/WARN] [net.minecraftforge.common.ForgeConfigSpec/CORE]: Incorrect key general.acaciaBlossomChance was corrected from null to its default, 130. 
[27Jul2025 02:14:27.175] [main/WARN] [net.minecraftforge.common.ForgeConfigSpec/CORE]: Incorrect key general.spawning was corrected from SimpleCommentedConfig:{grizzlyBearSpawnWeight=8, grizzlyBearSpawnRolls=0, roadrunnerSpawnWeight=9, roadrunnerSpawnRolls=1, boneSerpentSpawnWeight=8, boneSeprentSpawnRolls=40, gazelleSpawnWeight=40, gazelleSpawnRolls=0, crocodileSpawnWeight=20, crocSpawnRolls=1, flySpawnWeight=3, flySpawnRolls=1, hummingbirdSpawnWeight=19, hummingbirdSpawnRolls=1, orcaSpawnWeight=2, orcaSpawnRolls=6, sunbirdSpawnWeight=5, sunbirdSpawnRolls=6, gorillaSpawnWeight=25, gorillaSpawnRolls=0, crimsonMosquitoSpawnWeight=15, crimsonMosquitoSpawnRolls=0, rattlesnakeSpawnWeight=12, rattlesnakeSpawnRolls=0, endergradeSpawnWeight=10, endergradeSpawnRolls=0, hammerheadSharkSpawnWeight=8, hammerheadSharkSpawnRolls=1, lobsterSpawnWeight=7, lobsterSpawnRolls=0, komodoDragonSpawnWeight=16, komodoDragonSpawnRolls=1, capuchinMonkeySpawnWeight=28, capuchinMonkeySpawnRolls=0, caveCentipedeSpawnWeight=8, caveCentipedeSpawnRolls=1, warpedToadSpawnWeight=30, warpedToadSpawnRolls=0, mooseSpawnWeight=9, mooseSpawnRolls=0, mimicubeSpawnWeight=40, mimicubeSpawnRolls=0, raccoonSpawnWeight=10, raccoonSpawnRolls=0, blobfishSpawnWeight=30, blobfishSpawnRolls=0, sealSpawnWeight=20, sealSpawnRolls=0, cockroachSpawnWeight=4, cockroachSpawnRolls=0, shoebillSpawnWeight=10, shoebillSpawnRolls=0, elephantSpawnWeight=30, elephantSpawnRolls=0, soulVultureSpawnWeight=30, soulVultureSpawnRolls=0, snowLeopardSpawnWeight=18, snowLeopardSpawnRolls=0, spectreSpawnWeight=10, spectreSpawnRolls=5, crowSpawnWeight=10, crowSpawnRolls=0, alligatorSnappingTurtleSpawnWeight=20, alligatorSnappingTurtleSpawnRolls=1, mungusSpawnWeight=4, mungusSpawnRolls=1, mantisShrimpSpawnWeight=15, mantisShrimpSpawnRolls=0, gusterSpawnWeight=35, gusterSpawnRolls=0, warpedMoscoSpawnWeight=1, warpedMoscoSpawnRolls=1000, straddlerSpawnWeight=70, straddlerSpawnRolls=0, stradpoleSpawnWeight=10, stradpoleSpawnRolls=3, emuSpawnWeight=20, emuSpawnRolls=0, platypusSpawnWeight=20, platypusSpawnRolls=0, dropbearSpawnWeight=19, dropbearSpawnRolls=1, tasmanianDevilSpawnWeight=10, tasmanianDevilSpawnRolls=0, kangarooSpawnWeight=25, kangarooSpawnRolls=0, cachalotWhaleSpawnWeight=2, cachalotWhaleSpawnRolls=0, enderiophageSpawnWeight=4, enderiophageSpawnRolls=2, baldEagleSpawnWeight=15, baldEagleSpawnRolls=0, tigerSpawnWeight=30, tigerSpawnRolls=0, tarantulaHawkSpawnWeight=6, tarantulaHawkSpawnRolls=1, voidWormSpawnWeight=0, voidWormSpawnRolls=0, frilledSharkSpawnWeight=11, frilledSharkSpawnRolls=0, mimicOctopusSpawnWeight=9, mimicOctopusSpawnRolls=0, seagullSpawnWeight=21, seagullSpawnRolls=0, froststalkerSpawnWeight=20, froststalkerSpawnRolls=0, tusklinSpawnWeight=18, tusklinSpawnRolls=0, laviathanSpawnWeight=15, laviathanSpawnRolls=1, cosmawSpawnWeight=9, cosmawSpawnRolls=0, toucanSpawnWeight=23, toucanSpawnRolls=0, manedWolfSpawnWeight=8, manedWolfSpawnRolls=0, anacondaSpawnWeight=12, anacondaSpawnRolls=0, anteaterSpawnWeight=7, anteaterSpawnRolls=0, rockyRollerSpawnWeight=60, rockyRollerSpawnRolls=0, flutterSpawnWeight=13, flutterSpawnRolls=0, geladaMonkeySpawnWeight=5, geladaMonkeySpawnRolls=0, jerboaSpawnWeight=12, jerboaSpawnRolls=2, terrapinSpawnWeight=4, terrapinSpawnRolls=0, combJellySpawnWeight=5, combJellySpawnRolls=1, cosmicCodSpawnWeight=5, cosmicCodSpawnRolls=0, bunfungusSpawnWeight=3, bunfungusSpawnRolls=0, bisonSpawnWeight=9, bisonSpawnRolls=0, giantSquidSpawnWeight=3, giantSquidSpawnRolls=0, devilsHolePupfishSpawnWeight=23, devilsHolePupfishSpawnRolls=0, catfishSpawnWeight=4, catfishSpawnRolls=2, flyingFishSpawnWeight=8, flyingFishSpawnRolls=0, skelewagSpawnWeight=15, skelewagSpawnRolls=0, rainFrogSpawnWeight=10, rainFrogSpawnRolls=0, potooSpawnWeight=15, potooSpawnRolls=0, mudskipperSpawnWeight=28, mudskipperSpawnRolls=0, rhinocerosSpawnWeight=24, rhinocerosSpawnRolls=0, sugarGliderSpawnWeight=15, sugarGliderSpawnRolls=0, farseerSpawnWeight=30, farseerSpawnRolls=0, skreecherSpawnWeight=10, skreecherSpawnRolls=1, underminerSpawnWeight=50, underminerSpawnRolls=1, murmurSpawnWeight=5, murmurSpawnRolls=1, skunkSpawnWeight=7, skunkSpawnRolls=0, bananaSlugSpawnWeight=14, bananaSlugSpawnRolls=0, blueJaySpawnWeight=16, blueJaySpawnRolls=0, caimanSpawnWeight=29, caimanSpawnRolls=0, triopsSpawnWeight=8, triopsSpawnRolls=0, uniqueSpawning=SimpleCommentedConfig:{caveCentipedeSpawnHeight=0, blobfishSpawnHeight=25, beachedCachalotWhales=true, beachedCachalotWhaleSpawnChance=5, beachedCachalotWhaleSpawnDelay=24000, leafcutterAnthillSpawnChance=0.004999999888241291, geladaMonkeySpawnRolls=0, restrictPupfishSpawns=true, pupfishChunkSpawnDistance=2000, restrictSkelewagSpawns=true, restrictFarseerSpawns=true, restrictUnderminerSpawns=true, farseerBorderSpawnDistance=100, murmurSpawnHeight=-30, dangerZone=SimpleCommentedConfig:{superSecretSettings=false}}} to its default, null. 
[27Jul2025 02:14:27.176] [main/WARN] [net.minecraftforge.common.ForgeConfigSpec/CORE]: Incorrect key spawning was corrected from null to its default, SimpleCommentedConfig:{}. 
[27Jul2025 02:14:27.176] [main/WARN] [net.minecraftforge.common.ForgeConfigSpec/CORE]: Incorrect key spawning.grizzlyBearSpawnWeight was corrected from null to its default, 8. 
[27Jul2025 02:14:27.176] [main/WARN] [net.minecraftforge.common.ForgeConfigSpec/CORE]: Incorrect key spawning.grizzlyBearSpawnRolls was corrected from null to its default, 0. 
[27Jul2025 02:14:27.176] [main/WARN] [net.minecraftforge.common.ForgeConfigSpec/CORE]: Incorrect key spawning.roadrunnerSpawnWeight was corrected from null to its default, 9. 
[27Jul2025 02:14:27.176] [main/WARN] [net.minecraftforge.common.ForgeConfigSpec/CORE]: Incorrect key spawning.roadrunnerSpawnRolls was corrected from null to its default, 1. 
[27Jul2025 02:14:27.177] [main/WARN] [net.minecraftforge.common.ForgeConfigSpec/CORE]: Incorrect key spawning.boneSerpentSpawnWeight was corrected from null to its default, 8. 
[27Jul2025 02:14:27.177] [main/WARN] [net.minecraftforge.common.ForgeConfigSpec/CORE]: Incorrect key spawning.boneSeprentSpawnRolls was corrected from null to its default, 40. 
[27Jul2025 02:14:27.177] [main/WARN] [net.minecraftforge.common.ForgeConfigSpec/CORE]: Incorrect key spawning.gazelleSpawnWeight was corrected from null to its default, 40. 
[27Jul2025 02:14:27.177] [main/WARN] [net.minecraftforge.common.ForgeConfigSpec/CORE]: Incorrect key spawning.gazelleSpawnRolls was corrected from null to its default, 0. 
[27Jul2025 02:14:27.178] [main/WARN] [net.minecraftforge.common.ForgeConfigSpec/CORE]: Incorrect key spawning.crocodileSpawnWeight was corrected from null to its default, 20. 
[27Jul2025 02:14:27.178] [main/WARN] [net.minecraftforge.common.ForgeConfigSpec/CORE]: Incorrect key spawning.crocSpawnRolls was corrected from null to its default, 1. 
[27Jul2025 02:14:27.178] [main/WARN] [net.minecraftforge.common.ForgeConfigSpec/CORE]: Incorrect key spawning.flySpawnWeight was corrected from null to its default, 3. 
[27Jul2025 02:14:27.178] [main/WARN] [net.minecraftforge.common.ForgeConfigSpec/CORE]: Incorrect key spawning.flySpawnRolls was corrected from null to its default, 1. 
[27Jul2025 02:14:27.178] [main/WARN] [net.minecraftforge.common.ForgeConfigSpec/CORE]: Incorrect key spawning.hummingbirdSpawnWeight was corrected from null to its default, 19. 
[27Jul2025 02:14:27.178] [main/WARN] [net.minecraftforge.common.ForgeConfigSpec/CORE]: Incorrect key spawning.hummingbirdSpawnRolls was corrected from null to its default, 1. 
[27Jul2025 02:14:27.178] [main/WARN] [net.minecraftforge.common.ForgeConfigSpec/CORE]: Incorrect key spawning.orcaSpawnWeight was corrected from null to its default, 2. 
[27Jul2025 02:14:27.178] [main/WARN] [net.minecraftforge.common.ForgeConfigSpec/CORE]: Incorrect key spawning.orcaSpawnRolls was corrected from null to its default, 6. 
[27Jul2025 02:14:27.178] [main/WARN] [net.minecraftforge.common.ForgeConfigSpec/CORE]: Incorrect key spawning.sunbirdSpawnWeight was corrected from null to its default, 5. 
[27Jul2025 02:14:27.178] [main/WARN] [net.minecraftforge.common.ForgeConfigSpec/CORE]: Incorrect key spawning.sunbirdSpawnRolls was corrected from null to its default, 6. 
[27Jul2025 02:14:27.178] [main/WARN] [net.minecraftforge.common.ForgeConfigSpec/CORE]: Incorrect key spawning.gorillaSpawnWeight was corrected from null to its default, 25. 
[27Jul2025 02:14:27.178] [main/WARN] [net.minecraftforge.common.ForgeConfigSpec/CORE]: Incorrect key spawning.gorillaSpawnRolls was corrected from null to its default, 0. 
[27Jul2025 02:14:27.179] [main/WARN] [net.minecraftforge.common.ForgeConfigSpec/CORE]: Incorrect key spawning.crimsonMosquitoSpawnWeight was corrected from null to its default, 15. 
[27Jul2025 02:14:27.179] [main/WARN] [net.minecraftforge.common.ForgeConfigSpec/CORE]: Incorrect key spawning.crimsonMosquitoSpawnRolls was corrected from null to its default, 0. 
[27Jul2025 02:14:27.179] [main/WARN] [net.minecraftforge.common.ForgeConfigSpec/CORE]: Incorrect key spawning.rattlesnakeSpawnWeight was corrected from null to its default, 12. 
[27Jul2025 02:14:27.179] [main/WARN] [net.minecraftforge.common.ForgeConfigSpec/CORE]: Incorrect key spawning.rattlesnakeSpawnRolls was corrected from null to its default, 0. 
[27Jul2025 02:14:27.179] [main/WARN] [net.minecraftforge.common.ForgeConfigSpec/CORE]: Incorrect key spawning.endergradeSpawnWeight was corrected from null to its default, 10. 
[27Jul2025 02:14:27.179] [main/WARN] [net.minecraftforge.common.ForgeConfigSpec/CORE]: Incorrect key spawning.endergradeSpawnRolls was corrected from null to its default, 0. 
[27Jul2025 02:14:27.179] [main/WARN] [net.minecraftforge.common.ForgeConfigSpec/CORE]: Incorrect key spawning.hammerheadSharkSpawnWeight was corrected from null to its default, 8. 
[27Jul2025 02:14:27.179] [main/WARN] [net.minecraftforge.common.ForgeConfigSpec/CORE]: Incorrect key spawning.hammerheadSharkSpawnRolls was corrected from null to its default, 1. 
[27Jul2025 02:14:27.179] [main/WARN] [net.minecraftforge.common.ForgeConfigSpec/CORE]: Incorrect key spawning.lobsterSpawnWeight was corrected from null to its default, 7. 
[27Jul2025 02:14:27.179] [main/WARN] [net.minecraftforge.common.ForgeConfigSpec/CORE]: Incorrect key spawning.lobsterSpawnRolls was corrected from null to its default, 0. 
[27Jul2025 02:14:27.179] [main/WARN] [net.minecraftforge.common.ForgeConfigSpec/CORE]: Incorrect key spawning.komodoDragonSpawnWeight was corrected from null to its default, 16. 
[27Jul2025 02:14:27.179] [main/WARN] [net.minecraftforge.common.ForgeConfigSpec/CORE]: Incorrect key spawning.komodoDragonSpawnRolls was corrected from null to its default, 1. 
[27Jul2025 02:14:27.179] [main/WARN] [net.minecraftforge.common.ForgeConfigSpec/CORE]: Incorrect key spawning.capuchinMonkeySpawnWeight was corrected from null to its default, 28. 
[27Jul2025 02:14:27.179] [main/WARN] [net.minecraftforge.common.ForgeConfigSpec/CORE]: Incorrect key spawning.capuchinMonkeySpawnRolls was corrected from null to its default, 0. 
[27Jul2025 02:14:27.180] [main/WARN] [net.minecraftforge.common.ForgeConfigSpec/CORE]: Incorrect key spawning.caveCentipedeSpawnWeight was corrected from null to its default, 8. 
[27Jul2025 02:14:27.180] [main/WARN] [net.minecraftforge.common.ForgeConfigSpec/CORE]: Incorrect key spawning.caveCentipedeSpawnRolls was corrected from null to its default, 1. 
[27Jul2025 02:14:27.180] [main/WARN] [net.minecraftforge.common.ForgeConfigSpec/CORE]: Incorrect key spawning.warpedToadSpawnWeight was corrected from null to its default, 30. 
[27Jul2025 02:14:27.180] [main/WARN] [net.minecraftforge.common.ForgeConfigSpec/CORE]: Incorrect key spawning.warpedToadSpawnRolls was corrected from null to its default, 0. 
[27Jul2025 02:14:27.180] [main/WARN] [net.minecraftforge.common.ForgeConfigSpec/CORE]: Incorrect key spawning.mooseSpawnWeight was corrected from null to its default, 9. 
[27Jul2025 02:14:27.180] [main/WARN] [net.minecraftforge.common.ForgeConfigSpec/CORE]: Incorrect key spawning.mooseSpawnRolls was corrected from null to its default, 0. 
[27Jul2025 02:14:27.180] [main/WARN] [net.minecraftforge.common.ForgeConfigSpec/CORE]: Incorrect key spawning.mimicubeSpawnWeight was corrected from null to its default, 40. 
[27Jul2025 02:14:27.180] [main/WARN] [net.minecraftforge.common.ForgeConfigSpec/CORE]: Incorrect key spawning.mimicubeSpawnRolls was corrected from null to its default, 0. 
[27Jul2025 02:14:27.180] [main/WARN] [net.minecraftforge.common.ForgeConfigSpec/CORE]: Incorrect key spawning.raccoonSpawnWeight was corrected from null to its default, 10. 
[27Jul2025 02:14:27.181] [main/WARN] [net.minecraftforge.common.ForgeConfigSpec/CORE]: Incorrect key spawning.raccoonSpawnRolls was corrected from null to its default, 0. 
[27Jul2025 02:14:27.181] [main/WARN] [net.minecraftforge.common.ForgeConfigSpec/CORE]: Incorrect key spawning.blobfishSpawnWeight was corrected from null to its default, 30. 
[27Jul2025 02:14:27.181] [main/WARN] [net.minecraftforge.common.ForgeConfigSpec/CORE]: Incorrect key spawning.blobfishSpawnRolls was corrected from null to its default, 0. 
[27Jul2025 02:14:27.181] [main/WARN] [net.minecraftforge.common.ForgeConfigSpec/CORE]: Incorrect key spawning.sealSpawnWeight was corrected from null to its default, 20. 
[27Jul2025 02:14:27.181] [main/WARN] [net.minecraftforge.common.ForgeConfigSpec/CORE]: Incorrect key spawning.sealSpawnRolls was corrected from null to its default, 0. 
[27Jul2025 02:14:27.181] [main/WARN] [net.minecraftforge.common.ForgeConfigSpec/CORE]: Incorrect key spawning.cockroachSpawnWeight was corrected from null to its default, 4. 
[27Jul2025 02:14:27.181] [main/WARN] [net.minecraftforge.common.ForgeConfigSpec/CORE]: Incorrect key spawning.cockroachSpawnRolls was corrected from null to its default, 0. 
[27Jul2025 02:14:27.182] [main/WARN] [net.minecraftforge.common.ForgeConfigSpec/CORE]: Incorrect key spawning.shoebillSpawnWeight was corrected from null to its default, 10. 
[27Jul2025 02:14:27.182] [main/WARN] [net.minecraftforge.common.ForgeConfigSpec/CORE]: Incorrect key spawning.shoebillSpawnRolls was corrected from null to its default, 0. 
[27Jul2025 02:14:27.182] [main/WARN] [net.minecraftforge.common.ForgeConfigSpec/CORE]: Incorrect key spawning.elephantSpawnWeight was corrected from null to its default, 30. 
[27Jul2025 02:14:27.182] [main/WARN] [net.minecraftforge.common.ForgeConfigSpec/CORE]: Incorrect key spawning.elephantSpawnRolls was corrected from null to its default, 0. 
[27Jul2025 02:14:27.182] [main/WARN] [net.minecraftforge.common.ForgeConfigSpec/CORE]: Incorrect key spawning.soulVultureSpawnWeight was corrected from null to its default, 30. 
[27Jul2025 02:14:27.182] [main/WARN] [net.minecraftforge.common.ForgeConfigSpec/CORE]: Incorrect key spawning.soulVultureSpawnRolls was corrected from null to its default, 0. 
[27Jul2025 02:14:27.182] [main/WARN] [net.minecraftforge.common.ForgeConfigSpec/CORE]: Incorrect key spawning.snowLeopardSpawnWeight was corrected from null to its default, 18. 
[27Jul2025 02:14:27.182] [main/WARN] [net.minecraftforge.common.ForgeConfigSpec/CORE]: Incorrect key spawning.snowLeopardSpawnRolls was corrected from null to its default, 0. 
[27Jul2025 02:14:27.183] [main/WARN] [net.minecraftforge.common.ForgeConfigSpec/CORE]: Incorrect key spawning.spectreSpawnWeight was corrected from null to its default, 10. 
[27Jul2025 02:14:27.183] [main/WARN] [net.minecraftforge.common.ForgeConfigSpec/CORE]: Incorrect key spawning.spectreSpawnRolls was corrected from null to its default, 5. 
[27Jul2025 02:14:27.183] [main/WARN] [net.minecraftforge.common.ForgeConfigSpec/CORE]: Incorrect key spawning.crowSpawnWeight was corrected from null to its default, 10. 
[27Jul2025 02:14:27.183] [main/WARN] [net.minecraftforge.common.ForgeConfigSpec/CORE]: Incorrect key spawning.crowSpawnRolls was corrected from null to its default, 0. 
[27Jul2025 02:14:27.183] [main/WARN] [net.minecraftforge.common.ForgeConfigSpec/CORE]: Incorrect key spawning.alligatorSnappingTurtleSpawnWeight was corrected from null to its default, 20. 
[27Jul2025 02:14:27.183] [main/WARN] [net.minecraftforge.common.ForgeConfigSpec/CORE]: Incorrect key spawning.alligatorSnappingTurtleSpawnRolls was corrected from null to its default, 1. 
[27Jul2025 02:14:27.185] [main/WARN] [net.minecraftforge.common.ForgeConfigSpec/CORE]: Incorrect key spawning.mungusSpawnWeight was corrected from null to its default, 4. 
[27Jul2025 02:14:27.185] [main/WARN] [net.minecraftforge.common.ForgeConfigSpec/CORE]: Incorrect key spawning.mungusSpawnRolls was corrected from null to its default, 1. 
[27Jul2025 02:14:27.185] [main/WARN] [net.minecraftforge.common.ForgeConfigSpec/CORE]: Incorrect key spawning.mantisShrimpSpawnWeight was corrected from null to its default, 15. 
[27Jul2025 02:14:27.186] [main/WARN] [net.minecraftforge.common.ForgeConfigSpec/CORE]: Incorrect key spawning.mantisShrimpSpawnRolls was corrected from null to its default, 0. 
[27Jul2025 02:14:27.186] [main/WARN] [net.minecraftforge.common.ForgeConfigSpec/CORE]: Incorrect key spawning.gusterSpawnWeight was corrected from null to its default, 35. 
[27Jul2025 02:14:27.186] [main/WARN] [net.minecraftforge.common.ForgeConfigSpec/CORE]: Incorrect key spawning.gusterSpawnRolls was corrected from null to its default, 0. 
[27Jul2025 02:14:27.186] [main/WARN] [net.minecraftforge.common.ForgeConfigSpec/CORE]: Incorrect key spawning.warpedMoscoSpawnWeight was corrected from null to its default, 1. 
[27Jul2025 02:14:27.187] [main/WARN] [net.minecraftforge.common.ForgeConfigSpec/CORE]: Incorrect key spawning.warpedMoscoSpawnRolls was corrected from null to its default, 1000. 
[27Jul2025 02:14:27.187] [main/WARN] [net.minecraftforge.common.ForgeConfigSpec/CORE]: Incorrect key spawning.straddlerSpawnWeight was corrected from null to its default, 70. 
[27Jul2025 02:14:27.187] [main/WARN] [net.minecraftforge.common.ForgeConfigSpec/CORE]: Incorrect key spawning.straddlerSpawnRolls was corrected from null to its default, 0. 
[27Jul2025 02:14:27.187] [main/WARN] [net.minecraftforge.common.ForgeConfigSpec/CORE]: Incorrect key spawning.stradpoleSpawnWeight was corrected from null to its default, 10. 
[27Jul2025 02:14:27.187] [main/WARN] [net.minecraftforge.common.ForgeConfigSpec/CORE]: Incorrect key spawning.stradpoleSpawnRolls was corrected from null to its default, 3. 
[27Jul2025 02:14:27.187] [main/WARN] [net.minecraftforge.common.ForgeConfigSpec/CORE]: Incorrect key spawning.emuSpawnWeight was corrected from null to its default, 20. 
[27Jul2025 02:14:27.188] [main/WARN] [net.minecraftforge.common.ForgeConfigSpec/CORE]: Incorrect key spawning.emuSpawnRolls was corrected from null to its default, 0. 
[27Jul2025 02:14:27.188] [main/WARN] [net.minecraftforge.common.ForgeConfigSpec/CORE]: Incorrect key spawning.platypusSpawnWeight was corrected from null to its default, 20. 
[27Jul2025 02:14:27.188] [main/WARN] [net.minecraftforge.common.ForgeConfigSpec/CORE]: Incorrect key spawning.platypusSpawnRolls was corrected from null to its default, 0. 
[27Jul2025 02:14:27.188] [main/WARN] [net.minecraftforge.common.ForgeConfigSpec/CORE]: Incorrect key spawning.dropbearSpawnWeight was corrected from null to its default, 19. 
[27Jul2025 02:14:27.188] [main/WARN] [net.minecraftforge.common.ForgeConfigSpec/CORE]: Incorrect key spawning.dropbearSpawnRolls was corrected from null to its default, 1. 
[27Jul2025 02:14:27.188] [main/WARN] [net.minecraftforge.common.ForgeConfigSpec/CORE]: Incorrect key spawning.tasmanianDevilSpawnWeight was corrected from null to its default, 10. 
[27Jul2025 02:14:27.188] [main/WARN] [net.minecraftforge.common.ForgeConfigSpec/CORE]: Incorrect key spawning.tasmanianDevilSpawnRolls was corrected from null to its default, 0. 
[27Jul2025 02:14:27.189] [main/WARN] [net.minecraftforge.common.ForgeConfigSpec/CORE]: Incorrect key spawning.kangarooSpawnWeight was corrected from null to its default, 25. 
[27Jul2025 02:14:27.189] [main/WARN] [net.minecraftforge.common.ForgeConfigSpec/CORE]: Incorrect key spawning.kangarooSpawnRolls was corrected from null to its default, 0. 
[27Jul2025 02:14:27.189] [main/WARN] [net.minecraftforge.common.ForgeConfigSpec/CORE]: Incorrect key spawning.cachalotWhaleSpawnWeight was corrected from null to its default, 2. 
[27Jul2025 02:14:27.189] [main/WARN] [net.minecraftforge.common.ForgeConfigSpec/CORE]: Incorrect key spawning.cachalotWhaleSpawnRolls was corrected from null to its default, 0. 
[27Jul2025 02:14:27.189] [main/WARN] [net.minecraftforge.common.ForgeConfigSpec/CORE]: Incorrect key spawning.enderiophageSpawnWeight was corrected from null to its default, 4. 
[27Jul2025 02:14:27.189] [main/WARN] [net.minecraftforge.common.ForgeConfigSpec/CORE]: Incorrect key spawning.enderiophageSpawnRolls was corrected from null to its default, 2. 
[27Jul2025 02:14:27.189] [main/WARN] [net.minecraftforge.common.ForgeConfigSpec/CORE]: Incorrect key spawning.baldEagleSpawnWeight was corrected from null to its default, 15. 
[27Jul2025 02:14:27.189] [main/WARN] [net.minecraftforge.common.ForgeConfigSpec/CORE]: Incorrect key spawning.baldEagleSpawnRolls was corrected from null to its default, 0. 
[27Jul2025 02:14:27.189] [main/WARN] [net.minecraftforge.common.ForgeConfigSpec/CORE]: Incorrect key spawning.tigerSpawnWeight was corrected from null to its default, 30. 
[27Jul2025 02:14:27.189] [main/WARN] [net.minecraftforge.common.ForgeConfigSpec/CORE]: Incorrect key spawning.tigerSpawnRolls was corrected from null to its default, 0. 
[27Jul2025 02:14:27.189] [main/WARN] [net.minecraftforge.common.ForgeConfigSpec/CORE]: Incorrect key spawning.tarantulaHawkSpawnWeight was corrected from null to its default, 6. 
[27Jul2025 02:14:27.189] [main/WARN] [net.minecraftforge.common.ForgeConfigSpec/CORE]: Incorrect key spawning.tarantulaHawkSpawnRolls was corrected from null to its default, 1. 
[27Jul2025 02:14:27.190] [main/WARN] [net.minecraftforge.common.ForgeConfigSpec/CORE]: Incorrect key spawning.voidWormSpawnWeight was corrected from null to its default, 0. 
[27Jul2025 02:14:27.190] [main/WARN] [net.minecraftforge.common.ForgeConfigSpec/CORE]: Incorrect key spawning.voidWormSpawnRolls was corrected from null to its default, 0. 
[27Jul2025 02:14:27.190] [main/WARN] [net.minecraftforge.common.ForgeConfigSpec/CORE]: Incorrect key spawning.frilledSharkSpawnWeight was corrected from null to its default, 11. 
[27Jul2025 02:14:27.190] [main/WARN] [net.minecraftforge.common.ForgeConfigSpec/CORE]: Incorrect key spawning.frilledSharkSpawnRolls was corrected from null to its default, 0. 
[27Jul2025 02:14:27.190] [main/WARN] [net.minecraftforge.common.ForgeConfigSpec/CORE]: Incorrect key spawning.mimicOctopusSpawnWeight was corrected from null to its default, 9. 
[27Jul2025 02:14:27.190] [main/WARN] [net.minecraftforge.common.ForgeConfigSpec/CORE]: Incorrect key spawning.mimicOctopusSpawnRolls was corrected from null to its default, 0. 
[27Jul2025 02:14:27.190] [main/WARN] [net.minecraftforge.common.ForgeConfigSpec/CORE]: Incorrect key spawning.seagullSpawnWeight was corrected from null to its default, 21. 
[27Jul2025 02:14:27.190] [main/WARN] [net.minecraftforge.common.ForgeConfigSpec/CORE]: Incorrect key spawning.seagullSpawnRolls was corrected from null to its default, 0. 
[27Jul2025 02:14:27.190] [main/WARN] [net.minecraftforge.common.ForgeConfigSpec/CORE]: Incorrect key spawning.froststalkerSpawnWeight was corrected from null to its default, 20. 
[27Jul2025 02:14:27.191] [main/WARN] [net.minecraftforge.common.ForgeConfigSpec/CORE]: Incorrect key spawning.froststalkerSpawnRolls was corrected from null to its default, 0. 
[27Jul2025 02:14:27.191] [main/WARN] [net.minecraftforge.common.ForgeConfigSpec/CORE]: Incorrect key spawning.tusklinSpawnWeight was corrected from null to its default, 18. 
[27Jul2025 02:14:27.191] [main/WARN] [net.minecraftforge.common.ForgeConfigSpec/CORE]: Incorrect key spawning.tusklinSpawnRolls was corrected from null to its default, 0. 
[27Jul2025 02:14:27.192] [main/WARN] [net.minecraftforge.common.ForgeConfigSpec/CORE]: Incorrect key spawning.laviathanSpawnWeight was corrected from null to its default, 15. 
[27Jul2025 02:14:27.192] [main/WARN] [net.minecraftforge.common.ForgeConfigSpec/CORE]: Incorrect key spawning.laviathanSpawnRolls was corrected from null to its default, 1. 
[27Jul2025 02:14:27.192] [main/WARN] [net.minecraftforge.common.ForgeConfigSpec/CORE]: Incorrect key spawning.cosmawSpawnWeight was corrected from null to its default, 9. 
[27Jul2025 02:14:27.192] [main/WARN] [net.minecraftforge.common.ForgeConfigSpec/CORE]: Incorrect key spawning.cosmawSpawnRolls was corrected from null to its default, 0. 
[27Jul2025 02:14:27.192] [main/WARN] [net.minecraftforge.common.ForgeConfigSpec/CORE]: Incorrect key spawning.toucanSpawnWeight was corrected from null to its default, 23. 
[27Jul2025 02:14:27.192] [main/WARN] [net.minecraftforge.common.ForgeConfigSpec/CORE]: Incorrect key spawning.toucanSpawnRolls was corrected from null to its default, 0. 
[27Jul2025 02:14:27.192] [main/WARN] [net.minecraftforge.common.ForgeConfigSpec/CORE]: Incorrect key spawning.manedWolfSpawnWeight was corrected from null to its default, 8. 
[27Jul2025 02:14:27.192] [main/WARN] [net.minecraftforge.common.ForgeConfigSpec/CORE]: Incorrect key spawning.manedWolfSpawnRolls was corrected from null to its default, 0. 
[27Jul2025 02:14:27.192] [main/WARN] [net.minecraftforge.common.ForgeConfigSpec/CORE]: Incorrect key spawning.anacondaSpawnWeight was corrected from null to its default, 12. 
[27Jul2025 02:14:27.193] [main/WARN] [net.minecraftforge.common.ForgeConfigSpec/CORE]: Incorrect key spawning.anacondaSpawnRolls was corrected from null to its default, 0. 
[27Jul2025 02:14:27.193] [main/WARN] [net.minecraftforge.common.ForgeConfigSpec/CORE]: Incorrect key spawning.anteaterSpawnWeight was corrected from null to its default, 7. 
[27Jul2025 02:14:27.193] [main/WARN] [net.minecraftforge.common.ForgeConfigSpec/CORE]: Incorrect key spawning.anteaterSpawnRolls was corrected from null to its default, 0. 
[27Jul2025 02:14:27.193] [main/WARN] [net.minecraftforge.common.ForgeConfigSpec/CORE]: Incorrect key spawning.rockyRollerSpawnWeight was corrected from null to its default, 60. 
[27Jul2025 02:14:27.193] [main/WARN] [net.minecraftforge.common.ForgeConfigSpec/CORE]: Incorrect key spawning.rockyRollerSpawnRolls was corrected from null to its default, 0. 
[27Jul2025 02:14:27.193] [main/WARN] [net.minecraftforge.common.ForgeConfigSpec/CORE]: Incorrect key spawning.flutterSpawnWeight was corrected from null to its default, 13. 
[27Jul2025 02:14:27.193] [main/WARN] [net.minecraftforge.common.ForgeConfigSpec/CORE]: Incorrect key spawning.flutterSpawnRolls was corrected from null to its default, 0. 
[27Jul2025 02:14:27.193] [main/WARN] [net.minecraftforge.common.ForgeConfigSpec/CORE]: Incorrect key spawning.geladaMonkeySpawnWeight was corrected from null to its default, 5. 
[27Jul2025 02:14:27.194] [main/WARN] [net.minecraftforge.common.ForgeConfigSpec/CORE]: Incorrect key spawning.geladaMonkeySpawnRolls was corrected from null to its default, 0. 
[27Jul2025 02:14:27.194] [main/WARN] [net.minecraftforge.common.ForgeConfigSpec/CORE]: Incorrect key spawning.jerboaSpawnWeight was corrected from null to its default, 12. 
[27Jul2025 02:14:27.194] [main/WARN] [net.minecraftforge.common.ForgeConfigSpec/CORE]: Incorrect key spawning.jerboaSpawnRolls was corrected from null to its default, 2. 
[27Jul2025 02:14:27.194] [main/WARN] [net.minecraftforge.common.ForgeConfigSpec/CORE]: Incorrect key spawning.terrapinSpawnWeight was corrected from null to its default, 4. 
[27Jul2025 02:14:27.195] [main/WARN] [net.minecraftforge.common.ForgeConfigSpec/CORE]: Incorrect key spawning.terrapinSpawnRolls was corrected from null to its default, 0. 
[27Jul2025 02:14:27.195] [main/WARN] [net.minecraftforge.common.ForgeConfigSpec/CORE]: Incorrect key spawning.combJellySpawnWeight was corrected from null to its default, 5. 
[27Jul2025 02:14:27.195] [main/WARN] [net.minecraftforge.common.ForgeConfigSpec/CORE]: Incorrect key spawning.combJellySpawnRolls was corrected from null to its default, 1. 
[27Jul2025 02:14:27.195] [main/WARN] [net.minecraftforge.common.ForgeConfigSpec/CORE]: Incorrect key spawning.cosmicCodSpawnWeight was corrected from null to its default, 5. 
[27Jul2025 02:14:27.195] [main/WARN] [net.minecraftforge.common.ForgeConfigSpec/CORE]: Incorrect key spawning.cosmicCodSpawnRolls was corrected from null to its default, 0. 
[27Jul2025 02:14:27.196] [main/WARN] [net.minecraftforge.common.ForgeConfigSpec/CORE]: Incorrect key spawning.bunfungusSpawnWeight was corrected from null to its default, 3. 
[27Jul2025 02:14:27.196] [main/WARN] [net.minecraftforge.common.ForgeConfigSpec/CORE]: Incorrect key spawning.bunfungusSpawnRolls was corrected from null to its default, 0. 
[27Jul2025 02:14:27.196] [main/WARN] [net.minecraftforge.common.ForgeConfigSpec/CORE]: Incorrect key spawning.bisonSpawnWeight was corrected from null to its default, 9. 
[27Jul2025 02:14:27.196] [main/WARN] [net.minecraftforge.common.ForgeConfigSpec/CORE]: Incorrect key spawning.bisonSpawnRolls was corrected from null to its default, 0. 
[27Jul2025 02:14:27.196] [main/WARN] [net.minecraftforge.common.ForgeConfigSpec/CORE]: Incorrect key spawning.giantSquidSpawnWeight was corrected from null to its default, 3. 
[27Jul2025 02:14:27.196] [main/WARN] [net.minecraftforge.common.ForgeConfigSpec/CORE]: Incorrect key spawning.giantSquidSpawnRolls was corrected from null to its default, 0. 
[27Jul2025 02:14:27.196] [main/WARN] [net.minecraftforge.common.ForgeConfigSpec/CORE]: Incorrect key spawning.devilsHolePupfishSpawnWeight was corrected from null to its default, 23. 
[27Jul2025 02:14:27.197] [main/WARN] [net.minecraftforge.common.ForgeConfigSpec/CORE]: Incorrect key spawning.devilsHolePupfishSpawnRolls was corrected from null to its default, 0. 
[27Jul2025 02:14:27.197] [main/WARN] [net.minecraftforge.common.ForgeConfigSpec/CORE]: Incorrect key spawning.catfishSpawnWeight was corrected from null to its default, 4. 
[27Jul2025 02:14:27.197] [main/WARN] [net.minecraftforge.common.ForgeConfigSpec/CORE]: Incorrect key spawning.catfishSpawnRolls was corrected from null to its default, 2. 
[27Jul2025 02:14:27.197] [main/WARN] [net.minecraftforge.common.ForgeConfigSpec/CORE]: Incorrect key spawning.flyingFishSpawnWeight was corrected from null to its default, 8. 
[27Jul2025 02:14:27.197] [main/WARN] [net.minecraftforge.common.ForgeConfigSpec/CORE]: Incorrect key spawning.flyingFishSpawnRolls was corrected from null to its default, 0. 
[27Jul2025 02:14:27.197] [main/WARN] [net.minecraftforge.common.ForgeConfigSpec/CORE]: Incorrect key spawning.skelewagSpawnWeight was corrected from null to its default, 15. 
[27Jul2025 02:14:27.197] [main/WARN] [net.minecraftforge.common.ForgeConfigSpec/CORE]: Incorrect key spawning.skelewagSpawnRolls was corrected from null to its default, 0. 
[27Jul2025 02:14:27.198] [main/WARN] [net.minecraftforge.common.ForgeConfigSpec/CORE]: Incorrect key spawning.rainFrogSpawnWeight was corrected from null to its default, 10. 
[27Jul2025 02:14:27.198] [main/WARN] [net.minecraftforge.common.ForgeConfigSpec/CORE]: Incorrect key spawning.rainFrogSpawnRolls was corrected from null to its default, 0. 
[27Jul2025 02:14:27.198] [main/WARN] [net.minecraftforge.common.ForgeConfigSpec/CORE]: Incorrect key spawning.potooSpawnWeight was corrected from null to its default, 15. 
[27Jul2025 02:14:27.198] [main/WARN] [net.minecraftforge.common.ForgeConfigSpec/CORE]: Incorrect key spawning.potooSpawnRolls was corrected from null to its default, 0. 
[27Jul2025 02:14:27.198] [main/WARN] [net.minecraftforge.common.ForgeConfigSpec/CORE]: Incorrect key spawning.mudskipperSpawnWeight was corrected from null to its default, 28. 
[27Jul2025 02:14:27.198] [main/WARN] [net.minecraftforge.common.ForgeConfigSpec/CORE]: Incorrect key spawning.mudskipperSpawnRolls was corrected from null to its default, 0. 
[27Jul2025 02:14:27.198] [main/WARN] [net.minecraftforge.common.ForgeConfigSpec/CORE]: Incorrect key spawning.rhinocerosSpawnWeight was corrected from null to its default, 24. 
[27Jul2025 02:14:27.198] [main/WARN] [net.minecraftforge.common.ForgeConfigSpec/CORE]: Incorrect key spawning.rhinocerosSpawnRolls was corrected from null to its default, 0. 
[27Jul2025 02:14:27.199] [main/WARN] [net.minecraftforge.common.ForgeConfigSpec/CORE]: Incorrect key spawning.sugarGliderSpawnWeight was corrected from null to its default, 15. 
[27Jul2025 02:14:27.199] [main/WARN] [net.minecraftforge.common.ForgeConfigSpec/CORE]: Incorrect key spawning.sugarGliderSpawnRolls was corrected from null to its default, 0. 
[27Jul2025 02:14:27.199] [main/WARN] [net.minecraftforge.common.ForgeConfigSpec/CORE]: Incorrect key spawning.farseerSpawnWeight was corrected from null to its default, 30. 
[27Jul2025 02:14:27.199] [main/WARN] [net.minecraftforge.common.ForgeConfigSpec/CORE]: Incorrect key spawning.farseerSpawnRolls was corrected from null to its default, 0. 
[27Jul2025 02:14:27.199] [main/WARN] [net.minecraftforge.common.ForgeConfigSpec/CORE]: Incorrect key spawning.skreecherSpawnWeight was corrected from null to its default, 10. 
[27Jul2025 02:14:27.199] [main/WARN] [net.minecraftforge.common.ForgeConfigSpec/CORE]: Incorrect key spawning.skreecherSpawnRolls was corrected from null to its default, 1. 
[27Jul2025 02:14:27.199] [main/WARN] [net.minecraftforge.common.ForgeConfigSpec/CORE]: Incorrect key spawning.underminerSpawnWeight was corrected from null to its default, 50. 
[27Jul2025 02:14:27.199] [main/WARN] [net.minecraftforge.common.ForgeConfigSpec/CORE]: Incorrect key spawning.underminerSpawnRolls was corrected from null to its default, 1. 
[27Jul2025 02:14:27.200] [main/WARN] [net.minecraftforge.common.ForgeConfigSpec/CORE]: Incorrect key spawning.murmurSpawnWeight was corrected from null to its default, 5. 
[27Jul2025 02:14:27.200] [main/WARN] [net.minecraftforge.common.ForgeConfigSpec/CORE]: Incorrect key spawning.murmurSpawnRolls was corrected from null to its default, 1. 
[27Jul2025 02:14:27.200] [main/WARN] [net.minecraftforge.common.ForgeConfigSpec/CORE]: Incorrect key spawning.skunkSpawnWeight was corrected from null to its default, 7. 
[27Jul2025 02:14:27.200] [main/WARN] [net.minecraftforge.common.ForgeConfigSpec/CORE]: Incorrect key spawning.skunkSpawnRolls was corrected from null to its default, 0. 
[27Jul2025 02:14:27.200] [main/WARN] [net.minecraftforge.common.ForgeConfigSpec/CORE]: Incorrect key spawning.bananaSlugSpawnWeight was corrected from null to its default, 14. 
[27Jul2025 02:14:27.200] [main/WARN] [net.minecraftforge.common.ForgeConfigSpec/CORE]: Incorrect key spawning.bananaSlugSpawnRolls was corrected from null to its default, 0. 
[27Jul2025 02:14:27.200] [main/WARN] [net.minecraftforge.common.ForgeConfigSpec/CORE]: Incorrect key spawning.blueJaySpawnWeight was corrected from null to its default, 16. 
[27Jul2025 02:14:27.200] [main/WARN] [net.minecraftforge.common.ForgeConfigSpec/CORE]: Incorrect key spawning.blueJaySpawnRolls was corrected from null to its default, 0. 
[27Jul2025 02:14:27.200] [main/WARN] [net.minecraftforge.common.ForgeConfigSpec/CORE]: Incorrect key spawning.caimanSpawnWeight was corrected from null to its default, 29. 
[27Jul2025 02:14:27.201] [main/WARN] [net.minecraftforge.common.ForgeConfigSpec/CORE]: Incorrect key spawning.caimanSpawnRolls was corrected from null to its default, 0. 
[27Jul2025 02:14:27.201] [main/WARN] [net.minecraftforge.common.ForgeConfigSpec/CORE]: Incorrect key spawning.triopsSpawnWeight was corrected from null to its default, 8. 
[27Jul2025 02:14:27.201] [main/WARN] [net.minecraftforge.common.ForgeConfigSpec/CORE]: Incorrect key spawning.triopsSpawnRolls was corrected from null to its default, 0. 
[27Jul2025 02:14:27.203] [main/WARN] [net.minecraftforge.common.ForgeConfigSpec/CORE]: Incorrect key uniqueSpawning was corrected from null to its default, SimpleCommentedConfig:{}. 
[27Jul2025 02:14:27.203] [main/WARN] [net.minecraftforge.common.ForgeConfigSpec/CORE]: Incorrect key uniqueSpawning.caveCentipedeSpawnHeight was corrected from null to its default, 0. 
[27Jul2025 02:14:27.203] [main/WARN] [net.minecraftforge.common.ForgeConfigSpec/CORE]: Incorrect key uniqueSpawning.blobfishSpawnHeight was corrected from null to its default, 25. 
[27Jul2025 02:14:27.203] [main/WARN] [net.minecraftforge.common.ForgeConfigSpec/CORE]: Incorrect key uniqueSpawning.beachedCachalotWhales was corrected from null to its default, true. 
[27Jul2025 02:14:27.203] [main/WARN] [net.minecraftforge.common.ForgeConfigSpec/CORE]: Incorrect key uniqueSpawning.beachedCachalotWhaleSpawnChance was corrected from null to its default, 5. 
[27Jul2025 02:14:27.203] [main/WARN] [net.minecraftforge.common.ForgeConfigSpec/CORE]: Incorrect key uniqueSpawning.beachedCachalotWhaleSpawnDelay was corrected from null to its default, 24000. 
[27Jul2025 02:14:27.203] [main/WARN] [net.minecraftforge.common.ForgeConfigSpec/CORE]: Incorrect key uniqueSpawning.leafcutterAnthillSpawnChance was corrected from null to its default, 0.004999999888241291. 
[27Jul2025 02:14:27.203] [main/WARN] [net.minecraftforge.common.ForgeConfigSpec/CORE]: Incorrect key uniqueSpawning.geladaMonkeySpawnRolls was corrected from null to its default, 0. 
[27Jul2025 02:14:27.204] [main/WARN] [net.minecraftforge.common.ForgeConfigSpec/CORE]: Incorrect key uniqueSpawning.restrictPupfishSpawns was corrected from null to its default, true. 
[27Jul2025 02:14:27.204] [main/WARN] [net.minecraftforge.common.ForgeConfigSpec/CORE]: Incorrect key uniqueSpawning.pupfishChunkSpawnDistance was corrected from null to its default, 2000. 
[27Jul2025 02:14:27.204] [main/WARN] [net.minecraftforge.common.ForgeConfigSpec/CORE]: Incorrect key uniqueSpawning.restrictSkelewagSpawns was corrected from null to its default, true. 
[27Jul2025 02:14:27.204] [main/WARN] [net.minecraftforge.common.ForgeConfigSpec/CORE]: Incorrect key uniqueSpawning.restrictFarseerSpawns was corrected from null to its default, true. 
[27Jul2025 02:14:27.204] [main/WARN] [net.minecraftforge.common.ForgeConfigSpec/CORE]: Incorrect key uniqueSpawning.restrictUnderminerSpawns was corrected from null to its default, true. 
[27Jul2025 02:14:27.204] [main/WARN] [net.minecraftforge.common.ForgeConfigSpec/CORE]: Incorrect key uniqueSpawning.farseerBorderSpawnDistance was corrected from null to its default, 100. 
[27Jul2025 02:14:27.204] [main/WARN] [net.minecraftforge.common.ForgeConfigSpec/CORE]: Incorrect key uniqueSpawning.murmurSpawnHeight was corrected from null to its default, -30. 
[27Jul2025 02:14:27.209] [main/WARN] [net.minecraftforge.common.ForgeConfigSpec/CORE]: Incorrect key dangerZone was corrected from null to its default, SimpleCommentedConfig:{}. 
[27Jul2025 02:14:27.209] [main/WARN] [net.minecraftforge.common.ForgeConfigSpec/CORE]: Incorrect key dangerZone.superSecretSettings was corrected from null to its default, false. 
[27Jul2025 02:14:27.209] [main/WARN] [net.minecraftforge.common.ForgeConfigSpec/CORE]: Incorrect key dangerZone.pathfindingThreads was corrected from null to its default, 5. 
[27Jul2025 02:14:27.325] [main/WARN] [net.minecraftforge.common.ForgeConfigSpec/CORE]: Configuration file /workspaces/Minecraft/servidor_minecraft/config/blueprint-common.toml is not correct. Correcting
[27Jul2025 02:14:27.326] [main/WARN] [net.minecraftforge.common.ForgeConfigSpec/CORE]: Incorrect key modded_biome_slice_sizes was corrected from null to its default, SimpleCommentedConfig:{minecraft:overworld=8, default=8}. 
[27Jul2025 02:14:27.329] [main/WARN] [net.minecraftforge.common.ForgeConfigSpec/CORE]: Configuration file /workspaces/Minecraft/servidor_minecraft/config/tconstruct-common.toml is not correct. Correcting
[27Jul2025 02:14:27.329] [main/WARN] [net.minecraftforge.common.ForgeConfigSpec/CORE]: Incorrect key gameplay was corrected from null to its default, SimpleCommentedConfig:{}. 
[27Jul2025 02:14:27.330] [main/WARN] [net.minecraftforge.common.ForgeConfigSpec/CORE]: Incorrect key gameplay.shouldSpawnWithTinkersBook was corrected from null to its default, true. 
[27Jul2025 02:14:27.330] [main/WARN] [net.minecraftforge.common.ForgeConfigSpec/CORE]: Incorrect key gameplay.extendFireProtectionSlots was corrected from null to its default, true. 
[27Jul2025 02:14:27.330] [main/WARN] [net.minecraftforge.common.ForgeConfigSpec/CORE]: Incorrect key gameplay.extendBlastProtectionSlots was corrected from null to its default, true. 
[27Jul2025 02:14:27.331] [main/WARN] [net.minecraftforge.common.ForgeConfigSpec/CORE]: Incorrect key gameplay.repairKitAmount was corrected from null to its default, 2.0. 
[27Jul2025 02:14:27.331] [main/WARN] [net.minecraftforge.common.ForgeConfigSpec/CORE]: Incorrect key recipes was corrected from null to its default, SimpleCommentedConfig:{}. 
[27Jul2025 02:14:27.331] [main/WARN] [net.minecraftforge.common.ForgeConfigSpec/CORE]: Incorrect key recipes.addGravelToFlintRecipe was corrected from null to its default, true. 
[27Jul2025 02:14:27.332] [main/WARN] [net.minecraftforge.common.ForgeConfigSpec/CORE]: Incorrect key recipes.cheaperNetheriteAlloy was corrected from null to its default, true. 
[27Jul2025 02:14:27.332] [main/WARN] [net.minecraftforge.common.ForgeConfigSpec/CORE]: Incorrect key recipes.witherBoneDrop was corrected from null to its default, true. 
[27Jul2025 02:14:27.332] [main/WARN] [net.minecraftforge.common.ForgeConfigSpec/CORE]: Incorrect key recipes.slimeRecipeFix was corrected from null to its default, true. 
[27Jul2025 02:14:27.332] [main/WARN] [net.minecraftforge.common.ForgeConfigSpec/CORE]: Incorrect key recipes.glassRecipeFix was corrected from null to its default, true. 
[27Jul2025 02:14:27.332] [main/WARN] [net.minecraftforge.common.ForgeConfigSpec/CORE]: Incorrect key recipes.ore_rates was corrected from null to its default, SimpleCommentedConfig:{}. 
[27Jul2025 02:14:27.332] [main/WARN] [net.minecraftforge.common.ForgeConfigSpec/CORE]: Incorrect key recipes.ore_rates.melter was corrected from null to its default, SimpleCommentedConfig:{}. 
[27Jul2025 02:14:27.332] [main/WARN] [net.minecraftforge.common.ForgeConfigSpec/CORE]: Incorrect key recipes.ore_rates.melter.nuggetsPerMetal was corrected from null to its default, 12. 
[27Jul2025 02:14:27.332] [main/WARN] [net.minecraftforge.common.ForgeConfigSpec/CORE]: Incorrect key recipes.ore_rates.melter.shardsPerGem was corrected from null to its default, 8. 
[27Jul2025 02:14:27.332] [main/WARN] [net.minecraftforge.common.ForgeConfigSpec/CORE]: Incorrect key recipes.ore_rates.smeltery was corrected from null to its default, SimpleCommentedConfig:{}. 
[27Jul2025 02:14:27.332] [main/WARN] [net.minecraftforge.common.ForgeConfigSpec/CORE]: Incorrect key recipes.ore_rates.smeltery.nuggetsPerMetal was corrected from null to its default, 12. 
[27Jul2025 02:14:27.332] [main/WARN] [net.minecraftforge.common.ForgeConfigSpec/CORE]: Incorrect key recipes.ore_rates.smeltery.shardsPerGem was corrected from null to its default, 8. 
[27Jul2025 02:14:27.333] [main/WARN] [net.minecraftforge.common.ForgeConfigSpec/CORE]: Incorrect key recipes.ore_rates.foundry was corrected from null to its default, SimpleCommentedConfig:{}. 
[27Jul2025 02:14:27.333] [main/WARN] [net.minecraftforge.common.ForgeConfigSpec/CORE]: Incorrect key recipes.ore_rates.foundry.nuggetsPerMetal was corrected from null to its default, 9. 
[27Jul2025 02:14:27.333] [main/WARN] [net.minecraftforge.common.ForgeConfigSpec/CORE]: Incorrect key recipes.ore_rates.foundry.shardsPerGem was corrected from null to its default, 4. 
[27Jul2025 02:14:27.333] [main/WARN] [net.minecraftforge.common.ForgeConfigSpec/CORE]: Incorrect key recipes.ore_rates.foundry_byproduct was corrected from null to its default, SimpleCommentedConfig:{}. 
[27Jul2025 02:14:27.333] [main/WARN] [net.minecraftforge.common.ForgeConfigSpec/CORE]: Incorrect key recipes.ore_rates.foundry_byproduct.nuggetsPerMetal was corrected from null to its default, 3. 
[27Jul2025 02:14:27.333] [main/WARN] [net.minecraftforge.common.ForgeConfigSpec/CORE]: Incorrect key recipes.ore_rates.foundry_byproduct.shardsPerGem was corrected from null to its default, 4. 
[27Jul2025 02:14:27.333] [main/WARN] [net.minecraftforge.common.ForgeConfigSpec/CORE]: Incorrect key recipes.heads was corrected from null to its default, SimpleCommentedConfig:{}. 
[27Jul2025 02:14:27.333] [main/WARN] [net.minecraftforge.common.ForgeConfigSpec/CORE]: Incorrect key recipes.heads.blaze was corrected from null to its default, true. 
[27Jul2025 02:14:27.333] [main/WARN] [net.minecraftforge.common.ForgeConfigSpec/CORE]: Incorrect key recipes.heads.enderman was corrected from null to its default, true. 
[27Jul2025 02:14:27.333] [main/WARN] [net.minecraftforge.common.ForgeConfigSpec/CORE]: Incorrect key recipes.heads.stray was corrected from null to its default, true. 
[27Jul2025 02:14:27.334] [main/WARN] [net.minecraftforge.common.ForgeConfigSpec/CORE]: Incorrect key recipes.heads.husk was corrected from null to its default, true. 
[27Jul2025 02:14:27.334] [main/WARN] [net.minecraftforge.common.ForgeConfigSpec/CORE]: Incorrect key recipes.heads.drowned was corrected from null to its default, true. 
[27Jul2025 02:14:27.334] [main/WARN] [net.minecraftforge.common.ForgeConfigSpec/CORE]: Incorrect key recipes.heads.spider was corrected from null to its default, true. 
[27Jul2025 02:14:27.334] [main/WARN] [net.minecraftforge.common.ForgeConfigSpec/CORE]: Incorrect key recipes.heads.cave_spider was corrected from null to its default, true. 
[27Jul2025 02:14:27.334] [main/WARN] [net.minecraftforge.common.ForgeConfigSpec/CORE]: Incorrect key recipes.heads.piglin_brute was corrected from null to its default, true. 
[27Jul2025 02:14:27.334] [main/WARN] [net.minecraftforge.common.ForgeConfigSpec/CORE]: Incorrect key recipes.heads.zombified_piglin was corrected from null to its default, true. 
[27Jul2025 02:14:27.335] [main/WARN] [net.minecraftforge.common.ForgeConfigSpec/CORE]: Incorrect key loot was corrected from null to its default, SimpleCommentedConfig:{}. 
[27Jul2025 02:14:27.335] [main/WARN] [net.minecraftforge.common.ForgeConfigSpec/CORE]: Incorrect key loot.slimy_loot was corrected from null to its default, true. 
[27Jul2025 02:14:27.335] [main/WARN] [net.minecraftforge.common.ForgeConfigSpec/CORE]: Incorrect key loot.drop_dragon_Scales was corrected from null to its default, true. 
[27Jul2025 02:14:27.335] [main/WARN] [net.minecraftforge.common.ForgeConfigSpec/CORE]: Incorrect key loot.wanderer_ancient_tool_weight was corrected from null to its default, 6. 
[27Jul2025 02:14:27.336] [main/WARN] [net.minecraftforge.common.ForgeConfigSpec/CORE]: Incorrect key compatability was corrected from null to its default, SimpleCommentedConfig:{}. 
[27Jul2025 02:14:27.336] [main/WARN] [net.minecraftforge.common.ForgeConfigSpec/CORE]: Incorrect key compatability.immersive_engineering_chemthrower_shot_value was corrected from null to its default, 1.25. 
[27Jul2025 02:14:27.337] [main/WARN] [net.minecraftforge.common.ForgeConfigSpec/CORE]: Incorrect key debug was corrected from null to its default, SimpleCommentedConfig:{}. 
[27Jul2025 02:14:27.337] [main/WARN] [net.minecraftforge.common.ForgeConfigSpec/CORE]: Incorrect key debug.forceIntegrationMaterials was corrected from null to its default, false. 
[27Jul2025 02:14:27.337] [main/WARN] [net.minecraftforge.common.ForgeConfigSpec/CORE]: Incorrect key debug.disableSideInventoryWhitelist was corrected from null to its default, false. 
[27Jul2025 02:14:27.337] [main/WARN] [net.minecraftforge.common.ForgeConfigSpec/CORE]: Incorrect key debug.quickApplyToolModifiersSurvival was corrected from null to its default, false. 
[27Jul2025 02:14:27.337] [main/WARN] [net.minecraftforge.common.ForgeConfigSpec/CORE]: Incorrect key debug.logInvalidToolStack was corrected from null to its default, WARNING. 
[27Jul2025 02:14:27.339] [main/WARN] [net.minecraftforge.common.ForgeConfigSpec/CORE]: Configuration file /workspaces/Minecraft/servidor_minecraft/config/farmersdelight-common.toml is not correct. Correcting
[27Jul2025 02:14:27.340] [main/WARN] [net.minecraftforge.common.ForgeConfigSpec/CORE]: Incorrect key settings was corrected from null to its default, SimpleCommentedConfig:{}. 
[27Jul2025 02:14:27.340] [main/WARN] [net.minecraftforge.common.ForgeConfigSpec/CORE]: Incorrect key settings.enableVanillaCropCrates was corrected from null to its default, true. 
[27Jul2025 02:14:27.340] [main/WARN] [net.minecraftforge.common.ForgeConfigSpec/CORE]: Incorrect key settings.farmersBuyFDCrops was corrected from null to its default, true. 
[27Jul2025 02:14:27.340] [main/WARN] [net.minecraftforge.common.ForgeConfigSpec/CORE]: Incorrect key settings.wanderingTraderSellsFDItems was corrected from null to its default, true. 
[27Jul2025 02:14:27.340] [main/WARN] [net.minecraftforge.common.ForgeConfigSpec/CORE]: Incorrect key settings.richSoilBoostChance was corrected from null to its default, 0.2. 
[27Jul2025 02:14:27.340] [main/WARN] [net.minecraftforge.common.ForgeConfigSpec/CORE]: Incorrect key settings.cuttingBoardFortuneBonus was corrected from null to its default, 0.1. 
[27Jul2025 02:14:27.340] [main/WARN] [net.minecraftforge.common.ForgeConfigSpec/CORE]: Incorrect key settings.enableRopeReeling was corrected from null to its default, true. 
[27Jul2025 02:14:27.340] [main/WARN] [net.minecraftforge.common.ForgeConfigSpec/CORE]: Incorrect key settings.canvasSignDarkBackgroundList was corrected from null to its default, [gray, purple, blue, brown, green, red, black]. 
[27Jul2025 02:14:27.341] [main/WARN] [net.minecraftforge.common.ForgeConfigSpec/CORE]: Incorrect key farming was corrected from null to its default, SimpleCommentedConfig:{}. 
[27Jul2025 02:14:27.341] [main/WARN] [net.minecraftforge.common.ForgeConfigSpec/CORE]: Incorrect key farming.defaultTomatoVineRope was corrected from null to its default, farmersdelight:rope. 
[27Jul2025 02:14:27.341] [main/WARN] [net.minecraftforge.common.ForgeConfigSpec/CORE]: Incorrect key farming.enableTomatoVineClimbingTaggedRopes was corrected from null to its default, true. 
[27Jul2025 02:14:27.342] [main/WARN] [net.minecraftforge.common.ForgeConfigSpec/CORE]: Incorrect key recipe_book was corrected from null to its default, SimpleCommentedConfig:{}. 
[27Jul2025 02:14:27.342] [main/WARN] [net.minecraftforge.common.ForgeConfigSpec/CORE]: Incorrect key recipe_book.enableRecipeBookCookingPot was corrected from null to its default, true. 
[27Jul2025 02:14:27.343] [main/WARN] [net.minecraftforge.common.ForgeConfigSpec/CORE]: Incorrect key overrides was corrected from null to its default, SimpleCommentedConfig:{}. 
[27Jul2025 02:14:27.343] [main/WARN] [net.minecraftforge.common.ForgeConfigSpec/CORE]: Incorrect key overrides.vanillaSoupExtraEffects was corrected from null to its default, true. 
[27Jul2025 02:14:27.343] [main/WARN] [net.minecraftforge.common.ForgeConfigSpec/CORE]: Incorrect key overrides.rabbitStewJumpBoost was corrected from null to its default, true. 
[27Jul2025 02:14:27.343] [main/WARN] [net.minecraftforge.common.ForgeConfigSpec/CORE]: Incorrect key overrides.dispenserUsesToolsOnCuttingBoard was corrected from null to its default, true. 
[27Jul2025 02:14:27.343] [main/WARN] [net.minecraftforge.common.ForgeConfigSpec/CORE]: Incorrect key overrides.stack_size was corrected from null to its default, SimpleCommentedConfig:{}. 
[27Jul2025 02:14:27.343] [main/WARN] [net.minecraftforge.common.ForgeConfigSpec/CORE]: Incorrect key overrides.stack_size.enableStackableSoupItems was corrected from null to its default, true. 
[27Jul2025 02:14:27.343] [main/WARN] [net.minecraftforge.common.ForgeConfigSpec/CORE]: Incorrect key overrides.stack_size.soupItemList was corrected from null to its default, [minecraft:mushroom_stew, minecraft:beetroot_soup, minecraft:rabbit_stew]. 
[27Jul2025 02:14:27.344] [main/WARN] [net.minecraftforge.common.ForgeConfigSpec/CORE]: Incorrect key world was corrected from null to its default, SimpleCommentedConfig:{}. 
[27Jul2025 02:14:27.344] [main/WARN] [net.minecraftforge.common.ForgeConfigSpec/CORE]: Incorrect key world.generateFDChestLoot was corrected from null to its default, true. 
[27Jul2025 02:14:27.344] [main/WARN] [net.minecraftforge.common.ForgeConfigSpec/CORE]: Incorrect key world.genVillageCompostHeaps was corrected from null to its default, true. 
[27Jul2025 02:14:27.344] [main/WARN] [net.minecraftforge.common.ForgeConfigSpec/CORE]: Incorrect key world.genFDCropsOnVillageFarms was corrected from null to its default, true. 
[27Jul2025 02:14:27.344] [main/WARN] [net.minecraftforge.common.ForgeConfigSpec/CORE]: Incorrect key world.wild_cabbages was corrected from null to its default, SimpleCommentedConfig:{}. 
[27Jul2025 02:14:27.345] [main/WARN] [net.minecraftforge.common.ForgeConfigSpec/CORE]: Incorrect key world.wild_cabbages.chance was corrected from null to its default, 30. 
[27Jul2025 02:14:27.345] [main/WARN] [net.minecraftforge.common.ForgeConfigSpec/CORE]: Incorrect key world.wild_beetroots was corrected from null to its default, SimpleCommentedConfig:{}. 
[27Jul2025 02:14:27.345] [main/WARN] [net.minecraftforge.common.ForgeConfigSpec/CORE]: Incorrect key world.wild_beetroots.chance was corrected from null to its default, 30. 
[27Jul2025 02:14:27.345] [main/WARN] [net.minecraftforge.common.ForgeConfigSpec/CORE]: Incorrect key world.wild_potatoes was corrected from null to its default, SimpleCommentedConfig:{}. 
[27Jul2025 02:14:27.345] [main/WARN] [net.minecraftforge.common.ForgeConfigSpec/CORE]: Incorrect key world.wild_potatoes.chance was corrected from null to its default, 100. 
[27Jul2025 02:14:27.345] [main/WARN] [net.minecraftforge.common.ForgeConfigSpec/CORE]: Incorrect key world.wild_carrots was corrected from null to its default, SimpleCommentedConfig:{}. 
[27Jul2025 02:14:27.345] [main/WARN] [net.minecraftforge.common.ForgeConfigSpec/CORE]: Incorrect key world.wild_carrots.chance was corrected from null to its default, 120. 
[27Jul2025 02:14:27.345] [main/WARN] [net.minecraftforge.common.ForgeConfigSpec/CORE]: Incorrect key world.wild_onions was corrected from null to its default, SimpleCommentedConfig:{}. 
[27Jul2025 02:14:27.346] [main/WARN] [net.minecraftforge.common.ForgeConfigSpec/CORE]: Incorrect key world.wild_onions.chance was corrected from null to its default, 120. 
[27Jul2025 02:14:27.346] [main/WARN] [net.minecraftforge.common.ForgeConfigSpec/CORE]: Incorrect key world.wild_tomatoes was corrected from null to its default, SimpleCommentedConfig:{}. 
[27Jul2025 02:14:27.346] [main/WARN] [net.minecraftforge.common.ForgeConfigSpec/CORE]: Incorrect key world.wild_tomatoes.chance was corrected from null to its default, 100. 
[27Jul2025 02:14:27.346] [main/WARN] [net.minecraftforge.common.ForgeConfigSpec/CORE]: Incorrect key world.wild_rice was corrected from null to its default, SimpleCommentedConfig:{}. 
[27Jul2025 02:14:27.346] [main/WARN] [net.minecraftforge.common.ForgeConfigSpec/CORE]: Incorrect key world.wild_rice.chance was corrected from null to its default, 20. 
[27Jul2025 02:14:27.346] [main/WARN] [net.minecraftforge.common.ForgeConfigSpec/CORE]: Incorrect key world.brown_mushroom_colonies was corrected from null to its default, SimpleCommentedConfig:{}. 
[27Jul2025 02:14:27.346] [main/WARN] [net.minecraftforge.common.ForgeConfigSpec/CORE]: Incorrect key world.brown_mushroom_colonies.genBrownMushroomColony was corrected from null to its default, true. 
[27Jul2025 02:14:27.346] [main/WARN] [net.minecraftforge.common.ForgeConfigSpec/CORE]: Incorrect key world.brown_mushroom_colonies.chance was corrected from null to its default, 15. 
[27Jul2025 02:14:27.347] [main/WARN] [net.minecraftforge.common.ForgeConfigSpec/CORE]: Incorrect key world.red_mushroom_colonies was corrected from null to its default, SimpleCommentedConfig:{}. 
[27Jul2025 02:14:27.347] [main/WARN] [net.minecraftforge.common.ForgeConfigSpec/CORE]: Incorrect key world.red_mushroom_colonies.genRedMushroomColony was corrected from null to its default, true. 
[27Jul2025 02:14:27.347] [main/WARN] [net.minecraftforge.common.ForgeConfigSpec/CORE]: Incorrect key world.red_mushroom_colonies.chance was corrected from null to its default, 15. 
[27Jul2025 02:14:27.349] [main/WARN] [net.minecraftforge.common.ForgeConfigSpec/CORE]: Configuration file /workspaces/Minecraft/servidor_minecraft/config/usefulbackpacks-common.toml is not correct. Correcting
[27Jul2025 02:14:27.350] [main/WARN] [net.minecraftforge.common.ForgeConfigSpec/CORE]: Incorrect key common was corrected from null to its default, SimpleCommentedConfig:{}. 
[27Jul2025 02:14:27.350] [main/WARN] [net.minecraftforge.common.ForgeConfigSpec/CORE]: Incorrect key common.allowStackingBackpacks was corrected from null to its default, true. 
[27Jul2025 02:14:27.351] [main/WARN] [net.minecraftforge.common.ForgeConfigSpec/CORE]: Configuration file /workspaces/Minecraft/servidor_minecraft/config/alexscaves-general.toml is not correct. Correcting
[27Jul2025 02:14:27.352] [main/WARN] [net.minecraftforge.common.ForgeConfigSpec/CORE]: Incorrect key generation was corrected from null to its default, SimpleCommentedConfig:{}. 
[27Jul2025 02:14:27.352] [main/WARN] [net.minecraftforge.common.ForgeConfigSpec/CORE]: Incorrect key generation.cave_biome_mean_width was corrected from null to its default, 300.0. 
[27Jul2025 02:14:27.352] [main/WARN] [net.minecraftforge.common.ForgeConfigSpec/CORE]: Incorrect key generation.cave_biome_mean_separation was corrected from null to its default, 900. 
[27Jul2025 02:14:27.352] [main/WARN] [net.minecraftforge.common.ForgeConfigSpec/CORE]: Incorrect key generation.cave_biome_width_randomness was corrected from null to its default, 0.15. 
[27Jul2025 02:14:27.352] [main/WARN] [net.minecraftforge.common.ForgeConfigSpec/CORE]: Incorrect key generation.cave_biome_spacing_randomness was corrected from null to its default, 0.45. 
[27Jul2025 02:14:27.352] [main/WARN] [net.minecraftforge.common.ForgeConfigSpec/CORE]: Incorrect key generation.warn_generation_incompatibility was corrected from null to its default, true. 
[27Jul2025 02:14:27.353] [main/WARN] [net.minecraftforge.common.ForgeConfigSpec/CORE]: Incorrect key mob-spawning was corrected from null to its default, SimpleCommentedConfig:{}. 
[27Jul2025 02:14:27.353] [main/WARN] [net.minecraftforge.common.ForgeConfigSpec/CORE]: Incorrect key mob-spawning.cave_creature_spawn_count_modifier was corrected from null to its default, 1.75. 
[27Jul2025 02:14:27.353] [main/WARN] [net.minecraftforge.common.ForgeConfigSpec/CORE]: Incorrect key mob-spawning.drowned_diving_gear_spawn_chance was corrected from null to its default, 0.2. 
[27Jul2025 02:14:27.353] [main/WARN] [net.minecraftforge.common.ForgeConfigSpec/CORE]: Incorrect key mob-behavior was corrected from null to its default, SimpleCommentedConfig:{}. 
[27Jul2025 02:14:27.353] [main/WARN] [net.minecraftforge.common.ForgeConfigSpec/CORE]: Incorrect key mob-behavior.pathfinding_threads was corrected from null to its default, 5. 
[27Jul2025 02:14:27.354] [main/WARN] [net.minecraftforge.common.ForgeConfigSpec/CORE]: Incorrect key mob-behavior.luxtructosaurus_block_drop_chance was corrected from null to its default, 0.75. 
[27Jul2025 02:14:27.354] [main/WARN] [net.minecraftforge.common.ForgeConfigSpec/CORE]: Incorrect key mob-behavior.atlatitan_max_block_explosion_resistance was corrected from null to its default, 10. 
[27Jul2025 02:14:27.354] [main/WARN] [net.minecraftforge.common.ForgeConfigSpec/CORE]: Incorrect key mob-behavior.nucleeper_fuse_time was corrected from null to its default, 300. 
[27Jul2025 02:14:27.354] [main/WARN] [net.minecraftforge.common.ForgeConfigSpec/CORE]: Incorrect key mob-behavior.devastating_tremorzilla_beam was corrected from null to its default, true. 
[27Jul2025 02:14:27.354] [main/WARN] [net.minecraftforge.common.ForgeConfigSpec/CORE]: Incorrect key mob-behavior.watcher_possession was corrected from null to its default, true. 
[27Jul2025 02:14:27.354] [main/WARN] [net.minecraftforge.common.ForgeConfigSpec/CORE]: Incorrect key mob-behavior.watcher_possession_cooldown was corrected from null to its default, 300. 
[27Jul2025 02:14:27.354] [main/WARN] [net.minecraftforge.common.ForgeConfigSpec/CORE]: Incorrect key block-behavior was corrected from null to its default, SimpleCommentedConfig:{}. 
[27Jul2025 02:14:27.354] [main/WARN] [net.minecraftforge.common.ForgeConfigSpec/CORE]: Incorrect key block-behavior.walking_on_magnets was corrected from null to its default, true. 
[27Jul2025 02:14:27.354] [main/WARN] [net.minecraftforge.common.ForgeConfigSpec/CORE]: Incorrect key block-behavior.amber_monolith_mean_time was corrected from null to its default, 32000. 
[27Jul2025 02:14:27.355] [main/WARN] [net.minecraftforge.common.ForgeConfigSpec/CORE]: Incorrect key block-behavior.nuclear_furnace_blasting_only was corrected from null to its default, true. 
[27Jul2025 02:14:27.355] [main/WARN] [net.minecraftforge.common.ForgeConfigSpec/CORE]: Incorrect key block-behavior.nuclear_furnace_custom_type was corrected from null to its default, false. 
[27Jul2025 02:14:27.355] [main/WARN] [net.minecraftforge.common.ForgeConfigSpec/CORE]: Incorrect key item-behavior was corrected from null to its default, SimpleCommentedConfig:{}. 
[27Jul2025 02:14:27.355] [main/WARN] [net.minecraftforge.common.ForgeConfigSpec/CORE]: Incorrect key item-behavior.only_one_research_needed was corrected from null to its default, false. 
[27Jul2025 02:14:27.355] [main/WARN] [net.minecraftforge.common.ForgeConfigSpec/CORE]: Incorrect key item-behavior.cave_map_search_attempts was corrected from null to its default, 128000. 
[27Jul2025 02:14:27.355] [main/WARN] [net.minecraftforge.common.ForgeConfigSpec/CORE]: Incorrect key item-behavior.cave_map_search_width was corrected from null to its default, 64. 
[27Jul2025 02:14:27.355] [main/WARN] [net.minecraftforge.common.ForgeConfigSpec/CORE]: Incorrect key item-behavior.nuke_max_block_explosion_resistance was corrected from null to its default, 1000. 
[27Jul2025 02:14:27.355] [main/WARN] [net.minecraftforge.common.ForgeConfigSpec/CORE]: Incorrect key item-behavior.nuke_spawn_item_drops was corrected from null to its default, true. 
[27Jul2025 02:14:27.355] [main/WARN] [net.minecraftforge.common.ForgeConfigSpec/CORE]: Incorrect key item-behavior.nuclear_explosion_size_modifier was corrected from null to its default, 3.0. 
[27Jul2025 02:14:27.356] [main/WARN] [net.minecraftforge.common.ForgeConfigSpec/CORE]: Incorrect key item-behavior.totem_of_possession_works_on_players was corrected from null to its default, true. 
[27Jul2025 02:14:27.356] [main/WARN] [net.minecraftforge.common.ForgeConfigSpec/CORE]: Incorrect key item-behavior.darkness_cloak_charge_time was corrected from null to its default, 1000. 
[27Jul2025 02:14:27.356] [main/WARN] [net.minecraftforge.common.ForgeConfigSpec/CORE]: Incorrect key item-behavior.darkness_cloak_fly_time was corrected from null to its default, 200. 
[27Jul2025 02:14:27.356] [main/WARN] [net.minecraftforge.common.ForgeConfigSpec/CORE]: Incorrect key potion-behavior was corrected from null to its default, SimpleCommentedConfig:{}. 
[27Jul2025 02:14:27.356] [main/WARN] [net.minecraftforge.common.ForgeConfigSpec/CORE]: Incorrect key potion-behavior.sugar_rush_slows_time was corrected from null to its default, true. 
[27Jul2025 02:14:27.357] [main/WARN] [net.minecraftforge.common.ForgeConfigSpec/CORE]: Incorrect key vanilla-changes was corrected from null to its default, SimpleCommentedConfig:{}. 
[27Jul2025 02:14:27.357] [main/WARN] [net.minecraftforge.common.ForgeConfigSpec/CORE]: Incorrect key vanilla-changes.magnetic_tablet_loot_chance was corrected from null to its default, 0.45. 
[27Jul2025 02:14:27.357] [main/WARN] [net.minecraftforge.common.ForgeConfigSpec/CORE]: Incorrect key vanilla-changes.primordial_tablet_loot_chance was corrected from null to its default, 0.15. 
[27Jul2025 02:14:27.357] [main/WARN] [net.minecraftforge.common.ForgeConfigSpec/CORE]: Incorrect key vanilla-changes.toxic_tablet_loot_chance was corrected from null to its default, 0.5. 
[27Jul2025 02:14:27.357] [main/WARN] [net.minecraftforge.common.ForgeConfigSpec/CORE]: Incorrect key vanilla-changes.abyssal_tablet_loot_chance was corrected from null to its default, 0.4. 
[27Jul2025 02:14:27.357] [main/WARN] [net.minecraftforge.common.ForgeConfigSpec/CORE]: Incorrect key vanilla-changes.forlorn_tablet_loot_chance was corrected from null to its default, 0.75. 
[27Jul2025 02:14:27.357] [main/WARN] [net.minecraftforge.common.ForgeConfigSpec/CORE]: Incorrect key vanilla-changes.candy_cavity_loot_chance was corrected from null to its default, 0.9. 
[27Jul2025 02:14:27.357] [main/WARN] [net.minecraftforge.common.ForgeConfigSpec/CORE]: Incorrect key vanilla-changes.cabin_map_loot_chance was corrected from null to its default, 0.15. 
[27Jul2025 02:14:27.357] [main/WARN] [net.minecraftforge.common.ForgeConfigSpec/CORE]: Incorrect key vanilla-changes.cartographers_sell_cabin_maps was corrected from null to its default, true. 
[27Jul2025 02:14:27.357] [main/WARN] [net.minecraftforge.common.ForgeConfigSpec/CORE]: Incorrect key vanilla-changes.wandering_traders_sell_cabin_maps was corrected from null to its default, true. 
[27Jul2025 02:14:27.357] [main/WARN] [net.minecraftforge.common.ForgeConfigSpec/CORE]: Incorrect key vanilla-changes.loot_chest_in_witch_huts was corrected from null to its default, true. 
[27Jul2025 02:14:27.357] [main/WARN] [net.minecraftforge.common.ForgeConfigSpec/CORE]: Incorrect key vanilla-changes.enchantments_in_loot was corrected from null to its default, false. 
[27Jul2025 02:14:27.364] [main/ERROR] [citadel/]: Biome Generation Config: Could not load /workspaces/Minecraft/servidor_minecraft/config/alexscaves_biome_generation/primordial_caves.json
java.lang.NullPointerException: null
	at com.github.alexmodguy.alexscaves.server.config.BiomeGenerationConfig.getOrCreateConfigFile(BiomeGenerationConfig.java:90) ~[alexscaves-2.0.2.jar%23185!/:2.0.2]
	at com.github.alexmodguy.alexscaves.server.config.BiomeGenerationConfig.getConfigData(BiomeGenerationConfig.java:114) ~[alexscaves-2.0.2.jar%23185!/:2.0.2]
	at com.github.alexmodguy.alexscaves.server.config.BiomeGenerationConfig.reloadConfig(BiomeGenerationConfig.java:48) ~[alexscaves-2.0.2.jar%23185!/:2.0.2]
	at com.github.alexmodguy.alexscaves.AlexsCaves.loadConfig(AlexsCaves.java:135) ~[alexscaves-2.0.2.jar%23185!/:2.0.2]
	at net.minecraftforge.eventbus.EventBus.doCastFilter(EventBus.java:260) ~[eventbus-6.0.5.jar%2352!/:?]
	at net.minecraftforge.eventbus.EventBus.lambda$addListener$11(EventBus.java:252) ~[eventbus-6.0.5.jar%2352!/:?]
	at net.minecraftforge.eventbus.EventBus.post(EventBus.java:315) ~[eventbus-6.0.5.jar%2352!/:?]
	at net.minecraftforge.eventbus.EventBus.post(EventBus.java:296) ~[eventbus-6.0.5.jar%2352!/:?]
	at net.minecraftforge.fml.javafmlmod.FMLModContainer.lambda$new$0(FMLModContainer.java:44) ~[javafmllanguage-1.20.1-47.3.7.jar%23271!/:?]
	at net.minecraftforge.fml.ModContainer.lambda$dispatchConfigEvent$8(ModContainer.java:170) ~[fmlcore-1.20.1-47.3.7.jar%23270!/:?]
	at java.util.Optional.ifPresent(Optional.java:178) ~[?:?]
	at net.minecraftforge.fml.ModContainer.dispatchConfigEvent(ModContainer.java:170) ~[fmlcore-1.20.1-47.3.7.jar%23270!/:?]
	at net.minecraftforge.fml.config.ModConfig.fireEvent(ModConfig.java:77) ~[fmlcore-1.20.1-47.3.7.jar%23270!/:?]
	at net.minecraftforge.fml.config.ConfigTracker.openConfig(ConfigTracker.java:62) ~[fmlcore-1.20.1-47.3.7.jar%23270!/:?]
	at net.minecraftforge.fml.config.ConfigTracker.lambda$loadConfigs$1(ConfigTracker.java:50) ~[fmlcore-1.20.1-47.3.7.jar%23270!/:?]
	at java.lang.Iterable.forEach(Iterable.java:75) ~[?:?]
	at java.util.Collections$SynchronizedCollection.forEach(Collections.java:2131) ~[?:?]
	at net.minecraftforge.fml.config.ConfigTracker.loadConfigs(ConfigTracker.java:50) ~[fmlcore-1.20.1-47.3.7.jar%23270!/:?]
	at net.minecraftforge.fml.core.ModStateProvider.lambda$new$3(ModStateProvider.java:68) ~[forge-1.20.1-47.3.7-universal.jar%23274!/:?]
	at net.minecraftforge.fml.ModLoader.handleInlineTransition(ModLoader.java:217) ~[fmlcore-1.20.1-47.3.7.jar%23270!/:?]
	at net.minecraftforge.fml.ModLoader.lambda$dispatchAndHandleError$19(ModLoader.java:209) ~[fmlcore-1.20.1-47.3.7.jar%23270!/:?]
	at java.util.Optional.ifPresent(Optional.java:178) ~[?:?]
	at net.minecraftforge.fml.ModLoader.dispatchAndHandleError(ModLoader.java:209) ~[fmlcore-1.20.1-47.3.7.jar%23270!/:?]
	at net.minecraftforge.fml.ModLoader.lambda$loadMods$15(ModLoader.java:190) ~[fmlcore-1.20.1-47.3.7.jar%23270!/:?]
	at java.lang.Iterable.forEach(Iterable.java:75) ~[?:?]
	at net.minecraftforge.fml.ModLoader.loadMods(ModLoader.java:190) ~[fmlcore-1.20.1-47.3.7.jar%23270!/:?]
	at net.minecraftforge.server.loading.ServerModLoader.load(ServerModLoader.java:31) ~[forge-1.20.1-47.3.7-universal.jar%23274!/:?]
	at net.minecraft.server.Main.main(Main.java:125) ~[server-1.20.1-20230612.114412-srg.jar%23269!/:?]
	at jdk.internal.reflect.NativeMethodAccessorImpl.invoke0(Native Method) ~[?:?]
	at jdk.internal.reflect.NativeMethodAccessorImpl.invoke(NativeMethodAccessorImpl.java:77) ~[?:?]
	at jdk.internal.reflect.DelegatingMethodAccessorImpl.invoke(DelegatingMethodAccessorImpl.java:43) ~[?:?]
	at java.lang.reflect.Method.invoke(Method.java:569) ~[?:?]
	at net.minecraftforge.fml.loading.targets.CommonLaunchHandler.runTarget(CommonLaunchHandler.java:111) ~[fmlloader-1.20.1-47.3.7.jar%2369!/:?]
	at net.minecraftforge.fml.loading.targets.CommonLaunchHandler.serverService(CommonLaunchHandler.java:103) ~[fmlloader-1.20.1-47.3.7.jar%2369!/:?]
	at net.minecraftforge.fml.loading.targets.CommonServerLaunchHandler.lambda$makeService$0(CommonServerLaunchHandler.java:27) ~[fmlloader-1.20.1-47.3.7.jar%2369!/:?]
	at cpw.mods.modlauncher.LaunchServiceHandlerDecorator.launch(LaunchServiceHandlerDecorator.java:30) ~[modlauncher-10.0.9.jar%2355!/:?]
	at cpw.mods.modlauncher.LaunchServiceHandler.launch(LaunchServiceHandler.java:53) ~[modlauncher-10.0.9.jar%2355!/:?]
	at cpw.mods.modlauncher.LaunchServiceHandler.launch(LaunchServiceHandler.java:71) ~[modlauncher-10.0.9.jar%2355!/:?]
	at cpw.mods.modlauncher.Launcher.run(Launcher.java:108) ~[modlauncher-10.0.9.jar%2355!/:?]
	at cpw.mods.modlauncher.Launcher.main(Launcher.java:78) ~[modlauncher-10.0.9.jar%2355!/:?]
	at cpw.mods.modlauncher.BootstrapLaunchConsumer.accept(BootstrapLaunchConsumer.java:26) ~[modlauncher-10.0.9.jar%2355!/:?]
	at cpw.mods.modlauncher.BootstrapLaunchConsumer.accept(BootstrapLaunchConsumer.java:23) ~[modlauncher-10.0.9.jar%2355!/:?]
	at cpw.mods.bootstraplauncher.BootstrapLauncher.main(BootstrapLauncher.java:141) ~[bootstraplauncher-1.1.2.jar:?]
[27Jul2025 02:14:27.369] [main/WARN] [net.minecraftforge.common.ForgeConfigSpec/CORE]: Configuration file /workspaces/Minecraft/servidor_minecraft/config/chefsdelight-common.toml is not correct. Correcting
[27Jul2025 02:14:27.369] [main/WARN] [net.minecraftforge.common.ForgeConfigSpec/CORE]: Incorrect key Configs for Chefs Delight was corrected from null to its default, SimpleCommentedConfig:{}. 
[27Jul2025 02:14:27.370] [main/WARN] [net.minecraftforge.common.ForgeConfigSpec/CORE]: Incorrect key Configs for Chefs Delight.Plains Chef House was corrected from null to its default, 5. 
[27Jul2025 02:14:27.370] [main/WARN] [net.minecraftforge.common.ForgeConfigSpec/CORE]: Incorrect key Configs for Chefs Delight.Plains Cook House was corrected from null to its default, 2. 
[27Jul2025 02:14:27.370] [main/WARN] [net.minecraftforge.common.ForgeConfigSpec/CORE]: Incorrect key Configs for Chefs Delight.Taiga Chef House was corrected from null to its default, 4. 
[27Jul2025 02:14:27.370] [main/WARN] [net.minecraftforge.common.ForgeConfigSpec/CORE]: Incorrect key Configs for Chefs Delight.Taiga Cook House was corrected from null to its default, 3. 
[27Jul2025 02:14:27.370] [main/WARN] [net.minecraftforge.common.ForgeConfigSpec/CORE]: Incorrect key Configs for Chefs Delight.Desert Chef House was corrected from null to its default, 5. 
[27Jul2025 02:14:27.370] [main/WARN] [net.minecraftforge.common.ForgeConfigSpec/CORE]: Incorrect key Configs for Chefs Delight.Desert Cook House was corrected from null to its default, 3. 
[27Jul2025 02:14:27.372] [main/WARN] [net.minecraftforge.common.ForgeConfigSpec/CORE]: Configuration file /workspaces/Minecraft/servidor_minecraft/config/regions_unexplored/ru-common.toml is not correct. Correcting
[27Jul2025 02:14:27.373] [main/WARN] [net.minecraftforge.common.ForgeConfigSpec/CORE]: Incorrect key region_configs was corrected from null to its default, SimpleCommentedConfig:{}. 
[27Jul2025 02:14:27.373] [main/WARN] [net.minecraftforge.common.ForgeConfigSpec/CORE]: Incorrect key region_configs.toggle_custom_regions was corrected from null to its default, false. 
[27Jul2025 02:14:27.373] [main/WARN] [net.minecraftforge.common.ForgeConfigSpec/CORE]: Incorrect key region_configs.primary_region_weight was corrected from null to its default, 11. 
[27Jul2025 02:14:27.373] [main/WARN] [net.minecraftforge.common.ForgeConfigSpec/CORE]: Incorrect key region_configs.secondary_region_weight was corrected from null to its default, 8. 
[27Jul2025 02:14:27.373] [main/WARN] [net.minecraftforge.common.ForgeConfigSpec/CORE]: Incorrect key region_configs.rare_region_weight was corrected from null to its default, 1. 
[27Jul2025 02:14:27.373] [main/WARN] [net.minecraftforge.common.ForgeConfigSpec/CORE]: Incorrect key region_configs.nether_region_weight was corrected from null to its default, 14. 
[27Jul2025 02:14:27.374] [main/WARN] [net.minecraftforge.common.ForgeConfigSpec/CORE]: Incorrect key biome_toggles was corrected from null to its default, SimpleCommentedConfig:{}. 
[27Jul2025 02:14:27.374] [main/WARN] [net.minecraftforge.common.ForgeConfigSpec/CORE]: Incorrect key biome_toggles.toggle_alpha_grove was corrected from null to its default, true. 
[27Jul2025 02:14:27.374] [main/WARN] [net.minecraftforge.common.ForgeConfigSpec/CORE]: Incorrect key biome_toggles.toggle_arid_mountains was corrected from null to its default, true. 
[27Jul2025 02:14:27.374] [main/WARN] [net.minecraftforge.common.ForgeConfigSpec/CORE]: Incorrect key biome_toggles.toggle_smouldering_woodland was corrected from null to its default, true. 
[27Jul2025 02:14:27.374] [main/WARN] [net.minecraftforge.common.ForgeConfigSpec/CORE]: Incorrect key biome_toggles.toggle_autumnal_maple_forest was corrected from null to its default, true. 
[27Jul2025 02:14:27.374] [main/WARN] [net.minecraftforge.common.ForgeConfigSpec/CORE]: Incorrect key biome_toggles.toggle_bamboo_forest was corrected from null to its default, true. 
[27Jul2025 02:14:27.374] [main/WARN] [net.minecraftforge.common.ForgeConfigSpec/CORE]: Incorrect key biome_toggles.toggle_baobab_savanna was corrected from null to its default, true. 
[27Jul2025 02:14:27.375] [main/WARN] [net.minecraftforge.common.ForgeConfigSpec/CORE]: Incorrect key biome_toggles.toggle_barley_fields was corrected from null to its default, true. 
[27Jul2025 02:14:27.375] [main/WARN] [net.minecraftforge.common.ForgeConfigSpec/CORE]: Incorrect key biome_toggles.toggle_bayou was corrected from null to its default, true. 
[27Jul2025 02:14:27.375] [main/WARN] [net.minecraftforge.common.ForgeConfigSpec/CORE]: Incorrect key biome_toggles.toggle_blackwood_taiga was corrected from null to its default, true. 
[27Jul2025 02:14:27.376] [main/WARN] [net.minecraftforge.common.ForgeConfigSpec/CORE]: Incorrect key biome_toggles.toggle_boreal_taiga was corrected from null to its default, true. 
[27Jul2025 02:14:27.376] [main/WARN] [net.minecraftforge.common.ForgeConfigSpec/CORE]: Incorrect key biome_toggles.toggle_chalk_cliffs was corrected from null to its default, true. 
[27Jul2025 02:14:27.376] [main/WARN] [net.minecraftforge.common.ForgeConfigSpec/CORE]: Incorrect key biome_toggles.toggle_clover_plains was corrected from null to its default, true. 
[27Jul2025 02:14:27.376] [main/WARN] [net.minecraftforge.common.ForgeConfigSpec/CORE]: Incorrect key biome_toggles.toggle_cold_boreal_taiga was corrected from null to its default, true. 
[27Jul2025 02:14:27.376] [main/WARN] [net.minecraftforge.common.ForgeConfigSpec/CORE]: Incorrect key biome_toggles.toggle_cold_deciduous_forest was corrected from null to its default, true. 
[27Jul2025 02:14:27.376] [main/WARN] [net.minecraftforge.common.ForgeConfigSpec/CORE]: Incorrect key biome_toggles.toggle_cold_river was corrected from null to its default, true. 
[27Jul2025 02:14:27.376] [main/WARN] [net.minecraftforge.common.ForgeConfigSpec/CORE]: Incorrect key biome_toggles.toggle_deciduous_forest was corrected from null to its default, true. 
[27Jul2025 02:14:27.376] [main/WARN] [net.minecraftforge.common.ForgeConfigSpec/CORE]: Incorrect key biome_toggles.toggle_dry_bushland was corrected from null to its default, true. 
[27Jul2025 02:14:27.376] [main/WARN] [net.minecraftforge.common.ForgeConfigSpec/CORE]: Incorrect key biome_toggles.toggle_eucalyptus_forest was corrected from null to its default, true. 
[27Jul2025 02:14:27.376] [main/WARN] [net.minecraftforge.common.ForgeConfigSpec/CORE]: Incorrect key biome_toggles.toggle_fen was corrected from null to its default, true. 
[27Jul2025 02:14:27.376] [main/WARN] [net.minecraftforge.common.ForgeConfigSpec/CORE]: Incorrect key biome_toggles.toggle_flower_field was corrected from null to its default, true. 
[27Jul2025 02:14:27.377] [main/WARN] [net.minecraftforge.common.ForgeConfigSpec/CORE]: Incorrect key biome_toggles.toggle_frozen_pine_taiga was corrected from null to its default, true. 
[27Jul2025 02:14:27.377] [main/WARN] [net.minecraftforge.common.ForgeConfigSpec/CORE]: Incorrect key biome_toggles.toggle_frozen_tundra was corrected from null to its default, true. 
[27Jul2025 02:14:27.377] [main/WARN] [net.minecraftforge.common.ForgeConfigSpec/CORE]: Incorrect key biome_toggles.toggle_fungal_fen was corrected from null to its default, true. 
[27Jul2025 02:14:27.377] [main/WARN] [net.minecraftforge.common.ForgeConfigSpec/CORE]: Incorrect key biome_toggles.toggle_golden_boreal_taiga was corrected from null to its default, true. 
[27Jul2025 02:14:27.377] [main/WARN] [net.minecraftforge.common.ForgeConfigSpec/CORE]: Incorrect key biome_toggles.toggle_grassland was corrected from null to its default, true. 
[27Jul2025 02:14:27.377] [main/WARN] [net.minecraftforge.common.ForgeConfigSpec/CORE]: Incorrect key biome_toggles.toggle_grassy_beach was corrected from null to its default, true. 
[27Jul2025 02:14:27.377] [main/WARN] [net.minecraftforge.common.ForgeConfigSpec/CORE]: Incorrect key biome_toggles.toggle_gravel_beach was corrected from null to its default, true. 
[27Jul2025 02:14:27.377] [main/WARN] [net.minecraftforge.common.ForgeConfigSpec/CORE]: Incorrect key biome_toggles.toggle_highland_fields was corrected from null to its default, true. 
[27Jul2025 02:14:27.377] [main/WARN] [net.minecraftforge.common.ForgeConfigSpec/CORE]: Incorrect key biome_toggles.toggle_hyacinth_deeps was corrected from null to its default, true. 
[27Jul2025 02:14:27.377] [main/WARN] [net.minecraftforge.common.ForgeConfigSpec/CORE]: Incorrect key biome_toggles.toggle_icy_desert was corrected from null to its default, true. 
[27Jul2025 02:14:27.377] [main/WARN] [net.minecraftforge.common.ForgeConfigSpec/CORE]: Incorrect key biome_toggles.toggle_icy_heights was corrected from null to its default, true. 
[27Jul2025 02:14:27.377] [main/WARN] [net.minecraftforge.common.ForgeConfigSpec/CORE]: Incorrect key biome_toggles.toggle_joshua_desert was corrected from null to its default, true. 
[27Jul2025 02:14:27.378] [main/WARN] [net.minecraftforge.common.ForgeConfigSpec/CORE]: Incorrect key biome_toggles.toggle_magnolia_woodland was corrected from null to its default, true. 
[27Jul2025 02:14:27.378] [main/WARN] [net.minecraftforge.common.ForgeConfigSpec/CORE]: Incorrect key biome_toggles.toggle_maple_forest was corrected from null to its default, true. 
[27Jul2025 02:14:27.378] [main/WARN] [net.minecraftforge.common.ForgeConfigSpec/CORE]: Incorrect key biome_toggles.toggle_marsh was corrected from null to its default, true. 
[27Jul2025 02:14:27.378] [main/WARN] [net.minecraftforge.common.ForgeConfigSpec/CORE]: Incorrect key biome_toggles.toggle_mauve_hills was corrected from null to its default, true. 
[27Jul2025 02:14:27.378] [main/WARN] [net.minecraftforge.common.ForgeConfigSpec/CORE]: Incorrect key biome_toggles.toggle_meadow was corrected from null to its default, true. 
[27Jul2025 02:14:27.378] [main/WARN] [net.minecraftforge.common.ForgeConfigSpec/CORE]: Incorrect key biome_toggles.toggle_mountains was corrected from null to its default, true. 
[27Jul2025 02:14:27.378] [main/WARN] [net.minecraftforge.common.ForgeConfigSpec/CORE]: Incorrect key biome_toggles.toggle_muddy_river was corrected from null to its default, true. 
[27Jul2025 02:14:27.378] [main/WARN] [net.minecraftforge.common.ForgeConfigSpec/CORE]: Incorrect key biome_toggles.toggle_old_growth_bayou was corrected from null to its default, true. 
[27Jul2025 02:14:27.378] [main/WARN] [net.minecraftforge.common.ForgeConfigSpec/CORE]: Incorrect key biome_toggles.toggle_orchard was corrected from null to its default, true. 
[27Jul2025 02:14:27.378] [main/WARN] [net.minecraftforge.common.ForgeConfigSpec/CORE]: Incorrect key biome_toggles.toggle_outback was corrected from null to its default, true. 
[27Jul2025 02:14:27.378] [main/WARN] [net.minecraftforge.common.ForgeConfigSpec/CORE]: Incorrect key biome_toggles.toggle_pine_slopes was corrected from null to its default, true. 
[27Jul2025 02:14:27.378] [main/WARN] [net.minecraftforge.common.ForgeConfigSpec/CORE]: Incorrect key biome_toggles.toggle_pine_taiga was corrected from null to its default, true. 
[27Jul2025 02:14:27.379] [main/WARN] [net.minecraftforge.common.ForgeConfigSpec/CORE]: Incorrect key biome_toggles.toggle_poppy_fields was corrected from null to its default, true. 
[27Jul2025 02:14:27.379] [main/WARN] [net.minecraftforge.common.ForgeConfigSpec/CORE]: Incorrect key biome_toggles.toggle_prairie was corrected from null to its default, true. 
[27Jul2025 02:14:27.379] [main/WARN] [net.minecraftforge.common.ForgeConfigSpec/CORE]: Incorrect key biome_toggles.toggle_pumpkin_fields was corrected from null to its default, true. 
[27Jul2025 02:14:27.379] [main/WARN] [net.minecraftforge.common.ForgeConfigSpec/CORE]: Incorrect key biome_toggles.toggle_rainforest was corrected from null to its default, true. 
[27Jul2025 02:14:27.379] [main/WARN] [net.minecraftforge.common.ForgeConfigSpec/CORE]: Incorrect key biome_toggles.toggle_rocky_reef was corrected from null to its default, true. 
[27Jul2025 02:14:27.379] [main/WARN] [net.minecraftforge.common.ForgeConfigSpec/CORE]: Incorrect key biome_toggles.toggle_redwoods was corrected from null to its default, true. 
[27Jul2025 02:14:27.379] [main/WARN] [net.minecraftforge.common.ForgeConfigSpec/CORE]: Incorrect key biome_toggles.toggle_saguaro_desert was corrected from null to its default, true. 
[27Jul2025 02:14:27.379] [main/WARN] [net.minecraftforge.common.ForgeConfigSpec/CORE]: Incorrect key biome_toggles.toggle_shrubland was corrected from null to its default, true. 
[27Jul2025 02:14:27.379] [main/WARN] [net.minecraftforge.common.ForgeConfigSpec/CORE]: Incorrect key biome_toggles.toggle_silver_birch_forest was corrected from null to its default, true. 
[27Jul2025 02:14:27.379] [main/WARN] [net.minecraftforge.common.ForgeConfigSpec/CORE]: Incorrect key biome_toggles.toggle_sparse_rainforest was corrected from null to its default, true. 
[27Jul2025 02:14:27.379] [main/WARN] [net.minecraftforge.common.ForgeConfigSpec/CORE]: Incorrect key biome_toggles.toggle_sparse_redwoods was corrected from null to its default, true. 
[27Jul2025 02:14:27.379] [main/WARN] [net.minecraftforge.common.ForgeConfigSpec/CORE]: Incorrect key biome_toggles.toggle_spires was corrected from null to its default, true. 
[27Jul2025 02:14:27.379] [main/WARN] [net.minecraftforge.common.ForgeConfigSpec/CORE]: Incorrect key biome_toggles.toggle_steppe was corrected from null to its default, true. 
[27Jul2025 02:14:27.379] [main/WARN] [net.minecraftforge.common.ForgeConfigSpec/CORE]: Incorrect key biome_toggles.toggle_temperate_grove was corrected from null to its default, true. 
[27Jul2025 02:14:27.379] [main/WARN] [net.minecraftforge.common.ForgeConfigSpec/CORE]: Incorrect key biome_toggles.toggle_towering_cliffs was corrected from null to its default, true. 
[27Jul2025 02:14:27.379] [main/WARN] [net.minecraftforge.common.ForgeConfigSpec/CORE]: Incorrect key biome_toggles.toggle_tropical_river was corrected from null to its default, true. 
[27Jul2025 02:14:27.379] [main/WARN] [net.minecraftforge.common.ForgeConfigSpec/CORE]: Incorrect key biome_toggles.toggle_tropics was corrected from null to its default, true. 
[27Jul2025 02:14:27.379] [main/WARN] [net.minecraftforge.common.ForgeConfigSpec/CORE]: Incorrect key biome_toggles.toggle_willow_forest was corrected from null to its default, true. 
[27Jul2025 02:14:27.379] [main/WARN] [net.minecraftforge.common.ForgeConfigSpec/CORE]: Incorrect key biome_toggles.toggle_ancient_delta was corrected from null to its default, true. 
[27Jul2025 02:14:27.379] [main/WARN] [net.minecraftforge.common.ForgeConfigSpec/CORE]: Incorrect key biome_toggles.toggle_bioshroom_caves was corrected from null to its default, true. 
[27Jul2025 02:14:27.379] [main/WARN] [net.minecraftforge.common.ForgeConfigSpec/CORE]: Incorrect key biome_toggles.toggle_prismachasm was corrected from null to its default, true. 
[27Jul2025 02:14:27.379] [main/WARN] [net.minecraftforge.common.ForgeConfigSpec/CORE]: Incorrect key biome_toggles.toggle_redstone_caves was corrected from null to its default, true. 
[27Jul2025 02:14:27.380] [main/WARN] [net.minecraftforge.common.ForgeConfigSpec/CORE]: Incorrect key biome_toggles.toggle_scorching_caves was corrected from null to its default, true. 
[27Jul2025 02:14:27.380] [main/WARN] [net.minecraftforge.common.ForgeConfigSpec/CORE]: Incorrect key biome_toggles.toggle_blackstone_basin was corrected from null to its default, true. 
[27Jul2025 02:14:27.380] [main/WARN] [net.minecraftforge.common.ForgeConfigSpec/CORE]: Incorrect key biome_toggles.toggle_glistering_meadow was corrected from null to its default, true. 
[27Jul2025 02:14:27.380] [main/WARN] [net.minecraftforge.common.ForgeConfigSpec/CORE]: Incorrect key biome_toggles.toggle_infernal_holt was corrected from null to its default, true. 
[27Jul2025 02:14:27.380] [main/WARN] [net.minecraftforge.common.ForgeConfigSpec/CORE]: Incorrect key biome_toggles.toggle_mycotoxic_undergrowth was corrected from null to its default, true. 
[27Jul2025 02:14:27.380] [main/WARN] [net.minecraftforge.common.ForgeConfigSpec/CORE]: Incorrect key biome_toggles.toggle_redstone_hell was corrected from null to its default, true. 
[27Jul2025 02:14:27.380] [main/WARN] [net.minecraftforge.common.ForgeConfigSpec/CORE]: Incorrect key worldgen_options was corrected from null to its default, SimpleCommentedConfig:{}. 
[27Jul2025 02:14:27.380] [main/WARN] [net.minecraftforge.common.ForgeConfigSpec/CORE]: Incorrect key worldgen_options.toggle_custom_dirt was corrected from null to its default, true. 
[27Jul2025 02:14:27.380] [main/WARN] [net.minecraftforge.common.ForgeConfigSpec/CORE]: Incorrect key client_options was corrected from null to its default, SimpleCommentedConfig:{}. 
[27Jul2025 02:14:27.381] [main/WARN] [net.minecraftforge.common.ForgeConfigSpec/CORE]: Incorrect key client_options.toggle_mauve_leaves_particles was corrected from null to its default, true. 
[27Jul2025 02:14:27.381] [main/WARN] [net.minecraftforge.common.ForgeConfigSpec/CORE]: Incorrect key client_options.toggle_blue_magnolia_leaves_particles was corrected from null to its default, true. 
[27Jul2025 02:14:27.381] [main/WARN] [net.minecraftforge.common.ForgeConfigSpec/CORE]: Incorrect key client_options.toggle_pink_magnolia_leaves_particles was corrected from null to its default, true. 
[27Jul2025 02:14:27.381] [main/WARN] [net.minecraftforge.common.ForgeConfigSpec/CORE]: Incorrect key client_options.toggle_white_magnolia_leaves_particles was corrected from null to its default, true. 
[27Jul2025 02:14:27.381] [main/WARN] [net.minecraftforge.common.ForgeConfigSpec/CORE]: Incorrect key client_options.toggle_red_maple_leaves_particles was corrected from null to its default, true. 
[27Jul2025 02:14:27.381] [main/WARN] [net.minecraftforge.common.ForgeConfigSpec/CORE]: Incorrect key client_options.toggle_orange_maple_leaves_particles was corrected from null to its default, true. 
[27Jul2025 02:14:27.381] [main/WARN] [net.minecraftforge.common.ForgeConfigSpec/CORE]: Incorrect key client_options.toggle_silver_birch_leaves_particles was corrected from null to its default, true. 
[27Jul2025 02:14:27.381] [main/WARN] [net.minecraftforge.common.ForgeConfigSpec/CORE]: Incorrect key client_options.toggle_enchanted_birch_leaves_particles was corrected from null to its default, true. 
[27Jul2025 02:14:27.381] [main/WARN] [net.minecraftforge.common.ForgeConfigSpec/CORE]: Incorrect key client_options.eucalyptus_transition_size was corrected from null to its default, 25.0. 
[27Jul2025 02:14:27.381] [main/WARN] [net.minecraftforge.common.ForgeConfigSpec/CORE]: Incorrect key client_options.eucalyptus_saturation was corrected from null to its default, 0.5. 
[27Jul2025 02:14:27.382] [main/WARN] [net.minecraftforge.common.ForgeConfigSpec/CORE]: Incorrect key client_options.eucalyptus_brightness was corrected from null to its default, 0.8. 
[27Jul2025 02:14:27.384] [main/WARN] [net.minecraftforge.common.ForgeConfigSpec/CORE]: Configuration file /workspaces/Minecraft/servidor_minecraft/config/regions_unexplored/ru-primary-region.toml is not correct. Correcting
[27Jul2025 02:14:27.384] [main/WARN] [net.minecraftforge.common.ForgeConfigSpec/CORE]: Incorrect key -----------------MIDDLE_BIOMES-------------------- was corrected from null to its default, SimpleCommentedConfig:{}. 
[27Jul2025 02:14:27.384] [main/WARN] [net.minecraftforge.common.ForgeConfigSpec/CORE]: Incorrect key -----------------MIDDLE_BIOMES--------------------.icy_arid was corrected from null to its default, regions_unexplored:frozen_tundra. 
[27Jul2025 02:14:27.384] [main/WARN] [net.minecraftforge.common.ForgeConfigSpec/CORE]: Incorrect key -----------------MIDDLE_BIOMES--------------------.icy_dry was corrected from null to its default, regions_unexplored:frozen_tundra. 
[27Jul2025 02:14:27.384] [main/WARN] [net.minecraftforge.common.ForgeConfigSpec/CORE]: Incorrect key -----------------MIDDLE_BIOMES--------------------.icy_neutral was corrected from null to its default, regions_unexplored:frozen_pine_taiga. 
[27Jul2025 02:14:27.384] [main/WARN] [net.minecraftforge.common.ForgeConfigSpec/CORE]: Incorrect key -----------------MIDDLE_BIOMES--------------------.icy_wet was corrected from null to its default, regions_unexplored:cold_boreal_taiga. 
[27Jul2025 02:14:27.384] [main/WARN] [net.minecraftforge.common.ForgeConfigSpec/CORE]: Incorrect key -----------------MIDDLE_BIOMES--------------------.icy_humid was corrected from null to its default, regions_unexplored:cold_boreal_taiga. 
[27Jul2025 02:14:27.384] [main/WARN] [net.minecraftforge.common.ForgeConfigSpec/CORE]: Incorrect key -----------------MIDDLE_BIOMES--------------------.cool_arid was corrected from null to its default, regions_unexplored:pumpkin_fields. 
[27Jul2025 02:14:27.384] [main/WARN] [net.minecraftforge.common.ForgeConfigSpec/CORE]: Incorrect key -----------------MIDDLE_BIOMES--------------------.cool_dry was corrected from null to its default, regions_unexplored:autumnal_maple_forest. 
[27Jul2025 02:14:27.384] [main/WARN] [net.minecraftforge.common.ForgeConfigSpec/CORE]: Incorrect key -----------------MIDDLE_BIOMES--------------------.cool_neutral was corrected from null to its default, regions_unexplored:maple_forest. 
[27Jul2025 02:14:27.385] [main/WARN] [net.minecraftforge.common.ForgeConfigSpec/CORE]: Incorrect key -----------------MIDDLE_BIOMES--------------------.cool_wet was corrected from null to its default, regions_unexplored:boreal_taiga. 
[27Jul2025 02:14:27.385] [main/WARN] [net.minecraftforge.common.ForgeConfigSpec/CORE]: Incorrect key -----------------MIDDLE_BIOMES--------------------.cool_humid was corrected from null to its default, regions_unexplored:boreal_taiga. 
[27Jul2025 02:14:27.385] [main/WARN] [net.minecraftforge.common.ForgeConfigSpec/CORE]: Incorrect key -----------------MIDDLE_BIOMES--------------------.neutral_arid was corrected from null to its default, regions_unexplored:orchard. 
[27Jul2025 02:14:27.385] [main/WARN] [net.minecraftforge.common.ForgeConfigSpec/CORE]: Incorrect key -----------------MIDDLE_BIOMES--------------------.neutral_dry was corrected from null to its default, regions_unexplored:shrubland. 
[27Jul2025 02:14:27.385] [main/WARN] [net.minecraftforge.common.ForgeConfigSpec/CORE]: Incorrect key -----------------MIDDLE_BIOMES--------------------.neutral_neutral was corrected from null to its default, regions_unexplored:temperate_grove. 
[27Jul2025 02:14:27.385] [main/WARN] [net.minecraftforge.common.ForgeConfigSpec/CORE]: Incorrect key -----------------MIDDLE_BIOMES--------------------.neutral_wet was corrected from null to its default, regions_unexplored:pine_taiga. 
[27Jul2025 02:14:27.385] [main/WARN] [net.minecraftforge.common.ForgeConfigSpec/CORE]: Incorrect key -----------------MIDDLE_BIOMES--------------------.neutral_humid was corrected from null to its default, regions_unexplored:blackwood_taiga. 
[27Jul2025 02:14:27.385] [main/WARN] [net.minecraftforge.common.ForgeConfigSpec/CORE]: Incorrect key -----------------MIDDLE_BIOMES--------------------.warm_arid was corrected from null to its default, regions_unexplored:barley_fields. 
[27Jul2025 02:14:27.385] [main/WARN] [net.minecraftforge.common.ForgeConfigSpec/CORE]: Incorrect key -----------------MIDDLE_BIOMES--------------------.warm_dry was corrected from null to its default, regions_unexplored:prairie. 
[27Jul2025 02:14:27.385] [main/WARN] [net.minecraftforge.common.ForgeConfigSpec/CORE]: Incorrect key -----------------MIDDLE_BIOMES--------------------.warm_neutral was corrected from null to its default, regions_unexplored:grassland. 
[27Jul2025 02:14:27.385] [main/WARN] [net.minecraftforge.common.ForgeConfigSpec/CORE]: Incorrect key -----------------MIDDLE_BIOMES--------------------.warm_wet was corrected from null to its default, regions_unexplored:redwoods. 
[27Jul2025 02:14:27.385] [main/WARN] [net.minecraftforge.common.ForgeConfigSpec/CORE]: Incorrect key -----------------MIDDLE_BIOMES--------------------.warm_humid was corrected from null to its default, regions_unexplored:redwoods. 
[27Jul2025 02:14:27.385] [main/WARN] [net.minecraftforge.common.ForgeConfigSpec/CORE]: Incorrect key -----------------MIDDLE_BIOMES--------------------.hot_arid was corrected from null to its default, regions_unexplored:baobab_savanna. 
[27Jul2025 02:14:27.385] [main/WARN] [net.minecraftforge.common.ForgeConfigSpec/CORE]: Incorrect key -----------------MIDDLE_BIOMES--------------------.hot_dry was corrected from null to its default, regions_unexplored:baobab_savanna. 
[27Jul2025 02:14:27.385] [main/WARN] [net.minecraftforge.common.ForgeConfigSpec/CORE]: Incorrect key -----------------MIDDLE_BIOMES--------------------.hot_neutral was corrected from null to its default, regions_unexplored:saguaro_desert. 
[27Jul2025 02:14:27.385] [main/WARN] [net.minecraftforge.common.ForgeConfigSpec/CORE]: Incorrect key -----------------MIDDLE_BIOMES--------------------.hot_wet was corrected from null to its default, regions_unexplored:outback. 
[27Jul2025 02:14:27.385] [main/WARN] [net.minecraftforge.common.ForgeConfigSpec/CORE]: Incorrect key -----------------MIDDLE_BIOMES--------------------.hot_humid was corrected from null to its default, regions_unexplored:eucalyptus_forest. 
[27Jul2025 02:14:27.386] [main/WARN] [net.minecraftforge.common.ForgeConfigSpec/CORE]: Incorrect key -----------------MIDDLE_BIOMES_VARIANT-------------------- was corrected from null to its default, SimpleCommentedConfig:{}. 
[27Jul2025 02:14:27.386] [main/WARN] [net.minecraftforge.common.ForgeConfigSpec/CORE]: Incorrect key -----------------MIDDLE_BIOMES_VARIANT--------------------.icy_arid was corrected from null to its default, regions_unexplored:frozen_pine_taiga. 
[27Jul2025 02:14:27.386] [main/WARN] [net.minecraftforge.common.ForgeConfigSpec/CORE]: Incorrect key -----------------MIDDLE_BIOMES_VARIANT--------------------.icy_dry was corrected from null to its default, regions_unexplored:frozen_tundra. 
[27Jul2025 02:14:27.386] [main/WARN] [net.minecraftforge.common.ForgeConfigSpec/CORE]: Incorrect key -----------------MIDDLE_BIOMES_VARIANT--------------------.icy_neutral was corrected from null to its default, regions_unexplored:frozen_tundra. 
[27Jul2025 02:14:27.387] [main/WARN] [net.minecraftforge.common.ForgeConfigSpec/CORE]: Incorrect key -----------------MIDDLE_BIOMES_VARIANT--------------------.icy_wet was corrected from null to its default, regions_unexplored:cold_boreal_taiga. 
[27Jul2025 02:14:27.387] [main/WARN] [net.minecraftforge.common.ForgeConfigSpec/CORE]: Incorrect key -----------------MIDDLE_BIOMES_VARIANT--------------------.icy_humid was corrected from null to its default, regions_unexplored:spires. 
[27Jul2025 02:14:27.387] [main/WARN] [net.minecraftforge.common.ForgeConfigSpec/CORE]: Incorrect key -----------------MIDDLE_BIOMES_VARIANT--------------------.cool_arid was corrected from null to its default, regions_unexplored:autumnal_maple_forest. 
[27Jul2025 02:14:27.387] [main/WARN] [net.minecraftforge.common.ForgeConfigSpec/CORE]: Incorrect key -----------------MIDDLE_BIOMES_VARIANT--------------------.cool_dry was corrected from null to its default, regions_unexplored:autumnal_maple_forest. 
[27Jul2025 02:14:27.387] [main/WARN] [net.minecraftforge.common.ForgeConfigSpec/CORE]: Incorrect key -----------------MIDDLE_BIOMES_VARIANT--------------------.cool_neutral was corrected from null to its default, regions_unexplored:maple_forest. 
[27Jul2025 02:14:27.387] [main/WARN] [net.minecraftforge.common.ForgeConfigSpec/CORE]: Incorrect key -----------------MIDDLE_BIOMES_VARIANT--------------------.cool_wet was corrected from null to its default, regions_unexplored:boreal_taiga. 
[27Jul2025 02:14:27.387] [main/WARN] [net.minecraftforge.common.ForgeConfigSpec/CORE]: Incorrect key -----------------MIDDLE_BIOMES_VARIANT--------------------.cool_humid was corrected from null to its default, regions_unexplored:golden_boreal_taiga. 
[27Jul2025 02:14:27.388] [main/WARN] [net.minecraftforge.common.ForgeConfigSpec/CORE]: Incorrect key -----------------MIDDLE_BIOMES_VARIANT--------------------.neutral_arid was corrected from null to its default, regions_unexplored:orchard. 
[27Jul2025 02:14:27.388] [main/WARN] [net.minecraftforge.common.ForgeConfigSpec/CORE]: Incorrect key -----------------MIDDLE_BIOMES_VARIANT--------------------.neutral_dry was corrected from null to its default, regions_unexplored:shrubland. 
[27Jul2025 02:14:27.388] [main/WARN] [net.minecraftforge.common.ForgeConfigSpec/CORE]: Incorrect key -----------------MIDDLE_BIOMES_VARIANT--------------------.neutral_neutral was corrected from null to its default, regions_unexplored:temperate_grove. 
[27Jul2025 02:14:27.388] [main/WARN] [net.minecraftforge.common.ForgeConfigSpec/CORE]: Incorrect key -----------------MIDDLE_BIOMES_VARIANT--------------------.neutral_wet was corrected from null to its default, regions_unexplored:pine_taiga. 
[27Jul2025 02:14:27.388] [main/WARN] [net.minecraftforge.common.ForgeConfigSpec/CORE]: Incorrect key -----------------MIDDLE_BIOMES_VARIANT--------------------.neutral_humid was corrected from null to its default, regions_unexplored:blackwood_taiga. 
[27Jul2025 02:14:27.388] [main/WARN] [net.minecraftforge.common.ForgeConfigSpec/CORE]: Incorrect key -----------------MIDDLE_BIOMES_VARIANT--------------------.warm_arid was corrected from null to its default, regions_unexplored:prairie. 
[27Jul2025 02:14:27.388] [main/WARN] [net.minecraftforge.common.ForgeConfigSpec/CORE]: Incorrect key -----------------MIDDLE_BIOMES_VARIANT--------------------.warm_dry was corrected from null to its default, regions_unexplored:deciduous_forest. 
[27Jul2025 02:14:27.388] [main/WARN] [net.minecraftforge.common.ForgeConfigSpec/CORE]: Incorrect key -----------------MIDDLE_BIOMES_VARIANT--------------------.warm_neutral was corrected from null to its default, regions_unexplored:grassland. 
[27Jul2025 02:14:27.389] [main/WARN] [net.minecraftforge.common.ForgeConfigSpec/CORE]: Incorrect key -----------------MIDDLE_BIOMES_VARIANT--------------------.warm_wet was corrected from null to its default, regions_unexplored:redwoods. 
[27Jul2025 02:14:27.389] [main/WARN] [net.minecraftforge.common.ForgeConfigSpec/CORE]: Incorrect key -----------------MIDDLE_BIOMES_VARIANT--------------------.warm_humid was corrected from null to its default, regions_unexplored:sparse_redwoods. 
[27Jul2025 02:14:27.389] [main/WARN] [net.minecraftforge.common.ForgeConfigSpec/CORE]: Incorrect key -----------------MIDDLE_BIOMES_VARIANT--------------------.hot_arid was corrected from null to its default, regions_unexplored:baobab_savanna. 
[27Jul2025 02:14:27.390] [main/WARN] [net.minecraftforge.common.ForgeConfigSpec/CORE]: Incorrect key -----------------MIDDLE_BIOMES_VARIANT--------------------.hot_dry was corrected from null to its default, regions_unexplored:baobab_savanna. 
[27Jul2025 02:14:27.390] [main/WARN] [net.minecraftforge.common.ForgeConfigSpec/CORE]: Incorrect key -----------------MIDDLE_BIOMES_VARIANT--------------------.hot_neutral was corrected from null to its default, regions_unexplored:saguaro_desert. 
[27Jul2025 02:14:27.390] [main/WARN] [net.minecraftforge.common.ForgeConfigSpec/CORE]: Incorrect key -----------------MIDDLE_BIOMES_VARIANT--------------------.hot_wet was corrected from null to its default, regions_unexplored:outback. 
[27Jul2025 02:14:27.390] [main/WARN] [net.minecraftforge.common.ForgeConfigSpec/CORE]: Incorrect key -----------------MIDDLE_BIOMES_VARIANT--------------------.hot_humid was corrected from null to its default, regions_unexplored:eucalyptus_forest. 
[27Jul2025 02:14:27.391] [main/WARN] [net.minecraftforge.common.ForgeConfigSpec/CORE]: Incorrect key -----------------PLATEAU_BIOMES-------------------- was corrected from null to its default, SimpleCommentedConfig:{}. 
[27Jul2025 02:14:27.391] [main/WARN] [net.minecraftforge.common.ForgeConfigSpec/CORE]: Incorrect key -----------------PLATEAU_BIOMES--------------------.icy_arid was corrected from null to its default, regions_unexplored:icy_heights. 
[27Jul2025 02:14:27.392] [main/WARN] [net.minecraftforge.common.ForgeConfigSpec/CORE]: Incorrect key -----------------PLATEAU_BIOMES--------------------.icy_dry was corrected from null to its default, regions_unexplored:icy_heights. 
[27Jul2025 02:14:27.392] [main/WARN] [net.minecraftforge.common.ForgeConfigSpec/CORE]: Incorrect key -----------------PLATEAU_BIOMES--------------------.icy_neutral was corrected from null to its default, regions_unexplored:icy_heights. 
[27Jul2025 02:14:27.392] [main/WARN] [net.minecraftforge.common.ForgeConfigSpec/CORE]: Incorrect key -----------------PLATEAU_BIOMES--------------------.icy_wet was corrected from null to its default, regions_unexplored:icy_heights. 
[27Jul2025 02:14:27.392] [main/WARN] [net.minecraftforge.common.ForgeConfigSpec/CORE]: Incorrect key -----------------PLATEAU_BIOMES--------------------.icy_humid was corrected from null to its default, regions_unexplored:cold_boreal_taiga. 
[27Jul2025 02:14:27.392] [main/WARN] [net.minecraftforge.common.ForgeConfigSpec/CORE]: Incorrect key -----------------PLATEAU_BIOMES--------------------.cool_arid was corrected from null to its default, regions_unexplored:autumnal_maple_forest. 
[27Jul2025 02:14:27.392] [main/WARN] [net.minecraftforge.common.ForgeConfigSpec/CORE]: Incorrect key -----------------PLATEAU_BIOMES--------------------.cool_dry was corrected from null to its default, regions_unexplored:autumnal_maple_forest. 
[27Jul2025 02:14:27.392] [main/WARN] [net.minecraftforge.common.ForgeConfigSpec/CORE]: Incorrect key -----------------PLATEAU_BIOMES--------------------.cool_neutral was corrected from null to its default, regions_unexplored:maple_forest. 
[27Jul2025 02:14:27.392] [main/WARN] [net.minecraftforge.common.ForgeConfigSpec/CORE]: Incorrect key -----------------PLATEAU_BIOMES--------------------.cool_wet was corrected from null to its default, regions_unexplored:boreal_taiga. 
[27Jul2025 02:14:27.392] [main/WARN] [net.minecraftforge.common.ForgeConfigSpec/CORE]: Incorrect key -----------------PLATEAU_BIOMES--------------------.cool_humid was corrected from null to its default, regions_unexplored:boreal_taiga. 
[27Jul2025 02:14:27.392] [main/WARN] [net.minecraftforge.common.ForgeConfigSpec/CORE]: Incorrect key -----------------PLATEAU_BIOMES--------------------.neutral_arid was corrected from null to its default, regions_unexplored:highland_fields. 
[27Jul2025 02:14:27.392] [main/WARN] [net.minecraftforge.common.ForgeConfigSpec/CORE]: Incorrect key -----------------PLATEAU_BIOMES--------------------.neutral_dry was corrected from null to its default, regions_unexplored:highland_fields. 
[27Jul2025 02:14:27.392] [main/WARN] [net.minecraftforge.common.ForgeConfigSpec/CORE]: Incorrect key -----------------PLATEAU_BIOMES--------------------.neutral_neutral was corrected from null to its default, regions_unexplored:highland_fields. 
[27Jul2025 02:14:27.392] [main/WARN] [net.minecraftforge.common.ForgeConfigSpec/CORE]: Incorrect key -----------------PLATEAU_BIOMES--------------------.neutral_wet was corrected from null to its default, regions_unexplored:highland_fields. 
[27Jul2025 02:14:27.392] [main/WARN] [net.minecraftforge.common.ForgeConfigSpec/CORE]: Incorrect key -----------------PLATEAU_BIOMES--------------------.neutral_humid was corrected from null to its default, regions_unexplored:blackwood_taiga. 
[27Jul2025 02:14:27.393] [main/WARN] [net.minecraftforge.common.ForgeConfigSpec/CORE]: Incorrect key -----------------PLATEAU_BIOMES--------------------.warm_arid was corrected from null to its default, regions_unexplored:barley_fields. 
[27Jul2025 02:14:27.393] [main/WARN] [net.minecraftforge.common.ForgeConfigSpec/CORE]: Incorrect key -----------------PLATEAU_BIOMES--------------------.warm_dry was corrected from null to its default, regions_unexplored:deciduous_forest. 
[27Jul2025 02:14:27.393] [main/WARN] [net.minecraftforge.common.ForgeConfigSpec/CORE]: Incorrect key -----------------PLATEAU_BIOMES--------------------.warm_neutral was corrected from null to its default, regions_unexplored:deciduous_forest. 
[27Jul2025 02:14:27.393] [main/WARN] [net.minecraftforge.common.ForgeConfigSpec/CORE]: Incorrect key -----------------PLATEAU_BIOMES--------------------.warm_wet was corrected from null to its default, regions_unexplored:redwoods. 
[27Jul2025 02:14:27.393] [main/WARN] [net.minecraftforge.common.ForgeConfigSpec/CORE]: Incorrect key -----------------PLATEAU_BIOMES--------------------.warm_humid was corrected from null to its default, regions_unexplored:redwoods. 
[27Jul2025 02:14:27.393] [main/WARN] [net.minecraftforge.common.ForgeConfigSpec/CORE]: Incorrect key -----------------PLATEAU_BIOMES--------------------.hot_arid was corrected from null to its default, regions_unexplored:steppe. 
[27Jul2025 02:14:27.393] [main/WARN] [net.minecraftforge.common.ForgeConfigSpec/CORE]: Incorrect key -----------------PLATEAU_BIOMES--------------------.hot_dry was corrected from null to its default, regions_unexplored:steppe. 
[27Jul2025 02:14:27.393] [main/WARN] [net.minecraftforge.common.ForgeConfigSpec/CORE]: Incorrect key -----------------PLATEAU_BIOMES--------------------.hot_neutral was corrected from null to its default, regions_unexplored:saguaro_desert. 
[27Jul2025 02:14:27.393] [main/WARN] [net.minecraftforge.common.ForgeConfigSpec/CORE]: Incorrect key -----------------PLATEAU_BIOMES--------------------.hot_wet was corrected from null to its default, regions_unexplored:eucalyptus_forest. 
[27Jul2025 02:14:27.393] [main/WARN] [net.minecraftforge.common.ForgeConfigSpec/CORE]: Incorrect key -----------------PLATEAU_BIOMES--------------------.hot_humid was corrected from null to its default, regions_unexplored:eucalyptus_forest. 
[27Jul2025 02:14:27.394] [main/WARN] [net.minecraftforge.common.ForgeConfigSpec/CORE]: Incorrect key -----------------PLATEAU_BIOMES_VARIANT-------------------- was corrected from null to its default, SimpleCommentedConfig:{}. 
[27Jul2025 02:14:27.395] [main/WARN] [net.minecraftforge.common.ForgeConfigSpec/CORE]: Incorrect key -----------------PLATEAU_BIOMES_VARIANT--------------------.icy_arid was corrected from null to its default, regions_unexplored:icy_heights. 
[27Jul2025 02:14:27.395] [main/WARN] [net.minecraftforge.common.ForgeConfigSpec/CORE]: Incorrect key -----------------PLATEAU_BIOMES_VARIANT--------------------.icy_dry was corrected from null to its default, regions_unexplored:icy_heights. 
[27Jul2025 02:14:27.395] [main/WARN] [net.minecraftforge.common.ForgeConfigSpec/CORE]: Incorrect key -----------------PLATEAU_BIOMES_VARIANT--------------------.icy_neutral was corrected from null to its default, regions_unexplored:icy_heights. 
[27Jul2025 02:14:27.395] [main/WARN] [net.minecraftforge.common.ForgeConfigSpec/CORE]: Incorrect key -----------------PLATEAU_BIOMES_VARIANT--------------------.icy_wet was corrected from null to its default, regions_unexplored:icy_heights. 
[27Jul2025 02:14:27.396] [main/WARN] [net.minecraftforge.common.ForgeConfigSpec/CORE]: Incorrect key -----------------PLATEAU_BIOMES_VARIANT--------------------.icy_humid was corrected from null to its default, regions_unexplored:spires. 
[27Jul2025 02:14:27.396] [main/WARN] [net.minecraftforge.common.ForgeConfigSpec/CORE]: Incorrect key -----------------PLATEAU_BIOMES_VARIANT--------------------.cool_arid was corrected from null to its default, regions_unexplored:autumnal_maple_forest. 
[27Jul2025 02:14:27.396] [main/WARN] [net.minecraftforge.common.ForgeConfigSpec/CORE]: Incorrect key -----------------PLATEAU_BIOMES_VARIANT--------------------.cool_dry was corrected from null to its default, regions_unexplored:autumnal_maple_forest. 
[27Jul2025 02:14:27.396] [main/WARN] [net.minecraftforge.common.ForgeConfigSpec/CORE]: Incorrect key -----------------PLATEAU_BIOMES_VARIANT--------------------.cool_neutral was corrected from null to its default, regions_unexplored:maple_forest. 
[27Jul2025 02:14:27.396] [main/WARN] [net.minecraftforge.common.ForgeConfigSpec/CORE]: Incorrect key -----------------PLATEAU_BIOMES_VARIANT--------------------.cool_wet was corrected from null to its default, regions_unexplored:boreal_taiga. 
[27Jul2025 02:14:27.396] [main/WARN] [net.minecraftforge.common.ForgeConfigSpec/CORE]: Incorrect key -----------------PLATEAU_BIOMES_VARIANT--------------------.cool_humid was corrected from null to its default, regions_unexplored:golden_boreal_taiga. 
[27Jul2025 02:14:27.396] [main/WARN] [net.minecraftforge.common.ForgeConfigSpec/CORE]: Incorrect key -----------------PLATEAU_BIOMES_VARIANT--------------------.neutral_arid was corrected from null to its default, regions_unexplored:orchard. 
[27Jul2025 02:14:27.396] [main/WARN] [net.minecraftforge.common.ForgeConfigSpec/CORE]: Incorrect key -----------------PLATEAU_BIOMES_VARIANT--------------------.neutral_dry was corrected from null to its default, regions_unexplored:highland_fields. 
[27Jul2025 02:14:27.396] [main/WARN] [net.minecraftforge.common.ForgeConfigSpec/CORE]: Incorrect key -----------------PLATEAU_BIOMES_VARIANT--------------------.neutral_neutral was corrected from null to its default, regions_unexplored:temperate_grove. 
[27Jul2025 02:14:27.396] [main/WARN] [net.minecraftforge.common.ForgeConfigSpec/CORE]: Incorrect key -----------------PLATEAU_BIOMES_VARIANT--------------------.neutral_wet was corrected from null to its default, regions_unexplored:pine_taiga. 
[27Jul2025 02:14:27.396] [main/WARN] [net.minecraftforge.common.ForgeConfigSpec/CORE]: Incorrect key -----------------PLATEAU_BIOMES_VARIANT--------------------.neutral_humid was corrected from null to its default, regions_unexplored:blackwood_taiga. 
[27Jul2025 02:14:27.396] [main/WARN] [net.minecraftforge.common.ForgeConfigSpec/CORE]: Incorrect key -----------------PLATEAU_BIOMES_VARIANT--------------------.warm_arid was corrected from null to its default, regions_unexplored:deciduous_forest. 
[27Jul2025 02:14:27.396] [main/WARN] [net.minecraftforge.common.ForgeConfigSpec/CORE]: Incorrect key -----------------PLATEAU_BIOMES_VARIANT--------------------.warm_dry was corrected from null to its default, regions_unexplored:deciduous_forest. 
[27Jul2025 02:14:27.396] [main/WARN] [net.minecraftforge.common.ForgeConfigSpec/CORE]: Incorrect key -----------------PLATEAU_BIOMES_VARIANT--------------------.warm_neutral was corrected from null to its default, regions_unexplored:deciduous_forest. 
[27Jul2025 02:14:27.396] [main/WARN] [net.minecraftforge.common.ForgeConfigSpec/CORE]: Incorrect key -----------------PLATEAU_BIOMES_VARIANT--------------------.warm_wet was corrected from null to its default, regions_unexplored:redwoods. 
[27Jul2025 02:14:27.396] [main/WARN] [net.minecraftforge.common.ForgeConfigSpec/CORE]: Incorrect key -----------------PLATEAU_BIOMES_VARIANT--------------------.warm_humid was corrected from null to its default, regions_unexplored:sparse_redwoods. 
[27Jul2025 02:14:27.396] [main/WARN] [net.minecraftforge.common.ForgeConfigSpec/CORE]: Incorrect key -----------------PLATEAU_BIOMES_VARIANT--------------------.hot_arid was corrected from null to its default, regions_unexplored:steppe. 
[27Jul2025 02:14:27.396] [main/WARN] [net.minecraftforge.common.ForgeConfigSpec/CORE]: Incorrect key -----------------PLATEAU_BIOMES_VARIANT--------------------.hot_dry was corrected from null to its default, regions_unexplored:steppe. 
[27Jul2025 02:14:27.396] [main/WARN] [net.minecraftforge.common.ForgeConfigSpec/CORE]: Incorrect key -----------------PLATEAU_BIOMES_VARIANT--------------------.hot_neutral was corrected from null to its default, regions_unexplored:saguaro_desert. 
[27Jul2025 02:14:27.396] [main/WARN] [net.minecraftforge.common.ForgeConfigSpec/CORE]: Incorrect key -----------------PLATEAU_BIOMES_VARIANT--------------------.hot_wet was corrected from null to its default, regions_unexplored:eucalyptus_forest. 
[27Jul2025 02:14:27.396] [main/WARN] [net.minecraftforge.common.ForgeConfigSpec/CORE]: Incorrect key -----------------PLATEAU_BIOMES_VARIANT--------------------.hot_humid was corrected from null to its default, regions_unexplored:eucalyptus_forest. 
[27Jul2025 02:14:27.397] [main/WARN] [net.minecraftforge.common.ForgeConfigSpec/CORE]: Incorrect key -----------------SHATTERED_BIOMES-------------------- was corrected from null to its default, SimpleCommentedConfig:{}. 
[27Jul2025 02:14:27.397] [main/WARN] [net.minecraftforge.common.ForgeConfigSpec/CORE]: Incorrect key -----------------SHATTERED_BIOMES--------------------.icy_arid was corrected from null to its default, regions_unexplored:icy_heights. 
[27Jul2025 02:14:27.397] [main/WARN] [net.minecraftforge.common.ForgeConfigSpec/CORE]: Incorrect key -----------------SHATTERED_BIOMES--------------------.icy_dry was corrected from null to its default, regions_unexplored:icy_heights. 
[27Jul2025 02:14:27.397] [main/WARN] [net.minecraftforge.common.ForgeConfigSpec/CORE]: Incorrect key -----------------SHATTERED_BIOMES--------------------.icy_neutral was corrected from null to its default, regions_unexplored:icy_heights. 
[27Jul2025 02:14:27.397] [main/WARN] [net.minecraftforge.common.ForgeConfigSpec/CORE]: Incorrect key -----------------SHATTERED_BIOMES--------------------.icy_wet was corrected from null to its default, regions_unexplored:icy_heights. 
[27Jul2025 02:14:27.397] [main/WARN] [net.minecraftforge.common.ForgeConfigSpec/CORE]: Incorrect key -----------------SHATTERED_BIOMES--------------------.icy_humid was corrected from null to its default, regions_unexplored:icy_heights. 
[27Jul2025 02:14:27.398] [main/WARN] [net.minecraftforge.common.ForgeConfigSpec/CORE]: Incorrect key -----------------SHATTERED_BIOMES--------------------.cool_arid was corrected from null to its default, regions_unexplored:towering_cliffs. 
[27Jul2025 02:14:27.398] [main/WARN] [net.minecraftforge.common.ForgeConfigSpec/CORE]: Incorrect key -----------------SHATTERED_BIOMES--------------------.cool_dry was corrected from null to its default, regions_unexplored:towering_cliffs. 
[27Jul2025 02:14:27.398] [main/WARN] [net.minecraftforge.common.ForgeConfigSpec/CORE]: Incorrect key -----------------SHATTERED_BIOMES--------------------.cool_neutral was corrected from null to its default, regions_unexplored:towering_cliffs. 
[27Jul2025 02:14:27.398] [main/WARN] [net.minecraftforge.common.ForgeConfigSpec/CORE]: Incorrect key -----------------SHATTERED_BIOMES--------------------.cool_wet was corrected from null to its default, regions_unexplored:towering_cliffs. 
[27Jul2025 02:14:27.398] [main/WARN] [net.minecraftforge.common.ForgeConfigSpec/CORE]: Incorrect key -----------------SHATTERED_BIOMES--------------------.cool_humid was corrected from null to its default, regions_unexplored:towering_cliffs. 
[27Jul2025 02:14:27.398] [main/WARN] [net.minecraftforge.common.ForgeConfigSpec/CORE]: Incorrect key -----------------SHATTERED_BIOMES--------------------.neutral_arid was corrected from null to its default, regions_unexplored:towering_cliffs. 
[27Jul2025 02:14:27.398] [main/WARN] [net.minecraftforge.common.ForgeConfigSpec/CORE]: Incorrect key -----------------SHATTERED_BIOMES--------------------.neutral_dry was corrected from null to its default, regions_unexplored:towering_cliffs. 
[27Jul2025 02:14:27.398] [main/WARN] [net.minecraftforge.common.ForgeConfigSpec/CORE]: Incorrect key -----------------SHATTERED_BIOMES--------------------.neutral_neutral was corrected from null to its default, regions_unexplored:towering_cliffs. 
[27Jul2025 02:14:27.398] [main/WARN] [net.minecraftforge.common.ForgeConfigSpec/CORE]: Incorrect key -----------------SHATTERED_BIOMES--------------------.neutral_wet was corrected from null to its default, regions_unexplored:towering_cliffs. 
[27Jul2025 02:14:27.398] [main/WARN] [net.minecraftforge.common.ForgeConfigSpec/CORE]: Incorrect key -----------------SHATTERED_BIOMES--------------------.neutral_humid was corrected from null to its default, regions_unexplored:towering_cliffs. 
[27Jul2025 02:14:27.399] [main/WARN] [net.minecraftforge.common.ForgeConfigSpec/CORE]: Incorrect key -----------------SHATTERED_BIOMES--------------------.warm_arid was corrected from null to its default, regions_unexplored:barley_fields. 
[27Jul2025 02:14:27.399] [main/WARN] [net.minecraftforge.common.ForgeConfigSpec/CORE]: Incorrect key -----------------SHATTERED_BIOMES--------------------.warm_dry was corrected from null to its default, regions_unexplored:deciduous_forest. 
[27Jul2025 02:14:27.399] [main/WARN] [net.minecraftforge.common.ForgeConfigSpec/CORE]: Incorrect key -----------------SHATTERED_BIOMES--------------------.warm_neutral was corrected from null to its default, regions_unexplored:deciduous_forest. 
[27Jul2025 02:14:27.400] [main/WARN] [net.minecraftforge.common.ForgeConfigSpec/CORE]: Incorrect key -----------------SHATTERED_BIOMES--------------------.warm_wet was corrected from null to its default, regions_unexplored:sparse_redwoods. 
[27Jul2025 02:14:27.400] [main/WARN] [net.minecraftforge.common.ForgeConfigSpec/CORE]: Incorrect key -----------------SHATTERED_BIOMES--------------------.warm_humid was corrected from null to its default, regions_unexplored:sparse_redwoods. 
[27Jul2025 02:14:27.400] [main/WARN] [net.minecraftforge.common.ForgeConfigSpec/CORE]: Incorrect key -----------------SHATTERED_BIOMES--------------------.hot_arid was corrected from null to its default, regions_unexplored:steppe. 
[27Jul2025 02:14:27.400] [main/WARN] [net.minecraftforge.common.ForgeConfigSpec/CORE]: Incorrect key -----------------SHATTERED_BIOMES--------------------.hot_dry was corrected from null to its default, regions_unexplored:steppe. 
[27Jul2025 02:14:27.400] [main/WARN] [net.minecraftforge.common.ForgeConfigSpec/CORE]: Incorrect key -----------------SHATTERED_BIOMES--------------------.hot_neutral was corrected from null to its default, regions_unexplored:saguaro_desert. 
[27Jul2025 02:14:27.400] [main/WARN] [net.minecraftforge.common.ForgeConfigSpec/CORE]: Incorrect key -----------------SHATTERED_BIOMES--------------------.hot_wet was corrected from null to its default, regions_unexplored:eucalyptus_forest. 
[27Jul2025 02:14:27.400] [main/WARN] [net.minecraftforge.common.ForgeConfigSpec/CORE]: Incorrect key -----------------SHATTERED_BIOMES--------------------.hot_humid was corrected from null to its default, regions_unexplored:eucalyptus_forest. 
[27Jul2025 02:14:27.401] [main/WARN] [net.minecraftforge.common.ForgeConfigSpec/CORE]: Incorrect key -----------------SLOPE_BIOMES-------------------- was corrected from null to its default, SimpleCommentedConfig:{}. 
[27Jul2025 02:14:27.401] [main/WARN] [net.minecraftforge.common.ForgeConfigSpec/CORE]: Incorrect key -----------------SLOPE_BIOMES--------------------.icy_slope_biome was corrected from null to its default, minecraft:snowy_slopes. 
[27Jul2025 02:14:27.401] [main/WARN] [net.minecraftforge.common.ForgeConfigSpec/CORE]: Incorrect key -----------------SLOPE_BIOMES--------------------.cold_slope_biome was corrected from null to its default, minecraft:grove. 
[27Jul2025 02:14:27.401] [main/WARN] [net.minecraftforge.common.ForgeConfigSpec/CORE]: Incorrect key -----------------SLOPE_BIOMES--------------------.neutral_slope_biome was corrected from null to its default, regions_unexplored:pine_slopes. 
[27Jul2025 02:14:27.401] [main/WARN] [net.minecraftforge.common.ForgeConfigSpec/CORE]: Incorrect key -----------------SLOPE_BIOMES--------------------.warm_slope_biome was corrected from null to its default, regions_unexplored:deciduous_forest. 
[27Jul2025 02:14:27.401] [main/WARN] [net.minecraftforge.common.ForgeConfigSpec/CORE]: Incorrect key -----------------SLOPE_BIOMES--------------------.hot_slope_biome was corrected from null to its default, regions_unexplored:eucalyptus_forest. 
[27Jul2025 02:14:27.401] [main/WARN] [net.minecraftforge.common.ForgeConfigSpec/CORE]: Incorrect key -----------------SLOPE_BIOMES--------------------.icy_slope_biome_variant was corrected from null to its default, regions_unexplored:cold_deciduous_forest. 
[27Jul2025 02:14:27.402] [main/WARN] [net.minecraftforge.common.ForgeConfigSpec/CORE]: Incorrect key -----------------SLOPE_BIOMES--------------------.cold_slope_biome_variant was corrected from null to its default, regions_unexplored:pine_slopes. 
[27Jul2025 02:14:27.402] [main/WARN] [net.minecraftforge.common.ForgeConfigSpec/CORE]: Incorrect key -----------------SLOPE_BIOMES--------------------.neutral_slope_biome_variant was corrected from null to its default, regions_unexplored:pine_slopes. 
[27Jul2025 02:14:27.402] [main/WARN] [net.minecraftforge.common.ForgeConfigSpec/CORE]: Incorrect key -----------------SLOPE_BIOMES--------------------.warm_slope_biome_variant was corrected from null to its default, regions_unexplored:deciduous_forest. 
[27Jul2025 02:14:27.402] [main/WARN] [net.minecraftforge.common.ForgeConfigSpec/CORE]: Incorrect key -----------------SLOPE_BIOMES--------------------.hot_slope_biome_variant was corrected from null to its default, regions_unexplored:eucalyptus_forest. 
[27Jul2025 02:14:27.403] [main/WARN] [net.minecraftforge.common.ForgeConfigSpec/CORE]: Incorrect key -----------------PEAK_BIOMES-------------------- was corrected from null to its default, SimpleCommentedConfig:{}. 
[27Jul2025 02:14:27.403] [main/WARN] [net.minecraftforge.common.ForgeConfigSpec/CORE]: Incorrect key -----------------PEAK_BIOMES--------------------.icy_peak_biome was corrected from null to its default, minecraft:frozen_peaks. 
[27Jul2025 02:14:27.403] [main/WARN] [net.minecraftforge.common.ForgeConfigSpec/CORE]: Incorrect key -----------------PEAK_BIOMES--------------------.cold_peak_biome was corrected from null to its default, minecraft:jagged_peaks. 
[27Jul2025 02:14:27.403] [main/WARN] [net.minecraftforge.common.ForgeConfigSpec/CORE]: Incorrect key -----------------PEAK_BIOMES--------------------.neutral_peak_biome was corrected from null to its default, regions_unexplored:mountains. 
[27Jul2025 02:14:27.404] [main/WARN] [net.minecraftforge.common.ForgeConfigSpec/CORE]: Incorrect key -----------------PEAK_BIOMES--------------------.warm_peak_biome was corrected from null to its default, minecraft:stony_peaks. 
[27Jul2025 02:14:27.404] [main/WARN] [net.minecraftforge.common.ForgeConfigSpec/CORE]: Incorrect key -----------------PEAK_BIOMES--------------------.hot_peak_biome was corrected from null to its default, regions_unexplored:arid_mountains. 
[27Jul2025 02:14:27.404] [main/WARN] [net.minecraftforge.common.ForgeConfigSpec/CORE]: Incorrect key -----------------PEAK_BIOMES--------------------.icy_peak_biome_variant was corrected from null to its default, minecraft:jagged_peaks. 
[27Jul2025 02:14:27.404] [main/WARN] [net.minecraftforge.common.ForgeConfigSpec/CORE]: Incorrect key -----------------PEAK_BIOMES--------------------.cold_peak_biome_variant was corrected from null to its default, regions_unexplored:mountains. 
[27Jul2025 02:14:27.404] [main/WARN] [net.minecraftforge.common.ForgeConfigSpec/CORE]: Incorrect key -----------------PEAK_BIOMES--------------------.neutral_peak_biome_variant was corrected from null to its default, regions_unexplored:mountains. 
[27Jul2025 02:14:27.405] [main/WARN] [net.minecraftforge.common.ForgeConfigSpec/CORE]: Incorrect key -----------------PEAK_BIOMES--------------------.warm_peak_biome_variant was corrected from null to its default, minecraft:stony_peaks. 
[27Jul2025 02:14:27.405] [main/WARN] [net.minecraftforge.common.ForgeConfigSpec/CORE]: Incorrect key -----------------PEAK_BIOMES--------------------.hot_peak_biome_variant was corrected from null to its default, regions_unexplored:arid_mountains. 
[27Jul2025 02:14:27.408] [main/WARN] [net.minecraftforge.common.ForgeConfigSpec/CORE]: Incorrect key -----------------RIVER_BIOMES-------------------- was corrected from null to its default, SimpleCommentedConfig:{}. 
[27Jul2025 02:14:27.408] [main/WARN] [net.minecraftforge.common.ForgeConfigSpec/CORE]: Incorrect key -----------------RIVER_BIOMES--------------------.icy_arid was corrected from null to its default, minecraft:frozen_river. 
[27Jul2025 02:14:27.408] [main/WARN] [net.minecraftforge.common.ForgeConfigSpec/CORE]: Incorrect key -----------------RIVER_BIOMES--------------------.icy_dry was corrected from null to its default, minecraft:frozen_river. 
[27Jul2025 02:14:27.409] [main/WARN] [net.minecraftforge.common.ForgeConfigSpec/CORE]: Incorrect key -----------------RIVER_BIOMES--------------------.icy_neutral was corrected from null to its default, minecraft:frozen_river. 
[27Jul2025 02:14:27.409] [main/WARN] [net.minecraftforge.common.ForgeConfigSpec/CORE]: Incorrect key -----------------RIVER_BIOMES--------------------.icy_wet was corrected from null to its default, minecraft:frozen_river. 
[27Jul2025 02:14:27.409] [main/WARN] [net.minecraftforge.common.ForgeConfigSpec/CORE]: Incorrect key -----------------RIVER_BIOMES--------------------.icy_humid was corrected from null to its default, regions_unexplored:cold_river. 
[27Jul2025 02:14:27.409] [main/WARN] [net.minecraftforge.common.ForgeConfigSpec/CORE]: Incorrect key -----------------RIVER_BIOMES--------------------.cool_arid was corrected from null to its default, regions_unexplored:cold_river. 
[27Jul2025 02:14:27.410] [main/WARN] [net.minecraftforge.common.ForgeConfigSpec/CORE]: Incorrect key -----------------RIVER_BIOMES--------------------.cool_dry was corrected from null to its default, regions_unexplored:cold_river. 
[27Jul2025 02:14:27.410] [main/WARN] [net.minecraftforge.common.ForgeConfigSpec/CORE]: Incorrect key -----------------RIVER_BIOMES--------------------.cool_neutral was corrected from null to its default, regions_unexplored:muddy_river. 
[27Jul2025 02:14:27.410] [main/WARN] [net.minecraftforge.common.ForgeConfigSpec/CORE]: Incorrect key -----------------RIVER_BIOMES--------------------.cool_wet was corrected from null to its default, regions_unexplored:muddy_river. 
[27Jul2025 02:14:27.410] [main/WARN] [net.minecraftforge.common.ForgeConfigSpec/CORE]: Incorrect key -----------------RIVER_BIOMES--------------------.cool_humid was corrected from null to its default, regions_unexplored:muddy_river. 
[27Jul2025 02:14:27.410] [main/WARN] [net.minecraftforge.common.ForgeConfigSpec/CORE]: Incorrect key -----------------RIVER_BIOMES--------------------.neutral_arid was corrected from null to its default, minecraft:river. 
[27Jul2025 02:14:27.410] [main/WARN] [net.minecraftforge.common.ForgeConfigSpec/CORE]: Incorrect key -----------------RIVER_BIOMES--------------------.neutral_dry was corrected from null to its default, minecraft:river. 
[27Jul2025 02:14:27.411] [main/WARN] [net.minecraftforge.common.ForgeConfigSpec/CORE]: Incorrect key -----------------RIVER_BIOMES--------------------.neutral_neutral was corrected from null to its default, minecraft:river. 
[27Jul2025 02:14:27.411] [main/WARN] [net.minecraftforge.common.ForgeConfigSpec/CORE]: Incorrect key -----------------RIVER_BIOMES--------------------.neutral_wet was corrected from null to its default, minecraft:river. 
[27Jul2025 02:14:27.411] [main/WARN] [net.minecraftforge.common.ForgeConfigSpec/CORE]: Incorrect key -----------------RIVER_BIOMES--------------------.neutral_humid was corrected from null to its default, regions_unexplored:blackwood_taiga. 
[27Jul2025 02:14:27.411] [main/WARN] [net.minecraftforge.common.ForgeConfigSpec/CORE]: Incorrect key -----------------RIVER_BIOMES--------------------.warm_arid was corrected from null to its default, minecraft:river. 
[27Jul2025 02:14:27.411] [main/WARN] [net.minecraftforge.common.ForgeConfigSpec/CORE]: Incorrect key -----------------RIVER_BIOMES--------------------.warm_dry was corrected from null to its default, minecraft:river. 
[27Jul2025 02:14:27.411] [main/WARN] [net.minecraftforge.common.ForgeConfigSpec/CORE]: Incorrect key -----------------RIVER_BIOMES--------------------.warm_neutral was corrected from null to its default, minecraft:river. 
[27Jul2025 02:14:27.411] [main/WARN] [net.minecraftforge.common.ForgeConfigSpec/CORE]: Incorrect key -----------------RIVER_BIOMES--------------------.warm_wet was corrected from null to its default, minecraft:river. 
[27Jul2025 02:14:27.411] [main/WARN] [net.minecraftforge.common.ForgeConfigSpec/CORE]: Incorrect key -----------------RIVER_BIOMES--------------------.warm_humid was corrected from null to its default, minecraft:river. 
[27Jul2025 02:14:27.412] [main/WARN] [net.minecraftforge.common.ForgeConfigSpec/CORE]: Incorrect key -----------------RIVER_BIOMES--------------------.hot_arid was corrected from null to its default, minecraft:river. 
[27Jul2025 02:14:27.412] [main/WARN] [net.minecraftforge.common.ForgeConfigSpec/CORE]: Incorrect key -----------------RIVER_BIOMES--------------------.hot_dry was corrected from null to its default, minecraft:river. 
[27Jul2025 02:14:27.412] [main/WARN] [net.minecraftforge.common.ForgeConfigSpec/CORE]: Incorrect key -----------------RIVER_BIOMES--------------------.hot_neutral was corrected from null to its default, regions_unexplored:tropical_river. 
[27Jul2025 02:14:27.412] [main/WARN] [net.minecraftforge.common.ForgeConfigSpec/CORE]: Incorrect key -----------------RIVER_BIOMES--------------------.hot_wet was corrected from null to its default, regions_unexplored:tropical_river. 
[27Jul2025 02:14:27.412] [main/WARN] [net.minecraftforge.common.ForgeConfigSpec/CORE]: Incorrect key -----------------RIVER_BIOMES--------------------.hot_humid was corrected from null to its default, regions_unexplored:tropical_river. 
[27Jul2025 02:14:27.413] [main/WARN] [net.minecraftforge.common.ForgeConfigSpec/CORE]: Incorrect key -----------------RIVER_BIOMES_VARIANT-------------------- was corrected from null to its default, SimpleCommentedConfig:{}. 
[27Jul2025 02:14:27.413] [main/WARN] [net.minecraftforge.common.ForgeConfigSpec/CORE]: Incorrect key -----------------RIVER_BIOMES_VARIANT--------------------.icy_arid was corrected from null to its default, minecraft:frozen_river. 
[27Jul2025 02:14:27.414] [main/WARN] [net.minecraftforge.common.ForgeConfigSpec/CORE]: Incorrect key -----------------RIVER_BIOMES_VARIANT--------------------.icy_dry was corrected from null to its default, minecraft:frozen_river. 
[27Jul2025 02:14:27.414] [main/WARN] [net.minecraftforge.common.ForgeConfigSpec/CORE]: Incorrect key -----------------RIVER_BIOMES_VARIANT--------------------.icy_neutral was corrected from null to its default, minecraft:frozen_river. 
[27Jul2025 02:14:27.414] [main/WARN] [net.minecraftforge.common.ForgeConfigSpec/CORE]: Incorrect key -----------------RIVER_BIOMES_VARIANT--------------------.icy_wet was corrected from null to its default, minecraft:frozen_river. 
[27Jul2025 02:14:27.414] [main/WARN] [net.minecraftforge.common.ForgeConfigSpec/CORE]: Incorrect key -----------------RIVER_BIOMES_VARIANT--------------------.icy_humid was corrected from null to its default, regions_unexplored:cold_river. 
[27Jul2025 02:14:27.414] [main/WARN] [net.minecraftforge.common.ForgeConfigSpec/CORE]: Incorrect key -----------------RIVER_BIOMES_VARIANT--------------------.cool_arid was corrected from null to its default, regions_unexplored:cold_river. 
[27Jul2025 02:14:27.415] [main/WARN] [net.minecraftforge.common.ForgeConfigSpec/CORE]: Incorrect key -----------------RIVER_BIOMES_VARIANT--------------------.cool_dry was corrected from null to its default, regions_unexplored:cold_river. 
[27Jul2025 02:14:27.415] [main/WARN] [net.minecraftforge.common.ForgeConfigSpec/CORE]: Incorrect key -----------------RIVER_BIOMES_VARIANT--------------------.cool_neutral was corrected from null to its default, regions_unexplored:muddy_river. 
[27Jul2025 02:14:27.415] [main/WARN] [net.minecraftforge.common.ForgeConfigSpec/CORE]: Incorrect key -----------------RIVER_BIOMES_VARIANT--------------------.cool_wet was corrected from null to its default, regions_unexplored:muddy_river. 
[27Jul2025 02:14:27.415] [main/WARN] [net.minecraftforge.common.ForgeConfigSpec/CORE]: Incorrect key -----------------RIVER_BIOMES_VARIANT--------------------.cool_humid was corrected from null to its default, regions_unexplored:muddy_river. 
[27Jul2025 02:14:27.415] [main/WARN] [net.minecraftforge.common.ForgeConfigSpec/CORE]: Incorrect key -----------------RIVER_BIOMES_VARIANT--------------------.neutral_arid was corrected from null to its default, minecraft:river. 
[27Jul2025 02:14:27.415] [main/WARN] [net.minecraftforge.common.ForgeConfigSpec/CORE]: Incorrect key -----------------RIVER_BIOMES_VARIANT--------------------.neutral_dry was corrected from null to its default, minecraft:river. 
[27Jul2025 02:14:27.415] [main/WARN] [net.minecraftforge.common.ForgeConfigSpec/CORE]: Incorrect key -----------------RIVER_BIOMES_VARIANT--------------------.neutral_neutral was corrected from null to its default, minecraft:river. 
[27Jul2025 02:14:27.415] [main/WARN] [net.minecraftforge.common.ForgeConfigSpec/CORE]: Incorrect key -----------------RIVER_BIOMES_VARIANT--------------------.neutral_wet was corrected from null to its default, minecraft:river. 
[27Jul2025 02:14:27.415] [main/WARN] [net.minecraftforge.common.ForgeConfigSpec/CORE]: Incorrect key -----------------RIVER_BIOMES_VARIANT--------------------.neutral_humid was corrected from null to its default, regions_unexplored:blackwood_taiga. 
[27Jul2025 02:14:27.415] [main/WARN] [net.minecraftforge.common.ForgeConfigSpec/CORE]: Incorrect key -----------------RIVER_BIOMES_VARIANT--------------------.warm_arid was corrected from null to its default, minecraft:river. 
[27Jul2025 02:14:27.415] [main/WARN] [net.minecraftforge.common.ForgeConfigSpec/CORE]: Incorrect key -----------------RIVER_BIOMES_VARIANT--------------------.warm_dry was corrected from null to its default, minecraft:river. 
[27Jul2025 02:14:27.415] [main/WARN] [net.minecraftforge.common.ForgeConfigSpec/CORE]: Incorrect key -----------------RIVER_BIOMES_VARIANT--------------------.warm_neutral was corrected from null to its default, minecraft:river. 
[27Jul2025 02:14:27.415] [main/WARN] [net.minecraftforge.common.ForgeConfigSpec/CORE]: Incorrect key -----------------RIVER_BIOMES_VARIANT--------------------.warm_wet was corrected from null to its default, minecraft:river. 
[27Jul2025 02:14:27.415] [main/WARN] [net.minecraftforge.common.ForgeConfigSpec/CORE]: Incorrect key -----------------RIVER_BIOMES_VARIANT--------------------.warm_humid was corrected from null to its default, minecraft:river. 
[27Jul2025 02:14:27.415] [main/WARN] [net.minecraftforge.common.ForgeConfigSpec/CORE]: Incorrect key -----------------RIVER_BIOMES_VARIANT--------------------.hot_arid was corrected from null to its default, minecraft:river. 
[27Jul2025 02:14:27.416] [main/WARN] [net.minecraftforge.common.ForgeConfigSpec/CORE]: Incorrect key -----------------RIVER_BIOMES_VARIANT--------------------.hot_dry was corrected from null to its default, minecraft:river. 
[27Jul2025 02:14:27.416] [main/WARN] [net.minecraftforge.common.ForgeConfigSpec/CORE]: Incorrect key -----------------RIVER_BIOMES_VARIANT--------------------.hot_neutral was corrected from null to its default, regions_unexplored:tropical_river. 
[27Jul2025 02:14:27.416] [main/WARN] [net.minecraftforge.common.ForgeConfigSpec/CORE]: Incorrect key -----------------RIVER_BIOMES_VARIANT--------------------.hot_wet was corrected from null to its default, regions_unexplored:tropical_river. 
[27Jul2025 02:14:27.416] [main/WARN] [net.minecraftforge.common.ForgeConfigSpec/CORE]: Incorrect key -----------------RIVER_BIOMES_VARIANT--------------------.hot_humid was corrected from null to its default, regions_unexplored:tropical_river. 
[27Jul2025 02:14:27.417] [main/WARN] [net.minecraftforge.common.ForgeConfigSpec/CORE]: Incorrect key -----------------SWAMP_BIOMES-------------------- was corrected from null to its default, SimpleCommentedConfig:{}. 
[27Jul2025 02:14:27.417] [main/WARN] [net.minecraftforge.common.ForgeConfigSpec/CORE]: Incorrect key -----------------SWAMP_BIOMES--------------------.icy_arid was corrected from null to its default, regions_unexplored:spires. 
[27Jul2025 02:14:27.417] [main/WARN] [net.minecraftforge.common.ForgeConfigSpec/CORE]: Incorrect key -----------------SWAMP_BIOMES--------------------.icy_dry was corrected from null to its default, regions_unexplored:spires. 
[27Jul2025 02:14:27.418] [main/WARN] [net.minecraftforge.common.ForgeConfigSpec/CORE]: Incorrect key -----------------SWAMP_BIOMES--------------------.icy_neutral was corrected from null to its default, regions_unexplored:spires. 
[27Jul2025 02:14:27.418] [main/WARN] [net.minecraftforge.common.ForgeConfigSpec/CORE]: Incorrect key -----------------SWAMP_BIOMES--------------------.icy_wet was corrected from null to its default, regions_unexplored:spires. 
[27Jul2025 02:14:27.418] [main/WARN] [net.minecraftforge.common.ForgeConfigSpec/CORE]: Incorrect key -----------------SWAMP_BIOMES--------------------.icy_humid was corrected from null to its default, regions_unexplored:spires. 
[27Jul2025 02:14:27.418] [main/WARN] [net.minecraftforge.common.ForgeConfigSpec/CORE]: Incorrect key -----------------SWAMP_BIOMES--------------------.cool_arid was corrected from null to its default, regions_unexplored:fen. 
[27Jul2025 02:14:27.419] [main/WARN] [net.minecraftforge.common.ForgeConfigSpec/CORE]: Incorrect key -----------------SWAMP_BIOMES--------------------.cool_dry was corrected from null to its default, regions_unexplored:fen. 
[27Jul2025 02:14:27.419] [main/WARN] [net.minecraftforge.common.ForgeConfigSpec/CORE]: Incorrect key -----------------SWAMP_BIOMES--------------------.cool_neutral was corrected from null to its default, regions_unexplored:fen. 
[27Jul2025 02:14:27.419] [main/WARN] [net.minecraftforge.common.ForgeConfigSpec/CORE]: Incorrect key -----------------SWAMP_BIOMES--------------------.cool_wet was corrected from null to its default, regions_unexplored:fen. 
[27Jul2025 02:14:27.420] [main/WARN] [net.minecraftforge.common.ForgeConfigSpec/CORE]: Incorrect key -----------------SWAMP_BIOMES--------------------.cool_humid was corrected from null to its default, regions_unexplored:fen. 
[27Jul2025 02:14:27.420] [main/WARN] [net.minecraftforge.common.ForgeConfigSpec/CORE]: Incorrect key -----------------SWAMP_BIOMES--------------------.neutral_arid was corrected from null to its default, regions_unexplored:old_growth_bayou. 
[27Jul2025 02:14:27.420] [main/WARN] [net.minecraftforge.common.ForgeConfigSpec/CORE]: Incorrect key -----------------SWAMP_BIOMES--------------------.neutral_dry was corrected from null to its default, regions_unexplored:bayou. 
[27Jul2025 02:14:27.420] [main/WARN] [net.minecraftforge.common.ForgeConfigSpec/CORE]: Incorrect key -----------------SWAMP_BIOMES--------------------.neutral_neutral was corrected from null to its default, regions_unexplored:bayou. 
[27Jul2025 02:14:27.420] [main/WARN] [net.minecraftforge.common.ForgeConfigSpec/CORE]: Incorrect key -----------------SWAMP_BIOMES--------------------.neutral_wet was corrected from null to its default, regions_unexplored:bayou. 
[27Jul2025 02:14:27.420] [main/WARN] [net.minecraftforge.common.ForgeConfigSpec/CORE]: Incorrect key -----------------SWAMP_BIOMES--------------------.neutral_humid was corrected from null to its default, regions_unexplored:old_growth_bayou. 
[27Jul2025 02:14:27.420] [main/WARN] [net.minecraftforge.common.ForgeConfigSpec/CORE]: Incorrect key -----------------SWAMP_BIOMES--------------------.warm_arid was corrected from null to its default, regions_unexplored:marsh. 
[27Jul2025 02:14:27.421] [main/WARN] [net.minecraftforge.common.ForgeConfigSpec/CORE]: Incorrect key -----------------SWAMP_BIOMES--------------------.warm_dry was corrected from null to its default, regions_unexplored:marsh. 
[27Jul2025 02:14:27.421] [main/WARN] [net.minecraftforge.common.ForgeConfigSpec/CORE]: Incorrect key -----------------SWAMP_BIOMES--------------------.warm_neutral was corrected from null to its default, regions_unexplored:marsh. 
[27Jul2025 02:14:27.421] [main/WARN] [net.minecraftforge.common.ForgeConfigSpec/CORE]: Incorrect key -----------------SWAMP_BIOMES--------------------.warm_wet was corrected from null to its default, regions_unexplored:marsh. 
[27Jul2025 02:14:27.421] [main/WARN] [net.minecraftforge.common.ForgeConfigSpec/CORE]: Incorrect key -----------------SWAMP_BIOMES--------------------.warm_humid was corrected from null to its default, regions_unexplored:marsh. 
[27Jul2025 02:14:27.421] [main/WARN] [net.minecraftforge.common.ForgeConfigSpec/CORE]: Incorrect key -----------------SWAMP_BIOMES--------------------.hot_arid was corrected from null to its default, regions_unexplored:fungal_fen. 
[27Jul2025 02:14:27.421] [main/WARN] [net.minecraftforge.common.ForgeConfigSpec/CORE]: Incorrect key -----------------SWAMP_BIOMES--------------------.hot_dry was corrected from null to its default, regions_unexplored:fungal_fen. 
[27Jul2025 02:14:27.422] [main/WARN] [net.minecraftforge.common.ForgeConfigSpec/CORE]: Incorrect key -----------------SWAMP_BIOMES--------------------.hot_neutral was corrected from null to its default, regions_unexplored:fungal_fen. 
[27Jul2025 02:14:27.422] [main/WARN] [net.minecraftforge.common.ForgeConfigSpec/CORE]: Incorrect key -----------------SWAMP_BIOMES--------------------.hot_wet was corrected from null to its default, regions_unexplored:fungal_fen. 
[27Jul2025 02:14:27.422] [main/WARN] [net.minecraftforge.common.ForgeConfigSpec/CORE]: Incorrect key -----------------SWAMP_BIOMES--------------------.hot_humid was corrected from null to its default, regions_unexplored:fungal_fen. 
[27Jul2025 02:14:27.423] [main/WARN] [net.minecraftforge.common.ForgeConfigSpec/CORE]: Incorrect key -----------------OCEAN_BIOMES-------------------- was corrected from null to its default, SimpleCommentedConfig:{}. 
[27Jul2025 02:14:27.423] [main/WARN] [net.minecraftforge.common.ForgeConfigSpec/CORE]: Incorrect key -----------------OCEAN_BIOMES--------------------.deep_icy was corrected from null to its default, regions_unexplored:hyacinth_deeps. 
[27Jul2025 02:14:27.424] [main/WARN] [net.minecraftforge.common.ForgeConfigSpec/CORE]: Incorrect key -----------------OCEAN_BIOMES--------------------.deep_cool was corrected from null to its default, minecraft:deep_cold_ocean. 
[27Jul2025 02:14:27.424] [main/WARN] [net.minecraftforge.common.ForgeConfigSpec/CORE]: Incorrect key -----------------OCEAN_BIOMES--------------------.deep_neutral was corrected from null to its default, minecraft:deep_ocean. 
[27Jul2025 02:14:27.424] [main/WARN] [net.minecraftforge.common.ForgeConfigSpec/CORE]: Incorrect key -----------------OCEAN_BIOMES--------------------.deep_warm was corrected from null to its default, minecraft:deep_lukewarm_ocean. 
[27Jul2025 02:14:27.424] [main/WARN] [net.minecraftforge.common.ForgeConfigSpec/CORE]: Incorrect key -----------------OCEAN_BIOMES--------------------.deep_hot was corrected from null to its default, minecraft:warm_ocean. 
[27Jul2025 02:14:27.424] [main/WARN] [net.minecraftforge.common.ForgeConfigSpec/CORE]: Incorrect key -----------------OCEAN_BIOMES--------------------.icy was corrected from null to its default, minecraft:frozen_ocean. 
[27Jul2025 02:14:27.424] [main/WARN] [net.minecraftforge.common.ForgeConfigSpec/CORE]: Incorrect key -----------------OCEAN_BIOMES--------------------.cool was corrected from null to its default, minecraft:cold_ocean. 
[27Jul2025 02:14:27.425] [main/WARN] [net.minecraftforge.common.ForgeConfigSpec/CORE]: Incorrect key -----------------OCEAN_BIOMES--------------------.neutral was corrected from null to its default, minecraft:ocean. 
[27Jul2025 02:14:27.425] [main/WARN] [net.minecraftforge.common.ForgeConfigSpec/CORE]: Incorrect key -----------------OCEAN_BIOMES--------------------.warm was corrected from null to its default, minecraft:lukewarm_ocean. 
[27Jul2025 02:14:27.425] [main/WARN] [net.minecraftforge.common.ForgeConfigSpec/CORE]: Incorrect key -----------------OCEAN_BIOMES--------------------.hot was corrected from null to its default, regions_unexplored:rocky_reef. 
[27Jul2025 02:14:27.426] [main/WARN] [net.minecraftforge.common.ForgeConfigSpec/CORE]: Incorrect key -----------------SHORE_BIOMES-------------------- was corrected from null to its default, SimpleCommentedConfig:{}. 
[27Jul2025 02:14:27.426] [main/WARN] [net.minecraftforge.common.ForgeConfigSpec/CORE]: Incorrect key -----------------SHORE_BIOMES--------------------.icy_beach_biome was corrected from null to its default, minecraft:snowy_beach. 
[27Jul2025 02:14:27.427] [main/WARN] [net.minecraftforge.common.ForgeConfigSpec/CORE]: Incorrect key -----------------SHORE_BIOMES--------------------.cold_beach_biome was corrected from null to its default, regions_unexplored:gravel_beach. 
[27Jul2025 02:14:27.427] [main/WARN] [net.minecraftforge.common.ForgeConfigSpec/CORE]: Incorrect key -----------------SHORE_BIOMES--------------------.neutral_beach_biome was corrected from null to its default, regions_unexplored:grassy_beach. 
[27Jul2025 02:14:27.427] [main/WARN] [net.minecraftforge.common.ForgeConfigSpec/CORE]: Incorrect key -----------------SHORE_BIOMES--------------------.warm_beach_biome was corrected from null to its default, regions_unexplored:grassy_beach. 
[27Jul2025 02:14:27.427] [main/WARN] [net.minecraftforge.common.ForgeConfigSpec/CORE]: Incorrect key -----------------SHORE_BIOMES--------------------.hot_beach_biome was corrected from null to its default, minecraft:beach. 
[27Jul2025 02:14:27.427] [main/WARN] [net.minecraftforge.common.ForgeConfigSpec/CORE]: Incorrect key -----------------SHORE_BIOMES--------------------.cold_stone_beach_biome was corrected from null to its default, minecraft:stony_shore. 
[27Jul2025 02:14:27.427] [main/WARN] [net.minecraftforge.common.ForgeConfigSpec/CORE]: Incorrect key -----------------SHORE_BIOMES--------------------.hot_stone_beach_biome was corrected from null to its default, regions_unexplored:chalk_cliffs. 
[27Jul2025 02:14:27.431] [main/WARN] [net.minecraftforge.common.ForgeConfigSpec/CORE]: Incorrect key -----------------UNDERGROUND_BIOMES-------------------- was corrected from null to its default, SimpleCommentedConfig:{}. 
[27Jul2025 02:14:27.431] [main/WARN] [net.minecraftforge.common.ForgeConfigSpec/CORE]: Incorrect key -----------------UNDERGROUND_BIOMES--------------------.cave_1_biome was corrected from null to its default, minecraft:lush_caves. 
[27Jul2025 02:14:27.431] [main/WARN] [net.minecraftforge.common.ForgeConfigSpec/CORE]: Incorrect key -----------------UNDERGROUND_BIOMES--------------------.cave_2_biome was corrected from null to its default, minecraft:dripstone_caves. 
[27Jul2025 02:14:27.432] [main/WARN] [net.minecraftforge.common.ForgeConfigSpec/CORE]: Incorrect key -----------------UNDERGROUND_BIOMES--------------------.cave_3_biome was corrected from null to its default, minecraft:deep_dark. 
[27Jul2025 02:14:27.432] [main/WARN] [net.minecraftforge.common.ForgeConfigSpec/CORE]: Incorrect key -----------------UNDERGROUND_BIOMES--------------------.cave_4_biome was corrected from null to its default, regions_unexplored:bioshroom_caves. 
[27Jul2025 02:14:27.432] [main/WARN] [net.minecraftforge.common.ForgeConfigSpec/CORE]: Incorrect key -----------------UNDERGROUND_BIOMES--------------------.cave_5_biome was corrected from null to its default, regions_unexplored:ancient_delta. 
[27Jul2025 02:14:27.432] [main/WARN] [net.minecraftforge.common.ForgeConfigSpec/CORE]: Incorrect key -----------------UNDERGROUND_BIOMES--------------------.cave_6_biome was corrected from null to its default, regions_unexplored:prismachasm. 
[27Jul2025 02:14:27.432] [main/WARN] [net.minecraftforge.common.ForgeConfigSpec/CORE]: Incorrect key -----------------UNDERGROUND_BIOMES--------------------.cave_7_biome was corrected from null to its default, regions_unexplored:redstone_caves. 
[27Jul2025 02:14:27.432] [main/WARN] [net.minecraftforge.common.ForgeConfigSpec/CORE]: Incorrect key -----------------UNDERGROUND_BIOMES--------------------.cave_8_biome was corrected from null to its default, regions_unexplored:scorching_caves. 
[27Jul2025 02:14:27.434] [main/WARN] [net.minecraftforge.common.ForgeConfigSpec/CORE]: Incorrect key -----------------ISLAND_BIOMES-------------------- was corrected from null to its default, SimpleCommentedConfig:{}. 
[27Jul2025 02:14:27.434] [main/WARN] [net.minecraftforge.common.ForgeConfigSpec/CORE]: Incorrect key -----------------ISLAND_BIOMES--------------------.icy_island_biome was corrected from null to its default, regions_unexplored:alpha_grove. 
[27Jul2025 02:14:27.435] [main/WARN] [net.minecraftforge.common.ForgeConfigSpec/CORE]: Incorrect key -----------------ISLAND_BIOMES--------------------.cool_island_biome was corrected from null to its default, regions_unexplored:alpha_grove. 
[27Jul2025 02:14:27.435] [main/WARN] [net.minecraftforge.common.ForgeConfigSpec/CORE]: Incorrect key -----------------ISLAND_BIOMES--------------------.neutral_island_biome was corrected from null to its default, regions_unexplored:ashen_woodland. 
[27Jul2025 02:14:27.435] [main/WARN] [net.minecraftforge.common.ForgeConfigSpec/CORE]: Incorrect key -----------------ISLAND_BIOMES--------------------.warm_island_biome was corrected from null to its default, regions_unexplored:tropics. 
[27Jul2025 02:14:27.435] [main/WARN] [net.minecraftforge.common.ForgeConfigSpec/CORE]: Incorrect key -----------------ISLAND_BIOMES--------------------.hot_island_biome was corrected from null to its default, regions_unexplored:tropics. 
[27Jul2025 02:14:27.436] [main/WARN] [net.minecraftforge.common.ForgeConfigSpec/CORE]: Incorrect key -----------------OTHER_BIOMES-------------------- was corrected from null to its default, SimpleCommentedConfig:{}. 
[27Jul2025 02:14:27.436] [main/WARN] [net.minecraftforge.common.ForgeConfigSpec/CORE]: Incorrect key -----------------OTHER_BIOMES--------------------.shattered_cliff_biome was corrected from null to its default, regions_unexplored:towering_cliffs. 
[27Jul2025 02:14:27.439] [main/WARN] [net.minecraftforge.common.ForgeConfigSpec/CORE]: Configuration file /workspaces/Minecraft/servidor_minecraft/config/regions_unexplored/ru-secondary-region.toml is not correct. Correcting
[27Jul2025 02:14:27.440] [main/WARN] [net.minecraftforge.common.ForgeConfigSpec/CORE]: Incorrect key -----------------MIDDLE_BIOMES-------------------- was corrected from null to its default, SimpleCommentedConfig:{}. 
[27Jul2025 02:14:27.440] [main/WARN] [net.minecraftforge.common.ForgeConfigSpec/CORE]: Incorrect key -----------------MIDDLE_BIOMES--------------------.icy_arid was corrected from null to its default, regions_unexplored:frozen_tundra. 
[27Jul2025 02:14:27.440] [main/WARN] [net.minecraftforge.common.ForgeConfigSpec/CORE]: Incorrect key -----------------MIDDLE_BIOMES--------------------.icy_dry was corrected from null to its default, regions_unexplored:frozen_tundra. 
[27Jul2025 02:14:27.440] [main/WARN] [net.minecraftforge.common.ForgeConfigSpec/CORE]: Incorrect key -----------------MIDDLE_BIOMES--------------------.icy_neutral was corrected from null to its default, regions_unexplored:frozen_pine_taiga. 
[27Jul2025 02:14:27.440] [main/WARN] [net.minecraftforge.common.ForgeConfigSpec/CORE]: Incorrect key -----------------MIDDLE_BIOMES--------------------.icy_wet was corrected from null to its default, regions_unexplored:cold_boreal_taiga. 
[27Jul2025 02:14:27.441] [main/WARN] [net.minecraftforge.common.ForgeConfigSpec/CORE]: Incorrect key -----------------MIDDLE_BIOMES--------------------.icy_humid was corrected from null to its default, regions_unexplored:cold_boreal_taiga. 
[27Jul2025 02:14:27.441] [main/WARN] [net.minecraftforge.common.ForgeConfigSpec/CORE]: Incorrect key -----------------MIDDLE_BIOMES--------------------.cool_arid was corrected from null to its default, regions_unexplored:poppy_fields. 
[27Jul2025 02:14:27.441] [main/WARN] [net.minecraftforge.common.ForgeConfigSpec/CORE]: Incorrect key -----------------MIDDLE_BIOMES--------------------.cool_dry was corrected from null to its default, regions_unexplored:silver_birch_forest. 
[27Jul2025 02:14:27.441] [main/WARN] [net.minecraftforge.common.ForgeConfigSpec/CORE]: Incorrect key -----------------MIDDLE_BIOMES--------------------.cool_neutral was corrected from null to its default, regions_unexplored:maple_forest. 
[27Jul2025 02:14:27.441] [main/WARN] [net.minecraftforge.common.ForgeConfigSpec/CORE]: Incorrect key -----------------MIDDLE_BIOMES--------------------.cool_wet was corrected from null to its default, regions_unexplored:boreal_taiga. 
[27Jul2025 02:14:27.441] [main/WARN] [net.minecraftforge.common.ForgeConfigSpec/CORE]: Incorrect key -----------------MIDDLE_BIOMES--------------------.cool_humid was corrected from null to its default, regions_unexplored:boreal_taiga. 
[27Jul2025 02:14:27.441] [main/WARN] [net.minecraftforge.common.ForgeConfigSpec/CORE]: Incorrect key -----------------MIDDLE_BIOMES--------------------.neutral_arid was corrected from null to its default, regions_unexplored:flower_fields. 
[27Jul2025 02:14:27.441] [main/WARN] [net.minecraftforge.common.ForgeConfigSpec/CORE]: Incorrect key -----------------MIDDLE_BIOMES--------------------.neutral_dry was corrected from null to its default, regions_unexplored:rocky_meadow. 
[27Jul2025 02:14:27.441] [main/WARN] [net.minecraftforge.common.ForgeConfigSpec/CORE]: Incorrect key -----------------MIDDLE_BIOMES--------------------.neutral_neutral was corrected from null to its default, regions_unexplored:willow_forest. 
[27Jul2025 02:14:27.441] [main/WARN] [net.minecraftforge.common.ForgeConfigSpec/CORE]: Incorrect key -----------------MIDDLE_BIOMES--------------------.neutral_wet was corrected from null to its default, regions_unexplored:clover_plains. 
[27Jul2025 02:14:27.441] [main/WARN] [net.minecraftforge.common.ForgeConfigSpec/CORE]: Incorrect key -----------------MIDDLE_BIOMES--------------------.neutral_humid was corrected from null to its default, regions_unexplored:blackwood_taiga. 
[27Jul2025 02:14:27.441] [main/WARN] [net.minecraftforge.common.ForgeConfigSpec/CORE]: Incorrect key -----------------MIDDLE_BIOMES--------------------.warm_arid was corrected from null to its default, regions_unexplored:mauve_hills. 
[27Jul2025 02:14:27.441] [main/WARN] [net.minecraftforge.common.ForgeConfigSpec/CORE]: Incorrect key -----------------MIDDLE_BIOMES--------------------.warm_dry was corrected from null to its default, regions_unexplored:rocky_meadow. 
[27Jul2025 02:14:27.441] [main/WARN] [net.minecraftforge.common.ForgeConfigSpec/CORE]: Incorrect key -----------------MIDDLE_BIOMES--------------------.warm_neutral was corrected from null to its default, regions_unexplored:bamboo_forest. 
[27Jul2025 02:14:27.441] [main/WARN] [net.minecraftforge.common.ForgeConfigSpec/CORE]: Incorrect key -----------------MIDDLE_BIOMES--------------------.warm_wet was corrected from null to its default, regions_unexplored:redwoods. 
[27Jul2025 02:14:27.442] [main/WARN] [net.minecraftforge.common.ForgeConfigSpec/CORE]: Incorrect key -----------------MIDDLE_BIOMES--------------------.warm_humid was corrected from null to its default, regions_unexplored:redwoods. 
[27Jul2025 02:14:27.442] [main/WARN] [net.minecraftforge.common.ForgeConfigSpec/CORE]: Incorrect key -----------------MIDDLE_BIOMES--------------------.hot_arid was corrected from null to its default, regions_unexplored:dry_bushland. 
[27Jul2025 02:14:27.442] [main/WARN] [net.minecraftforge.common.ForgeConfigSpec/CORE]: Incorrect key -----------------MIDDLE_BIOMES--------------------.hot_dry was corrected from null to its default, regions_unexplored:dry_bushland. 
[27Jul2025 02:14:27.442] [main/WARN] [net.minecraftforge.common.ForgeConfigSpec/CORE]: Incorrect key -----------------MIDDLE_BIOMES--------------------.hot_neutral was corrected from null to its default, regions_unexplored:joshua_desert. 
[27Jul2025 02:14:27.442] [main/WARN] [net.minecraftforge.common.ForgeConfigSpec/CORE]: Incorrect key -----------------MIDDLE_BIOMES--------------------.hot_wet was corrected from null to its default, regions_unexplored:rainforest. 
[27Jul2025 02:14:27.442] [main/WARN] [net.minecraftforge.common.ForgeConfigSpec/CORE]: Incorrect key -----------------MIDDLE_BIOMES--------------------.hot_humid was corrected from null to its default, regions_unexplored:rainforest. 
[27Jul2025 02:14:27.442] [main/WARN] [net.minecraftforge.common.ForgeConfigSpec/CORE]: Incorrect key -----------------MIDDLE_BIOMES_VARIANT-------------------- was corrected from null to its default, SimpleCommentedConfig:{}. 
[27Jul2025 02:14:27.443] [main/WARN] [net.minecraftforge.common.ForgeConfigSpec/CORE]: Incorrect key -----------------MIDDLE_BIOMES_VARIANT--------------------.icy_arid was corrected from null to its default, regions_unexplored:frozen_pine_taiga. 
[27Jul2025 02:14:27.443] [main/WARN] [net.minecraftforge.common.ForgeConfigSpec/CORE]: Incorrect key -----------------MIDDLE_BIOMES_VARIANT--------------------.icy_dry was corrected from null to its default, regions_unexplored:frozen_tundra. 
[27Jul2025 02:14:27.443] [main/WARN] [net.minecraftforge.common.ForgeConfigSpec/CORE]: Incorrect key -----------------MIDDLE_BIOMES_VARIANT--------------------.icy_neutral was corrected from null to its default, regions_unexplored:frozen_tundra. 
[27Jul2025 02:14:27.443] [main/WARN] [net.minecraftforge.common.ForgeConfigSpec/CORE]: Incorrect key -----------------MIDDLE_BIOMES_VARIANT--------------------.icy_wet was corrected from null to its default, regions_unexplored:cold_boreal_taiga. 
[27Jul2025 02:14:27.443] [main/WARN] [net.minecraftforge.common.ForgeConfigSpec/CORE]: Incorrect key -----------------MIDDLE_BIOMES_VARIANT--------------------.icy_humid was corrected from null to its default, regions_unexplored:spires. 
[27Jul2025 02:14:27.443] [main/WARN] [net.minecraftforge.common.ForgeConfigSpec/CORE]: Incorrect key -----------------MIDDLE_BIOMES_VARIANT--------------------.cool_arid was corrected from null to its default, regions_unexplored:poppy_fields. 
[27Jul2025 02:14:27.444] [main/WARN] [net.minecraftforge.common.ForgeConfigSpec/CORE]: Incorrect key -----------------MIDDLE_BIOMES_VARIANT--------------------.cool_dry was corrected from null to its default, regions_unexplored:silver_birch_forest. 
[27Jul2025 02:14:27.444] [main/WARN] [net.minecraftforge.common.ForgeConfigSpec/CORE]: Incorrect key -----------------MIDDLE_BIOMES_VARIANT--------------------.cool_neutral was corrected from null to its default, regions_unexplored:maple_forest. 
[27Jul2025 02:14:27.444] [main/WARN] [net.minecraftforge.common.ForgeConfigSpec/CORE]: Incorrect key -----------------MIDDLE_BIOMES_VARIANT--------------------.cool_wet was corrected from null to its default, regions_unexplored:boreal_taiga. 
[27Jul2025 02:14:27.444] [main/WARN] [net.minecraftforge.common.ForgeConfigSpec/CORE]: Incorrect key -----------------MIDDLE_BIOMES_VARIANT--------------------.cool_humid was corrected from null to its default, regions_unexplored:golden_boreal_taiga. 
[27Jul2025 02:14:27.445] [main/WARN] [net.minecraftforge.common.ForgeConfigSpec/CORE]: Incorrect key -----------------MIDDLE_BIOMES_VARIANT--------------------.neutral_arid was corrected from null to its default, regions_unexplored:flower_fields. 
[27Jul2025 02:14:27.445] [main/WARN] [net.minecraftforge.common.ForgeConfigSpec/CORE]: Incorrect key -----------------MIDDLE_BIOMES_VARIANT--------------------.neutral_dry was corrected from null to its default, regions_unexplored:rocky_meadow. 
[27Jul2025 02:14:27.445] [main/WARN] [net.minecraftforge.common.ForgeConfigSpec/CORE]: Incorrect key -----------------MIDDLE_BIOMES_VARIANT--------------------.neutral_neutral was corrected from null to its default, regions_unexplored:magnolia_woodland. 
[27Jul2025 02:14:27.445] [main/WARN] [net.minecraftforge.common.ForgeConfigSpec/CORE]: Incorrect key -----------------MIDDLE_BIOMES_VARIANT--------------------.neutral_wet was corrected from null to its default, regions_unexplored:clover_plains. 
[27Jul2025 02:14:27.446] [main/WARN] [net.minecraftforge.common.ForgeConfigSpec/CORE]: Incorrect key -----------------MIDDLE_BIOMES_VARIANT--------------------.neutral_humid was corrected from null to its default, regions_unexplored:blackwood_taiga. 
[27Jul2025 02:14:27.446] [main/WARN] [net.minecraftforge.common.ForgeConfigSpec/CORE]: Incorrect key -----------------MIDDLE_BIOMES_VARIANT--------------------.warm_arid was corrected from null to its default, regions_unexplored:mauve_hills. 
[27Jul2025 02:14:27.446] [main/WARN] [net.minecraftforge.common.ForgeConfigSpec/CORE]: Incorrect key -----------------MIDDLE_BIOMES_VARIANT--------------------.warm_dry was corrected from null to its default, regions_unexplored:rocky_meadow. 
[27Jul2025 02:14:27.446] [main/WARN] [net.minecraftforge.common.ForgeConfigSpec/CORE]: Incorrect key -----------------MIDDLE_BIOMES_VARIANT--------------------.warm_neutral was corrected from null to its default, regions_unexplored:bamboo_forest. 
[27Jul2025 02:14:27.446] [main/WARN] [net.minecraftforge.common.ForgeConfigSpec/CORE]: Incorrect key -----------------MIDDLE_BIOMES_VARIANT--------------------.warm_wet was corrected from null to its default, regions_unexplored:redwoods. 
[27Jul2025 02:14:27.446] [main/WARN] [net.minecraftforge.common.ForgeConfigSpec/CORE]: Incorrect key -----------------MIDDLE_BIOMES_VARIANT--------------------.warm_humid was corrected from null to its default, regions_unexplored:sparse_redwoods. 
[27Jul2025 02:14:27.446] [main/WARN] [net.minecraftforge.common.ForgeConfigSpec/CORE]: Incorrect key -----------------MIDDLE_BIOMES_VARIANT--------------------.hot_arid was corrected from null to its default, regions_unexplored:dry_bushland. 
[27Jul2025 02:14:27.446] [main/WARN] [net.minecraftforge.common.ForgeConfigSpec/CORE]: Incorrect key -----------------MIDDLE_BIOMES_VARIANT--------------------.hot_dry was corrected from null to its default, regions_unexplored:dry_bushland. 
[27Jul2025 02:14:27.447] [main/WARN] [net.minecraftforge.common.ForgeConfigSpec/CORE]: Incorrect key -----------------MIDDLE_BIOMES_VARIANT--------------------.hot_neutral was corrected from null to its default, regions_unexplored:joshua_desert. 
[27Jul2025 02:14:27.447] [main/WARN] [net.minecraftforge.common.ForgeConfigSpec/CORE]: Incorrect key -----------------MIDDLE_BIOMES_VARIANT--------------------.hot_wet was corrected from null to its default, regions_unexplored:rainforest. 
[27Jul2025 02:14:27.447] [main/WARN] [net.minecraftforge.common.ForgeConfigSpec/CORE]: Incorrect key -----------------MIDDLE_BIOMES_VARIANT--------------------.hot_humid was corrected from null to its default, regions_unexplored:sparse_rainforest. 
[27Jul2025 02:14:27.447] [main/WARN] [net.minecraftforge.common.ForgeConfigSpec/CORE]: Incorrect key -----------------PLATEAU_BIOMES-------------------- was corrected from null to its default, SimpleCommentedConfig:{}. 
[27Jul2025 02:14:27.447] [main/WARN] [net.minecraftforge.common.ForgeConfigSpec/CORE]: Incorrect key -----------------PLATEAU_BIOMES--------------------.icy_arid was corrected from null to its default, regions_unexplored:icy_heights. 
[27Jul2025 02:14:27.448] [main/WARN] [net.minecraftforge.common.ForgeConfigSpec/CORE]: Incorrect key -----------------PLATEAU_BIOMES--------------------.icy_dry was corrected from null to its default, regions_unexplored:icy_heights. 
[27Jul2025 02:14:27.448] [main/WARN] [net.minecraftforge.common.ForgeConfigSpec/CORE]: Incorrect key -----------------PLATEAU_BIOMES--------------------.icy_neutral was corrected from null to its default, regions_unexplored:icy_heights. 
[27Jul2025 02:14:27.448] [main/WARN] [net.minecraftforge.common.ForgeConfigSpec/CORE]: Incorrect key -----------------PLATEAU_BIOMES--------------------.icy_wet was corrected from null to its default, regions_unexplored:icy_heights. 
[27Jul2025 02:14:27.448] [main/WARN] [net.minecraftforge.common.ForgeConfigSpec/CORE]: Incorrect key -----------------PLATEAU_BIOMES--------------------.icy_humid was corrected from null to its default, regions_unexplored:cold_boreal_taiga. 
[27Jul2025 02:14:27.448] [main/WARN] [net.minecraftforge.common.ForgeConfigSpec/CORE]: Incorrect key -----------------PLATEAU_BIOMES--------------------.cool_arid was corrected from null to its default, regions_unexplored:poppy_fields. 
[27Jul2025 02:14:27.448] [main/WARN] [net.minecraftforge.common.ForgeConfigSpec/CORE]: Incorrect key -----------------PLATEAU_BIOMES--------------------.cool_dry was corrected from null to its default, regions_unexplored:silver_birch_forest. 
[27Jul2025 02:14:27.448] [main/WARN] [net.minecraftforge.common.ForgeConfigSpec/CORE]: Incorrect key -----------------PLATEAU_BIOMES--------------------.cool_neutral was corrected from null to its default, regions_unexplored:maple_forest. 
[27Jul2025 02:14:27.448] [main/WARN] [net.minecraftforge.common.ForgeConfigSpec/CORE]: Incorrect key -----------------PLATEAU_BIOMES--------------------.cool_wet was corrected from null to its default, regions_unexplored:boreal_taiga. 
[27Jul2025 02:14:27.449] [main/WARN] [net.minecraftforge.common.ForgeConfigSpec/CORE]: Incorrect key -----------------PLATEAU_BIOMES--------------------.cool_humid was corrected from null to its default, regions_unexplored:boreal_taiga. 
[27Jul2025 02:14:27.449] [main/WARN] [net.minecraftforge.common.ForgeConfigSpec/CORE]: Incorrect key -----------------PLATEAU_BIOMES--------------------.neutral_arid was corrected from null to its default, regions_unexplored:highland_fields. 
[27Jul2025 02:14:27.449] [main/WARN] [net.minecraftforge.common.ForgeConfigSpec/CORE]: Incorrect key -----------------PLATEAU_BIOMES--------------------.neutral_dry was corrected from null to its default, regions_unexplored:highland_fields. 
[27Jul2025 02:14:27.449] [main/WARN] [net.minecraftforge.common.ForgeConfigSpec/CORE]: Incorrect key -----------------PLATEAU_BIOMES--------------------.neutral_neutral was corrected from null to its default, regions_unexplored:highland_fields. 
[27Jul2025 02:14:27.449] [main/WARN] [net.minecraftforge.common.ForgeConfigSpec/CORE]: Incorrect key -----------------PLATEAU_BIOMES--------------------.neutral_wet was corrected from null to its default, regions_unexplored:highland_fields. 
[27Jul2025 02:14:27.449] [main/WARN] [net.minecraftforge.common.ForgeConfigSpec/CORE]: Incorrect key -----------------PLATEAU_BIOMES--------------------.neutral_humid was corrected from null to its default, regions_unexplored:blackwood_taiga. 
[27Jul2025 02:14:27.450] [main/WARN] [net.minecraftforge.common.ForgeConfigSpec/CORE]: Incorrect key -----------------PLATEAU_BIOMES--------------------.warm_arid was corrected from null to its default, regions_unexplored:mauve_hills. 
[27Jul2025 02:14:27.450] [main/WARN] [net.minecraftforge.common.ForgeConfigSpec/CORE]: Incorrect key -----------------PLATEAU_BIOMES--------------------.warm_dry was corrected from null to its default, regions_unexplored:magnolia_woodland. 
[27Jul2025 02:14:27.450] [main/WARN] [net.minecraftforge.common.ForgeConfigSpec/CORE]: Incorrect key -----------------PLATEAU_BIOMES--------------------.warm_neutral was corrected from null to its default, regions_unexplored:magnolia_woodland. 
[27Jul2025 02:14:27.450] [main/WARN] [net.minecraftforge.common.ForgeConfigSpec/CORE]: Incorrect key -----------------PLATEAU_BIOMES--------------------.warm_wet was corrected from null to its default, regions_unexplored:magnolia_woodland. 
[27Jul2025 02:14:27.450] [main/WARN] [net.minecraftforge.common.ForgeConfigSpec/CORE]: Incorrect key -----------------PLATEAU_BIOMES--------------------.warm_humid was corrected from null to its default, regions_unexplored:redwoods. 
[27Jul2025 02:14:27.451] [main/WARN] [net.minecraftforge.common.ForgeConfigSpec/CORE]: Incorrect key -----------------PLATEAU_BIOMES--------------------.hot_arid was corrected from null to its default, regions_unexplored:steppe. 
[27Jul2025 02:14:27.451] [main/WARN] [net.minecraftforge.common.ForgeConfigSpec/CORE]: Incorrect key -----------------PLATEAU_BIOMES--------------------.hot_dry was corrected from null to its default, regions_unexplored:steppe. 
[27Jul2025 02:14:27.451] [main/WARN] [net.minecraftforge.common.ForgeConfigSpec/CORE]: Incorrect key -----------------PLATEAU_BIOMES--------------------.hot_neutral was corrected from null to its default, regions_unexplored:joshua_desert. 
[27Jul2025 02:14:27.451] [main/WARN] [net.minecraftforge.common.ForgeConfigSpec/CORE]: Incorrect key -----------------PLATEAU_BIOMES--------------------.hot_wet was corrected from null to its default, regions_unexplored:rainforest. 
[27Jul2025 02:14:27.451] [main/WARN] [net.minecraftforge.common.ForgeConfigSpec/CORE]: Incorrect key -----------------PLATEAU_BIOMES--------------------.hot_humid was corrected from null to its default, regions_unexplored:rainforest. 
[27Jul2025 02:14:27.451] [main/WARN] [net.minecraftforge.common.ForgeConfigSpec/CORE]: Incorrect key -----------------PLATEAU_BIOMES_VARIANT-------------------- was corrected from null to its default, SimpleCommentedConfig:{}. 
[27Jul2025 02:14:27.452] [main/WARN] [net.minecraftforge.common.ForgeConfigSpec/CORE]: Incorrect key -----------------PLATEAU_BIOMES_VARIANT--------------------.icy_arid was corrected from null to its default, regions_unexplored:icy_heights. 
[27Jul2025 02:14:27.452] [main/WARN] [net.minecraftforge.common.ForgeConfigSpec/CORE]: Incorrect key -----------------PLATEAU_BIOMES_VARIANT--------------------.icy_dry was corrected from null to its default, regions_unexplored:icy_heights. 
[27Jul2025 02:14:27.452] [main/WARN] [net.minecraftforge.common.ForgeConfigSpec/CORE]: Incorrect key -----------------PLATEAU_BIOMES_VARIANT--------------------.icy_neutral was corrected from null to its default, regions_unexplored:icy_heights. 
[27Jul2025 02:14:27.452] [main/WARN] [net.minecraftforge.common.ForgeConfigSpec/CORE]: Incorrect key -----------------PLATEAU_BIOMES_VARIANT--------------------.icy_wet was corrected from null to its default, regions_unexplored:icy_heights. 
[27Jul2025 02:14:27.452] [main/WARN] [net.minecraftforge.common.ForgeConfigSpec/CORE]: Incorrect key -----------------PLATEAU_BIOMES_VARIANT--------------------.icy_humid was corrected from null to its default, regions_unexplored:spires. 
[27Jul2025 02:14:27.452] [main/WARN] [net.minecraftforge.common.ForgeConfigSpec/CORE]: Incorrect key -----------------PLATEAU_BIOMES_VARIANT--------------------.cool_arid was corrected from null to its default, regions_unexplored:poppy_fields. 
[27Jul2025 02:14:27.452] [main/WARN] [net.minecraftforge.common.ForgeConfigSpec/CORE]: Incorrect key -----------------PLATEAU_BIOMES_VARIANT--------------------.cool_dry was corrected from null to its default, regions_unexplored:silver_birch_forest. 
[27Jul2025 02:14:27.452] [main/WARN] [net.minecraftforge.common.ForgeConfigSpec/CORE]: Incorrect key -----------------PLATEAU_BIOMES_VARIANT--------------------.cool_neutral was corrected from null to its default, regions_unexplored:maple_forest. 
[27Jul2025 02:14:27.452] [main/WARN] [net.minecraftforge.common.ForgeConfigSpec/CORE]: Incorrect key -----------------PLATEAU_BIOMES_VARIANT--------------------.cool_wet was corrected from null to its default, regions_unexplored:boreal_taiga. 
[27Jul2025 02:14:27.452] [main/WARN] [net.minecraftforge.common.ForgeConfigSpec/CORE]: Incorrect key -----------------PLATEAU_BIOMES_VARIANT--------------------.cool_humid was corrected from null to its default, regions_unexplored:golden_boreal_taiga. 
[27Jul2025 02:14:27.452] [main/WARN] [net.minecraftforge.common.ForgeConfigSpec/CORE]: Incorrect key -----------------PLATEAU_BIOMES_VARIANT--------------------.neutral_arid was corrected from null to its default, regions_unexplored:highland_fields. 
[27Jul2025 02:14:27.452] [main/WARN] [net.minecraftforge.common.ForgeConfigSpec/CORE]: Incorrect key -----------------PLATEAU_BIOMES_VARIANT--------------------.neutral_dry was corrected from null to its default, regions_unexplored:highland_fields. 
[27Jul2025 02:14:27.452] [main/WARN] [net.minecraftforge.common.ForgeConfigSpec/CORE]: Incorrect key -----------------PLATEAU_BIOMES_VARIANT--------------------.neutral_neutral was corrected from null to its default, regions_unexplored:magnolia_woodland. 
[27Jul2025 02:14:27.452] [main/WARN] [net.minecraftforge.common.ForgeConfigSpec/CORE]: Incorrect key -----------------PLATEAU_BIOMES_VARIANT--------------------.neutral_wet was corrected from null to its default, regions_unexplored:clover_plains. 
[27Jul2025 02:14:27.453] [main/WARN] [net.minecraftforge.common.ForgeConfigSpec/CORE]: Incorrect key -----------------PLATEAU_BIOMES_VARIANT--------------------.neutral_humid was corrected from null to its default, regions_unexplored:blackwood_taiga. 
[27Jul2025 02:14:27.453] [main/WARN] [net.minecraftforge.common.ForgeConfigSpec/CORE]: Incorrect key -----------------PLATEAU_BIOMES_VARIANT--------------------.warm_arid was corrected from null to its default, regions_unexplored:mauve_hills. 
[27Jul2025 02:14:27.453] [main/WARN] [net.minecraftforge.common.ForgeConfigSpec/CORE]: Incorrect key -----------------PLATEAU_BIOMES_VARIANT--------------------.warm_dry was corrected from null to its default, regions_unexplored:magnolia_woodland. 
[27Jul2025 02:14:27.453] [main/WARN] [net.minecraftforge.common.ForgeConfigSpec/CORE]: Incorrect key -----------------PLATEAU_BIOMES_VARIANT--------------------.warm_neutral was corrected from null to its default, regions_unexplored:magnolia_woodland. 
[27Jul2025 02:14:27.453] [main/WARN] [net.minecraftforge.common.ForgeConfigSpec/CORE]: Incorrect key -----------------PLATEAU_BIOMES_VARIANT--------------------.warm_wet was corrected from null to its default, regions_unexplored:magnolia_woodland. 
[27Jul2025 02:14:27.453] [main/WARN] [net.minecraftforge.common.ForgeConfigSpec/CORE]: Incorrect key -----------------PLATEAU_BIOMES_VARIANT--------------------.warm_humid was corrected from null to its default, regions_unexplored:sparse_redwoods. 
[27Jul2025 02:14:27.453] [main/WARN] [net.minecraftforge.common.ForgeConfigSpec/CORE]: Incorrect key -----------------PLATEAU_BIOMES_VARIANT--------------------.hot_arid was corrected from null to its default, regions_unexplored:steppe. 
[27Jul2025 02:14:27.453] [main/WARN] [net.minecraftforge.common.ForgeConfigSpec/CORE]: Incorrect key -----------------PLATEAU_BIOMES_VARIANT--------------------.hot_dry was corrected from null to its default, regions_unexplored:steppe. 
[27Jul2025 02:14:27.453] [main/WARN] [net.minecraftforge.common.ForgeConfigSpec/CORE]: Incorrect key -----------------PLATEAU_BIOMES_VARIANT--------------------.hot_neutral was corrected from null to its default, regions_unexplored:joshua_desert. 
[27Jul2025 02:14:27.453] [main/WARN] [net.minecraftforge.common.ForgeConfigSpec/CORE]: Incorrect key -----------------PLATEAU_BIOMES_VARIANT--------------------.hot_wet was corrected from null to its default, regions_unexplored:rainforest. 
[27Jul2025 02:14:27.453] [main/WARN] [net.minecraftforge.common.ForgeConfigSpec/CORE]: Incorrect key -----------------PLATEAU_BIOMES_VARIANT--------------------.hot_humid was corrected from null to its default, regions_unexplored:sparse_rainforest. 
[27Jul2025 02:14:27.454] [main/WARN] [net.minecraftforge.common.ForgeConfigSpec/CORE]: Incorrect key -----------------SHATTERED_BIOMES-------------------- was corrected from null to its default, SimpleCommentedConfig:{}. 
[27Jul2025 02:14:27.454] [main/WARN] [net.minecraftforge.common.ForgeConfigSpec/CORE]: Incorrect key -----------------SHATTERED_BIOMES--------------------.icy_arid was corrected from null to its default, regions_unexplored:icy_heights. 
[27Jul2025 02:14:27.454] [main/WARN] [net.minecraftforge.common.ForgeConfigSpec/CORE]: Incorrect key -----------------SHATTERED_BIOMES--------------------.icy_dry was corrected from null to its default, regions_unexplored:icy_heights. 
[27Jul2025 02:14:27.454] [main/WARN] [net.minecraftforge.common.ForgeConfigSpec/CORE]: Incorrect key -----------------SHATTERED_BIOMES--------------------.icy_neutral was corrected from null to its default, regions_unexplored:icy_heights. 
[27Jul2025 02:14:27.454] [main/WARN] [net.minecraftforge.common.ForgeConfigSpec/CORE]: Incorrect key -----------------SHATTERED_BIOMES--------------------.icy_wet was corrected from null to its default, regions_unexplored:icy_heights. 
[27Jul2025 02:14:27.454] [main/WARN] [net.minecraftforge.common.ForgeConfigSpec/CORE]: Incorrect key -----------------SHATTERED_BIOMES--------------------.icy_humid was corrected from null to its default, regions_unexplored:icy_heights. 
[27Jul2025 02:14:27.454] [main/WARN] [net.minecraftforge.common.ForgeConfigSpec/CORE]: Incorrect key -----------------SHATTERED_BIOMES--------------------.cool_arid was corrected from null to its default, regions_unexplored:towering_cliffs. 
[27Jul2025 02:14:27.454] [main/WARN] [net.minecraftforge.common.ForgeConfigSpec/CORE]: Incorrect key -----------------SHATTERED_BIOMES--------------------.cool_dry was corrected from null to its default, regions_unexplored:towering_cliffs. 
[27Jul2025 02:14:27.455] [main/WARN] [net.minecraftforge.common.ForgeConfigSpec/CORE]: Incorrect key -----------------SHATTERED_BIOMES--------------------.cool_neutral was corrected from null to its default, regions_unexplored:towering_cliffs. 
[27Jul2025 02:14:27.455] [main/WARN] [net.minecraftforge.common.ForgeConfigSpec/CORE]: Incorrect key -----------------SHATTERED_BIOMES--------------------.cool_wet was corrected from null to its default, regions_unexplored:towering_cliffs. 
[27Jul2025 02:14:27.455] [main/WARN] [net.minecraftforge.common.ForgeConfigSpec/CORE]: Incorrect key -----------------SHATTERED_BIOMES--------------------.cool_humid was corrected from null to its default, regions_unexplored:towering_cliffs. 
[27Jul2025 02:14:27.455] [main/WARN] [net.minecraftforge.common.ForgeConfigSpec/CORE]: Incorrect key -----------------SHATTERED_BIOMES--------------------.neutral_arid was corrected from null to its default, regions_unexplored:towering_cliffs. 
[27Jul2025 02:14:27.455] [main/WARN] [net.minecraftforge.common.ForgeConfigSpec/CORE]: Incorrect key -----------------SHATTERED_BIOMES--------------------.neutral_dry was corrected from null to its default, regions_unexplored:towering_cliffs. 
[27Jul2025 02:14:27.455] [main/WARN] [net.minecraftforge.common.ForgeConfigSpec/CORE]: Incorrect key -----------------SHATTERED_BIOMES--------------------.neutral_neutral was corrected from null to its default, regions_unexplored:towering_cliffs. 
[27Jul2025 02:14:27.455] [main/WARN] [net.minecraftforge.common.ForgeConfigSpec/CORE]: Incorrect key -----------------SHATTERED_BIOMES--------------------.neutral_wet was corrected from null to its default, regions_unexplored:towering_cliffs. 
[27Jul2025 02:14:27.455] [main/WARN] [net.minecraftforge.common.ForgeConfigSpec/CORE]: Incorrect key -----------------SHATTERED_BIOMES--------------------.neutral_humid was corrected from null to its default, regions_unexplored:towering_cliffs. 
[27Jul2025 02:14:27.455] [main/WARN] [net.minecraftforge.common.ForgeConfigSpec/CORE]: Incorrect key -----------------SHATTERED_BIOMES--------------------.warm_arid was corrected from null to its default, regions_unexplored:magnolia_woodland. 
[27Jul2025 02:14:27.456] [main/WARN] [net.minecraftforge.common.ForgeConfigSpec/CORE]: Incorrect key -----------------SHATTERED_BIOMES--------------------.warm_dry was corrected from null to its default, regions_unexplored:magnolia_woodland. 
[27Jul2025 02:14:27.456] [main/WARN] [net.minecraftforge.common.ForgeConfigSpec/CORE]: Incorrect key -----------------SHATTERED_BIOMES--------------------.warm_neutral was corrected from null to its default, regions_unexplored:magnolia_woodland. 
[27Jul2025 02:14:27.456] [main/WARN] [net.minecraftforge.common.ForgeConfigSpec/CORE]: Incorrect key -----------------SHATTERED_BIOMES--------------------.warm_wet was corrected from null to its default, regions_unexplored:magnolia_woodland. 
[27Jul2025 02:14:27.456] [main/WARN] [net.minecraftforge.common.ForgeConfigSpec/CORE]: Incorrect key -----------------SHATTERED_BIOMES--------------------.warm_humid was corrected from null to its default, regions_unexplored:sparse_redwoods. 
[27Jul2025 02:14:27.456] [main/WARN] [net.minecraftforge.common.ForgeConfigSpec/CORE]: Incorrect key -----------------SHATTERED_BIOMES--------------------.hot_arid was corrected from null to its default, regions_unexplored:steppe. 
[27Jul2025 02:14:27.456] [main/WARN] [net.minecraftforge.common.ForgeConfigSpec/CORE]: Incorrect key -----------------SHATTERED_BIOMES--------------------.hot_dry was corrected from null to its default, regions_unexplored:steppe. 
[27Jul2025 02:14:27.456] [main/WARN] [net.minecraftforge.common.ForgeConfigSpec/CORE]: Incorrect key -----------------SHATTERED_BIOMES--------------------.hot_neutral was corrected from null to its default, regions_unexplored:joshua_desert. 
[27Jul2025 02:14:27.456] [main/WARN] [net.minecraftforge.common.ForgeConfigSpec/CORE]: Incorrect key -----------------SHATTERED_BIOMES--------------------.hot_wet was corrected from null to its default, regions_unexplored:sparse_rainforest. 
[27Jul2025 02:14:27.456] [main/WARN] [net.minecraftforge.common.ForgeConfigSpec/CORE]: Incorrect key -----------------SHATTERED_BIOMES--------------------.hot_humid was corrected from null to its default, regions_unexplored:sparse_rainforest. 
[27Jul2025 02:14:27.457] [main/WARN] [net.minecraftforge.common.ForgeConfigSpec/CORE]: Incorrect key -----------------SLOPE_BIOMES-------------------- was corrected from null to its default, SimpleCommentedConfig:{}. 
[27Jul2025 02:14:27.457] [main/WARN] [net.minecraftforge.common.ForgeConfigSpec/CORE]: Incorrect key -----------------SLOPE_BIOMES--------------------.icy_slope_biome was corrected from null to its default, minecraft:snowy_slopes. 
[27Jul2025 02:14:27.457] [main/WARN] [net.minecraftforge.common.ForgeConfigSpec/CORE]: Incorrect key -----------------SLOPE_BIOMES--------------------.cold_slope_biome was corrected from null to its default, minecraft:grove. 
[27Jul2025 02:14:27.457] [main/WARN] [net.minecraftforge.common.ForgeConfigSpec/CORE]: Incorrect key -----------------SLOPE_BIOMES--------------------.neutral_slope_biome was corrected from null to its default, regions_unexplored:pine_slopes. 
[27Jul2025 02:14:27.457] [main/WARN] [net.minecraftforge.common.ForgeConfigSpec/CORE]: Incorrect key -----------------SLOPE_BIOMES--------------------.warm_slope_biome was corrected from null to its default, regions_unexplored:magnolia_woodland. 
[27Jul2025 02:14:27.457] [main/WARN] [net.minecraftforge.common.ForgeConfigSpec/CORE]: Incorrect key -----------------SLOPE_BIOMES--------------------.hot_slope_biome was corrected from null to its default, regions_unexplored:rainforest. 
[27Jul2025 02:14:27.457] [main/WARN] [net.minecraftforge.common.ForgeConfigSpec/CORE]: Incorrect key -----------------SLOPE_BIOMES--------------------.icy_slope_biome_variant was corrected from null to its default, regions_unexplored:cold_deciduous_forest. 
[27Jul2025 02:14:27.457] [main/WARN] [net.minecraftforge.common.ForgeConfigSpec/CORE]: Incorrect key -----------------SLOPE_BIOMES--------------------.cold_slope_biome_variant was corrected from null to its default, regions_unexplored:pine_slopes. 
[27Jul2025 02:14:27.458] [main/WARN] [net.minecraftforge.common.ForgeConfigSpec/CORE]: Incorrect key -----------------SLOPE_BIOMES--------------------.neutral_slope_biome_variant was corrected from null to its default, regions_unexplored:pine_slopes. 
[27Jul2025 02:14:27.458] [main/WARN] [net.minecraftforge.common.ForgeConfigSpec/CORE]: Incorrect key -----------------SLOPE_BIOMES--------------------.warm_slope_biome_variant was corrected from null to its default, regions_unexplored:magnolia_woodland. 
[27Jul2025 02:14:27.458] [main/WARN] [net.minecraftforge.common.ForgeConfigSpec/CORE]: Incorrect key -----------------SLOPE_BIOMES--------------------.hot_slope_biome_variant was corrected from null to its default, regions_unexplored:rainforest. 
[27Jul2025 02:14:27.458] [main/WARN] [net.minecraftforge.common.ForgeConfigSpec/CORE]: Incorrect key -----------------PEAK_BIOMES-------------------- was corrected from null to its default, SimpleCommentedConfig:{}. 
[27Jul2025 02:14:27.458] [main/WARN] [net.minecraftforge.common.ForgeConfigSpec/CORE]: Incorrect key -----------------PEAK_BIOMES--------------------.icy_peak_biome was corrected from null to its default, minecraft:frozen_peaks. 
[27Jul2025 02:14:27.459] [main/WARN] [net.minecraftforge.common.ForgeConfigSpec/CORE]: Incorrect key -----------------PEAK_BIOMES--------------------.cold_peak_biome was corrected from null to its default, minecraft:jagged_peaks. 
[27Jul2025 02:14:27.459] [main/WARN] [net.minecraftforge.common.ForgeConfigSpec/CORE]: Incorrect key -----------------PEAK_BIOMES--------------------.neutral_peak_biome was corrected from null to its default, regions_unexplored:mountains. 
[27Jul2025 02:14:27.459] [main/WARN] [net.minecraftforge.common.ForgeConfigSpec/CORE]: Incorrect key -----------------PEAK_BIOMES--------------------.warm_peak_biome was corrected from null to its default, minecraft:stony_peaks. 
[27Jul2025 02:14:27.459] [main/WARN] [net.minecraftforge.common.ForgeConfigSpec/CORE]: Incorrect key -----------------PEAK_BIOMES--------------------.hot_peak_biome was corrected from null to its default, regions_unexplored:arid_mountains. 
[27Jul2025 02:14:27.459] [main/WARN] [net.minecraftforge.common.ForgeConfigSpec/CORE]: Incorrect key -----------------PEAK_BIOMES--------------------.icy_peak_biome_variant was corrected from null to its default, minecraft:jagged_peaks. 
[27Jul2025 02:14:27.459] [main/WARN] [net.minecraftforge.common.ForgeConfigSpec/CORE]: Incorrect key -----------------PEAK_BIOMES--------------------.cold_peak_biome_variant was corrected from null to its default, regions_unexplored:mountains. 
[27Jul2025 02:14:27.459] [main/WARN] [net.minecraftforge.common.ForgeConfigSpec/CORE]: Incorrect key -----------------PEAK_BIOMES--------------------.neutral_peak_biome_variant was corrected from null to its default, regions_unexplored:mountains. 
[27Jul2025 02:14:27.459] [main/WARN] [net.minecraftforge.common.ForgeConfigSpec/CORE]: Incorrect key -----------------PEAK_BIOMES--------------------.warm_peak_biome_variant was corrected from null to its default, minecraft:stony_peaks. 
[27Jul2025 02:14:27.459] [main/WARN] [net.minecraftforge.common.ForgeConfigSpec/CORE]: Incorrect key -----------------PEAK_BIOMES--------------------.hot_peak_biome_variant was corrected from null to its default, regions_unexplored:arid_mountains. 
[27Jul2025 02:14:27.460] [main/WARN] [net.minecraftforge.common.ForgeConfigSpec/CORE]: Incorrect key -----------------RIVER_BIOMES-------------------- was corrected from null to its default, SimpleCommentedConfig:{}. 
[27Jul2025 02:14:27.460] [main/WARN] [net.minecraftforge.common.ForgeConfigSpec/CORE]: Incorrect key -----------------RIVER_BIOMES--------------------.icy_arid was corrected from null to its default, minecraft:frozen_river. 
[27Jul2025 02:14:27.460] [main/WARN] [net.minecraftforge.common.ForgeConfigSpec/CORE]: Incorrect key -----------------RIVER_BIOMES--------------------.icy_dry was corrected from null to its default, minecraft:frozen_river. 
[27Jul2025 02:14:27.460] [main/WARN] [net.minecraftforge.common.ForgeConfigSpec/CORE]: Incorrect key -----------------RIVER_BIOMES--------------------.icy_neutral was corrected from null to its default, minecraft:frozen_river. 
[27Jul2025 02:14:27.460] [main/WARN] [net.minecraftforge.common.ForgeConfigSpec/CORE]: Incorrect key -----------------RIVER_BIOMES--------------------.icy_wet was corrected from null to its default, minecraft:frozen_river. 
[27Jul2025 02:14:27.460] [main/WARN] [net.minecraftforge.common.ForgeConfigSpec/CORE]: Incorrect key -----------------RIVER_BIOMES--------------------.icy_humid was corrected from null to its default, minecraft:frozen_river. 
[27Jul2025 02:14:27.460] [main/WARN] [net.minecraftforge.common.ForgeConfigSpec/CORE]: Incorrect key -----------------RIVER_BIOMES--------------------.cool_arid was corrected from null to its default, regions_unexplored:cold_river. 
[27Jul2025 02:14:27.528] [main/WARN] [net.minecraftforge.common.ForgeConfigSpec/CORE]: Incorrect key -----------------RIVER_BIOMES--------------------.cool_dry was corrected from null to its default, regions_unexplored:cold_river. 
[27Jul2025 02:14:27.528] [main/WARN] [net.minecraftforge.common.ForgeConfigSpec/CORE]: Incorrect key -----------------RIVER_BIOMES--------------------.cool_neutral was corrected from null to its default, regions_unexplored:cold_river. 
[27Jul2025 02:14:27.528] [main/WARN] [net.minecraftforge.common.ForgeConfigSpec/CORE]: Incorrect key -----------------RIVER_BIOMES--------------------.cool_wet was corrected from null to its default, regions_unexplored:muddy_river. 
[27Jul2025 02:14:27.528] [main/WARN] [net.minecraftforge.common.ForgeConfigSpec/CORE]: Incorrect key -----------------RIVER_BIOMES--------------------.cool_humid was corrected from null to its default, regions_unexplored:muddy_river. 
[27Jul2025 02:14:27.528] [main/WARN] [net.minecraftforge.common.ForgeConfigSpec/CORE]: Incorrect key -----------------RIVER_BIOMES--------------------.neutral_arid was corrected from null to its default, minecraft:river. 
[27Jul2025 02:14:27.528] [main/WARN] [net.minecraftforge.common.ForgeConfigSpec/CORE]: Incorrect key -----------------RIVER_BIOMES--------------------.neutral_dry was corrected from null to its default, minecraft:river. 
[27Jul2025 02:14:27.528] [main/WARN] [net.minecraftforge.common.ForgeConfigSpec/CORE]: Incorrect key -----------------RIVER_BIOMES--------------------.neutral_neutral was corrected from null to its default, minecraft:river. 
[27Jul2025 02:14:27.528] [main/WARN] [net.minecraftforge.common.ForgeConfigSpec/CORE]: Incorrect key -----------------RIVER_BIOMES--------------------.neutral_wet was corrected from null to its default, minecraft:river. 
[27Jul2025 02:14:27.528] [main/WARN] [net.minecraftforge.common.ForgeConfigSpec/CORE]: Incorrect key -----------------RIVER_BIOMES--------------------.neutral_humid was corrected from null to its default, minecraft:river. 
[27Jul2025 02:14:27.528] [main/WARN] [net.minecraftforge.common.ForgeConfigSpec/CORE]: Incorrect key -----------------RIVER_BIOMES--------------------.warm_arid was corrected from null to its default, minecraft:river. 
[27Jul2025 02:14:27.528] [main/WARN] [net.minecraftforge.common.ForgeConfigSpec/CORE]: Incorrect key -----------------RIVER_BIOMES--------------------.warm_dry was corrected from null to its default, minecraft:river. 
[27Jul2025 02:14:27.528] [main/WARN] [net.minecraftforge.common.ForgeConfigSpec/CORE]: Incorrect key -----------------RIVER_BIOMES--------------------.warm_neutral was corrected from null to its default, minecraft:river. 
[27Jul2025 02:14:27.528] [main/WARN] [net.minecraftforge.common.ForgeConfigSpec/CORE]: Incorrect key -----------------RIVER_BIOMES--------------------.warm_wet was corrected from null to its default, minecraft:river. 
[27Jul2025 02:14:27.528] [main/WARN] [net.minecraftforge.common.ForgeConfigSpec/CORE]: Incorrect key -----------------RIVER_BIOMES--------------------.warm_humid was corrected from null to its default, minecraft:river. 
[27Jul2025 02:14:27.528] [main/WARN] [net.minecraftforge.common.ForgeConfigSpec/CORE]: Incorrect key -----------------RIVER_BIOMES--------------------.hot_arid was corrected from null to its default, minecraft:river. 
[27Jul2025 02:14:27.529] [main/WARN] [net.minecraftforge.common.ForgeConfigSpec/CORE]: Incorrect key -----------------RIVER_BIOMES--------------------.hot_dry was corrected from null to its default, minecraft:river. 
[27Jul2025 02:14:27.529] [main/WARN] [net.minecraftforge.common.ForgeConfigSpec/CORE]: Incorrect key -----------------RIVER_BIOMES--------------------.hot_neutral was corrected from null to its default, regions_unexplored:tropical_river. 
[27Jul2025 02:14:27.529] [main/WARN] [net.minecraftforge.common.ForgeConfigSpec/CORE]: Incorrect key -----------------RIVER_BIOMES--------------------.hot_wet was corrected from null to its default, regions_unexplored:tropical_river. 
[27Jul2025 02:14:27.529] [main/WARN] [net.minecraftforge.common.ForgeConfigSpec/CORE]: Incorrect key -----------------RIVER_BIOMES--------------------.hot_humid was corrected from null to its default, regions_unexplored:tropical_river. 
[27Jul2025 02:14:27.530] [main/WARN] [net.minecraftforge.common.ForgeConfigSpec/CORE]: Incorrect key -----------------RIVER_BIOMES_VARIANT-------------------- was corrected from null to its default, SimpleCommentedConfig:{}. 
[27Jul2025 02:14:27.530] [main/WARN] [net.minecraftforge.common.ForgeConfigSpec/CORE]: Incorrect key -----------------RIVER_BIOMES_VARIANT--------------------.icy_arid was corrected from null to its default, minecraft:frozen_river. 
[27Jul2025 02:14:27.530] [main/WARN] [net.minecraftforge.common.ForgeConfigSpec/CORE]: Incorrect key -----------------RIVER_BIOMES_VARIANT--------------------.icy_dry was corrected from null to its default, minecraft:frozen_river. 
[27Jul2025 02:14:27.530] [main/WARN] [net.minecraftforge.common.ForgeConfigSpec/CORE]: Incorrect key -----------------RIVER_BIOMES_VARIANT--------------------.icy_neutral was corrected from null to its default, minecraft:frozen_river. 
[27Jul2025 02:14:27.531] [main/WARN] [net.minecraftforge.common.ForgeConfigSpec/CORE]: Incorrect key -----------------RIVER_BIOMES_VARIANT--------------------.icy_wet was corrected from null to its default, minecraft:frozen_river. 
[27Jul2025 02:14:27.531] [main/WARN] [net.minecraftforge.common.ForgeConfigSpec/CORE]: Incorrect key -----------------RIVER_BIOMES_VARIANT--------------------.icy_humid was corrected from null to its default, minecraft:frozen_river. 
[27Jul2025 02:14:27.531] [main/WARN] [net.minecraftforge.common.ForgeConfigSpec/CORE]: Incorrect key -----------------RIVER_BIOMES_VARIANT--------------------.cool_arid was corrected from null to its default, regions_unexplored:cold_river. 
[27Jul2025 02:14:27.531] [main/WARN] [net.minecraftforge.common.ForgeConfigSpec/CORE]: Incorrect key -----------------RIVER_BIOMES_VARIANT--------------------.cool_dry was corrected from null to its default, regions_unexplored:cold_river. 
[27Jul2025 02:14:27.531] [main/WARN] [net.minecraftforge.common.ForgeConfigSpec/CORE]: Incorrect key -----------------RIVER_BIOMES_VARIANT--------------------.cool_neutral was corrected from null to its default, regions_unexplored:cold_river. 
[27Jul2025 02:14:27.531] [main/WARN] [net.minecraftforge.common.ForgeConfigSpec/CORE]: Incorrect key -----------------RIVER_BIOMES_VARIANT--------------------.cool_wet was corrected from null to its default, regions_unexplored:muddy_river. 
[27Jul2025 02:14:27.531] [main/WARN] [net.minecraftforge.common.ForgeConfigSpec/CORE]: Incorrect key -----------------RIVER_BIOMES_VARIANT--------------------.cool_humid was corrected from null to its default, regions_unexplored:muddy_river. 
[27Jul2025 02:14:27.531] [main/WARN] [net.minecraftforge.common.ForgeConfigSpec/CORE]: Incorrect key -----------------RIVER_BIOMES_VARIANT--------------------.neutral_arid was corrected from null to its default, minecraft:river. 
[27Jul2025 02:14:27.531] [main/WARN] [net.minecraftforge.common.ForgeConfigSpec/CORE]: Incorrect key -----------------RIVER_BIOMES_VARIANT--------------------.neutral_dry was corrected from null to its default, minecraft:river. 
[27Jul2025 02:14:27.531] [main/WARN] [net.minecraftforge.common.ForgeConfigSpec/CORE]: Incorrect key -----------------RIVER_BIOMES_VARIANT--------------------.neutral_neutral was corrected from null to its default, minecraft:river. 
[27Jul2025 02:14:27.531] [main/WARN] [net.minecraftforge.common.ForgeConfigSpec/CORE]: Incorrect key -----------------RIVER_BIOMES_VARIANT--------------------.neutral_wet was corrected from null to its default, minecraft:river. 
[27Jul2025 02:14:27.531] [main/WARN] [net.minecraftforge.common.ForgeConfigSpec/CORE]: Incorrect key -----------------RIVER_BIOMES_VARIANT--------------------.neutral_humid was corrected from null to its default, minecraft:river. 
[27Jul2025 02:14:27.531] [main/WARN] [net.minecraftforge.common.ForgeConfigSpec/CORE]: Incorrect key -----------------RIVER_BIOMES_VARIANT--------------------.warm_arid was corrected from null to its default, minecraft:river. 
[27Jul2025 02:14:27.531] [main/WARN] [net.minecraftforge.common.ForgeConfigSpec/CORE]: Incorrect key -----------------RIVER_BIOMES_VARIANT--------------------.warm_dry was corrected from null to its default, minecraft:river. 
[27Jul2025 02:14:27.531] [main/WARN] [net.minecraftforge.common.ForgeConfigSpec/CORE]: Incorrect key -----------------RIVER_BIOMES_VARIANT--------------------.warm_neutral was corrected from null to its default, minecraft:river. 
[27Jul2025 02:14:27.531] [main/WARN] [net.minecraftforge.common.ForgeConfigSpec/CORE]: Incorrect key -----------------RIVER_BIOMES_VARIANT--------------------.warm_wet was corrected from null to its default, minecraft:river. 
[27Jul2025 02:14:27.532] [main/WARN] [net.minecraftforge.common.ForgeConfigSpec/CORE]: Incorrect key -----------------RIVER_BIOMES_VARIANT--------------------.warm_humid was corrected from null to its default, minecraft:river. 
[27Jul2025 02:14:27.532] [main/WARN] [net.minecraftforge.common.ForgeConfigSpec/CORE]: Incorrect key -----------------RIVER_BIOMES_VARIANT--------------------.hot_arid was corrected from null to its default, minecraft:river. 
[27Jul2025 02:14:27.532] [main/WARN] [net.minecraftforge.common.ForgeConfigSpec/CORE]: Incorrect key -----------------RIVER_BIOMES_VARIANT--------------------.hot_dry was corrected from null to its default, minecraft:river. 
[27Jul2025 02:14:27.532] [main/WARN] [net.minecraftforge.common.ForgeConfigSpec/CORE]: Incorrect key -----------------RIVER_BIOMES_VARIANT--------------------.hot_neutral was corrected from null to its default, regions_unexplored:tropical_river. 
[27Jul2025 02:14:27.532] [main/WARN] [net.minecraftforge.common.ForgeConfigSpec/CORE]: Incorrect key -----------------RIVER_BIOMES_VARIANT--------------------.hot_wet was corrected from null to its default, regions_unexplored:tropical_river. 
[27Jul2025 02:14:27.532] [main/WARN] [net.minecraftforge.common.ForgeConfigSpec/CORE]: Incorrect key -----------------RIVER_BIOMES_VARIANT--------------------.hot_humid was corrected from null to its default, regions_unexplored:tropical_river. 
[27Jul2025 02:14:27.533] [main/WARN] [net.minecraftforge.common.ForgeConfigSpec/CORE]: Incorrect key -----------------SWAMP_BIOMES-------------------- was corrected from null to its default, SimpleCommentedConfig:{}. 
[27Jul2025 02:14:27.533] [main/WARN] [net.minecraftforge.common.ForgeConfigSpec/CORE]: Incorrect key -----------------SWAMP_BIOMES--------------------.icy_arid was corrected from null to its default, regions_unexplored:spires. 
[27Jul2025 02:14:27.533] [main/WARN] [net.minecraftforge.common.ForgeConfigSpec/CORE]: Incorrect key -----------------SWAMP_BIOMES--------------------.icy_dry was corrected from null to its default, regions_unexplored:spires. 
[27Jul2025 02:14:27.533] [main/WARN] [net.minecraftforge.common.ForgeConfigSpec/CORE]: Incorrect key -----------------SWAMP_BIOMES--------------------.icy_neutral was corrected from null to its default, regions_unexplored:spires. 
[27Jul2025 02:14:27.533] [main/WARN] [net.minecraftforge.common.ForgeConfigSpec/CORE]: Incorrect key -----------------SWAMP_BIOMES--------------------.icy_wet was corrected from null to its default, regions_unexplored:spires. 
[27Jul2025 02:14:27.533] [main/WARN] [net.minecraftforge.common.ForgeConfigSpec/CORE]: Incorrect key -----------------SWAMP_BIOMES--------------------.icy_humid was corrected from null to its default, regions_unexplored:spires. 
[27Jul2025 02:14:27.533] [main/WARN] [net.minecraftforge.common.ForgeConfigSpec/CORE]: Incorrect key -----------------SWAMP_BIOMES--------------------.cool_arid was corrected from null to its default, regions_unexplored:fen. 
[27Jul2025 02:14:27.533] [main/WARN] [net.minecraftforge.common.ForgeConfigSpec/CORE]: Incorrect key -----------------SWAMP_BIOMES--------------------.cool_dry was corrected from null to its default, regions_unexplored:fen. 
[27Jul2025 02:14:27.533] [main/WARN] [net.minecraftforge.common.ForgeConfigSpec/CORE]: Incorrect key -----------------SWAMP_BIOMES--------------------.cool_neutral was corrected from null to its default, regions_unexplored:fen. 
[27Jul2025 02:14:27.534] [main/WARN] [net.minecraftforge.common.ForgeConfigSpec/CORE]: Incorrect key -----------------SWAMP_BIOMES--------------------.cool_wet was corrected from null to its default, regions_unexplored:fen. 
[27Jul2025 02:14:27.534] [main/WARN] [net.minecraftforge.common.ForgeConfigSpec/CORE]: Incorrect key -----------------SWAMP_BIOMES--------------------.cool_humid was corrected from null to its default, regions_unexplored:fen. 
[27Jul2025 02:14:27.534] [main/WARN] [net.minecraftforge.common.ForgeConfigSpec/CORE]: Incorrect key -----------------SWAMP_BIOMES--------------------.neutral_arid was corrected from null to its default, regions_unexplored:old_growth_bayou. 
[27Jul2025 02:14:27.534] [main/WARN] [net.minecraftforge.common.ForgeConfigSpec/CORE]: Incorrect key -----------------SWAMP_BIOMES--------------------.neutral_dry was corrected from null to its default, regions_unexplored:bayou. 
[27Jul2025 02:14:27.534] [main/WARN] [net.minecraftforge.common.ForgeConfigSpec/CORE]: Incorrect key -----------------SWAMP_BIOMES--------------------.neutral_neutral was corrected from null to its default, regions_unexplored:bayou. 
[27Jul2025 02:14:27.534] [main/WARN] [net.minecraftforge.common.ForgeConfigSpec/CORE]: Incorrect key -----------------SWAMP_BIOMES--------------------.neutral_wet was corrected from null to its default, regions_unexplored:bayou. 
[27Jul2025 02:14:27.534] [main/WARN] [net.minecraftforge.common.ForgeConfigSpec/CORE]: Incorrect key -----------------SWAMP_BIOMES--------------------.neutral_humid was corrected from null to its default, regions_unexplored:old_growth_bayou. 
[27Jul2025 02:14:27.534] [main/WARN] [net.minecraftforge.common.ForgeConfigSpec/CORE]: Incorrect key -----------------SWAMP_BIOMES--------------------.warm_arid was corrected from null to its default, regions_unexplored:marsh. 
[27Jul2025 02:14:27.534] [main/WARN] [net.minecraftforge.common.ForgeConfigSpec/CORE]: Incorrect key -----------------SWAMP_BIOMES--------------------.warm_dry was corrected from null to its default, regions_unexplored:marsh. 
[27Jul2025 02:14:27.534] [main/WARN] [net.minecraftforge.common.ForgeConfigSpec/CORE]: Incorrect key -----------------SWAMP_BIOMES--------------------.warm_neutral was corrected from null to its default, regions_unexplored:marsh. 
[27Jul2025 02:14:27.534] [main/WARN] [net.minecraftforge.common.ForgeConfigSpec/CORE]: Incorrect key -----------------SWAMP_BIOMES--------------------.warm_wet was corrected from null to its default, regions_unexplored:marsh. 
[27Jul2025 02:14:27.535] [main/WARN] [net.minecraftforge.common.ForgeConfigSpec/CORE]: Incorrect key -----------------SWAMP_BIOMES--------------------.warm_humid was corrected from null to its default, regions_unexplored:marsh. 
[27Jul2025 02:14:27.535] [main/WARN] [net.minecraftforge.common.ForgeConfigSpec/CORE]: Incorrect key -----------------SWAMP_BIOMES--------------------.hot_arid was corrected from null to its default, regions_unexplored:fungal_fen. 
[27Jul2025 02:14:27.535] [main/WARN] [net.minecraftforge.common.ForgeConfigSpec/CORE]: Incorrect key -----------------SWAMP_BIOMES--------------------.hot_dry was corrected from null to its default, regions_unexplored:fungal_fen. 
[27Jul2025 02:14:27.535] [main/WARN] [net.minecraftforge.common.ForgeConfigSpec/CORE]: Incorrect key -----------------SWAMP_BIOMES--------------------.hot_neutral was corrected from null to its default, regions_unexplored:fungal_fen. 
[27Jul2025 02:14:27.535] [main/WARN] [net.minecraftforge.common.ForgeConfigSpec/CORE]: Incorrect key -----------------SWAMP_BIOMES--------------------.hot_wet was corrected from null to its default, regions_unexplored:fungal_fen. 
[27Jul2025 02:14:27.535] [main/WARN] [net.minecraftforge.common.ForgeConfigSpec/CORE]: Incorrect key -----------------SWAMP_BIOMES--------------------.hot_humid was corrected from null to its default, regions_unexplored:fungal_fen. 
[27Jul2025 02:14:27.536] [main/WARN] [net.minecraftforge.common.ForgeConfigSpec/CORE]: Incorrect key -----------------OCEAN_BIOMES-------------------- was corrected from null to its default, SimpleCommentedConfig:{}. 
[27Jul2025 02:14:27.536] [main/WARN] [net.minecraftforge.common.ForgeConfigSpec/CORE]: Incorrect key -----------------OCEAN_BIOMES--------------------.deep_icy was corrected from null to its default, regions_unexplored:hyacinth_deeps. 
[27Jul2025 02:14:27.536] [main/WARN] [net.minecraftforge.common.ForgeConfigSpec/CORE]: Incorrect key -----------------OCEAN_BIOMES--------------------.deep_cool was corrected from null to its default, minecraft:deep_cold_ocean. 
[27Jul2025 02:14:27.537] [main/WARN] [net.minecraftforge.common.ForgeConfigSpec/CORE]: Incorrect key -----------------OCEAN_BIOMES--------------------.deep_neutral was corrected from null to its default, minecraft:deep_ocean. 
[27Jul2025 02:14:27.537] [main/WARN] [net.minecraftforge.common.ForgeConfigSpec/CORE]: Incorrect key -----------------OCEAN_BIOMES--------------------.deep_warm was corrected from null to its default, minecraft:deep_lukewarm_ocean. 
[27Jul2025 02:14:27.537] [main/WARN] [net.minecraftforge.common.ForgeConfigSpec/CORE]: Incorrect key -----------------OCEAN_BIOMES--------------------.deep_hot was corrected from null to its default, minecraft:warm_ocean. 
[27Jul2025 02:14:27.537] [main/WARN] [net.minecraftforge.common.ForgeConfigSpec/CORE]: Incorrect key -----------------OCEAN_BIOMES--------------------.icy was corrected from null to its default, minecraft:frozen_ocean. 
[27Jul2025 02:14:27.537] [main/WARN] [net.minecraftforge.common.ForgeConfigSpec/CORE]: Incorrect key -----------------OCEAN_BIOMES--------------------.cool was corrected from null to its default, minecraft:cold_ocean. 
[27Jul2025 02:14:27.537] [main/WARN] [net.minecraftforge.common.ForgeConfigSpec/CORE]: Incorrect key -----------------OCEAN_BIOMES--------------------.neutral was corrected from null to its default, minecraft:ocean. 
[27Jul2025 02:14:27.538] [main/WARN] [net.minecraftforge.common.ForgeConfigSpec/CORE]: Incorrect key -----------------OCEAN_BIOMES--------------------.warm was corrected from null to its default, minecraft:lukewarm_ocean. 
[27Jul2025 02:14:27.538] [main/WARN] [net.minecraftforge.common.ForgeConfigSpec/CORE]: Incorrect key -----------------OCEAN_BIOMES--------------------.hot was corrected from null to its default, regions_unexplored:rocky_reef. 
[27Jul2025 02:14:27.539] [main/WARN] [net.minecraftforge.common.ForgeConfigSpec/CORE]: Incorrect key -----------------SHORE_BIOMES-------------------- was corrected from null to its default, SimpleCommentedConfig:{}. 
[27Jul2025 02:14:27.539] [main/WARN] [net.minecraftforge.common.ForgeConfigSpec/CORE]: Incorrect key -----------------SHORE_BIOMES--------------------.icy_beach_biome was corrected from null to its default, minecraft:snowy_beach. 
[27Jul2025 02:14:27.540] [main/WARN] [net.minecraftforge.common.ForgeConfigSpec/CORE]: Incorrect key -----------------SHORE_BIOMES--------------------.cold_beach_biome was corrected from null to its default, regions_unexplored:gravel_beach. 
[27Jul2025 02:14:27.540] [main/WARN] [net.minecraftforge.common.ForgeConfigSpec/CORE]: Incorrect key -----------------SHORE_BIOMES--------------------.neutral_beach_biome was corrected from null to its default, regions_unexplored:grassy_beach. 
[27Jul2025 02:14:27.540] [main/WARN] [net.minecraftforge.common.ForgeConfigSpec/CORE]: Incorrect key -----------------SHORE_BIOMES--------------------.warm_beach_biome was corrected from null to its default, regions_unexplored:grassy_beach. 
[27Jul2025 02:14:27.540] [main/WARN] [net.minecraftforge.common.ForgeConfigSpec/CORE]: Incorrect key -----------------SHORE_BIOMES--------------------.hot_beach_biome was corrected from null to its default, minecraft:beach. 
[27Jul2025 02:14:27.540] [main/WARN] [net.minecraftforge.common.ForgeConfigSpec/CORE]: Incorrect key -----------------SHORE_BIOMES--------------------.cold_stone_beach_biome was corrected from null to its default, minecraft:stony_shore. 
[27Jul2025 02:14:27.540] [main/WARN] [net.minecraftforge.common.ForgeConfigSpec/CORE]: Incorrect key -----------------SHORE_BIOMES--------------------.hot_stone_beach_biome was corrected from null to its default, regions_unexplored:chalk_cliffs. 
[27Jul2025 02:14:27.541] [main/WARN] [net.minecraftforge.common.ForgeConfigSpec/CORE]: Incorrect key -----------------UNDERGROUND_BIOMES-------------------- was corrected from null to its default, SimpleCommentedConfig:{}. 
[27Jul2025 02:14:27.541] [main/WARN] [net.minecraftforge.common.ForgeConfigSpec/CORE]: Incorrect key -----------------UNDERGROUND_BIOMES--------------------.cave_1_biome was corrected from null to its default, minecraft:lush_caves. 
[27Jul2025 02:14:27.541] [main/WARN] [net.minecraftforge.common.ForgeConfigSpec/CORE]: Incorrect key -----------------UNDERGROUND_BIOMES--------------------.cave_2_biome was corrected from null to its default, minecraft:dripstone_caves. 
[27Jul2025 02:14:27.541] [main/WARN] [net.minecraftforge.common.ForgeConfigSpec/CORE]: Incorrect key -----------------UNDERGROUND_BIOMES--------------------.cave_3_biome was corrected from null to its default, minecraft:deep_dark. 
[27Jul2025 02:14:27.542] [main/WARN] [net.minecraftforge.common.ForgeConfigSpec/CORE]: Incorrect key -----------------UNDERGROUND_BIOMES--------------------.cave_4_biome was corrected from null to its default, regions_unexplored:bioshroom_caves. 
[27Jul2025 02:14:27.542] [main/WARN] [net.minecraftforge.common.ForgeConfigSpec/CORE]: Incorrect key -----------------UNDERGROUND_BIOMES--------------------.cave_5_biome was corrected from null to its default, regions_unexplored:ancient_delta. 
[27Jul2025 02:14:27.542] [main/WARN] [net.minecraftforge.common.ForgeConfigSpec/CORE]: Incorrect key -----------------UNDERGROUND_BIOMES--------------------.cave_6_biome was corrected from null to its default, regions_unexplored:prismachasm. 
[27Jul2025 02:14:27.542] [main/WARN] [net.minecraftforge.common.ForgeConfigSpec/CORE]: Incorrect key -----------------UNDERGROUND_BIOMES--------------------.cave_7_biome was corrected from null to its default, regions_unexplored:redstone_caves. 
[27Jul2025 02:14:27.542] [main/WARN] [net.minecraftforge.common.ForgeConfigSpec/CORE]: Incorrect key -----------------UNDERGROUND_BIOMES--------------------.cave_8_biome was corrected from null to its default, regions_unexplored:scorching_caves. 
[27Jul2025 02:14:27.543] [main/WARN] [net.minecraftforge.common.ForgeConfigSpec/CORE]: Incorrect key -----------------ISLAND_BIOMES-------------------- was corrected from null to its default, SimpleCommentedConfig:{}. 
[27Jul2025 02:14:27.543] [main/WARN] [net.minecraftforge.common.ForgeConfigSpec/CORE]: Incorrect key -----------------ISLAND_BIOMES--------------------.icy_island_biome was corrected from null to its default, regions_unexplored:alpha_grove. 
[27Jul2025 02:14:27.543] [main/WARN] [net.minecraftforge.common.ForgeConfigSpec/CORE]: Incorrect key -----------------ISLAND_BIOMES--------------------.cool_island_biome was corrected from null to its default, regions_unexplored:alpha_grove. 
[27Jul2025 02:14:27.544] [main/WARN] [net.minecraftforge.common.ForgeConfigSpec/CORE]: Incorrect key -----------------ISLAND_BIOMES--------------------.neutral_island_biome was corrected from null to its default, regions_unexplored:ashen_woodland. 
[27Jul2025 02:14:27.544] [main/WARN] [net.minecraftforge.common.ForgeConfigSpec/CORE]: Incorrect key -----------------ISLAND_BIOMES--------------------.warm_island_biome was corrected from null to its default, regions_unexplored:tropics. 
[27Jul2025 02:14:27.544] [main/WARN] [net.minecraftforge.common.ForgeConfigSpec/CORE]: Incorrect key -----------------ISLAND_BIOMES--------------------.hot_island_biome was corrected from null to its default, regions_unexplored:tropics. 
[27Jul2025 02:14:27.545] [main/WARN] [net.minecraftforge.common.ForgeConfigSpec/CORE]: Incorrect key -----------------OTHER_BIOMES-------------------- was corrected from null to its default, SimpleCommentedConfig:{}. 
[27Jul2025 02:14:27.545] [main/WARN] [net.minecraftforge.common.ForgeConfigSpec/CORE]: Incorrect key -----------------OTHER_BIOMES--------------------.shattered_cliff_biome was corrected from null to its default, regions_unexplored:towering_cliffs. 
[27Jul2025 02:14:27.550] [main/WARN] [net.minecraftforge.common.ForgeConfigSpec/CORE]: Configuration file /workspaces/Minecraft/servidor_minecraft/config/cataclysm.toml is not correct. Correcting
[27Jul2025 02:14:27.550] [main/WARN] [net.minecraftforge.common.ForgeConfigSpec/CORE]: Incorrect key Etc.setThirdPerson(on/off) was corrected from null to its default, true. 
[27Jul2025 02:14:27.550] [main/WARN] [net.minecraftforge.common.ForgeConfigSpec/CORE]: Incorrect key Etc.setFirstPerson(on/off) was corrected from null to its default, true. 
[27Jul2025 02:14:27.550] [main/WARN] [net.minecraftforge.common.ForgeConfigSpec/CORE]: Incorrect key Etc.lavaVisionOpacity was corrected from 0.5 to its default, null. 
[27Jul2025 02:14:27.550] [main/WARN] [net.minecraftforge.common.ForgeConfigSpec/CORE]: Incorrect key Etc.custombossbar(on/off) was corrected from true to its default, null. 
[27Jul2025 02:14:27.551] [main/WARN] [net.minecraftforge.common.ForgeConfigSpec/CORE]: Incorrect key Etc.AddedServerlist(on/off) was corrected from true to its default, null. 
[27Jul2025 02:14:27.551] [main/WARN] [net.minecraftforge.common.ForgeConfigSpec/CORE]: Incorrect key Etc.BossMusic(on/off) was corrected from true to its default, null. 
[27Jul2025 02:14:27.551] [main/WARN] [net.minecraftforge.common.ForgeConfigSpec/CORE]: Incorrect key Etc.BossMusicVolume was corrected from 1 to its default, null. 
[27Jul2025 02:14:27.552] [main/WARN] [net.minecraftforge.common.ForgeConfigSpec/CORE]: Incorrect key bosses Common settings was corrected from null to its default, SimpleCommentedConfig:{}. 
[27Jul2025 02:14:27.552] [main/WARN] [net.minecraftforge.common.ForgeConfigSpec/CORE]: Incorrect key bosses Common settings.custombossbar(on/off) was corrected from null to its default, true. 
[27Jul2025 02:14:27.552] [main/WARN] [net.minecraftforge.common.ForgeConfigSpec/CORE]: Incorrect key bosses Common settings.BossMusic(on/off) was corrected from null to its default, true. 
[27Jul2025 02:14:27.552] [main/WARN] [net.minecraftforge.common.ForgeConfigSpec/CORE]: Incorrect key bosses Common settings.BossMusicVolume was corrected from null to its default, 1. 
[27Jul2025 02:14:27.552] [main/WARN] [net.minecraftforge.common.ForgeConfigSpec/CORE]: Incorrect key bosses Common settings.ReturnHome was corrected from null to its default, 20. 
[27Jul2025 02:14:27.552] [main/WARN] [net.minecraftforge.common.ForgeConfigSpec/CORE]: Incorrect key Weapon.Sandstormcooldown was corrected from null to its default, 300. 
[27Jul2025 02:14:27.553] [main/WARN] [net.minecraftforge.common.ForgeConfigSpec/CORE]: Incorrect key Weapon.SoulRenderCooldown was corrected from null to its default, 100. 
[27Jul2025 02:14:27.553] [main/WARN] [net.minecraftforge.common.ForgeConfigSpec/CORE]: Incorrect key Weapon.gauntletofMaelstromCooldown was corrected from null to its default, 180. 
[27Jul2025 02:14:27.553] [main/WARN] [net.minecraftforge.common.ForgeConfigSpec/CORE]: Incorrect key Weapon.immolatorCooldown was corrected from null to its default, 300. 
[27Jul2025 02:14:27.553] [main/WARN] [net.minecraftforge.common.ForgeConfigSpec/CORE]: Incorrect key Weapon.Ceraunus 's Lightning Storm Damage was corrected from null to its default, 6.0. 
[27Jul2025 02:14:27.553] [main/WARN] [net.minecraftforge.common.ForgeConfigSpec/CORE]: Incorrect key Weapon.Ceraunus's Wave Damage' was corrected from null to its default, 6.0. 
[27Jul2025 02:14:27.554] [main/WARN] [net.minecraftforge.common.ForgeConfigSpec/CORE]: Incorrect key Weapon.Ceraunus Cooldown was corrected from null to its default, 150. 
[27Jul2025 02:14:27.554] [main/WARN] [net.minecraftforge.common.ForgeConfigSpec/CORE]: Incorrect key Weapon.Astrape's Lightning Spear Damage was corrected from null to its default, 11.0. 
[27Jul2025 02:14:27.554] [main/WARN] [net.minecraftforge.common.ForgeConfigSpec/CORE]: Incorrect key Weapon.Astrape's Area Damage' was corrected from null to its default, 2.0. 
[27Jul2025 02:14:27.554] [main/WARN] [net.minecraftforge.common.ForgeConfigSpec/CORE]: Incorrect key Weapon.Astrape Cooldown was corrected from null to its default, 80. 
[27Jul2025 02:14:27.554] [main/WARN] [net.minecraftforge.common.ForgeConfigSpec/CORE]: Incorrect key Weapon.SandstormTimer was corrected from 160 to its default, null. 
[27Jul2025 02:14:27.555] [main/WARN] [net.minecraftforge.common.ForgeConfigSpec/CORE]: Incorrect key Block was corrected from null to its default, SimpleCommentedConfig:{}. 
[27Jul2025 02:14:27.555] [main/WARN] [net.minecraftforge.common.ForgeConfigSpec/CORE]: Incorrect key Block.Cursed Tombstone Summon cooldown Minute was corrected from null to its default, 1. 
[27Jul2025 02:14:27.555] [main/WARN] [net.minecraftforge.common.ForgeConfigSpec/CORE]: Incorrect key Entity damage.Phantom Arrow Damage was corrected from null to its default, 5.0. 
[27Jul2025 02:14:27.555] [main/WARN] [net.minecraftforge.common.ForgeConfigSpec/CORE]: Incorrect key Entity damage.Phantom Halberd Damage was corrected from null to its default, 12.0. 
[27Jul2025 02:14:27.556] [main/WARN] [net.minecraftforge.common.ForgeConfigSpec/CORE]: Incorrect key Entity damage.Cursed Sandstorm Damage was corrected from null to its default, 6.0. 
[27Jul2025 02:14:27.556] [main/WARN] [net.minecraftforge.common.ForgeConfigSpec/CORE]: Incorrect key Entity damage.Flame Jet Damage was corrected from null to its default, 7.0. 
[27Jul2025 02:14:27.556] [main/WARN] [net.minecraftforge.common.ForgeConfigSpec/CORE]: Incorrect key Entity damage.Flare Bomb Damage was corrected from null to its default, 7.0. 
[27Jul2025 02:14:27.556] [main/WARN] [net.minecraftforge.common.ForgeConfigSpec/CORE]: Incorrect key Ender Guardian.EnderGuardianDamageTime was corrected from null to its default, 30. 
[27Jul2025 02:14:27.556] [main/WARN] [net.minecraftforge.common.ForgeConfigSpec/CORE]: Incorrect key Netherite Monstrosity.LavaBombDuration was corrected from null to its default, 350. 
[27Jul2025 02:14:27.556] [main/WARN] [net.minecraftforge.common.ForgeConfigSpec/CORE]: Incorrect key Netherite Monstrosity.LavaBombRandomDuration was corrected from null to its default, 150. 
[27Jul2025 02:14:27.556] [main/WARN] [net.minecraftforge.common.ForgeConfigSpec/CORE]: Incorrect key Netherite Monstrosity.MonstrosityDamageTime was corrected from null to its default, 10. 
[27Jul2025 02:14:27.556] [main/WARN] [net.minecraftforge.common.ForgeConfigSpec/CORE]: Incorrect key Netherite Monstrosity.monstrosityBlockBreaking was corrected from null to its default, true. 
[27Jul2025 02:14:27.557] [main/WARN] [net.minecraftforge.common.ForgeConfigSpec/CORE]: Incorrect key Ignis.IgnisDamageTime was corrected from null to its default, 15. 
[27Jul2025 02:14:27.557] [main/WARN] [net.minecraftforge.common.ForgeConfigSpec/CORE]: Incorrect key The Harbinger.The Harbinger DamageTime was corrected from null to its default, 12. 
[27Jul2025 02:14:27.557] [main/WARN] [net.minecraftforge.common.ForgeConfigSpec/CORE]: Incorrect key The Leviathan.Leviathan DamageTime was corrected from null to its default, 15. 
[27Jul2025 02:14:27.558] [main/WARN] [net.minecraftforge.common.ForgeConfigSpec/CORE]: Incorrect key Netherite Ministrosity was corrected from null to its default, SimpleCommentedConfig:{}. 
[27Jul2025 02:14:27.558] [main/WARN] [net.minecraftforge.common.ForgeConfigSpec/CORE]: Incorrect key Netherite Ministrosity.MinistrosityHealthMultiplier was corrected from null to its default, 1.0. 
[27Jul2025 02:14:27.558] [main/WARN] [net.minecraftforge.common.ForgeConfigSpec/CORE]: Incorrect key Ancient Remnant.Ancient Remnant DamageTime was corrected from null to its default, 12. 
[27Jul2025 02:14:27.560] [main/WARN] [net.minecraftforge.common.ForgeConfigSpec/CORE]: Incorrect key Wadjet was corrected from null to its default, SimpleCommentedConfig:{}. 
[27Jul2025 02:14:27.560] [main/WARN] [net.minecraftforge.common.ForgeConfigSpec/CORE]: Incorrect key Wadjet.WadjetHealthMultiplier was corrected from null to its default, 1.0. 
[27Jul2025 02:14:27.560] [main/WARN] [net.minecraftforge.common.ForgeConfigSpec/CORE]: Incorrect key Wadjet.WadjetDamageMultiplier was corrected from null to its default, 1.0. 
[27Jul2025 02:14:27.561] [main/WARN] [net.minecraftforge.common.ForgeConfigSpec/CORE]: Incorrect key Aptrgangr was corrected from null to its default, SimpleCommentedConfig:{}. 
[27Jul2025 02:14:27.561] [main/WARN] [net.minecraftforge.common.ForgeConfigSpec/CORE]: Incorrect key Aptrgangr.AptrgangrHealthMultiplier was corrected from null to its default, 1.0. 
[27Jul2025 02:14:27.561] [main/WARN] [net.minecraftforge.common.ForgeConfigSpec/CORE]: Incorrect key Aptrgangr.AptrgangrDamageMultiplier was corrected from null to its default, 1.0. 
[27Jul2025 02:14:27.561] [main/WARN] [net.minecraftforge.common.ForgeConfigSpec/CORE]: Incorrect key Aptrgangr.AptrgangrAxeBladeDamage was corrected from null to its default, 8.0. 
[27Jul2025 02:14:27.562] [main/WARN] [net.minecraftforge.common.ForgeConfigSpec/CORE]: Incorrect key Clawdian was corrected from null to its default, SimpleCommentedConfig:{}. 
[27Jul2025 02:14:27.562] [main/WARN] [net.minecraftforge.common.ForgeConfigSpec/CORE]: Incorrect key Clawdian.ClawdianHealthMultiplier was corrected from null to its default, 1.0. 
[27Jul2025 02:14:27.563] [main/WARN] [net.minecraftforge.common.ForgeConfigSpec/CORE]: Incorrect key Clawdian.ClawdianDamageMultiplier was corrected from null to its default, 1.0. 
[27Jul2025 02:14:27.564] [main/WARN] [net.minecraftforge.common.ForgeConfigSpec/CORE]: Incorrect key Scylla was corrected from null to its default, SimpleCommentedConfig:{}. 
[27Jul2025 02:14:27.564] [main/WARN] [net.minecraftforge.common.ForgeConfigSpec/CORE]: Incorrect key Scylla.ScyllaHealthMultiplier was corrected from null to its default, 1.0. 
[27Jul2025 02:14:27.564] [main/WARN] [net.minecraftforge.common.ForgeConfigSpec/CORE]: Incorrect key Scylla.ScyllaDamageMultiplier was corrected from null to its default, 1.0. 
[27Jul2025 02:14:27.564] [main/WARN] [net.minecraftforge.common.ForgeConfigSpec/CORE]: Incorrect key Scylla.Scylla's prevent attacks from far away Range was corrected from null to its default, 10.0. 
[27Jul2025 02:14:27.564] [main/WARN] [net.minecraftforge.common.ForgeConfigSpec/CORE]: Incorrect key Scylla.Scylla's Spear Damage was corrected from null to its default, 14.0. 
[27Jul2025 02:14:27.564] [main/WARN] [net.minecraftforge.common.ForgeConfigSpec/CORE]: Incorrect key Scylla.Scylla's Lightning Storm was corrected from null to its default, 10.0. 
[27Jul2025 02:14:27.564] [main/WARN] [net.minecraftforge.common.ForgeConfigSpec/CORE]: Incorrect key Scylla.Scylla's Lightning Area was corrected from null to its default, 4.0. 
[27Jul2025 02:14:27.565] [main/WARN] [net.minecraftforge.common.ForgeConfigSpec/CORE]: Incorrect key Scylla.Scylla's Snake Damage was corrected from null to its default, 16.0. 
[27Jul2025 02:14:27.565] [main/WARN] [net.minecraftforge.common.ForgeConfigSpec/CORE]: Incorrect key Scylla.Scylla's Anchor Damage was corrected from null to its default, 16.0. 
[27Jul2025 02:14:27.565] [main/WARN] [net.minecraftforge.common.ForgeConfigSpec/CORE]: Incorrect key Scylla.Scylla NatureHealing was corrected from null to its default, 25.0. 
[27Jul2025 02:14:27.565] [main/WARN] [net.minecraftforge.common.ForgeConfigSpec/CORE]: Incorrect key Scylla.Scylla Weather Change was corrected from null to its default, true. 
[27Jul2025 02:14:27.565] [main/WARN] [net.minecraftforge.common.ForgeConfigSpec/CORE]: Incorrect key Scylla.Scylla DamageCap was corrected from null to its default, 22.0. 
[27Jul2025 02:14:27.565] [main/WARN] [net.minecraftforge.common.ForgeConfigSpec/CORE]: Incorrect key Scylla.Scylla DamageTime was corrected from null to its default, 25. 
[27Jul2025 02:14:27.565] [main/WARN] [net.minecraftforge.common.ForgeConfigSpec/CORE]: Incorrect key Scylla.Scylla's HP Damage was corrected from null to its default, 0.05. 
[27Jul2025 02:14:27.565] [main/WARN] [net.minecraftforge.common.ForgeConfigSpec/CORE]: Incorrect key Scylla.Scylla's Spin Hp Damage was corrected from null to its default, 0.07. 
[27Jul2025 02:14:27.565] [main/WARN] [net.minecraftforge.common.ForgeConfigSpec/CORE]: Incorrect key Scylla.Scylla's Lightning Storm HP Damage was corrected from null to its default, 0.04. 
[27Jul2025 02:14:27.566] [main/WARN] [net.minecraftforge.common.ForgeConfigSpec/CORE]: Incorrect key Maledictus.Maledictus's prevent attacks from far away Range was corrected from null to its default, 12.0. 
[27Jul2025 02:14:27.566] [main/WARN] [net.minecraftforge.common.ForgeConfigSpec/CORE]: Incorrect key Maledictus.MaledictusNatureHealing was corrected from null to its default, 25.0. 
[27Jul2025 02:14:27.566] [main/WARN] [net.minecraftforge.common.ForgeConfigSpec/CORE]: Incorrect key Maledictus.Maledictus' Phantom Halberd Damage' was corrected from null to its default, 10.0. 
[27Jul2025 02:14:27.566] [main/WARN] [net.minecraftforge.common.ForgeConfigSpec/CORE]: Incorrect key Maledictus.Maledictus DamageTime was corrected from null to its default, 30. 
[27Jul2025 02:14:27.566] [main/WARN] [net.minecraftforge.common.ForgeConfigSpec/CORE]: Incorrect key Maledictus.Maledictus's Phantom Arrow Damage was corrected from null to its default, 5.0. 
[27Jul2025 02:14:27.566] [main/WARN] [net.minecraftforge.common.ForgeConfigSpec/CORE]: Incorrect key Maledictus.MaledictusBlockBreaking was corrected from null to its default, true. 
[27Jul2025 02:14:27.567] [main/WARN] [net.minecraftforge.common.ForgeConfigSpec/CORE]: Incorrect key Boss Respawner was corrected from null to its default, SimpleCommentedConfig:{}. 
[27Jul2025 02:14:27.568] [main/WARN] [net.minecraftforge.common.ForgeConfigSpec/CORE]: Incorrect key Boss Respawner.MonstrosityRespawner was corrected from null to its default, true. 
[27Jul2025 02:14:27.568] [main/WARN] [net.minecraftforge.common.ForgeConfigSpec/CORE]: Incorrect key Boss Respawner.EnderGuardianRespawner was corrected from null to its default, true. 
[27Jul2025 02:14:27.568] [main/WARN] [net.minecraftforge.common.ForgeConfigSpec/CORE]: Incorrect key Boss Respawner.HarbingerRespawner was corrected from null to its default, true. 
[27Jul2025 02:14:27.568] [main/WARN] [net.minecraftforge.common.ForgeConfigSpec/CORE]: Incorrect key Boss Respawner.RemnantRespawner was corrected from null to its default, true. 
[27Jul2025 02:14:27.568] [main/WARN] [net.minecraftforge.common.ForgeConfigSpec/CORE]: Incorrect key Boss Respawner.ScyllaRespawner was corrected from null to its default, true. 
[27Jul2025 02:14:27.568] [main/WARN] [net.minecraftforge.common.ForgeConfigSpec/CORE]: Incorrect key wadjet was corrected from SimpleCommentedConfig:{WadjetHealthMultiplier=1.0, WadjetDamageMultiplier=1.0} to its default, null. 
[27Jul2025 02:14:27.630] [main/INFO] [Spartan Shields/]: Loading config spartanshields-common.toml
[27Jul2025 02:14:27.631] [Thread-2/INFO] [Spartan Shields/]: Loading config spartanshields-common.toml
[27Jul2025 02:14:27.632] [main/WARN] [net.minecraftforge.common.ForgeConfigSpec/CORE]: Configuration file /workspaces/Minecraft/servidor_minecraft/config/legendary_monsters-common.toml is not correct. Correcting
[27Jul2025 02:14:27.632] [main/WARN] [net.minecraftforge.common.ForgeConfigSpec/CORE]: Incorrect key Mob Settings was corrected from null to its default, SimpleCommentedConfig:{}. 
[27Jul2025 02:14:27.632] [main/WARN] [net.minecraftforge.common.ForgeConfigSpec/CORE]: Incorrect key Mob Settings.General Settings was corrected from null to its default, SimpleCommentedConfig:{}. 
[27Jul2025 02:14:27.632] [main/WARN] [net.minecraftforge.common.ForgeConfigSpec/CORE]: Incorrect key Mob Settings.General Settings.Allow Custom Boss Bars was corrected from null to its default, true. 
[27Jul2025 02:14:27.632] [main/WARN] [net.minecraftforge.common.ForgeConfigSpec/CORE]: Incorrect key Mob Settings.General Settings.Allow Boss Music was corrected from null to its default, true. 
[27Jul2025 02:14:27.632] [main/WARN] [net.minecraftforge.common.ForgeConfigSpec/CORE]: Incorrect key Mob Settings.General Settings.Boss Music Volume Multiplier was corrected from null to its default, 1.0. 
[27Jul2025 02:14:27.632] [main/WARN] [net.minecraftforge.common.ForgeConfigSpec/CORE]: Incorrect key Mob Settings.General Settings.Allow Falling Cloud Particles was corrected from null to its default, true. 
[27Jul2025 02:14:27.632] [main/WARN] [net.minecraftforge.common.ForgeConfigSpec/CORE]: Incorrect key Mob Settings.Chorusling Settings was corrected from null to its default, SimpleCommentedConfig:{}. 
[27Jul2025 02:14:27.632] [main/WARN] [net.minecraftforge.common.ForgeConfigSpec/CORE]: Incorrect key Mob Settings.Chorusling Settings.Chorusling Damage Multiplier was corrected from null to its default, 1.0. 
[27Jul2025 02:14:27.632] [main/WARN] [net.minecraftforge.common.ForgeConfigSpec/CORE]: Incorrect key Mob Settings.Chorusling Settings.Chorusling Health Multiplier was corrected from null to its default, 1.0. 
[27Jul2025 02:14:27.632] [main/WARN] [net.minecraftforge.common.ForgeConfigSpec/CORE]: Incorrect key Mob Settings.Endersent Settings was corrected from null to its default, SimpleCommentedConfig:{}. 
[27Jul2025 02:14:27.633] [Thread-2/INFO] [Spartan Shields/]: Loading config spartanshields-common.toml
[27Jul2025 02:14:27.633] [main/WARN] [net.minecraftforge.common.ForgeConfigSpec/CORE]: Incorrect key Mob Settings.Endersent Settings.Endersent Damage Multiplier was corrected from null to its default, 1.0. 
[27Jul2025 02:14:27.633] [main/WARN] [net.minecraftforge.common.ForgeConfigSpec/CORE]: Incorrect key Mob Settings.Endersent Settings.Endersent Health Multiplier was corrected from null to its default, 1.0. 
[27Jul2025 02:14:27.633] [main/WARN] [net.minecraftforge.common.ForgeConfigSpec/CORE]: Incorrect key Mob Settings.Spiky Worm Settings was corrected from null to its default, SimpleCommentedConfig:{}. 
[27Jul2025 02:14:27.633] [main/WARN] [net.minecraftforge.common.ForgeConfigSpec/CORE]: Incorrect key Mob Settings.Spiky Worm Settings.Spiky Worm Damage Multiplier was corrected from null to its default, 1.0. 
[27Jul2025 02:14:27.633] [main/WARN] [net.minecraftforge.common.ForgeConfigSpec/CORE]: Incorrect key Mob Settings.Spiky Worm Settings.Spiky Worm Health Multiplier was corrected from null to its default, 1.0. 
[27Jul2025 02:14:27.633] [main/WARN] [net.minecraftforge.common.ForgeConfigSpec/CORE]: Incorrect key Mob Settings.Ambusher Settings was corrected from null to its default, SimpleCommentedConfig:{}. 
[27Jul2025 02:14:27.633] [main/WARN] [net.minecraftforge.common.ForgeConfigSpec/CORE]: Incorrect key Mob Settings.Ambusher Settings.Ambusher Damage Multiplier was corrected from null to its default, 1.0. 
[27Jul2025 02:14:27.633] [main/WARN] [net.minecraftforge.common.ForgeConfigSpec/CORE]: Incorrect key Mob Settings.Ambusher Settings.Ambusher Health Multiplier was corrected from null to its default, 1.0. 
[27Jul2025 02:14:27.633] [main/WARN] [net.minecraftforge.common.ForgeConfigSpec/CORE]: Incorrect key Mob Settings.Ambusher Settings.Allow Ambusher Projectile Immunity was corrected from null to its default, true. 
[27Jul2025 02:14:27.633] [main/WARN] [net.minecraftforge.common.ForgeConfigSpec/CORE]: Incorrect key Mob Settings.Stratling Settings was corrected from null to its default, SimpleCommentedConfig:{}. 
[27Jul2025 02:14:27.633] [main/WARN] [net.minecraftforge.common.ForgeConfigSpec/CORE]: Incorrect key Mob Settings.Stratling Settings.Stratling Damage Multiplier was corrected from null to its default, 1.0. 
[27Jul2025 02:14:27.633] [main/WARN] [net.minecraftforge.common.ForgeConfigSpec/CORE]: Incorrect key Mob Settings.Stratling Settings.Stratling Health Multiplier was corrected from null to its default, 1.0. 
[27Jul2025 02:14:27.634] [main/WARN] [net.minecraftforge.common.ForgeConfigSpec/CORE]: Incorrect key Mob Settings.Ancient Guardian Settings was corrected from null to its default, SimpleCommentedConfig:{}. 
[27Jul2025 02:14:27.634] [main/WARN] [net.minecraftforge.common.ForgeConfigSpec/CORE]: Incorrect key Mob Settings.Ancient Guardian Settings.Ancient Guardian Damage Multiplier was corrected from null to its default, 1.0. 
[27Jul2025 02:14:27.634] [main/WARN] [net.minecraftforge.common.ForgeConfigSpec/CORE]: Incorrect key Mob Settings.Ancient Guardian Settings.Ancient Guardian Health Multiplier was corrected from null to its default, 1.0. 
[27Jul2025 02:14:27.634] [main/WARN] [net.minecraftforge.common.ForgeConfigSpec/CORE]: Incorrect key Mob Settings.Ancient Guardian Settings.Allow Ancient Guardian Stun Ability was corrected from null to its default, true. 
[27Jul2025 02:14:27.634] [main/WARN] [net.minecraftforge.common.ForgeConfigSpec/CORE]: Incorrect key Mob Settings.Ancient Guardian Settings.Allow Ancient Guardian Projectile Immunity was corrected from null to its default, true. 
[27Jul2025 02:14:27.634] [main/WARN] [net.minecraftforge.common.ForgeConfigSpec/CORE]: Incorrect key Mob Settings.Haunted Knight Settings was corrected from null to its default, SimpleCommentedConfig:{}. 
[27Jul2025 02:14:27.634] [main/WARN] [net.minecraftforge.common.ForgeConfigSpec/CORE]: Incorrect key Mob Settings.Haunted Knight Settings.Haunted Knight Damage Multiplier was corrected from null to its default, 1.0. 
[27Jul2025 02:14:27.634] [main/WARN] [net.minecraftforge.common.ForgeConfigSpec/CORE]: Incorrect key Mob Settings.Haunted Knight Settings.Haunted Knight Health Multiplier was corrected from null to its default, 1.0. 
[27Jul2025 02:14:27.634] [main/WARN] [net.minecraftforge.common.ForgeConfigSpec/CORE]: Incorrect key Mob Settings.Haunted Knight Settings.Allow Haunted Knight Projectile Immunity was corrected from null to its default, true. 
[27Jul2025 02:14:27.635] [main/WARN] [net.minecraftforge.common.ForgeConfigSpec/CORE]: Incorrect key Mob Settings.Haunted Guard Settings was corrected from null to its default, SimpleCommentedConfig:{}. 
[27Jul2025 02:14:27.635] [main/WARN] [net.minecraftforge.common.ForgeConfigSpec/CORE]: Incorrect key Mob Settings.Haunted Guard Settings.Haunted Guard Damage Multiplier was corrected from null to its default, 1.0. 
[27Jul2025 02:14:27.635] [main/WARN] [net.minecraftforge.common.ForgeConfigSpec/CORE]: Incorrect key Mob Settings.Haunted Guard Settings.Haunted Guard Health Multiplier was corrected from null to its default, 1.0. 
[27Jul2025 02:14:27.635] [main/WARN] [net.minecraftforge.common.ForgeConfigSpec/CORE]: Incorrect key Mob Settings.Haunted Guard Settings.Allow Haunted Guard Projectile Immunity was corrected from null to its default, true. 
[27Jul2025 02:14:27.635] [main/WARN] [net.minecraftforge.common.ForgeConfigSpec/CORE]: Incorrect key Mob Settings.Posessed Paladin Settings was corrected from null to its default, SimpleCommentedConfig:{}. 
[27Jul2025 02:14:27.635] [main/WARN] [net.minecraftforge.common.ForgeConfigSpec/CORE]: Incorrect key Mob Settings.Posessed Paladin Settings.Posessed Paladin Damage Multiplier was corrected from null to its default, 1.0. 
[27Jul2025 02:14:27.635] [main/WARN] [net.minecraftforge.common.ForgeConfigSpec/CORE]: Incorrect key Mob Settings.Posessed Paladin Settings.Posessed Paladin Health Multiplier was corrected from null to its default, 1.0. 
[27Jul2025 02:14:27.635] [main/WARN] [net.minecraftforge.common.ForgeConfigSpec/CORE]: Incorrect key Mob Settings.Posessed Paladin Settings.Allow Posessed Paladin Stun Ability was corrected from null to its default, true. 
[27Jul2025 02:14:27.635] [main/WARN] [net.minecraftforge.common.ForgeConfigSpec/CORE]: Incorrect key Mob Settings.Posessed Paladin Settings.Allow Posessed Paladin Projectile Immunity was corrected from null to its default, true. 
[27Jul2025 02:14:27.635] [main/WARN] [net.minecraftforge.common.ForgeConfigSpec/CORE]: Incorrect key Mob Settings.Overgrown Colosuss Settings was corrected from null to its default, SimpleCommentedConfig:{}. 
[27Jul2025 02:14:27.636] [main/WARN] [net.minecraftforge.common.ForgeConfigSpec/CORE]: Incorrect key Mob Settings.Overgrown Colosuss Settings.Overgrown Colosuss Damage Multiplier was corrected from null to its default, 1.0. 
[27Jul2025 02:14:27.636] [main/WARN] [net.minecraftforge.common.ForgeConfigSpec/CORE]: Incorrect key Mob Settings.Overgrown Colosuss Settings.Overgrown Colosuss Health Multiplier was corrected from null to its default, 1.0. 
[27Jul2025 02:14:27.636] [main/WARN] [net.minecraftforge.common.ForgeConfigSpec/CORE]: Incorrect key Mob Settings.Overgrown Colosuss Settings.Allow Overgrown Colosuss Stun Ability was corrected from null to its default, true. 
[27Jul2025 02:14:27.636] [main/WARN] [net.minecraftforge.common.ForgeConfigSpec/CORE]: Incorrect key Mob Settings.Overgrown Colosuss Settings.Allow Overgrown Colosuss Projectile Immunity was corrected from null to its default, true. 
[27Jul2025 02:14:27.636] [main/WARN] [net.minecraftforge.common.ForgeConfigSpec/CORE]: Incorrect key Mob Settings.Mossy Golem Settings was corrected from null to its default, SimpleCommentedConfig:{}. 
[27Jul2025 02:14:27.636] [main/WARN] [net.minecraftforge.common.ForgeConfigSpec/CORE]: Incorrect key Mob Settings.Mossy Golem Settings.Mossy Golem Damage Multiplier was corrected from null to its default, 1.0. 
[27Jul2025 02:14:27.636] [main/WARN] [net.minecraftforge.common.ForgeConfigSpec/CORE]: Incorrect key Mob Settings.Mossy Golem Settings.Mossy Golem Health Multiplier was corrected from null to its default, 1.0. 
[27Jul2025 02:14:27.636] [main/WARN] [net.minecraftforge.common.ForgeConfigSpec/CORE]: Incorrect key Mob Settings.Cloud Golem Settings was corrected from null to its default, SimpleCommentedConfig:{}. 
[27Jul2025 02:14:27.636] [main/WARN] [net.minecraftforge.common.ForgeConfigSpec/CORE]: Incorrect key Mob Settings.Cloud Golem Settings.Cloud Golem Damage Multiplier was corrected from null to its default, 1.0. 
[27Jul2025 02:14:27.636] [main/WARN] [net.minecraftforge.common.ForgeConfigSpec/CORE]: Incorrect key Mob Settings.Cloud Golem Settings.Cloud Golem Health Multiplier was corrected from null to its default, 1.0. 
[27Jul2025 02:14:27.636] [main/WARN] [net.minecraftforge.common.ForgeConfigSpec/CORE]: Incorrect key Mob Settings.Cloud Golem Settings.Allow Cloud Golem Projectile Damage was corrected from null to its default, false. 
[27Jul2025 02:14:27.637] [main/WARN] [net.minecraftforge.common.ForgeConfigSpec/CORE]: Incorrect key Mob Settings.Cloud Golem Settings.Allow Cloud Golem Loses Consciousness was corrected from null to its default, true. 
[27Jul2025 02:14:27.637] [main/WARN] [net.minecraftforge.common.ForgeConfigSpec/CORE]: Incorrect key Mob Settings.Cloud Golem Settings.Allow Cloud Golem Charge once More was corrected from null to its default, true. 
[27Jul2025 02:14:27.637] [main/WARN] [net.minecraftforge.common.ForgeConfigSpec/CORE]: Incorrect key Mob Settings.Cloud Golem Settings.Allow Cloud Golem Invulnerability Time was corrected from null to its default, true. 
[27Jul2025 02:14:27.637] [main/WARN] [net.minecraftforge.common.ForgeConfigSpec/CORE]: Incorrect key Mob Settings.Cloud Golem Settings.Cloud Golem Damage Cap was corrected from null to its default, 18.0. 
[27Jul2025 02:14:27.637] [main/WARN] [net.minecraftforge.common.ForgeConfigSpec/CORE]: Incorrect key Mob Settings.Cloud Golem's Falling Cloud Settings was corrected from null to its default, SimpleCommentedConfig:{}. 
[27Jul2025 02:14:27.637] [main/WARN] [net.minecraftforge.common.ForgeConfigSpec/CORE]: Incorrect key Mob Settings.Cloud Golem's Falling Cloud Settings.Falling Cloud Damage Multiplier was corrected from null to its default, 1.0. 
[27Jul2025 02:14:27.637] [main/WARN] [net.minecraftforge.common.ForgeConfigSpec/CORE]: Incorrect key Mob Settings.Frostbitten Golem Settings was corrected from null to its default, SimpleCommentedConfig:{}. 
[27Jul2025 02:14:27.637] [main/WARN] [net.minecraftforge.common.ForgeConfigSpec/CORE]: Incorrect key Mob Settings.Frostbitten Golem Settings.Frostbitten Golem Damage Multiplier was corrected from null to its default, 1.0. 
[27Jul2025 02:14:27.637] [main/WARN] [net.minecraftforge.common.ForgeConfigSpec/CORE]: Incorrect key Mob Settings.Frostbitten Golem Settings.Frostbitten Golem Health Multiplier was corrected from null to its default, 1.0. 
[27Jul2025 02:14:27.638] [main/WARN] [net.minecraftforge.common.ForgeConfigSpec/CORE]: Incorrect key Mob Settings.Frostbitten Golem Settings.Allow Frostbitten Golem Projectile Immunity was corrected from null to its default, true. 
[27Jul2025 02:14:27.638] [main/WARN] [net.minecraftforge.common.ForgeConfigSpec/CORE]: Incorrect key Mob Settings.Dune Sentinel Settings was corrected from null to its default, SimpleCommentedConfig:{}. 
[27Jul2025 02:14:27.638] [main/WARN] [net.minecraftforge.common.ForgeConfigSpec/CORE]: Incorrect key Mob Settings.Dune Sentinel Settings.Dune Sentinel Damage Multiplier was corrected from null to its default, 1.0. 
[27Jul2025 02:14:27.638] [main/WARN] [net.minecraftforge.common.ForgeConfigSpec/CORE]: Incorrect key Mob Settings.Dune Sentinel Settings.Dune Sentinel Health Multiplier was corrected from null to its default, 1.0. 
[27Jul2025 02:14:27.638] [main/WARN] [net.minecraftforge.common.ForgeConfigSpec/CORE]: Incorrect key Mob Settings.Dune Sentinel Settings.Allow Dune Sentinel Projectile Immunity was corrected from null to its default, true. 
[27Jul2025 02:14:27.638] [main/WARN] [net.minecraftforge.common.ForgeConfigSpec/CORE]: Incorrect key Mob Settings.Dune Sentinel Settings.Bomber Damage Multiplier was corrected from null to its default, 1.0. 
[27Jul2025 02:14:27.638] [main/WARN] [net.minecraftforge.common.ForgeConfigSpec/CORE]: Incorrect key Mob Settings.Dune Sentinel Settings.Bomber Health Multiplier was corrected from null to its default, 1.0. 
[27Jul2025 02:14:27.638] [main/WARN] [net.minecraftforge.common.ForgeConfigSpec/CORE]: Incorrect key Mob Settings.Skeletosaurus Settings was corrected from null to its default, SimpleCommentedConfig:{}. 
[27Jul2025 02:14:27.639] [main/WARN] [net.minecraftforge.common.ForgeConfigSpec/CORE]: Incorrect key Mob Settings.Skeletosaurus Settings.Skeletosaurus Damage Multiplier was corrected from null to its default, 1.0. 
[27Jul2025 02:14:27.639] [main/WARN] [net.minecraftforge.common.ForgeConfigSpec/CORE]: Incorrect key Mob Settings.Skeletosaurus Settings.Skeletosaurus Health Multiplier was corrected from null to its default, 1.0. 
[27Jul2025 02:14:27.639] [main/WARN] [net.minecraftforge.common.ForgeConfigSpec/CORE]: Incorrect key Mob Settings.Lava Eater Settings was corrected from null to its default, SimpleCommentedConfig:{}. 
[27Jul2025 02:14:27.639] [main/WARN] [net.minecraftforge.common.ForgeConfigSpec/CORE]: Incorrect key Mob Settings.Lava Eater Settings.Lava Eater Damage Multiplier was corrected from null to its default, 1.0. 
[27Jul2025 02:14:27.639] [main/WARN] [net.minecraftforge.common.ForgeConfigSpec/CORE]: Incorrect key Mob Settings.Lava Eater Settings.Lava Eater Health Multiplier was corrected from null to its default, 1.0. 
[27Jul2025 02:14:27.639] [main/WARN] [net.minecraftforge.common.ForgeConfigSpec/CORE]: Incorrect key Mob Settings.Lava Eater Settings.Allow Lava Eater Projectile Immunity was corrected from null to its default, true. 
[27Jul2025 02:14:27.639] [main/WARN] [net.minecraftforge.common.ForgeConfigSpec/CORE]: Incorrect key Mob Settings.Warped Fungussus Settings was corrected from null to its default, SimpleCommentedConfig:{}. 
[27Jul2025 02:14:27.639] [main/WARN] [net.minecraftforge.common.ForgeConfigSpec/CORE]: Incorrect key Mob Settings.Warped Fungussus Settings.Warped Fungussus Damage Multiplier was corrected from null to its default, 1.0. 
[27Jul2025 02:14:27.640] [main/WARN] [net.minecraftforge.common.ForgeConfigSpec/CORE]: Incorrect key Mob Settings.Warped Fungussus Settings.Warped Fungussus Health Multiplier was corrected from null to its default, 1.0. 
[27Jul2025 02:14:27.640] [main/WARN] [net.minecraftforge.common.ForgeConfigSpec/CORE]: Incorrect key Mob Settings.Withered Abomination Settings was corrected from null to its default, SimpleCommentedConfig:{}. 
[27Jul2025 02:14:27.640] [main/WARN] [net.minecraftforge.common.ForgeConfigSpec/CORE]: Incorrect key Mob Settings.Withered Abomination Settings.Withered Abomination Damage Multiplier was corrected from null to its default, 1.0. 
[27Jul2025 02:14:27.640] [main/WARN] [net.minecraftforge.common.ForgeConfigSpec/CORE]: Incorrect key Mob Settings.Withered Abomination Settings.Withered Abomination Health Multiplier was corrected from null to its default, 1.0. 
[27Jul2025 02:14:27.640] [main/WARN] [net.minecraftforge.common.ForgeConfigSpec/CORE]: Incorrect key Mob Settings.Withered Abomination Settings.Allow Withered Abomination Stun Ability was corrected from null to its default, false. 
[27Jul2025 02:14:27.640] [main/WARN] [net.minecraftforge.common.ForgeConfigSpec/CORE]: Incorrect key Mob Settings.Shulker Mimic Settings was corrected from null to its default, SimpleCommentedConfig:{}. 
[27Jul2025 02:14:27.640] [main/WARN] [net.minecraftforge.common.ForgeConfigSpec/CORE]: Incorrect key Mob Settings.Shulker Mimic Settings.Shulker Mimic Damage Multiplier was corrected from null to its default, 1.0. 
[27Jul2025 02:14:27.640] [main/WARN] [net.minecraftforge.common.ForgeConfigSpec/CORE]: Incorrect key Mob Settings.Shulker Mimic Settings.Shulker Mimic Health Multiplier was corrected from null to its default, 1.0. 
[27Jul2025 02:14:27.641] [main/WARN] [net.minecraftforge.common.ForgeConfigSpec/CORE]: Incorrect key Mob Settings.Shulker Mimic Settings.Allow Shulker Mimic Projectile Immunity was corrected from null to its default, true. 
[27Jul2025 02:14:27.641] [main/WARN] [net.minecraftforge.common.ForgeConfigSpec/CORE]: Incorrect key Mob Settings.Tamable Knight Settings was corrected from null to its default, SimpleCommentedConfig:{}. 
[27Jul2025 02:14:27.641] [main/WARN] [net.minecraftforge.common.ForgeConfigSpec/CORE]: Incorrect key Mob Settings.Tamable Knight Settings.Knight Damage Multiplier was corrected from null to its default, 1.0. 
[27Jul2025 02:14:27.641] [main/WARN] [net.minecraftforge.common.ForgeConfigSpec/CORE]: Incorrect key Mob Settings.Tamable Knight Settings.Knight Health Multiplier was corrected from null to its default, 1.0. 
[27Jul2025 02:14:27.641] [main/WARN] [net.minecraftforge.common.ForgeConfigSpec/CORE]: Incorrect key Mob Settings.Tamable Guard Settings was corrected from null to its default, SimpleCommentedConfig:{}. 
[27Jul2025 02:14:27.641] [main/WARN] [net.minecraftforge.common.ForgeConfigSpec/CORE]: Incorrect key Mob Settings.Tamable Guard Settings.Guard Damage Multiplier was corrected from null to its default, 1.0. 
[27Jul2025 02:14:27.641] [main/WARN] [net.minecraftforge.common.ForgeConfigSpec/CORE]: Incorrect key Mob Settings.Tamable Guard Settings.Guard Health Multiplier was corrected from null to its default, 1.0. 
[27Jul2025 02:14:27.642] [main/WARN] [net.minecraftforge.common.ForgeConfigSpec/CORE]: Incorrect key Mob Settings.Skeloraptor Settings was corrected from null to its default, SimpleCommentedConfig:{}. 
[27Jul2025 02:14:27.642] [main/WARN] [net.minecraftforge.common.ForgeConfigSpec/CORE]: Incorrect key Mob Settings.Skeloraptor Settings.Skeloraptor Damage Multiplier was corrected from null to its default, 1.0. 
[27Jul2025 02:14:27.642] [main/WARN] [net.minecraftforge.common.ForgeConfigSpec/CORE]: Incorrect key Mob Settings.Skeloraptor Settings.Skeloraptor Health Multiplier was corrected from null to its default, 1.0. 
[27Jul2025 02:14:27.645] [main/WARN] [net.minecraftforge.common.ForgeConfigSpec/CORE]: Configuration file /workspaces/Minecraft/servidor_minecraft/config/lostcities/common.toml is not correct. Correcting
[27Jul2025 02:14:27.646] [main/WARN] [net.minecraftforge.common.ForgeConfigSpec/CORE]: Incorrect key profiles was corrected from null to its default, SimpleCommentedConfig:{}. 
[27Jul2025 02:14:27.646] [main/WARN] [net.minecraftforge.common.ForgeConfigSpec/CORE]: Incorrect key profiles.dimensionsWithProfiles was corrected from null to its default, [lostcities:lostcity=biosphere, lostworlds:abyss=biosphere_caves]. 
[27Jul2025 02:14:27.646] [main/WARN] [net.minecraftforge.common.ForgeConfigSpec/CORE]: Incorrect key profiles.optimizedHeightmap was corrected from null to its default, false. 
[27Jul2025 02:14:27.646] [main/WARN] [net.minecraftforge.common.ForgeConfigSpec/CORE]: Incorrect key profiles.heightSampleSize was corrected from null to its default, 3. 
[27Jul2025 02:14:27.648] [main/WARN] [net.minecraftforge.common.ForgeConfigSpec/CORE]: Configuration file /workspaces/Minecraft/servidor_minecraft/config/illageandspillage-common.toml is not correct. Correcting
[27Jul2025 02:14:27.648] [main/WARN] [net.minecraftforge.common.ForgeConfigSpec/CORE]: Incorrect key Mob Settings was corrected from null to its default, SimpleCommentedConfig:{}. 
[27Jul2025 02:14:27.648] [main/WARN] [net.minecraftforge.common.ForgeConfigSpec/CORE]: Incorrect key Mob Settings.Igniter settings was corrected from null to its default, SimpleCommentedConfig:{}. 
[27Jul2025 02:14:27.648] [main/WARN] [net.minecraftforge.common.ForgeConfigSpec/CORE]: Incorrect key Mob Settings.Igniter settings.igniter_raidcount was corrected from null to its default, [0, 0, 1, 2, 0, 2, 1, 4]. 
[27Jul2025 02:14:27.648] [main/WARN] [net.minecraftforge.common.ForgeConfigSpec/CORE]: Incorrect key Mob Settings.Igniter settings.igniter_canBurnBlocks was corrected from null to its default, false. 
[27Jul2025 02:14:27.648] [main/WARN] [net.minecraftforge.common.ForgeConfigSpec/CORE]: Incorrect key Mob Settings.Twittollager Settings was corrected from null to its default, SimpleCommentedConfig:{}. 
[27Jul2025 02:14:27.649] [main/WARN] [net.minecraftforge.common.ForgeConfigSpec/CORE]: Incorrect key Mob Settings.Twittollager Settings.twittollager_raidcount was corrected from null to its default, [0, 0, 0, 0, 1, 0, 2, 1]. 
[27Jul2025 02:14:27.649] [main/WARN] [net.minecraftforge.common.ForgeConfigSpec/CORE]: Incorrect key Mob Settings.Preserver Settings was corrected from null to its default, SimpleCommentedConfig:{}. 
[27Jul2025 02:14:27.649] [main/WARN] [net.minecraftforge.common.ForgeConfigSpec/CORE]: Incorrect key Mob Settings.Preserver Settings.preserver_raidcount was corrected from null to its default, [0, 0, 0, 1, 2, 0, 3, 4]. 
[27Jul2025 02:14:27.649] [main/WARN] [net.minecraftforge.common.ForgeConfigSpec/CORE]: Incorrect key Mob Settings.Preserver Settings.preserver_cannotProtect was corrected from null to its default, [illageandspillage:magispeller, illageandspillage:spiritcaller, illageandspillage:freakager]. 
[27Jul2025 02:14:27.649] [main/WARN] [net.minecraftforge.common.ForgeConfigSpec/CORE]: Incorrect key Mob Settings.Engineer Settings was corrected from null to its default, SimpleCommentedConfig:{}. 
[27Jul2025 02:14:27.649] [main/WARN] [net.minecraftforge.common.ForgeConfigSpec/CORE]: Incorrect key Mob Settings.Engineer Settings.engineer_raidcount was corrected from null to its default, [0, 0, 0, 1, 0, 2, 1, 2]. 
[27Jul2025 02:14:27.649] [main/WARN] [net.minecraftforge.common.ForgeConfigSpec/CORE]: Incorrect key Mob Settings.Engineer Settings.engineer_machine_limit was corrected from null to its default, 3. 
[27Jul2025 02:14:27.649] [main/WARN] [net.minecraftforge.common.ForgeConfigSpec/CORE]: Incorrect key Mob Settings.Engineer Settings.hinder_excluded was corrected from null to its default, [minecraft:ravager, illageandspillage:twittollager, illageandspillage:absorber, illageandspillage:crocofang, illageandspillage:magispeller, illageandspillage:spiritcaller, illageandspillage:freakager, illageandspillage:ragno]. 
[27Jul2025 02:14:27.649] [main/WARN] [net.minecraftforge.common.ForgeConfigSpec/CORE]: Incorrect key Mob Settings.Absorber Settings was corrected from null to its default, SimpleCommentedConfig:{}. 
[27Jul2025 02:14:27.649] [main/WARN] [net.minecraftforge.common.ForgeConfigSpec/CORE]: Incorrect key Mob Settings.Absorber Settings.absorber_raidcount was corrected from null to its default, [0, 0, 0, 0, 1, 0, 0, 2]. 
[27Jul2025 02:14:27.649] [main/WARN] [net.minecraftforge.common.ForgeConfigSpec/CORE]: Incorrect key Mob Settings.Absorber Settings.absorber_damageMode was corrected from null to its default, false. 
[27Jul2025 02:14:27.650] [main/WARN] [net.minecraftforge.common.ForgeConfigSpec/CORE]: Incorrect key Mob Settings.Crocofang Settings was corrected from null to its default, SimpleCommentedConfig:{}. 
[27Jul2025 02:14:27.650] [main/WARN] [net.minecraftforge.common.ForgeConfigSpec/CORE]: Incorrect key Mob Settings.Crocofang Settings.crocofang_raidcount was corrected from null to its default, [0, 0, 1, 0, 1, 2, 1, 3]. 
[27Jul2025 02:14:27.650] [main/WARN] [net.minecraftforge.common.ForgeConfigSpec/CORE]: Incorrect key Mob Settings.Crocofang Settings.crocofang_rideableMobs was corrected from null to its default, [minecraft:pillager, illageandspillage:igniter, minecraft:vindicator]. 
[27Jul2025 02:14:27.650] [main/WARN] [net.minecraftforge.common.ForgeConfigSpec/CORE]: Incorrect key Mob Settings.Spiritcaller settings was corrected from null to its default, SimpleCommentedConfig:{}. 
[27Jul2025 02:14:27.650] [main/WARN] [net.minecraftforge.common.ForgeConfigSpec/CORE]: Incorrect key Mob Settings.Spiritcaller settings.spiritcaller_health was corrected from null to its default, 160.0. 
[27Jul2025 02:14:27.650] [main/WARN] [net.minecraftforge.common.ForgeConfigSpec/CORE]: Incorrect key Mob Settings.Spiritcaller settings.spiritcaller_raidcount was corrected from null to its default, [0, 0, 0, 0, 0, 0, 0, 0]. 
[27Jul2025 02:14:27.650] [main/WARN] [net.minecraftforge.common.ForgeConfigSpec/CORE]: Incorrect key Mob Settings.Spiritcaller settings.spiritcaller_onlyOneAllowed was corrected from null to its default, true. 
[27Jul2025 02:14:27.650] [main/WARN] [net.minecraftforge.common.ForgeConfigSpec/CORE]: Incorrect key Mob Settings.Spiritcaller settings.spiritcaller_forcefield was corrected from null to its default, true. 
[27Jul2025 02:14:27.650] [main/WARN] [net.minecraftforge.common.ForgeConfigSpec/CORE]: Incorrect key Mob Settings.Spiritcaller settings.spiritcaller_stealableMobs was corrected from null to its default, [minecraft:villager, minecraft:wandering_trader, minecraft:pig, minecraft:cow, minecraft:sheep, minecraft:chicken, minecraft:cat, minecraft:zombie, minecraft:husk, minecraft:skeleton, minecraft:stray, minecraft:creeper, minecraft:spider, minecraft:enderman]. 
[27Jul2025 02:14:27.650] [main/WARN] [net.minecraftforge.common.ForgeConfigSpec/CORE]: Incorrect key Mob Settings.Spiritcaller settings.spiritcaller_wontAttack was corrected from null to its default, [minecraft:villager, minecraft:wandering_trader]. 
[27Jul2025 02:14:27.650] [main/WARN] [net.minecraftforge.common.ForgeConfigSpec/CORE]: Incorrect key Mob Settings.Freakager & Ragno Settings was corrected from null to its default, SimpleCommentedConfig:{}. 
[27Jul2025 02:14:27.650] [main/WARN] [net.minecraftforge.common.ForgeConfigSpec/CORE]: Incorrect key Mob Settings.Freakager & Ragno Settings.freakager_health was corrected from null to its default, 160.0. 
[27Jul2025 02:14:27.651] [main/WARN] [net.minecraftforge.common.ForgeConfigSpec/CORE]: Incorrect key Mob Settings.Freakager & Ragno Settings.ragno_health was corrected from null to its default, 180.0. 
[27Jul2025 02:14:27.651] [main/WARN] [net.minecraftforge.common.ForgeConfigSpec/CORE]: Incorrect key Mob Settings.Freakager & Ragno Settings.freakager_raidcount was corrected from null to its default, [0, 0, 0, 0, 0, 0, 0, 0]. 
[27Jul2025 02:14:27.651] [main/WARN] [net.minecraftforge.common.ForgeConfigSpec/CORE]: Incorrect key Mob Settings.Freakager & Ragno Settings.freakager_onlyOneAllowed was corrected from null to its default, true. 
[27Jul2025 02:14:27.651] [main/WARN] [net.minecraftforge.common.ForgeConfigSpec/CORE]: Incorrect key Mob Settings.Freakager & Ragno Settings.freakager_forcefield was corrected from null to its default, true. 
[27Jul2025 02:14:27.651] [main/WARN] [net.minecraftforge.common.ForgeConfigSpec/CORE]: Incorrect key Mob Settings.Freakager & Ragno Settings.oldfreakager_raidcount was corrected from null to its default, [0, 0, 0, 0, 0, 0, 0, 0]. 
[27Jul2025 02:14:27.651] [main/WARN] [net.minecraftforge.common.ForgeConfigSpec/CORE]: Incorrect key Mob Settings.Magispeller Settings was corrected from null to its default, SimpleCommentedConfig:{}. 
[27Jul2025 02:14:27.651] [main/WARN] [net.minecraftforge.common.ForgeConfigSpec/CORE]: Incorrect key Mob Settings.Magispeller Settings.magispeller_health was corrected from null to its default, 250.0. 
[27Jul2025 02:14:27.652] [main/WARN] [net.minecraftforge.common.ForgeConfigSpec/CORE]: Incorrect key Mob Settings.Magispeller Settings.magispeller_raidcount was corrected from null to its default, [0, 0, 0, 0, 0, 0, 0, 0]. 
[27Jul2025 02:14:27.652] [main/WARN] [net.minecraftforge.common.ForgeConfigSpec/CORE]: Incorrect key Mob Settings.Magispeller Settings.magispeller_onlyOneAllowed was corrected from null to its default, true. 
[27Jul2025 02:14:27.652] [main/WARN] [net.minecraftforge.common.ForgeConfigSpec/CORE]: Incorrect key Mob Settings.Magispeller Settings.magispeller_forcefield was corrected from null to its default, true. 
[27Jul2025 02:14:27.652] [main/WARN] [net.minecraftforge.common.ForgeConfigSpec/CORE]: Incorrect key Mob Settings.Magispeller Settings.magispeller_balloonAllowed was corrected from null to its default, true. 
[27Jul2025 02:14:27.652] [main/WARN] [net.minecraftforge.common.ForgeConfigSpec/CORE]: Incorrect key Mob Settings.Magispeller Settings.magispeller_distractEnemies was corrected from null to its default, true. 
[27Jul2025 02:14:27.653] [main/WARN] [net.minecraftforge.common.ForgeConfigSpec/CORE]: Incorrect key Mob Settings.Magispeller Settings.oldmagispeller_raidcount was corrected from null to its default, [0, 0, 0, 0, 0, 0, 0, 0]. 
[27Jul2025 02:14:27.653] [main/WARN] [net.minecraftforge.common.ForgeConfigSpec/CORE]: Incorrect key Mob Settings.Devastator Settings was corrected from null to its default, SimpleCommentedConfig:{}. 
[27Jul2025 02:14:27.653] [main/WARN] [net.minecraftforge.common.ForgeConfigSpec/CORE]: Incorrect key Mob Settings.Devastator Settings.devastator_cantBreak was corrected from null to its default, [minecraft:obsidian, minecraft:bedrock, minecraft:command_block, minecraft:chain_command_block, minecraft:repeating_command_block, minecraft:barrier]. 
[27Jul2025 02:14:27.653] [main/WARN] [net.minecraftforge.common.ForgeConfigSpec/CORE]: Incorrect key Mob Settings.Devastator Settings.devastator_ghostBlocks was corrected from null to its default, false. 
[27Jul2025 02:14:27.654] [main/WARN] [net.minecraftforge.common.ForgeConfigSpec/CORE]: Incorrect key Mob Settings.Devastator Settings.ghostblock_repairTime was corrected from null to its default, 6000. 
[27Jul2025 02:14:27.654] [main/WARN] [net.minecraftforge.common.ForgeConfigSpec/CORE]: Incorrect key Mob Settings.Boss Randomizer Settings was corrected from null to its default, SimpleCommentedConfig:{}. 
[27Jul2025 02:14:27.654] [main/WARN] [net.minecraftforge.common.ForgeConfigSpec/CORE]: Incorrect key Mob Settings.Boss Randomizer Settings.bossrandomizer_raidcount was corrected from null to its default, [0, 0, 0, 0, 1, 0, 0, 1]. 
[27Jul2025 02:14:27.654] [main/WARN] [net.minecraftforge.common.ForgeConfigSpec/CORE]: Incorrect key Mob Settings.Boss Randomizer Settings.bossrandomizer_bosstypes was corrected from null to its default, [illageandspillage:spiritcaller, illageandspillage:freakager]. 
[27Jul2025 02:14:27.655] [main/WARN] [net.minecraftforge.common.ForgeConfigSpec/CORE]: Incorrect key Mob Settings.Boss Randomizer Settings.bossrandomizer_finalbosstypes was corrected from null to its default, [illageandspillage:magispeller]. 
[27Jul2025 02:14:27.655] [main/WARN] [net.minecraftforge.common.ForgeConfigSpec/CORE]: Incorrect key Mob Settings.Boss Randomizer Settings.bossrandomizer_onlyOneAllowed was corrected from null to its default, true. 
[27Jul2025 02:14:27.655] [main/WARN] [net.minecraftforge.common.ForgeConfigSpec/CORE]: Incorrect key Mob Settings.Boss Randomizer Settings.bossrandomizer_seasonalBosses was corrected from null to its default, true. 
[27Jul2025 02:14:27.655] [main/WARN] [net.minecraftforge.common.ForgeConfigSpec/CORE]: Incorrect key Mob Settings.Boss Randomizer Settings.bossrandomizer_broadcastBossSpawn was corrected from null to its default, true. 
[27Jul2025 02:14:27.656] [main/WARN] [net.minecraftforge.common.ForgeConfigSpec/CORE]: Incorrect key Item Settings was corrected from null to its default, SimpleCommentedConfig:{}. 
[27Jul2025 02:14:27.656] [main/WARN] [net.minecraftforge.common.ForgeConfigSpec/CORE]: Incorrect key Item Settings.spellboundbook_rechargeTime was corrected from null to its default, 60. 
[27Jul2025 02:14:27.657] [main/WARN] [net.minecraftforge.common.ForgeConfigSpec/CORE]: Incorrect key Item Settings.spellboundbook_effectTime was corrected from null to its default, 40. 
[27Jul2025 02:14:27.657] [main/WARN] [net.minecraftforge.common.ForgeConfigSpec/CORE]: Incorrect key Item Settings.banishable_mobs was corrected from null to its default, [minecraft:vex]. 
[27Jul2025 02:14:27.658] [main/WARN] [net.minecraftforge.common.ForgeConfigSpec/CORE]: Incorrect key Misc settings was corrected from null to its default, SimpleCommentedConfig:{}. 
[27Jul2025 02:14:27.658] [main/WARN] [net.minecraftforge.common.ForgeConfigSpec/CORE]: Incorrect key Misc settings.boss_music was corrected from null to its default, true. 
[27Jul2025 02:14:27.658] [main/WARN] [net.minecraftforge.common.ForgeConfigSpec/CORE]: Incorrect key Misc settings.bossbar_type was corrected from null to its default, 3. 
[27Jul2025 02:14:27.659] [main/WARN] [net.minecraftforge.common.ForgeConfigSpec/CORE]: Incorrect key Misc settings.bosses_darken_sky was corrected from null to its default, true. 
[27Jul2025 02:14:27.659] [main/WARN] [net.minecraftforge.common.ForgeConfigSpec/CORE]: Incorrect key Misc settings.mobs_watchIntros was corrected from null to its default, true. 
[27Jul2025 02:14:27.660] [main/WARN] [net.minecraftforge.common.ForgeConfigSpec/CORE]: Incorrect key Nightmare Mode was corrected from null to its default, SimpleCommentedConfig:{}. 
[27Jul2025 02:14:27.660] [main/WARN] [net.minecraftforge.common.ForgeConfigSpec/CORE]: Incorrect key Nightmare Mode.nightmare_mode was corrected from null to its default, false. 
[27Jul2025 02:14:27.660] [main/WARN] [net.minecraftforge.common.ForgeConfigSpec/CORE]: Incorrect key Nightmare Mode.Spiritcaller settings was corrected from null to its default, SimpleCommentedConfig:{}. 
[27Jul2025 02:14:27.661] [main/WARN] [net.minecraftforge.common.ForgeConfigSpec/CORE]: Incorrect key Nightmare Mode.Spiritcaller settings.spiritcaller_damage_multiplier was corrected from null to its default, 2.5. 
[27Jul2025 02:14:27.661] [main/WARN] [net.minecraftforge.common.ForgeConfigSpec/CORE]: Incorrect key Nightmare Mode.Freakager & Ragno settings was corrected from null to its default, SimpleCommentedConfig:{}. 
[27Jul2025 02:14:27.661] [main/WARN] [net.minecraftforge.common.ForgeConfigSpec/CORE]: Incorrect key Nightmare Mode.Freakager & Ragno settings.freakager_damage_multiplier was corrected from null to its default, 2.5. 
[27Jul2025 02:14:27.661] [main/WARN] [net.minecraftforge.common.ForgeConfigSpec/CORE]: Incorrect key Nightmare Mode.Freakager & Ragno settings.ragno_damage_multiplier was corrected from null to its default, 5.0. 
[27Jul2025 02:14:27.661] [main/WARN] [net.minecraftforge.common.ForgeConfigSpec/CORE]: Incorrect key Nightmare Mode.Magispeller settings was corrected from null to its default, SimpleCommentedConfig:{}. 
[27Jul2025 02:14:27.661] [main/WARN] [net.minecraftforge.common.ForgeConfigSpec/CORE]: Incorrect key Nightmare Mode.Magispeller settings.magispeller_damage_multiplier was corrected from null to its default, 2.5. 
[27Jul2025 02:14:27.662] [main/WARN] [net.minecraftforge.common.ForgeConfigSpec/CORE]: Incorrect key Nightmare Mode.ULTIMATE NIGHTMARE was corrected from null to its default, false. 
[27Jul2025 02:14:27.666] [main/WARN] [net.minecraftforge.common.ForgeConfigSpec/CORE]: Configuration file /workspaces/Minecraft/servidor_minecraft/config/dreadsteel-common.toml is not correct. Correcting
[27Jul2025 02:14:27.667] [main/WARN] [net.minecraftforge.common.ForgeConfigSpec/CORE]: Incorrect key Configs for Dreadsteel was corrected from null to its default, SimpleCommentedConfig:{}. 
[27Jul2025 02:14:27.667] [main/WARN] [net.minecraftforge.common.ForgeConfigSpec/CORE]: Incorrect key Configs for Dreadsteel.Helmet armor was corrected from null to its default, 10. 
[27Jul2025 02:14:27.667] [main/WARN] [net.minecraftforge.common.ForgeConfigSpec/CORE]: Incorrect key Configs for Dreadsteel.Chestplate armor was corrected from null to its default, 15. 
[27Jul2025 02:14:27.667] [main/WARN] [net.minecraftforge.common.ForgeConfigSpec/CORE]: Incorrect key Configs for Dreadsteel.Leggings armor was corrected from null to its default, 12. 
[27Jul2025 02:14:27.667] [main/WARN] [net.minecraftforge.common.ForgeConfigSpec/CORE]: Incorrect key Configs for Dreadsteel.Boots armor was corrected from null to its default, 9. 
[27Jul2025 02:14:27.668] [main/WARN] [net.minecraftforge.common.ForgeConfigSpec/CORE]: Incorrect key Configs for Dreadsteel.Armor toughness was corrected from null to its default, 8. 
[27Jul2025 02:14:27.668] [main/WARN] [net.minecraftforge.common.ForgeConfigSpec/CORE]: Incorrect key Configs for Dreadsteel.Armor knockback resistance was corrected from null to its default, 0.25. 
[27Jul2025 02:14:27.668] [main/WARN] [net.minecraftforge.common.ForgeConfigSpec/CORE]: Incorrect key Configs for Dreadsteel.Scythe attack damage was corrected from null to its default, 49. 
[27Jul2025 02:14:27.668] [main/WARN] [net.minecraftforge.common.ForgeConfigSpec/CORE]: Incorrect key Configs for Dreadsteel.Scythe attack speed was corrected from null to its default, 1.6. 
[27Jul2025 02:14:27.669] [main/WARN] [net.minecraftforge.common.ForgeConfigSpec/CORE]: Configuration file /workspaces/Minecraft/servidor_minecraft/config/create-common.toml is not correct. Correcting
[27Jul2025 02:14:27.670] [main/WARN] [net.minecraftforge.common.ForgeConfigSpec/CORE]: Incorrect key worldgen was corrected from null to its default, SimpleCommentedConfig:{}. 
[27Jul2025 02:14:27.670] [main/WARN] [net.minecraftforge.common.ForgeConfigSpec/CORE]: Incorrect key worldgen.disableWorldGen was corrected from null to its default, false. 
[27Jul2025 02:14:27.821] [Forge Version Check/INFO] [net.minecraftforge.fml.VersionChecker/]: [mutantmonsters] Starting version check at https://raw.githubusercontent.com/Fuzss/modresources/main/update/mutantmonsters.json
[27Jul2025 02:14:27.858] [modloading-worker-0/INFO] [Spartan Shields/]: Setting up Spartan Shields!
[27Jul2025 02:14:27.901] [modloading-worker-0/INFO] [lostcities/]: Creating standard profiles into 'config/lostcities/profiles'
[27Jul2025 02:14:27.948] [modloading-worker-0/INFO] [lostcities/]: Reading existing profiles from 'config/lostcities/profiles'
[27Jul2025 02:14:28.047] [Forge Version Check/INFO] [net.minecraftforge.fml.VersionChecker/]: [mutantmonsters] Found status: UP_TO_DATE Current: 8.0.7 Target: null
[27Jul2025 02:14:28.047] [Forge Version Check/INFO] [net.minecraftforge.fml.VersionChecker/]: [attributefix] Starting version check at https://updates.blamejared.com/get?n=attributefix&gv=1.20.1
[27Jul2025 02:14:28.081] [main/INFO] [terrablender/]: Registered region minecraft:overworld to index 0 for type OVERWORLD
[27Jul2025 02:14:28.082] [main/INFO] [terrablender/]: Registered region minecraft:nether to index 0 for type NETHER
[27Jul2025 02:14:28.082] [main/INFO] [terrablender/]: Registered region hexerei:overworld to index 1 for type OVERWORLD
[27Jul2025 02:14:28.117] [main/INFO] [journeymap/]: Initializing Packet Registries
[27Jul2025 02:14:28.234] [main/INFO] [terrablender/]: Registered region regions_unexplored:primary to index 2 for type OVERWORLD
[27Jul2025 02:14:28.234] [main/INFO] [terrablender/]: Registered region regions_unexplored:secondary to index 3 for type OVERWORLD
[27Jul2025 02:14:28.235] [main/INFO] [terrablender/]: Registered region regions_unexplored:nether to index 1 for type NETHER
[27Jul2025 02:14:28.345] [modloading-worker-0/INFO] [io.redspace.ironsspellbooks.IronsSpellbooks/]: Got IMC []
[27Jul2025 02:14:28.369] [modloading-worker-0/INFO] [AttributeFix/]: Loaded values for 64 compatible attributes.
[27Jul2025 02:14:28.371] [modloading-worker-0/INFO] [AttributeFix/]: Creating a new config file at /workspaces/Minecraft/servidor_minecraft/config/attributefix.json.
[27Jul2025 02:14:28.388] [modloading-worker-0/INFO] [AttributeFix/]: Saving config file. 64 entries.
[27Jul2025 02:14:28.389] [modloading-worker-0/INFO] [AttributeFix/]: Applying changes for 64 attributes.
[27Jul2025 02:14:28.430] [main/INFO] [citadel/]: adding citadel surface rules via terrablender...
[27Jul2025 02:14:28.431] [main/INFO] [citadel/]: Added 0 vanilla biome surface rule types via terrablender
[27Jul2025 02:14:28.431] [main/INFO] [citadel/]: Added 1 modded biome surface rule types via terrablender
[27Jul2025 02:14:28.565] [main/ERROR] [net.minecraft.Util/]: Entity illageandspillage:bone has no attributes
[27Jul2025 02:14:28.565] [main/ERROR] [net.minecraft.Util/]: Entity illageandspillage:axe has no attributes
[27Jul2025 02:14:28.565] [main/ERROR] [net.minecraft.Util/]: Entity illageandspillage:bone has no attributes
[27Jul2025 02:14:28.566] [main/ERROR] [net.minecraft.Util/]: Entity illageandspillage:axe has no attributes
[27Jul2025 02:14:28.566] [main/ERROR] [net.minecraft.Util/]: Entity illageandspillage:bone has no attributes
[27Jul2025 02:14:28.566] [main/ERROR] [net.minecraft.Util/]: Entity illageandspillage:axe has no attributes
[27Jul2025 02:14:28.566] [main/ERROR] [net.minecraft.Util/]: Entity illageandspillage:bone has no attributes
[27Jul2025 02:14:28.567] [main/ERROR] [net.minecraft.Util/]: Entity illageandspillage:axe has no attributes
[27Jul2025 02:14:28.567] [main/ERROR] [net.minecraft.Util/]: Entity illageandspillage:bone has no attributes
[27Jul2025 02:14:28.567] [main/ERROR] [net.minecraft.Util/]: Entity illageandspillage:axe has no attributes
[27Jul2025 02:14:28.567] [main/ERROR] [net.minecraft.Util/]: Entity illageandspillage:bone has no attributes
[27Jul2025 02:14:28.567] [main/ERROR] [net.minecraft.Util/]: Entity illageandspillage:axe has no attributes
[27Jul2025 02:14:28.568] [main/ERROR] [net.minecraft.Util/]: Entity illageandspillage:bone has no attributes
[27Jul2025 02:14:28.568] [main/ERROR] [net.minecraft.Util/]: Entity illageandspillage:axe has no attributes
[27Jul2025 02:14:28.568] [main/ERROR] [net.minecraft.Util/]: Entity illageandspillage:bone has no attributes
[27Jul2025 02:14:28.568] [main/ERROR] [net.minecraft.Util/]: Entity illageandspillage:axe has no attributes
[27Jul2025 02:14:28.568] [main/ERROR] [net.minecraft.Util/]: Entity illageandspillage:bone has no attributes
[27Jul2025 02:14:28.568] [main/ERROR] [net.minecraft.Util/]: Entity illageandspillage:axe has no attributes
[27Jul2025 02:14:28.569] [main/ERROR] [net.minecraft.Util/]: Entity illageandspillage:bone has no attributes
[27Jul2025 02:14:28.569] [main/ERROR] [net.minecraft.Util/]: Entity illageandspillage:axe has no attributes
[27Jul2025 02:14:28.569] [main/ERROR] [net.minecraft.Util/]: Entity illageandspillage:bone has no attributes
[27Jul2025 02:14:28.569] [main/ERROR] [net.minecraft.Util/]: Entity illageandspillage:axe has no attributes
[27Jul2025 02:14:28.569] [main/ERROR] [net.minecraft.Util/]: Entity illageandspillage:bone has no attributes
[27Jul2025 02:14:28.570] [main/ERROR] [net.minecraft.Util/]: Entity illageandspillage:axe has no attributes
[27Jul2025 02:14:28.570] [main/ERROR] [net.minecraft.Util/]: Entity illageandspillage:bone has no attributes
[27Jul2025 02:14:28.570] [main/ERROR] [net.minecraft.Util/]: Entity illageandspillage:axe has no attributes
[27Jul2025 02:14:28.570] [main/ERROR] [net.minecraft.Util/]: Entity illageandspillage:bone has no attributes
[27Jul2025 02:14:28.571] [main/ERROR] [net.minecraft.Util/]: Entity illageandspillage:axe has no attributes
[27Jul2025 02:14:28.571] [main/ERROR] [net.minecraft.Util/]: Entity illageandspillage:bone has no attributes
[27Jul2025 02:14:28.571] [main/ERROR] [net.minecraft.Util/]: Entity illageandspillage:axe has no attributes
[27Jul2025 02:14:28.571] [main/ERROR] [net.minecraft.Util/]: Entity illageandspillage:bone has no attributes
[27Jul2025 02:14:28.571] [main/ERROR] [net.minecraft.Util/]: Entity illageandspillage:axe has no attributes
[27Jul2025 02:14:28.572] [main/ERROR] [net.minecraft.Util/]: Entity illageandspillage:bone has no attributes
[27Jul2025 02:14:28.572] [main/ERROR] [net.minecraft.Util/]: Entity illageandspillage:axe has no attributes
[27Jul2025 02:14:28.572] [main/ERROR] [net.minecraft.Util/]: Entity illageandspillage:bone has no attributes
[27Jul2025 02:14:28.572] [main/ERROR] [net.minecraft.Util/]: Entity illageandspillage:axe has no attributes
[27Jul2025 02:14:28.573] [main/ERROR] [net.minecraft.Util/]: Entity illageandspillage:bone has no attributes
[27Jul2025 02:14:28.573] [main/ERROR] [net.minecraft.Util/]: Entity illageandspillage:axe has no attributes
[27Jul2025 02:14:28.573] [main/ERROR] [net.minecraft.Util/]: Entity illageandspillage:bone has no attributes
[27Jul2025 02:14:28.573] [main/ERROR] [net.minecraft.Util/]: Entity illageandspillage:axe has no attributes
[27Jul2025 02:14:28.574] [main/ERROR] [net.minecraft.Util/]: Entity illageandspillage:bone has no attributes
[27Jul2025 02:14:28.574] [main/ERROR] [net.minecraft.Util/]: Entity illageandspillage:axe has no attributes
[27Jul2025 02:14:28.574] [main/ERROR] [net.minecraft.Util/]: Entity illageandspillage:bone has no attributes
[27Jul2025 02:14:28.574] [main/ERROR] [net.minecraft.Util/]: Entity illageandspillage:axe has no attributes
[27Jul2025 02:14:28.575] [main/ERROR] [net.minecraft.Util/]: Entity illageandspillage:bone has no attributes
[27Jul2025 02:14:28.575] [main/ERROR] [net.minecraft.Util/]: Entity illageandspillage:axe has no attributes
[27Jul2025 02:14:28.575] [main/ERROR] [net.minecraft.Util/]: Entity illageandspillage:bone has no attributes
[27Jul2025 02:14:28.575] [main/ERROR] [net.minecraft.Util/]: Entity illageandspillage:axe has no attributes
[27Jul2025 02:14:28.575] [main/ERROR] [net.minecraft.Util/]: Entity illageandspillage:bone has no attributes
[27Jul2025 02:14:28.576] [main/ERROR] [net.minecraft.Util/]: Entity illageandspillage:axe has no attributes
[27Jul2025 02:14:28.576] [main/ERROR] [net.minecraft.Util/]: Entity illageandspillage:bone has no attributes
[27Jul2025 02:14:28.576] [main/ERROR] [net.minecraft.Util/]: Entity illageandspillage:axe has no attributes
[27Jul2025 02:14:28.576] [main/ERROR] [net.minecraft.Util/]: Entity illageandspillage:bone has no attributes
[27Jul2025 02:14:28.577] [main/ERROR] [net.minecraft.Util/]: Entity illageandspillage:axe has no attributes
[27Jul2025 02:14:28.577] [main/ERROR] [net.minecraft.Util/]: Entity illageandspillage:bone has no attributes
[27Jul2025 02:14:28.577] [main/ERROR] [net.minecraft.Util/]: Entity illageandspillage:axe has no attributes
[27Jul2025 02:14:28.577] [main/ERROR] [net.minecraft.Util/]: Entity illageandspillage:bone has no attributes
[27Jul2025 02:14:28.577] [main/ERROR] [net.minecraft.Util/]: Entity illageandspillage:axe has no attributes
[27Jul2025 02:14:28.578] [main/ERROR] [net.minecraft.Util/]: Entity illageandspillage:bone has no attributes
[27Jul2025 02:14:28.578] [main/ERROR] [net.minecraft.Util/]: Entity illageandspillage:axe has no attributes
[27Jul2025 02:14:28.578] [main/ERROR] [net.minecraft.Util/]: Entity illageandspillage:bone has no attributes
[27Jul2025 02:14:28.578] [main/ERROR] [net.minecraft.Util/]: Entity illageandspillage:axe has no attributes
[27Jul2025 02:14:28.579] [main/ERROR] [net.minecraft.Util/]: Entity illageandspillage:bone has no attributes
[27Jul2025 02:14:28.579] [main/ERROR] [net.minecraft.Util/]: Entity illageandspillage:axe has no attributes
[27Jul2025 02:14:28.579] [main/ERROR] [net.minecraft.Util/]: Entity illageandspillage:bone has no attributes
[27Jul2025 02:14:28.579] [main/ERROR] [net.minecraft.Util/]: Entity illageandspillage:axe has no attributes
[27Jul2025 02:14:28.579] [main/ERROR] [net.minecraft.Util/]: Entity illageandspillage:bone has no attributes
[27Jul2025 02:14:28.580] [main/ERROR] [net.minecraft.Util/]: Entity illageandspillage:axe has no attributes
[27Jul2025 02:14:28.580] [main/ERROR] [net.minecraft.Util/]: Entity illageandspillage:bone has no attributes
[27Jul2025 02:14:28.580] [main/ERROR] [net.minecraft.Util/]: Entity illageandspillage:axe has no attributes
[27Jul2025 02:14:28.580] [main/ERROR] [net.minecraft.Util/]: Entity illageandspillage:bone has no attributes
[27Jul2025 02:14:28.581] [main/ERROR] [net.minecraft.Util/]: Entity illageandspillage:axe has no attributes
[27Jul2025 02:14:28.581] [main/ERROR] [net.minecraft.Util/]: Entity illageandspillage:bone has no attributes
[27Jul2025 02:14:28.581] [main/ERROR] [net.minecraft.Util/]: Entity illageandspillage:axe has no attributes
[27Jul2025 02:14:28.582] [main/ERROR] [net.minecraft.Util/]: Entity illageandspillage:bone has no attributes
[27Jul2025 02:14:28.582] [main/ERROR] [net.minecraft.Util/]: Entity illageandspillage:axe has no attributes
[27Jul2025 02:14:28.582] [Forge Version Check/INFO] [net.minecraftforge.fml.VersionChecker/]: [attributefix] Found status: BETA Current: 21.0.4 Target: 21.0.4
[27Jul2025 02:14:28.582] [Forge Version Check/INFO] [net.minecraftforge.fml.VersionChecker/]: [journeymap] Starting version check at https://forge.curseupdate.com/32274/journeymap
[27Jul2025 02:14:28.582] [main/ERROR] [net.minecraft.Util/]: Entity illageandspillage:bone has no attributes
[27Jul2025 02:14:28.582] [main/ERROR] [net.minecraft.Util/]: Entity illageandspillage:axe has no attributes
[27Jul2025 02:14:28.583] [main/ERROR] [net.minecraft.Util/]: Entity illageandspillage:bone has no attributes
[27Jul2025 02:14:28.583] [main/ERROR] [net.minecraft.Util/]: Entity illageandspillage:axe has no attributes
[27Jul2025 02:14:28.583] [main/ERROR] [net.minecraft.Util/]: Entity illageandspillage:bone has no attributes
[27Jul2025 02:14:28.583] [main/ERROR] [net.minecraft.Util/]: Entity illageandspillage:axe has no attributes
[27Jul2025 02:14:28.584] [main/ERROR] [net.minecraft.Util/]: Entity illageandspillage:bone has no attributes
[27Jul2025 02:14:28.584] [main/ERROR] [net.minecraft.Util/]: Entity illageandspillage:axe has no attributes
[27Jul2025 02:14:28.584] [main/ERROR] [net.minecraft.Util/]: Entity illageandspillage:bone has no attributes
[27Jul2025 02:14:28.584] [main/ERROR] [net.minecraft.Util/]: Entity illageandspillage:axe has no attributes
[27Jul2025 02:14:28.585] [main/ERROR] [net.minecraft.Util/]: Entity illageandspillage:bone has no attributes
[27Jul2025 02:14:28.585] [main/ERROR] [net.minecraft.Util/]: Entity illageandspillage:axe has no attributes
[27Jul2025 02:14:28.585] [main/ERROR] [net.minecraft.Util/]: Entity illageandspillage:bone has no attributes
[27Jul2025 02:14:28.585] [main/ERROR] [net.minecraft.Util/]: Entity illageandspillage:axe has no attributes
[27Jul2025 02:14:28.585] [main/ERROR] [net.minecraft.Util/]: Entity illageandspillage:bone has no attributes
[27Jul2025 02:14:28.586] [main/ERROR] [net.minecraft.Util/]: Entity illageandspillage:axe has no attributes
[27Jul2025 02:14:28.586] [main/ERROR] [net.minecraft.Util/]: Entity illageandspillage:bone has no attributes
[27Jul2025 02:14:28.586] [main/ERROR] [net.minecraft.Util/]: Entity illageandspillage:axe has no attributes
[27Jul2025 02:14:28.586] [main/ERROR] [net.minecraft.Util/]: Entity illageandspillage:bone has no attributes
[27Jul2025 02:14:28.586] [main/ERROR] [net.minecraft.Util/]: Entity illageandspillage:axe has no attributes
[27Jul2025 02:14:28.587] [main/ERROR] [net.minecraft.Util/]: Entity illageandspillage:bone has no attributes
[27Jul2025 02:14:28.587] [main/ERROR] [net.minecraft.Util/]: Entity illageandspillage:axe has no attributes
[27Jul2025 02:14:28.587] [main/ERROR] [net.minecraft.Util/]: Entity illageandspillage:bone has no attributes
[27Jul2025 02:14:28.587] [main/ERROR] [net.minecraft.Util/]: Entity illageandspillage:axe has no attributes
[27Jul2025 02:14:28.588] [main/ERROR] [net.minecraft.Util/]: Entity illageandspillage:bone has no attributes
[27Jul2025 02:14:28.588] [main/ERROR] [net.minecraft.Util/]: Entity illageandspillage:axe has no attributes
[27Jul2025 02:14:28.588] [main/ERROR] [net.minecraft.Util/]: Entity illageandspillage:bone has no attributes
[27Jul2025 02:14:28.588] [main/ERROR] [net.minecraft.Util/]: Entity illageandspillage:axe has no attributes
[27Jul2025 02:14:28.589] [main/ERROR] [net.minecraft.Util/]: Entity illageandspillage:bone has no attributes
[27Jul2025 02:14:28.589] [main/ERROR] [net.minecraft.Util/]: Entity illageandspillage:axe has no attributes
[27Jul2025 02:14:28.589] [main/ERROR] [net.minecraft.Util/]: Entity illageandspillage:bone has no attributes
[27Jul2025 02:14:28.589] [main/ERROR] [net.minecraft.Util/]: Entity illageandspillage:axe has no attributes
[27Jul2025 02:14:28.590] [main/ERROR] [net.minecraft.Util/]: Entity illageandspillage:bone has no attributes
[27Jul2025 02:14:28.590] [main/ERROR] [net.minecraft.Util/]: Entity illageandspillage:axe has no attributes
[27Jul2025 02:14:28.590] [main/ERROR] [net.minecraft.Util/]: Entity illageandspillage:bone has no attributes
[27Jul2025 02:14:28.590] [main/ERROR] [net.minecraft.Util/]: Entity illageandspillage:axe has no attributes
[27Jul2025 02:14:28.591] [main/ERROR] [net.minecraft.Util/]: Entity illageandspillage:bone has no attributes
[27Jul2025 02:14:28.591] [main/ERROR] [net.minecraft.Util/]: Entity illageandspillage:axe has no attributes
[27Jul2025 02:14:28.592] [main/ERROR] [net.minecraft.Util/]: Entity illageandspillage:bone has no attributes
[27Jul2025 02:14:28.592] [main/ERROR] [net.minecraft.Util/]: Entity illageandspillage:axe has no attributes
[27Jul2025 02:14:28.592] [main/ERROR] [net.minecraft.Util/]: Entity illageandspillage:bone has no attributes
[27Jul2025 02:14:28.592] [main/ERROR] [net.minecraft.Util/]: Entity illageandspillage:axe has no attributes
[27Jul2025 02:14:28.593] [main/ERROR] [net.minecraft.Util/]: Entity illageandspillage:bone has no attributes
[27Jul2025 02:14:28.593] [main/ERROR] [net.minecraft.Util/]: Entity illageandspillage:axe has no attributes
[27Jul2025 02:14:28.593] [main/ERROR] [net.minecraft.Util/]: Entity illageandspillage:bone has no attributes
[27Jul2025 02:14:28.593] [main/ERROR] [net.minecraft.Util/]: Entity illageandspillage:axe has no attributes
[27Jul2025 02:14:28.594] [main/ERROR] [net.minecraft.Util/]: Entity illageandspillage:bone has no attributes
[27Jul2025 02:14:28.594] [main/ERROR] [net.minecraft.Util/]: Entity illageandspillage:axe has no attributes
[27Jul2025 02:14:28.594] [main/ERROR] [net.minecraft.Util/]: Entity illageandspillage:bone has no attributes
[27Jul2025 02:14:28.594] [main/ERROR] [net.minecraft.Util/]: Entity illageandspillage:axe has no attributes
[27Jul2025 02:14:28.595] [main/ERROR] [net.minecraft.Util/]: Entity illageandspillage:bone has no attributes
[27Jul2025 02:14:28.595] [main/ERROR] [net.minecraft.Util/]: Entity illageandspillage:axe has no attributes
[27Jul2025 02:14:28.872] [Forge Version Check/INFO] [net.minecraftforge.fml.VersionChecker/]: [journeymap] Found status: UP_TO_DATE Current: 5.10.3 Target: null
[27Jul2025 02:14:28.872] [Forge Version Check/INFO] [net.minecraftforge.fml.VersionChecker/]: [uteamcore] Starting version check at https://api.u-team.info/update/uteamcore.json
[27Jul2025 02:14:29.086] [Forge Version Check/INFO] [net.minecraftforge.fml.VersionChecker/]: [uteamcore] Found status: UP_TO_DATE Current: 5.1.4.382 Target: null
[27Jul2025 02:14:29.089] [Forge Version Check/INFO] [net.minecraftforge.fml.VersionChecker/]: [puzzlesaccessapi] Starting version check at https://raw.githubusercontent.com/Fuzss/modresources/main/update/puzzlesaccessapi.json
[27Jul2025 02:14:29.102] [Forge Version Check/INFO] [net.minecraftforge.fml.VersionChecker/]: [puzzlesaccessapi] Found status: BETA Current: 20.1.1 Target: null
[27Jul2025 02:14:29.102] [Forge Version Check/INFO] [net.minecraftforge.fml.VersionChecker/]: [forge] Starting version check at https://files.minecraftforge.net/net/minecraftforge/forge/promotions_slim.json
[27Jul2025 02:14:29.246] [Forge Version Check/INFO] [net.minecraftforge.fml.VersionChecker/]: [forge] Found status: OUTDATED Current: 47.3.7 Target: 47.4.0
[27Jul2025 02:14:29.246] [Forge Version Check/INFO] [net.minecraftforge.fml.VersionChecker/]: [usefulbackpacks] Starting version check at https://api.u-team.info/update/usefulbackpacks.json
[27Jul2025 02:14:29.269] [Forge Version Check/INFO] [net.minecraftforge.fml.VersionChecker/]: [usefulbackpacks] Found status: UP_TO_DATE Current: 2.0.1.124 Target: null
[27Jul2025 02:14:29.269] [Forge Version Check/INFO] [net.minecraftforge.fml.VersionChecker/]: [mr_tidal_towns] Starting version check at https://api.modrinth.com/updates/EEIwvQVo/forge_updates.json
[27Jul2025 02:14:29.479] [Forge Version Check/INFO] [net.minecraftforge.fml.VersionChecker/]: [mr_tidal_towns] Found status: OUTDATED Current: 1.3.4 Target: 1.3.4+mod
[27Jul2025 02:14:29.479] [Forge Version Check/INFO] [net.minecraftforge.fml.VersionChecker/]: [flywheel] Starting version check at https://api.modrinth.com/updates/flywheel/forge_updates.json
[27Jul2025 02:14:29.583] [Forge Version Check/INFO] [net.minecraftforge.fml.VersionChecker/]: [flywheel] Found status: BETA Current: 0.6.11-13 Target: null
[27Jul2025 02:14:29.584] [Forge Version Check/INFO] [net.minecraftforge.fml.VersionChecker/]: [securitycraft] Starting version check at https://www.github.com/Geforce132/SecurityCraft/raw/master/Updates/Forge.json
[27Jul2025 02:14:29.976] [Forge Version Check/INFO] [net.minecraftforge.fml.VersionChecker/]: [securitycraft] Found status: UP_TO_DATE Current: 1.10.0.1 Target: null
[27Jul2025 02:14:29.976] [Forge Version Check/INFO] [net.minecraftforge.fml.VersionChecker/]: [puzzleslib] Starting version check at https://raw.githubusercontent.com/Fuzss/modresources/main/update/puzzleslib.json
[27Jul2025 02:14:29.990] [Forge Version Check/INFO] [net.minecraftforge.fml.VersionChecker/]: [puzzleslib] Found status: UP_TO_DATE Current: 8.1.32 Target: null
[27Jul2025 02:14:36.404] [main/INFO] [com.mojang.authlib.yggdrasil.YggdrasilAuthenticationService/]: Environment: authHost='https://authserver.mojang.com', accountsHost='https://api.mojang.com', sessionHost='https://sessionserver.mojang.com', servicesHost='https://api.minecraftservices.com', name='PROD'
[27Jul2025 02:14:36.443] [main/WARN] [io.redspace.ironsspellbooks.IronsSpellbooks/]: DataFixLevelStorageSourceMixin failed to load ./world/level.dat, ./world/level.dat (No such file or directory)
[27Jul2025 02:14:36.444] [main/WARN] [io.redspace.ironsspellbooks.IronsSpellbooks/]: DataFixLevelStorageSourceMixin failed to load ./world/level.dat, ./world/level.dat (No such file or directory)
[27Jul2025 02:14:36.452] [main/WARN] [net.minecraft.server.packs.VanillaPackResourcesBuilder/]: Assets URL 'union:/workspaces/Minecraft/servidor_minecraft/libraries/net/minecraft/server/1.20.1-20230612.114412/server-1.20.1-20230612.114412-srg.jar%23269!/assets/.mcassetsroot' uses unexpected schema
[27Jul2025 02:14:36.453] [main/WARN] [net.minecraft.server.packs.VanillaPackResourcesBuilder/]: Assets URL 'union:/workspaces/Minecraft/servidor_minecraft/libraries/net/minecraft/server/1.20.1-20230612.114412/server-1.20.1-20230612.114412-srg.jar%23269!/data/.mcassetsroot' uses unexpected schema
[27Jul2025 02:14:36.459] [main/WARN] [io.redspace.ironsspellbooks.IronsSpellbooks/]: DataFixLevelStorageSourceMixin failed to load ./world/level.dat, ./world/level.dat (No such file or directory)
[27Jul2025 02:14:36.512] [main/INFO] [net.minecraft.server.MinecraftServer/]: Found new data pack mutantmonsters:biome_modifications, loading it automatically
[27Jul2025 02:14:36.556] [main/INFO] [com.teamabnormals.blueprint.core.Blueprint/]: Successfully loaded 0 data remolders!
[27Jul2025 02:14:38.040] [main/WARN] [io.redspace.ironsspellbooks.IronsSpellbooks/]: DataFixLevelStorageSourceMixin failed to load ./world/level.dat, ./world/level.dat (No such file or directory)
[27Jul2025 02:14:38.454] [main/INFO] [com.github.alexthe666.alexsmobs.AlexsMobs/]: Adding datapack listener capsid_recipes
[27Jul2025 02:14:38.870] [Worker-Main-2/ERROR] [net.minecraft.tags.TagLoader/]: Couldn't load tag deeperdarker:dampens_vibrations as it is missing following references: samurai_dynasty:sculk_samurai_boots (from samurai_dynasty-0.0.49-1.20.1-neo.jar)
[27Jul2025 02:14:38.876] [Worker-Main-2/ERROR] [net.minecraft.tags.TagLoader/]: Couldn't load tag eldritch_end:etyr_armor as it is missing following references: samurai_dynasty:etyrite_samurai_helmet (from samurai_dynasty-0.0.49-1.20.1-neo.jar), 
	samurai_dynasty:etyrite_samurai_chestplate (from samurai_dynasty-0.0.49-1.20.1-neo.jar), 
	samurai_dynasty:etyrite_samurai_leggings (from samurai_dynasty-0.0.49-1.20.1-neo.jar), 
	samurai_dynasty:etyrite_samurai_boots (from samurai_dynasty-0.0.49-1.20.1-neo.jar)
[27Jul2025 02:14:38.884] [Worker-Main-2/ERROR] [net.minecraft.tags.TagLoader/]: Couldn't load tag samurai_dynasty:dampens_vibrations as it is missing following references: samurai_dynasty:sculk_samurai_boots (from samurai_dynasty-0.0.49-1.20.1-neo.jar)
[27Jul2025 02:14:40.046] [Worker-Main-2/INFO] [Mantle/]: Loaded 20 loot table injectors injecting into 18 tables in 24.22644 ms
[27Jul2025 02:14:40.470] [Worker-Main-1/ERROR] [net.minecraftforge.common.ForgeHooks/]: Couldn't parse element loot_tables:simplyswords:grant_book_on_first_join
com.google.gson.JsonSyntaxException: Expected name to be an item, was unknown string 'patchouli:guide_book'
	at net.minecraft.util.GsonHelper.m_13866_(GsonHelper.java:145) ~[server-1.20.1-20230612.114412-srg.jar%23269!/:?]
	at java.util.Optional.orElseThrow(Optional.java:403) ~[?:?]
	at net.minecraft.util.GsonHelper.m_13874_(GsonHelper.java:145) ~[server-1.20.1-20230612.114412-srg.jar%23269!/:?]
	at net.minecraft.util.GsonHelper.m_13909_(GsonHelper.java:153) ~[server-1.20.1-20230612.114412-srg.jar%23269!/:?]
	at net.minecraft.world.level.storage.loot.entries.LootItem$Serializer.m_7267_(LootItem.java:55) ~[server-1.20.1-20230612.114412-srg.jar%23269!/:?]
	at net.minecraft.world.level.storage.loot.entries.LootItem$Serializer.m_7267_(LootItem.java:40) ~[server-1.20.1-20230612.114412-srg.jar%23269!/:?]
	at net.minecraft.world.level.storage.loot.entries.LootPoolSingletonContainer$Serializer.m_5921_(LootPoolSingletonContainer.java:151) ~[server-1.20.1-20230612.114412-srg.jar%23269!/:?]
	at net.minecraft.world.level.storage.loot.entries.LootPoolSingletonContainer$Serializer.m_5921_(LootPoolSingletonContainer.java:129) ~[server-1.20.1-20230612.114412-srg.jar%23269!/:?]
	at net.minecraft.world.level.storage.loot.entries.LootPoolEntryContainer$Serializer.m_7561_(LootPoolEntryContainer.java:86) ~[server-1.20.1-20230612.114412-srg.jar%23269!/:?]
	at net.minecraft.world.level.storage.loot.entries.LootPoolEntryContainer$Serializer.m_7561_(LootPoolEntryContainer.java:74) ~[server-1.20.1-20230612.114412-srg.jar%23269!/:?]
	at net.minecraft.world.level.storage.loot.GsonAdapterFactory$JsonAdapter.deserialize(GsonAdapterFactory.java:102) ~[server-1.20.1-20230612.114412-srg.jar%23269!/:?]
	at com.google.gson.internal.bind.TreeTypeAdapter.read(TreeTypeAdapter.java:76) ~[gson-2.10.jar%2372!/:?]
	at com.google.gson.internal.bind.TypeAdapterRuntimeTypeWrapper.read(TypeAdapterRuntimeTypeWrapper.java:40) ~[gson-2.10.jar%2372!/:?]
	at com.google.gson.internal.bind.ArrayTypeAdapter.read(ArrayTypeAdapter.java:72) ~[gson-2.10.jar%2372!/:?]
	at com.google.gson.Gson.fromJson(Gson.java:1214) ~[gson-2.10.jar%2372!/:?]
	at com.google.gson.Gson.fromJson(Gson.java:1319) ~[gson-2.10.jar%2372!/:?]
	at com.google.gson.Gson.fromJson(Gson.java:1290) ~[gson-2.10.jar%2372!/:?]
	at com.google.gson.internal.bind.TreeTypeAdapter$GsonContextImpl.deserialize(TreeTypeAdapter.java:179) ~[gson-2.10.jar%2372!/:?]
	at net.minecraft.util.GsonHelper.m_13808_(GsonHelper.java:463) ~[server-1.20.1-20230612.114412-srg.jar%23269!/:?]
	at net.minecraft.util.GsonHelper.m_13836_(GsonHelper.java:471) ~[server-1.20.1-20230612.114412-srg.jar%23269!/:?]
	at net.minecraft.world.level.storage.loot.LootPool$Serializer.deserialize(LootPool.java:192) ~[server-1.20.1-20230612.114412-srg.jar%23269!/:?]
	at net.minecraft.world.level.storage.loot.LootPool$Serializer.deserialize(LootPool.java:189) ~[server-1.20.1-20230612.114412-srg.jar%23269!/:?]
	at com.google.gson.internal.bind.TreeTypeAdapter.read(TreeTypeAdapter.java:76) ~[gson-2.10.jar%2372!/:?]
	at com.google.gson.internal.bind.TypeAdapterRuntimeTypeWrapper.read(TypeAdapterRuntimeTypeWrapper.java:40) ~[gson-2.10.jar%2372!/:?]
	at com.google.gson.internal.bind.ArrayTypeAdapter.read(ArrayTypeAdapter.java:72) ~[gson-2.10.jar%2372!/:?]
	at com.google.gson.Gson.fromJson(Gson.java:1214) ~[gson-2.10.jar%2372!/:?]
	at com.google.gson.Gson.fromJson(Gson.java:1319) ~[gson-2.10.jar%2372!/:?]
	at com.google.gson.Gson.fromJson(Gson.java:1290) ~[gson-2.10.jar%2372!/:?]
	at com.google.gson.internal.bind.TreeTypeAdapter$GsonContextImpl.deserialize(TreeTypeAdapter.java:179) ~[gson-2.10.jar%2372!/:?]
	at net.minecraft.util.GsonHelper.m_13808_(GsonHelper.java:463) ~[server-1.20.1-20230612.114412-srg.jar%23269!/:?]
	at net.minecraft.util.GsonHelper.m_13845_(GsonHelper.java:481) ~[server-1.20.1-20230612.114412-srg.jar%23269!/:?]
	at net.minecraft.world.level.storage.loot.LootTable$Serializer.deserialize(LootTable.java:294) ~[server-1.20.1-20230612.114412-srg.jar%23269!/:?]
	at net.minecraft.world.level.storage.loot.LootTable$Serializer.deserialize(LootTable.java:291) ~[server-1.20.1-20230612.114412-srg.jar%23269!/:?]
	at com.google.gson.internal.bind.TreeTypeAdapter.read(TreeTypeAdapter.java:76) ~[gson-2.10.jar%2372!/:?]
	at com.google.gson.Gson.fromJson(Gson.java:1214) ~[gson-2.10.jar%2372!/:?]
	at com.google.gson.Gson.fromJson(Gson.java:1319) ~[gson-2.10.jar%2372!/:?]
	at com.google.gson.Gson.fromJson(Gson.java:1261) ~[gson-2.10.jar%2372!/:?]
	at net.minecraftforge.common.ForgeHooks.loadLootTable(ForgeHooks.java:871) ~[forge-1.20.1-47.3.7-universal.jar%23274!/:?]
	at net.minecraftforge.common.ForgeHooks.lambda$getLootTableDeserializer$3(ForgeHooks.java:848) ~[forge-1.20.1-47.3.7-universal.jar%23274!/:?]
	at net.minecraft.world.level.storage.loot.LootDataType.deserialize(LootDataType.java:45) ~[server-1.20.1-20230612.114412-srg.jar%23269!/:?]
	at net.minecraft.world.level.storage.loot.LootDataManager.lambda$scheduleElementParse$4(LootDataManager.java:56) ~[server-1.20.1-20230612.114412-srg.jar%23269!/:?]
	at java.util.HashMap.forEach(HashMap.java:1421) ~[?:?]
	at net.minecraft.world.level.storage.loot.LootDataManager.m_278660_(LootDataManager.java:55) ~[server-1.20.1-20230612.114412-srg.jar%23269!/:?]
	at java.util.concurrent.CompletableFuture$AsyncRun.run(CompletableFuture.java:1804) ~[?:?]
	at java.util.concurrent.CompletableFuture$AsyncRun.exec(CompletableFuture.java:1796) ~[?:?]
	at java.util.concurrent.ForkJoinTask.doExec(ForkJoinTask.java:373) ~[?:?]
	at java.util.concurrent.ForkJoinPool$WorkQueue.topLevelExec(ForkJoinPool.java:1182) ~[?:?]
	at java.util.concurrent.ForkJoinPool.scan(ForkJoinPool.java:1655) ~[?:?]
	at java.util.concurrent.ForkJoinPool.runWorker(ForkJoinPool.java:1622) ~[?:?]
	at java.util.concurrent.ForkJoinWorkerThread.run(ForkJoinWorkerThread.java:165) ~[?:?]
[27Jul2025 02:14:41.371] [Worker-Main-1/ERROR] [net.minecraftforge.common.ForgeHooks/]: Couldn't parse element loot_tables:decocraft:blocks/laptop_closed_pink
com.google.gson.JsonSyntaxException: Expected name to be an item, was unknown string 'decocraft:laptop'
	at net.minecraft.util.GsonHelper.m_13866_(GsonHelper.java:145) ~[server-1.20.1-20230612.114412-srg.jar%23269!/:?]
	at java.util.Optional.orElseThrow(Optional.java:403) ~[?:?]
	at net.minecraft.util.GsonHelper.m_13874_(GsonHelper.java:145) ~[server-1.20.1-20230612.114412-srg.jar%23269!/:?]
	at net.minecraft.util.GsonHelper.m_13909_(GsonHelper.java:153) ~[server-1.20.1-20230612.114412-srg.jar%23269!/:?]
	at net.minecraft.world.level.storage.loot.entries.LootItem$Serializer.m_7267_(LootItem.java:55) ~[server-1.20.1-20230612.114412-srg.jar%23269!/:?]
	at net.minecraft.world.level.storage.loot.entries.LootItem$Serializer.m_7267_(LootItem.java:40) ~[server-1.20.1-20230612.114412-srg.jar%23269!/:?]
	at net.minecraft.world.level.storage.loot.entries.LootPoolSingletonContainer$Serializer.m_5921_(LootPoolSingletonContainer.java:151) ~[server-1.20.1-20230612.114412-srg.jar%23269!/:?]
	at net.minecraft.world.level.storage.loot.entries.LootPoolSingletonContainer$Serializer.m_5921_(LootPoolSingletonContainer.java:129) ~[server-1.20.1-20230612.114412-srg.jar%23269!/:?]
	at net.minecraft.world.level.storage.loot.entries.LootPoolEntryContainer$Serializer.m_7561_(LootPoolEntryContainer.java:86) ~[server-1.20.1-20230612.114412-srg.jar%23269!/:?]
	at net.minecraft.world.level.storage.loot.entries.LootPoolEntryContainer$Serializer.m_7561_(LootPoolEntryContainer.java:74) ~[server-1.20.1-20230612.114412-srg.jar%23269!/:?]
	at net.minecraft.world.level.storage.loot.GsonAdapterFactory$JsonAdapter.deserialize(GsonAdapterFactory.java:102) ~[server-1.20.1-20230612.114412-srg.jar%23269!/:?]
	at com.google.gson.internal.bind.TreeTypeAdapter.read(TreeTypeAdapter.java:76) ~[gson-2.10.jar%2372!/:?]
	at com.google.gson.internal.bind.TypeAdapterRuntimeTypeWrapper.read(TypeAdapterRuntimeTypeWrapper.java:40) ~[gson-2.10.jar%2372!/:?]
	at com.google.gson.internal.bind.ArrayTypeAdapter.read(ArrayTypeAdapter.java:72) ~[gson-2.10.jar%2372!/:?]
	at com.google.gson.Gson.fromJson(Gson.java:1214) ~[gson-2.10.jar%2372!/:?]
	at com.google.gson.Gson.fromJson(Gson.java:1319) ~[gson-2.10.jar%2372!/:?]
	at com.google.gson.Gson.fromJson(Gson.java:1290) ~[gson-2.10.jar%2372!/:?]
	at com.google.gson.internal.bind.TreeTypeAdapter$GsonContextImpl.deserialize(TreeTypeAdapter.java:179) ~[gson-2.10.jar%2372!/:?]
	at net.minecraft.util.GsonHelper.m_13808_(GsonHelper.java:463) ~[server-1.20.1-20230612.114412-srg.jar%23269!/:?]
	at net.minecraft.util.GsonHelper.m_13836_(GsonHelper.java:471) ~[server-1.20.1-20230612.114412-srg.jar%23269!/:?]
	at net.minecraft.world.level.storage.loot.LootPool$Serializer.deserialize(LootPool.java:192) ~[server-1.20.1-20230612.114412-srg.jar%23269!/:?]
	at net.minecraft.world.level.storage.loot.LootPool$Serializer.deserialize(LootPool.java:189) ~[server-1.20.1-20230612.114412-srg.jar%23269!/:?]
	at com.google.gson.internal.bind.TreeTypeAdapter.read(TreeTypeAdapter.java:76) ~[gson-2.10.jar%2372!/:?]
	at com.google.gson.internal.bind.TypeAdapterRuntimeTypeWrapper.read(TypeAdapterRuntimeTypeWrapper.java:40) ~[gson-2.10.jar%2372!/:?]
	at com.google.gson.internal.bind.ArrayTypeAdapter.read(ArrayTypeAdapter.java:72) ~[gson-2.10.jar%2372!/:?]
	at com.google.gson.Gson.fromJson(Gson.java:1214) ~[gson-2.10.jar%2372!/:?]
	at com.google.gson.Gson.fromJson(Gson.java:1319) ~[gson-2.10.jar%2372!/:?]
	at com.google.gson.Gson.fromJson(Gson.java:1290) ~[gson-2.10.jar%2372!/:?]
	at com.google.gson.internal.bind.TreeTypeAdapter$GsonContextImpl.deserialize(TreeTypeAdapter.java:179) ~[gson-2.10.jar%2372!/:?]
	at net.minecraft.util.GsonHelper.m_13808_(GsonHelper.java:463) ~[server-1.20.1-20230612.114412-srg.jar%23269!/:?]
	at net.minecraft.util.GsonHelper.m_13845_(GsonHelper.java:481) ~[server-1.20.1-20230612.114412-srg.jar%23269!/:?]
	at net.minecraft.world.level.storage.loot.LootTable$Serializer.deserialize(LootTable.java:294) ~[server-1.20.1-20230612.114412-srg.jar%23269!/:?]
	at net.minecraft.world.level.storage.loot.LootTable$Serializer.deserialize(LootTable.java:291) ~[server-1.20.1-20230612.114412-srg.jar%23269!/:?]
	at com.google.gson.internal.bind.TreeTypeAdapter.read(TreeTypeAdapter.java:76) ~[gson-2.10.jar%2372!/:?]
	at com.google.gson.Gson.fromJson(Gson.java:1214) ~[gson-2.10.jar%2372!/:?]
	at com.google.gson.Gson.fromJson(Gson.java:1319) ~[gson-2.10.jar%2372!/:?]
	at com.google.gson.Gson.fromJson(Gson.java:1261) ~[gson-2.10.jar%2372!/:?]
	at net.minecraftforge.common.ForgeHooks.loadLootTable(ForgeHooks.java:871) ~[forge-1.20.1-47.3.7-universal.jar%23274!/:?]
	at net.minecraftforge.common.ForgeHooks.lambda$getLootTableDeserializer$3(ForgeHooks.java:848) ~[forge-1.20.1-47.3.7-universal.jar%23274!/:?]
	at net.minecraft.world.level.storage.loot.LootDataType.deserialize(LootDataType.java:45) ~[server-1.20.1-20230612.114412-srg.jar%23269!/:?]
	at net.minecraft.world.level.storage.loot.LootDataManager.lambda$scheduleElementParse$4(LootDataManager.java:56) ~[server-1.20.1-20230612.114412-srg.jar%23269!/:?]
	at java.util.HashMap.forEach(HashMap.java:1421) ~[?:?]
	at net.minecraft.world.level.storage.loot.LootDataManager.m_278660_(LootDataManager.java:55) ~[server-1.20.1-20230612.114412-srg.jar%23269!/:?]
	at java.util.concurrent.CompletableFuture$AsyncRun.run(CompletableFuture.java:1804) ~[?:?]
	at java.util.concurrent.CompletableFuture$AsyncRun.exec(CompletableFuture.java:1796) ~[?:?]
	at java.util.concurrent.ForkJoinTask.doExec(ForkJoinTask.java:373) ~[?:?]
	at java.util.concurrent.ForkJoinPool$WorkQueue.topLevelExec(ForkJoinPool.java:1182) ~[?:?]
	at java.util.concurrent.ForkJoinPool.scan(ForkJoinPool.java:1655) ~[?:?]
	at java.util.concurrent.ForkJoinPool.runWorker(ForkJoinPool.java:1622) ~[?:?]
	at java.util.concurrent.ForkJoinWorkerThread.run(ForkJoinWorkerThread.java:165) ~[?:?]
[27Jul2025 02:14:42.218] [Worker-Main-1/ERROR] [net.minecraftforge.common.ForgeHooks/]: Couldn't parse element loot_tables:decocraft:blocks/laptop_pink
com.google.gson.JsonSyntaxException: Expected name to be an item, was unknown string 'decocraft:laptop'
	at net.minecraft.util.GsonHelper.m_13866_(GsonHelper.java:145) ~[server-1.20.1-20230612.114412-srg.jar%23269!/:?]
	at java.util.Optional.orElseThrow(Optional.java:403) ~[?:?]
	at net.minecraft.util.GsonHelper.m_13874_(GsonHelper.java:145) ~[server-1.20.1-20230612.114412-srg.jar%23269!/:?]
	at net.minecraft.util.GsonHelper.m_13909_(GsonHelper.java:153) ~[server-1.20.1-20230612.114412-srg.jar%23269!/:?]
	at net.minecraft.world.level.storage.loot.entries.LootItem$Serializer.m_7267_(LootItem.java:55) ~[server-1.20.1-20230612.114412-srg.jar%23269!/:?]
	at net.minecraft.world.level.storage.loot.entries.LootItem$Serializer.m_7267_(LootItem.java:40) ~[server-1.20.1-20230612.114412-srg.jar%23269!/:?]
	at net.minecraft.world.level.storage.loot.entries.LootPoolSingletonContainer$Serializer.m_5921_(LootPoolSingletonContainer.java:151) ~[server-1.20.1-20230612.114412-srg.jar%23269!/:?]
	at net.minecraft.world.level.storage.loot.entries.LootPoolSingletonContainer$Serializer.m_5921_(LootPoolSingletonContainer.java:129) ~[server-1.20.1-20230612.114412-srg.jar%23269!/:?]
	at net.minecraft.world.level.storage.loot.entries.LootPoolEntryContainer$Serializer.m_7561_(LootPoolEntryContainer.java:86) ~[server-1.20.1-20230612.114412-srg.jar%23269!/:?]
	at net.minecraft.world.level.storage.loot.entries.LootPoolEntryContainer$Serializer.m_7561_(LootPoolEntryContainer.java:74) ~[server-1.20.1-20230612.114412-srg.jar%23269!/:?]
	at net.minecraft.world.level.storage.loot.GsonAdapterFactory$JsonAdapter.deserialize(GsonAdapterFactory.java:102) ~[server-1.20.1-20230612.114412-srg.jar%23269!/:?]
	at com.google.gson.internal.bind.TreeTypeAdapter.read(TreeTypeAdapter.java:76) ~[gson-2.10.jar%2372!/:?]
	at com.google.gson.internal.bind.TypeAdapterRuntimeTypeWrapper.read(TypeAdapterRuntimeTypeWrapper.java:40) ~[gson-2.10.jar%2372!/:?]
	at com.google.gson.internal.bind.ArrayTypeAdapter.read(ArrayTypeAdapter.java:72) ~[gson-2.10.jar%2372!/:?]
	at com.google.gson.Gson.fromJson(Gson.java:1214) ~[gson-2.10.jar%2372!/:?]
	at com.google.gson.Gson.fromJson(Gson.java:1319) ~[gson-2.10.jar%2372!/:?]
	at com.google.gson.Gson.fromJson(Gson.java:1290) ~[gson-2.10.jar%2372!/:?]
	at com.google.gson.internal.bind.TreeTypeAdapter$GsonContextImpl.deserialize(TreeTypeAdapter.java:179) ~[gson-2.10.jar%2372!/:?]
	at net.minecraft.util.GsonHelper.m_13808_(GsonHelper.java:463) ~[server-1.20.1-20230612.114412-srg.jar%23269!/:?]
	at net.minecraft.util.GsonHelper.m_13836_(GsonHelper.java:471) ~[server-1.20.1-20230612.114412-srg.jar%23269!/:?]
	at net.minecraft.world.level.storage.loot.LootPool$Serializer.deserialize(LootPool.java:192) ~[server-1.20.1-20230612.114412-srg.jar%23269!/:?]
	at net.minecraft.world.level.storage.loot.LootPool$Serializer.deserialize(LootPool.java:189) ~[server-1.20.1-20230612.114412-srg.jar%23269!/:?]
	at com.google.gson.internal.bind.TreeTypeAdapter.read(TreeTypeAdapter.java:76) ~[gson-2.10.jar%2372!/:?]
	at com.google.gson.internal.bind.TypeAdapterRuntimeTypeWrapper.read(TypeAdapterRuntimeTypeWrapper.java:40) ~[gson-2.10.jar%2372!/:?]
	at com.google.gson.internal.bind.ArrayTypeAdapter.read(ArrayTypeAdapter.java:72) ~[gson-2.10.jar%2372!/:?]
	at com.google.gson.Gson.fromJson(Gson.java:1214) ~[gson-2.10.jar%2372!/:?]
	at com.google.gson.Gson.fromJson(Gson.java:1319) ~[gson-2.10.jar%2372!/:?]
	at com.google.gson.Gson.fromJson(Gson.java:1290) ~[gson-2.10.jar%2372!/:?]
	at com.google.gson.internal.bind.TreeTypeAdapter$GsonContextImpl.deserialize(TreeTypeAdapter.java:179) ~[gson-2.10.jar%2372!/:?]
	at net.minecraft.util.GsonHelper.m_13808_(GsonHelper.java:463) ~[server-1.20.1-20230612.114412-srg.jar%23269!/:?]
	at net.minecraft.util.GsonHelper.m_13845_(GsonHelper.java:481) ~[server-1.20.1-20230612.114412-srg.jar%23269!/:?]
	at net.minecraft.world.level.storage.loot.LootTable$Serializer.deserialize(LootTable.java:294) ~[server-1.20.1-20230612.114412-srg.jar%23269!/:?]
	at net.minecraft.world.level.storage.loot.LootTable$Serializer.deserialize(LootTable.java:291) ~[server-1.20.1-20230612.114412-srg.jar%23269!/:?]
	at com.google.gson.internal.bind.TreeTypeAdapter.read(TreeTypeAdapter.java:76) ~[gson-2.10.jar%2372!/:?]
	at com.google.gson.Gson.fromJson(Gson.java:1214) ~[gson-2.10.jar%2372!/:?]
	at com.google.gson.Gson.fromJson(Gson.java:1319) ~[gson-2.10.jar%2372!/:?]
	at com.google.gson.Gson.fromJson(Gson.java:1261) ~[gson-2.10.jar%2372!/:?]
	at net.minecraftforge.common.ForgeHooks.loadLootTable(ForgeHooks.java:871) ~[forge-1.20.1-47.3.7-universal.jar%23274!/:?]
	at net.minecraftforge.common.ForgeHooks.lambda$getLootTableDeserializer$3(ForgeHooks.java:848) ~[forge-1.20.1-47.3.7-universal.jar%23274!/:?]
	at net.minecraft.world.level.storage.loot.LootDataType.deserialize(LootDataType.java:45) ~[server-1.20.1-20230612.114412-srg.jar%23269!/:?]
	at net.minecraft.world.level.storage.loot.LootDataManager.lambda$scheduleElementParse$4(LootDataManager.java:56) ~[server-1.20.1-20230612.114412-srg.jar%23269!/:?]
	at java.util.HashMap.forEach(HashMap.java:1421) ~[?:?]
	at net.minecraft.world.level.storage.loot.LootDataManager.m_278660_(LootDataManager.java:55) ~[server-1.20.1-20230612.114412-srg.jar%23269!/:?]
	at java.util.concurrent.CompletableFuture$AsyncRun.run(CompletableFuture.java:1804) ~[?:?]
	at java.util.concurrent.CompletableFuture$AsyncRun.exec(CompletableFuture.java:1796) ~[?:?]
	at java.util.concurrent.ForkJoinTask.doExec(ForkJoinTask.java:373) ~[?:?]
	at java.util.concurrent.ForkJoinPool$WorkQueue.topLevelExec(ForkJoinPool.java:1182) ~[?:?]
	at java.util.concurrent.ForkJoinPool.scan(ForkJoinPool.java:1655) ~[?:?]
	at java.util.concurrent.ForkJoinPool.runWorker(ForkJoinPool.java:1622) ~[?:?]
	at java.util.concurrent.ForkJoinWorkerThread.run(ForkJoinWorkerThread.java:165) ~[?:?]
[27Jul2025 02:14:43.167] [Worker-Main-1/ERROR] [net.minecraftforge.common.ForgeHooks/]: Couldn't parse element loot_tables:decocraft:blocks/laptop_closed_black
com.google.gson.JsonSyntaxException: Expected name to be an item, was unknown string 'decocraft:laptop'
	at net.minecraft.util.GsonHelper.m_13866_(GsonHelper.java:145) ~[server-1.20.1-20230612.114412-srg.jar%23269!/:?]
	at java.util.Optional.orElseThrow(Optional.java:403) ~[?:?]
	at net.minecraft.util.GsonHelper.m_13874_(GsonHelper.java:145) ~[server-1.20.1-20230612.114412-srg.jar%23269!/:?]
	at net.minecraft.util.GsonHelper.m_13909_(GsonHelper.java:153) ~[server-1.20.1-20230612.114412-srg.jar%23269!/:?]
	at net.minecraft.world.level.storage.loot.entries.LootItem$Serializer.m_7267_(LootItem.java:55) ~[server-1.20.1-20230612.114412-srg.jar%23269!/:?]
	at net.minecraft.world.level.storage.loot.entries.LootItem$Serializer.m_7267_(LootItem.java:40) ~[server-1.20.1-20230612.114412-srg.jar%23269!/:?]
	at net.minecraft.world.level.storage.loot.entries.LootPoolSingletonContainer$Serializer.m_5921_(LootPoolSingletonContainer.java:151) ~[server-1.20.1-20230612.114412-srg.jar%23269!/:?]
	at net.minecraft.world.level.storage.loot.entries.LootPoolSingletonContainer$Serializer.m_5921_(LootPoolSingletonContainer.java:129) ~[server-1.20.1-20230612.114412-srg.jar%23269!/:?]
	at net.minecraft.world.level.storage.loot.entries.LootPoolEntryContainer$Serializer.m_7561_(LootPoolEntryContainer.java:86) ~[server-1.20.1-20230612.114412-srg.jar%23269!/:?]
	at net.minecraft.world.level.storage.loot.entries.LootPoolEntryContainer$Serializer.m_7561_(LootPoolEntryContainer.java:74) ~[server-1.20.1-20230612.114412-srg.jar%23269!/:?]
	at net.minecraft.world.level.storage.loot.GsonAdapterFactory$JsonAdapter.deserialize(GsonAdapterFactory.java:102) ~[server-1.20.1-20230612.114412-srg.jar%23269!/:?]
	at com.google.gson.internal.bind.TreeTypeAdapter.read(TreeTypeAdapter.java:76) ~[gson-2.10.jar%2372!/:?]
	at com.google.gson.internal.bind.TypeAdapterRuntimeTypeWrapper.read(TypeAdapterRuntimeTypeWrapper.java:40) ~[gson-2.10.jar%2372!/:?]
	at com.google.gson.internal.bind.ArrayTypeAdapter.read(ArrayTypeAdapter.java:72) ~[gson-2.10.jar%2372!/:?]
	at com.google.gson.Gson.fromJson(Gson.java:1214) ~[gson-2.10.jar%2372!/:?]
	at com.google.gson.Gson.fromJson(Gson.java:1319) ~[gson-2.10.jar%2372!/:?]
	at com.google.gson.Gson.fromJson(Gson.java:1290) ~[gson-2.10.jar%2372!/:?]
	at com.google.gson.internal.bind.TreeTypeAdapter$GsonContextImpl.deserialize(TreeTypeAdapter.java:179) ~[gson-2.10.jar%2372!/:?]
	at net.minecraft.util.GsonHelper.m_13808_(GsonHelper.java:463) ~[server-1.20.1-20230612.114412-srg.jar%23269!/:?]
	at net.minecraft.util.GsonHelper.m_13836_(GsonHelper.java:471) ~[server-1.20.1-20230612.114412-srg.jar%23269!/:?]
	at net.minecraft.world.level.storage.loot.LootPool$Serializer.deserialize(LootPool.java:192) ~[server-1.20.1-20230612.114412-srg.jar%23269!/:?]
	at net.minecraft.world.level.storage.loot.LootPool$Serializer.deserialize(LootPool.java:189) ~[server-1.20.1-20230612.114412-srg.jar%23269!/:?]
	at com.google.gson.internal.bind.TreeTypeAdapter.read(TreeTypeAdapter.java:76) ~[gson-2.10.jar%2372!/:?]
	at com.google.gson.internal.bind.TypeAdapterRuntimeTypeWrapper.read(TypeAdapterRuntimeTypeWrapper.java:40) ~[gson-2.10.jar%2372!/:?]
	at com.google.gson.internal.bind.ArrayTypeAdapter.read(ArrayTypeAdapter.java:72) ~[gson-2.10.jar%2372!/:?]
	at com.google.gson.Gson.fromJson(Gson.java:1214) ~[gson-2.10.jar%2372!/:?]
	at com.google.gson.Gson.fromJson(Gson.java:1319) ~[gson-2.10.jar%2372!/:?]
	at com.google.gson.Gson.fromJson(Gson.java:1290) ~[gson-2.10.jar%2372!/:?]
	at com.google.gson.internal.bind.TreeTypeAdapter$GsonContextImpl.deserialize(TreeTypeAdapter.java:179) ~[gson-2.10.jar%2372!/:?]
	at net.minecraft.util.GsonHelper.m_13808_(GsonHelper.java:463) ~[server-1.20.1-20230612.114412-srg.jar%23269!/:?]
	at net.minecraft.util.GsonHelper.m_13845_(GsonHelper.java:481) ~[server-1.20.1-20230612.114412-srg.jar%23269!/:?]
	at net.minecraft.world.level.storage.loot.LootTable$Serializer.deserialize(LootTable.java:294) ~[server-1.20.1-20230612.114412-srg.jar%23269!/:?]
	at net.minecraft.world.level.storage.loot.LootTable$Serializer.deserialize(LootTable.java:291) ~[server-1.20.1-20230612.114412-srg.jar%23269!/:?]
	at com.google.gson.internal.bind.TreeTypeAdapter.read(TreeTypeAdapter.java:76) ~[gson-2.10.jar%2372!/:?]
	at com.google.gson.Gson.fromJson(Gson.java:1214) ~[gson-2.10.jar%2372!/:?]
	at com.google.gson.Gson.fromJson(Gson.java:1319) ~[gson-2.10.jar%2372!/:?]
	at com.google.gson.Gson.fromJson(Gson.java:1261) ~[gson-2.10.jar%2372!/:?]
	at net.minecraftforge.common.ForgeHooks.loadLootTable(ForgeHooks.java:871) ~[forge-1.20.1-47.3.7-universal.jar%23274!/:?]
	at net.minecraftforge.common.ForgeHooks.lambda$getLootTableDeserializer$3(ForgeHooks.java:848) ~[forge-1.20.1-47.3.7-universal.jar%23274!/:?]
	at net.minecraft.world.level.storage.loot.LootDataType.deserialize(LootDataType.java:45) ~[server-1.20.1-20230612.114412-srg.jar%23269!/:?]
	at net.minecraft.world.level.storage.loot.LootDataManager.lambda$scheduleElementParse$4(LootDataManager.java:56) ~[server-1.20.1-20230612.114412-srg.jar%23269!/:?]
	at java.util.HashMap.forEach(HashMap.java:1421) ~[?:?]
	at net.minecraft.world.level.storage.loot.LootDataManager.m_278660_(LootDataManager.java:55) ~[server-1.20.1-20230612.114412-srg.jar%23269!/:?]
	at java.util.concurrent.CompletableFuture$AsyncRun.run(CompletableFuture.java:1804) ~[?:?]
	at java.util.concurrent.CompletableFuture$AsyncRun.exec(CompletableFuture.java:1796) ~[?:?]
	at java.util.concurrent.ForkJoinTask.doExec(ForkJoinTask.java:373) ~[?:?]
	at java.util.concurrent.ForkJoinPool$WorkQueue.topLevelExec(ForkJoinPool.java:1182) ~[?:?]
	at java.util.concurrent.ForkJoinPool.scan(ForkJoinPool.java:1655) ~[?:?]
	at java.util.concurrent.ForkJoinPool.runWorker(ForkJoinPool.java:1622) ~[?:?]
	at java.util.concurrent.ForkJoinWorkerThread.run(ForkJoinWorkerThread.java:165) ~[?:?]
[27Jul2025 02:14:43.461] [Worker-Main-1/ERROR] [net.minecraftforge.common.ForgeHooks/]: Couldn't parse element loot_tables:decocraft:blocks/laptop_black
com.google.gson.JsonSyntaxException: Expected name to be an item, was unknown string 'decocraft:laptop'
	at net.minecraft.util.GsonHelper.m_13866_(GsonHelper.java:145) ~[server-1.20.1-20230612.114412-srg.jar%23269!/:?]
	at java.util.Optional.orElseThrow(Optional.java:403) ~[?:?]
	at net.minecraft.util.GsonHelper.m_13874_(GsonHelper.java:145) ~[server-1.20.1-20230612.114412-srg.jar%23269!/:?]
	at net.minecraft.util.GsonHelper.m_13909_(GsonHelper.java:153) ~[server-1.20.1-20230612.114412-srg.jar%23269!/:?]
	at net.minecraft.world.level.storage.loot.entries.LootItem$Serializer.m_7267_(LootItem.java:55) ~[server-1.20.1-20230612.114412-srg.jar%23269!/:?]
	at net.minecraft.world.level.storage.loot.entries.LootItem$Serializer.m_7267_(LootItem.java:40) ~[server-1.20.1-20230612.114412-srg.jar%23269!/:?]
	at net.minecraft.world.level.storage.loot.entries.LootPoolSingletonContainer$Serializer.m_5921_(LootPoolSingletonContainer.java:151) ~[server-1.20.1-20230612.114412-srg.jar%23269!/:?]
	at net.minecraft.world.level.storage.loot.entries.LootPoolSingletonContainer$Serializer.m_5921_(LootPoolSingletonContainer.java:129) ~[server-1.20.1-20230612.114412-srg.jar%23269!/:?]
	at net.minecraft.world.level.storage.loot.entries.LootPoolEntryContainer$Serializer.m_7561_(LootPoolEntryContainer.java:86) ~[server-1.20.1-20230612.114412-srg.jar%23269!/:?]
	at net.minecraft.world.level.storage.loot.entries.LootPoolEntryContainer$Serializer.m_7561_(LootPoolEntryContainer.java:74) ~[server-1.20.1-20230612.114412-srg.jar%23269!/:?]
	at net.minecraft.world.level.storage.loot.GsonAdapterFactory$JsonAdapter.deserialize(GsonAdapterFactory.java:102) ~[server-1.20.1-20230612.114412-srg.jar%23269!/:?]
	at com.google.gson.internal.bind.TreeTypeAdapter.read(TreeTypeAdapter.java:76) ~[gson-2.10.jar%2372!/:?]
	at com.google.gson.internal.bind.TypeAdapterRuntimeTypeWrapper.read(TypeAdapterRuntimeTypeWrapper.java:40) ~[gson-2.10.jar%2372!/:?]
	at com.google.gson.internal.bind.ArrayTypeAdapter.read(ArrayTypeAdapter.java:72) ~[gson-2.10.jar%2372!/:?]
	at com.google.gson.Gson.fromJson(Gson.java:1214) ~[gson-2.10.jar%2372!/:?]
	at com.google.gson.Gson.fromJson(Gson.java:1319) ~[gson-2.10.jar%2372!/:?]
	at com.google.gson.Gson.fromJson(Gson.java:1290) ~[gson-2.10.jar%2372!/:?]
	at com.google.gson.internal.bind.TreeTypeAdapter$GsonContextImpl.deserialize(TreeTypeAdapter.java:179) ~[gson-2.10.jar%2372!/:?]
	at net.minecraft.util.GsonHelper.m_13808_(GsonHelper.java:463) ~[server-1.20.1-20230612.114412-srg.jar%23269!/:?]
	at net.minecraft.util.GsonHelper.m_13836_(GsonHelper.java:471) ~[server-1.20.1-20230612.114412-srg.jar%23269!/:?]
	at net.minecraft.world.level.storage.loot.LootPool$Serializer.deserialize(LootPool.java:192) ~[server-1.20.1-20230612.114412-srg.jar%23269!/:?]
	at net.minecraft.world.level.storage.loot.LootPool$Serializer.deserialize(LootPool.java:189) ~[server-1.20.1-20230612.114412-srg.jar%23269!/:?]
	at com.google.gson.internal.bind.TreeTypeAdapter.read(TreeTypeAdapter.java:76) ~[gson-2.10.jar%2372!/:?]
	at com.google.gson.internal.bind.TypeAdapterRuntimeTypeWrapper.read(TypeAdapterRuntimeTypeWrapper.java:40) ~[gson-2.10.jar%2372!/:?]
	at com.google.gson.internal.bind.ArrayTypeAdapter.read(ArrayTypeAdapter.java:72) ~[gson-2.10.jar%2372!/:?]
	at com.google.gson.Gson.fromJson(Gson.java:1214) ~[gson-2.10.jar%2372!/:?]
	at com.google.gson.Gson.fromJson(Gson.java:1319) ~[gson-2.10.jar%2372!/:?]
	at com.google.gson.Gson.fromJson(Gson.java:1290) ~[gson-2.10.jar%2372!/:?]
	at com.google.gson.internal.bind.TreeTypeAdapter$GsonContextImpl.deserialize(TreeTypeAdapter.java:179) ~[gson-2.10.jar%2372!/:?]
	at net.minecraft.util.GsonHelper.m_13808_(GsonHelper.java:463) ~[server-1.20.1-20230612.114412-srg.jar%23269!/:?]
	at net.minecraft.util.GsonHelper.m_13845_(GsonHelper.java:481) ~[server-1.20.1-20230612.114412-srg.jar%23269!/:?]
	at net.minecraft.world.level.storage.loot.LootTable$Serializer.deserialize(LootTable.java:294) ~[server-1.20.1-20230612.114412-srg.jar%23269!/:?]
	at net.minecraft.world.level.storage.loot.LootTable$Serializer.deserialize(LootTable.java:291) ~[server-1.20.1-20230612.114412-srg.jar%23269!/:?]
	at com.google.gson.internal.bind.TreeTypeAdapter.read(TreeTypeAdapter.java:76) ~[gson-2.10.jar%2372!/:?]
	at com.google.gson.Gson.fromJson(Gson.java:1214) ~[gson-2.10.jar%2372!/:?]
	at com.google.gson.Gson.fromJson(Gson.java:1319) ~[gson-2.10.jar%2372!/:?]
	at com.google.gson.Gson.fromJson(Gson.java:1261) ~[gson-2.10.jar%2372!/:?]
	at net.minecraftforge.common.ForgeHooks.loadLootTable(ForgeHooks.java:871) ~[forge-1.20.1-47.3.7-universal.jar%23274!/:?]
	at net.minecraftforge.common.ForgeHooks.lambda$getLootTableDeserializer$3(ForgeHooks.java:848) ~[forge-1.20.1-47.3.7-universal.jar%23274!/:?]
	at net.minecraft.world.level.storage.loot.LootDataType.deserialize(LootDataType.java:45) ~[server-1.20.1-20230612.114412-srg.jar%23269!/:?]
	at net.minecraft.world.level.storage.loot.LootDataManager.lambda$scheduleElementParse$4(LootDataManager.java:56) ~[server-1.20.1-20230612.114412-srg.jar%23269!/:?]
	at java.util.HashMap.forEach(HashMap.java:1421) ~[?:?]
	at net.minecraft.world.level.storage.loot.LootDataManager.m_278660_(LootDataManager.java:55) ~[server-1.20.1-20230612.114412-srg.jar%23269!/:?]
	at java.util.concurrent.CompletableFuture$AsyncRun.run(CompletableFuture.java:1804) ~[?:?]
	at java.util.concurrent.CompletableFuture$AsyncRun.exec(CompletableFuture.java:1796) ~[?:?]
	at java.util.concurrent.ForkJoinTask.doExec(ForkJoinTask.java:373) ~[?:?]
	at java.util.concurrent.ForkJoinPool$WorkQueue.topLevelExec(ForkJoinPool.java:1182) ~[?:?]
	at java.util.concurrent.ForkJoinPool.scan(ForkJoinPool.java:1655) ~[?:?]
	at java.util.concurrent.ForkJoinPool.runWorker(ForkJoinPool.java:1622) ~[?:?]
	at java.util.concurrent.ForkJoinWorkerThread.run(ForkJoinWorkerThread.java:165) ~[?:?]
[27Jul2025 02:14:43.666] [Worker-Main-1/ERROR] [net.minecraftforge.common.ForgeHooks/]: Couldn't parse element loot_tables:decocraft:blocks/laptop_closed_silver
com.google.gson.JsonSyntaxException: Expected name to be an item, was unknown string 'decocraft:laptop'
	at net.minecraft.util.GsonHelper.m_13866_(GsonHelper.java:145) ~[server-1.20.1-20230612.114412-srg.jar%23269!/:?]
	at java.util.Optional.orElseThrow(Optional.java:403) ~[?:?]
	at net.minecraft.util.GsonHelper.m_13874_(GsonHelper.java:145) ~[server-1.20.1-20230612.114412-srg.jar%23269!/:?]
	at net.minecraft.util.GsonHelper.m_13909_(GsonHelper.java:153) ~[server-1.20.1-20230612.114412-srg.jar%23269!/:?]
	at net.minecraft.world.level.storage.loot.entries.LootItem$Serializer.m_7267_(LootItem.java:55) ~[server-1.20.1-20230612.114412-srg.jar%23269!/:?]
	at net.minecraft.world.level.storage.loot.entries.LootItem$Serializer.m_7267_(LootItem.java:40) ~[server-1.20.1-20230612.114412-srg.jar%23269!/:?]
	at net.minecraft.world.level.storage.loot.entries.LootPoolSingletonContainer$Serializer.m_5921_(LootPoolSingletonContainer.java:151) ~[server-1.20.1-20230612.114412-srg.jar%23269!/:?]
	at net.minecraft.world.level.storage.loot.entries.LootPoolSingletonContainer$Serializer.m_5921_(LootPoolSingletonContainer.java:129) ~[server-1.20.1-20230612.114412-srg.jar%23269!/:?]
	at net.minecraft.world.level.storage.loot.entries.LootPoolEntryContainer$Serializer.m_7561_(LootPoolEntryContainer.java:86) ~[server-1.20.1-20230612.114412-srg.jar%23269!/:?]
	at net.minecraft.world.level.storage.loot.entries.LootPoolEntryContainer$Serializer.m_7561_(LootPoolEntryContainer.java:74) ~[server-1.20.1-20230612.114412-srg.jar%23269!/:?]
	at net.minecraft.world.level.storage.loot.GsonAdapterFactory$JsonAdapter.deserialize(GsonAdapterFactory.java:102) ~[server-1.20.1-20230612.114412-srg.jar%23269!/:?]
	at com.google.gson.internal.bind.TreeTypeAdapter.read(TreeTypeAdapter.java:76) ~[gson-2.10.jar%2372!/:?]
	at com.google.gson.internal.bind.TypeAdapterRuntimeTypeWrapper.read(TypeAdapterRuntimeTypeWrapper.java:40) ~[gson-2.10.jar%2372!/:?]
	at com.google.gson.internal.bind.ArrayTypeAdapter.read(ArrayTypeAdapter.java:72) ~[gson-2.10.jar%2372!/:?]
	at com.google.gson.Gson.fromJson(Gson.java:1214) ~[gson-2.10.jar%2372!/:?]
	at com.google.gson.Gson.fromJson(Gson.java:1319) ~[gson-2.10.jar%2372!/:?]
	at com.google.gson.Gson.fromJson(Gson.java:1290) ~[gson-2.10.jar%2372!/:?]
	at com.google.gson.internal.bind.TreeTypeAdapter$GsonContextImpl.deserialize(TreeTypeAdapter.java:179) ~[gson-2.10.jar%2372!/:?]
	at net.minecraft.util.GsonHelper.m_13808_(GsonHelper.java:463) ~[server-1.20.1-20230612.114412-srg.jar%23269!/:?]
	at net.minecraft.util.GsonHelper.m_13836_(GsonHelper.java:471) ~[server-1.20.1-20230612.114412-srg.jar%23269!/:?]
	at net.minecraft.world.level.storage.loot.LootPool$Serializer.deserialize(LootPool.java:192) ~[server-1.20.1-20230612.114412-srg.jar%23269!/:?]
	at net.minecraft.world.level.storage.loot.LootPool$Serializer.deserialize(LootPool.java:189) ~[server-1.20.1-20230612.114412-srg.jar%23269!/:?]
	at com.google.gson.internal.bind.TreeTypeAdapter.read(TreeTypeAdapter.java:76) ~[gson-2.10.jar%2372!/:?]
	at com.google.gson.internal.bind.TypeAdapterRuntimeTypeWrapper.read(TypeAdapterRuntimeTypeWrapper.java:40) ~[gson-2.10.jar%2372!/:?]
	at com.google.gson.internal.bind.ArrayTypeAdapter.read(ArrayTypeAdapter.java:72) ~[gson-2.10.jar%2372!/:?]
	at com.google.gson.Gson.fromJson(Gson.java:1214) ~[gson-2.10.jar%2372!/:?]
	at com.google.gson.Gson.fromJson(Gson.java:1319) ~[gson-2.10.jar%2372!/:?]
	at com.google.gson.Gson.fromJson(Gson.java:1290) ~[gson-2.10.jar%2372!/:?]
	at com.google.gson.internal.bind.TreeTypeAdapter$GsonContextImpl.deserialize(TreeTypeAdapter.java:179) ~[gson-2.10.jar%2372!/:?]
	at net.minecraft.util.GsonHelper.m_13808_(GsonHelper.java:463) ~[server-1.20.1-20230612.114412-srg.jar%23269!/:?]
	at net.minecraft.util.GsonHelper.m_13845_(GsonHelper.java:481) ~[server-1.20.1-20230612.114412-srg.jar%23269!/:?]
	at net.minecraft.world.level.storage.loot.LootTable$Serializer.deserialize(LootTable.java:294) ~[server-1.20.1-20230612.114412-srg.jar%23269!/:?]
	at net.minecraft.world.level.storage.loot.LootTable$Serializer.deserialize(LootTable.java:291) ~[server-1.20.1-20230612.114412-srg.jar%23269!/:?]
	at com.google.gson.internal.bind.TreeTypeAdapter.read(TreeTypeAdapter.java:76) ~[gson-2.10.jar%2372!/:?]
	at com.google.gson.Gson.fromJson(Gson.java:1214) ~[gson-2.10.jar%2372!/:?]
	at com.google.gson.Gson.fromJson(Gson.java:1319) ~[gson-2.10.jar%2372!/:?]
	at com.google.gson.Gson.fromJson(Gson.java:1261) ~[gson-2.10.jar%2372!/:?]
	at net.minecraftforge.common.ForgeHooks.loadLootTable(ForgeHooks.java:871) ~[forge-1.20.1-47.3.7-universal.jar%23274!/:?]
	at net.minecraftforge.common.ForgeHooks.lambda$getLootTableDeserializer$3(ForgeHooks.java:848) ~[forge-1.20.1-47.3.7-universal.jar%23274!/:?]
	at net.minecraft.world.level.storage.loot.LootDataType.deserialize(LootDataType.java:45) ~[server-1.20.1-20230612.114412-srg.jar%23269!/:?]
	at net.minecraft.world.level.storage.loot.LootDataManager.lambda$scheduleElementParse$4(LootDataManager.java:56) ~[server-1.20.1-20230612.114412-srg.jar%23269!/:?]
	at java.util.HashMap.forEach(HashMap.java:1421) ~[?:?]
	at net.minecraft.world.level.storage.loot.LootDataManager.m_278660_(LootDataManager.java:55) ~[server-1.20.1-20230612.114412-srg.jar%23269!/:?]
	at java.util.concurrent.CompletableFuture$AsyncRun.run(CompletableFuture.java:1804) ~[?:?]
	at java.util.concurrent.CompletableFuture$AsyncRun.exec(CompletableFuture.java:1796) ~[?:?]
	at java.util.concurrent.ForkJoinTask.doExec(ForkJoinTask.java:373) ~[?:?]
	at java.util.concurrent.ForkJoinPool$WorkQueue.topLevelExec(ForkJoinPool.java:1182) ~[?:?]
	at java.util.concurrent.ForkJoinPool.scan(ForkJoinPool.java:1655) ~[?:?]
	at java.util.concurrent.ForkJoinPool.runWorker(ForkJoinPool.java:1622) ~[?:?]
	at java.util.concurrent.ForkJoinWorkerThread.run(ForkJoinWorkerThread.java:165) ~[?:?]
[27Jul2025 02:14:45.502] [Worker-Main-1/ERROR] [net.minecraftforge.common.ForgeHooks/]: Couldn't parse element loot_tables:decocraft:blocks/laptop_silver
com.google.gson.JsonSyntaxException: Expected name to be an item, was unknown string 'decocraft:laptop'
	at net.minecraft.util.GsonHelper.m_13866_(GsonHelper.java:145) ~[server-1.20.1-20230612.114412-srg.jar%23269!/:?]
	at java.util.Optional.orElseThrow(Optional.java:403) ~[?:?]
	at net.minecraft.util.GsonHelper.m_13874_(GsonHelper.java:145) ~[server-1.20.1-20230612.114412-srg.jar%23269!/:?]
	at net.minecraft.util.GsonHelper.m_13909_(GsonHelper.java:153) ~[server-1.20.1-20230612.114412-srg.jar%23269!/:?]
	at net.minecraft.world.level.storage.loot.entries.LootItem$Serializer.m_7267_(LootItem.java:55) ~[server-1.20.1-20230612.114412-srg.jar%23269!/:?]
	at net.minecraft.world.level.storage.loot.entries.LootItem$Serializer.m_7267_(LootItem.java:40) ~[server-1.20.1-20230612.114412-srg.jar%23269!/:?]
	at net.minecraft.world.level.storage.loot.entries.LootPoolSingletonContainer$Serializer.m_5921_(LootPoolSingletonContainer.java:151) ~[server-1.20.1-20230612.114412-srg.jar%23269!/:?]
	at net.minecraft.world.level.storage.loot.entries.LootPoolSingletonContainer$Serializer.m_5921_(LootPoolSingletonContainer.java:129) ~[server-1.20.1-20230612.114412-srg.jar%23269!/:?]
	at net.minecraft.world.level.storage.loot.entries.LootPoolEntryContainer$Serializer.m_7561_(LootPoolEntryContainer.java:86) ~[server-1.20.1-20230612.114412-srg.jar%23269!/:?]
	at net.minecraft.world.level.storage.loot.entries.LootPoolEntryContainer$Serializer.m_7561_(LootPoolEntryContainer.java:74) ~[server-1.20.1-20230612.114412-srg.jar%23269!/:?]
	at net.minecraft.world.level.storage.loot.GsonAdapterFactory$JsonAdapter.deserialize(GsonAdapterFactory.java:102) ~[server-1.20.1-20230612.114412-srg.jar%23269!/:?]
	at com.google.gson.internal.bind.TreeTypeAdapter.read(TreeTypeAdapter.java:76) ~[gson-2.10.jar%2372!/:?]
	at com.google.gson.internal.bind.TypeAdapterRuntimeTypeWrapper.read(TypeAdapterRuntimeTypeWrapper.java:40) ~[gson-2.10.jar%2372!/:?]
	at com.google.gson.internal.bind.ArrayTypeAdapter.read(ArrayTypeAdapter.java:72) ~[gson-2.10.jar%2372!/:?]
	at com.google.gson.Gson.fromJson(Gson.java:1214) ~[gson-2.10.jar%2372!/:?]
	at com.google.gson.Gson.fromJson(Gson.java:1319) ~[gson-2.10.jar%2372!/:?]
	at com.google.gson.Gson.fromJson(Gson.java:1290) ~[gson-2.10.jar%2372!/:?]
	at com.google.gson.internal.bind.TreeTypeAdapter$GsonContextImpl.deserialize(TreeTypeAdapter.java:179) ~[gson-2.10.jar%2372!/:?]
	at net.minecraft.util.GsonHelper.m_13808_(GsonHelper.java:463) ~[server-1.20.1-20230612.114412-srg.jar%23269!/:?]
	at net.minecraft.util.GsonHelper.m_13836_(GsonHelper.java:471) ~[server-1.20.1-20230612.114412-srg.jar%23269!/:?]
	at net.minecraft.world.level.storage.loot.LootPool$Serializer.deserialize(LootPool.java:192) ~[server-1.20.1-20230612.114412-srg.jar%23269!/:?]
	at net.minecraft.world.level.storage.loot.LootPool$Serializer.deserialize(LootPool.java:189) ~[server-1.20.1-20230612.114412-srg.jar%23269!/:?]
	at com.google.gson.internal.bind.TreeTypeAdapter.read(TreeTypeAdapter.java:76) ~[gson-2.10.jar%2372!/:?]
	at com.google.gson.internal.bind.TypeAdapterRuntimeTypeWrapper.read(TypeAdapterRuntimeTypeWrapper.java:40) ~[gson-2.10.jar%2372!/:?]
	at com.google.gson.internal.bind.ArrayTypeAdapter.read(ArrayTypeAdapter.java:72) ~[gson-2.10.jar%2372!/:?]
	at com.google.gson.Gson.fromJson(Gson.java:1214) ~[gson-2.10.jar%2372!/:?]
	at com.google.gson.Gson.fromJson(Gson.java:1319) ~[gson-2.10.jar%2372!/:?]
	at com.google.gson.Gson.fromJson(Gson.java:1290) ~[gson-2.10.jar%2372!/:?]
	at com.google.gson.internal.bind.TreeTypeAdapter$GsonContextImpl.deserialize(TreeTypeAdapter.java:179) ~[gson-2.10.jar%2372!/:?]
	at net.minecraft.util.GsonHelper.m_13808_(GsonHelper.java:463) ~[server-1.20.1-20230612.114412-srg.jar%23269!/:?]
	at net.minecraft.util.GsonHelper.m_13845_(GsonHelper.java:481) ~[server-1.20.1-20230612.114412-srg.jar%23269!/:?]
	at net.minecraft.world.level.storage.loot.LootTable$Serializer.deserialize(LootTable.java:294) ~[server-1.20.1-20230612.114412-srg.jar%23269!/:?]
	at net.minecraft.world.level.storage.loot.LootTable$Serializer.deserialize(LootTable.java:291) ~[server-1.20.1-20230612.114412-srg.jar%23269!/:?]
	at com.google.gson.internal.bind.TreeTypeAdapter.read(TreeTypeAdapter.java:76) ~[gson-2.10.jar%2372!/:?]
	at com.google.gson.Gson.fromJson(Gson.java:1214) ~[gson-2.10.jar%2372!/:?]
	at com.google.gson.Gson.fromJson(Gson.java:1319) ~[gson-2.10.jar%2372!/:?]
	at com.google.gson.Gson.fromJson(Gson.java:1261) ~[gson-2.10.jar%2372!/:?]
	at net.minecraftforge.common.ForgeHooks.loadLootTable(ForgeHooks.java:871) ~[forge-1.20.1-47.3.7-universal.jar%23274!/:?]
	at net.minecraftforge.common.ForgeHooks.lambda$getLootTableDeserializer$3(ForgeHooks.java:848) ~[forge-1.20.1-47.3.7-universal.jar%23274!/:?]
	at net.minecraft.world.level.storage.loot.LootDataType.deserialize(LootDataType.java:45) ~[server-1.20.1-20230612.114412-srg.jar%23269!/:?]
	at net.minecraft.world.level.storage.loot.LootDataManager.lambda$scheduleElementParse$4(LootDataManager.java:56) ~[server-1.20.1-20230612.114412-srg.jar%23269!/:?]
	at java.util.HashMap.forEach(HashMap.java:1421) ~[?:?]
	at net.minecraft.world.level.storage.loot.LootDataManager.m_278660_(LootDataManager.java:55) ~[server-1.20.1-20230612.114412-srg.jar%23269!/:?]
	at java.util.concurrent.CompletableFuture$AsyncRun.run(CompletableFuture.java:1804) ~[?:?]
	at java.util.concurrent.CompletableFuture$AsyncRun.exec(CompletableFuture.java:1796) ~[?:?]
	at java.util.concurrent.ForkJoinTask.doExec(ForkJoinTask.java:373) ~[?:?]
	at java.util.concurrent.ForkJoinPool$WorkQueue.topLevelExec(ForkJoinPool.java:1182) ~[?:?]
	at java.util.concurrent.ForkJoinPool.scan(ForkJoinPool.java:1655) ~[?:?]
	at java.util.concurrent.ForkJoinPool.runWorker(ForkJoinPool.java:1622) ~[?:?]
	at java.util.concurrent.ForkJoinWorkerThread.run(ForkJoinWorkerThread.java:165) ~[?:?]
[27Jul2025 02:14:45.592] [main/INFO] [com.teamabnormals.blueprint.core.Blueprint/]: Loot Modification Manager has loaded 0 modifier groups
[27Jul2025 02:14:45.682] [main/WARN] [net.minecraft.world.level.storage.loot.LootDataManager/]: Found loot table element validation problem in {loot_tables:minecraft:entities/panda}.pools[1].entries[0].functions[1]: Parameters [<parameter minecraft:tool>] are not provided in this context
[27Jul2025 02:14:45.683] [main/WARN] [net.minecraft.world.level.storage.loot.LootDataManager/]: Found loot table element validation problem in {loot_tables:born_in_chaos_v1:entities/pumpkinhead}.pools[1].entries[2].functions[1]: Parameters [<parameter minecraft:tool>] are not provided in this context
[27Jul2025 02:14:45.683] [main/WARN] [net.minecraft.world.level.storage.loot.LootDataManager/]: Found loot table element validation problem in {loot_tables:minecraft:entities/polar_bear}.pools[0].entries[1].functions[1]: Parameters [<parameter minecraft:tool>] are not provided in this context
[27Jul2025 02:14:45.683] [main/WARN] [net.minecraft.world.level.storage.loot.LootDataManager/]: Found loot table element validation problem in {loot_tables:minecraft:entities/polar_bear}.pools[1].entries[0].functions[1]: Parameters [<parameter minecraft:tool>] are not provided in this context
[27Jul2025 02:14:45.683] [main/WARN] [net.minecraft.world.level.storage.loot.LootDataManager/]: Found loot table element validation problem in {loot_tables:minecraft:entities/polar_bear}.pools[0].entries[0].functions[1]: Parameters [<parameter minecraft:tool>] are not provided in this context
[27Jul2025 02:14:45.683] [main/WARN] [net.minecraft.world.level.storage.loot.LootDataManager/]: Found loot table element validation problem in {loot_tables:born_in_chaos_v1:entities/pumpkinhead}.pools[1].entries[1].functions[1]: Parameters [<parameter minecraft:tool>] are not provided in this context
[27Jul2025 02:14:45.683] [main/WARN] [net.minecraft.world.level.storage.loot.LootDataManager/]: Found loot table element validation problem in {loot_tables:born_in_chaos_v1:entities/pumpkinhead}.pools[1].entries[0].functions[1]: Parameters [<parameter minecraft:tool>] are not provided in this context
[27Jul2025 02:14:45.732] [main/INFO] [net.minecraft.world.item.crafting.RecipeManager/]: Skipping loading recipe samurai_dynasty:source_gem_samruai_chestplate_ritual as it's serializer returned null
[27Jul2025 02:14:45.737] [main/INFO] [net.minecraft.world.item.crafting.RecipeManager/]: Skipping loading recipe samurai_dynasty:tyr_samurai_chestplate as it's serializer returned null
[27Jul2025 02:14:45.782] [main/INFO] [net.minecraft.world.item.crafting.RecipeManager/]: Skipping loading recipe samurai_dynasty:living_samruai_chestplate_array as it's serializer returned null
[27Jul2025 02:14:45.783] [main/INFO] [net.minecraft.world.item.crafting.RecipeManager/]: Skipping loading recipe ec_es_plugin:steel_bow_120_smithing_singleton as it's serializer returned null
[27Jul2025 02:14:45.805] [main/ERROR] [net.minecraft.world.item.crafting.RecipeManager/]: Parsing error loading recipe legendary_monsters:ender_hammer
com.google.gson.JsonSyntaxException: Unknown item 'legendary_monsters:ender_hammer'
	at net.minecraftforge.common.crafting.CraftingHelper.getItem(CraftingHelper.java:160) ~[forge-1.20.1-47.3.7-universal.jar%23274!/:?]
	at net.minecraftforge.common.crafting.CraftingHelper.getItemStack(CraftingHelper.java:186) ~[forge-1.20.1-47.3.7-universal.jar%23274!/:?]
	at net.minecraft.world.item.crafting.ShapedRecipe.m_151274_(ShapedRecipe.java:286) ~[server-1.20.1-20230612.114412-srg.jar%23269!/:?]
	at net.minecraft.world.item.crafting.ShapedRecipe$Serializer.m_6729_(ShapedRecipe.java:311) ~[server-1.20.1-20230612.114412-srg.jar%23269!/:?]
	at net.minecraft.world.item.crafting.ShapedRecipe$Serializer.m_6729_(ShapedRecipe.java:301) ~[server-1.20.1-20230612.114412-srg.jar%23269!/:?]
	at net.minecraftforge.common.extensions.IForgeRecipeSerializer.fromJson(IForgeRecipeSerializer.java:23) ~[forge-1.20.1-47.3.7-universal.jar%23274!/:?]
	at net.minecraft.world.item.crafting.RecipeManager.fromJson(RecipeManager.java:171) ~[server-1.20.1-20230612.114412-srg.jar%23269!/:?]
	at net.minecraft.world.item.crafting.RecipeManager.m_5787_(RecipeManager.java:67) ~[server-1.20.1-20230612.114412-srg.jar%23269!/:?]
	at net.minecraft.world.item.crafting.RecipeManager.m_5787_(RecipeManager.java:34) ~[server-1.20.1-20230612.114412-srg.jar%23269!/:?]
	at net.minecraft.server.packs.resources.SimplePreparableReloadListener.m_10789_(SimplePreparableReloadListener.java:13) ~[server-1.20.1-20230612.114412-srg.jar%23269!/:?]
	at java.util.concurrent.CompletableFuture$UniAccept.tryFire(CompletableFuture.java:718) ~[?:?]
	at java.util.concurrent.CompletableFuture$Completion.run(CompletableFuture.java:482) ~[?:?]
	at net.minecraft.server.packs.resources.SimpleReloadInstance.m_143940_(SimpleReloadInstance.java:69) ~[server-1.20.1-20230612.114412-srg.jar%23269!/:?]
	at net.minecraft.Util.m_214652_(Util.java:783) ~[server-1.20.1-20230612.114412-srg.jar%23269!/:?]
	at net.minecraft.Util.m_214679_(Util.java:772) ~[server-1.20.1-20230612.114412-srg.jar%23269!/:?]
	at net.minecraft.server.Main.main(Main.java:166) ~[server-1.20.1-20230612.114412-srg.jar%23269!/:?]
	at jdk.internal.reflect.NativeMethodAccessorImpl.invoke0(Native Method) ~[?:?]
	at jdk.internal.reflect.NativeMethodAccessorImpl.invoke(NativeMethodAccessorImpl.java:77) ~[?:?]
	at jdk.internal.reflect.DelegatingMethodAccessorImpl.invoke(DelegatingMethodAccessorImpl.java:43) ~[?:?]
	at java.lang.reflect.Method.invoke(Method.java:569) ~[?:?]
	at net.minecraftforge.fml.loading.targets.CommonLaunchHandler.runTarget(CommonLaunchHandler.java:111) ~[fmlloader-1.20.1-47.3.7.jar%2369!/:?]
	at net.minecraftforge.fml.loading.targets.CommonLaunchHandler.serverService(CommonLaunchHandler.java:103) ~[fmlloader-1.20.1-47.3.7.jar%2369!/:?]
	at net.minecraftforge.fml.loading.targets.CommonServerLaunchHandler.lambda$makeService$0(CommonServerLaunchHandler.java:27) ~[fmlloader-1.20.1-47.3.7.jar%2369!/:?]
	at cpw.mods.modlauncher.LaunchServiceHandlerDecorator.launch(LaunchServiceHandlerDecorator.java:30) ~[modlauncher-10.0.9.jar%2355!/:?]
	at cpw.mods.modlauncher.LaunchServiceHandler.launch(LaunchServiceHandler.java:53) ~[modlauncher-10.0.9.jar%2355!/:?]
	at cpw.mods.modlauncher.LaunchServiceHandler.launch(LaunchServiceHandler.java:71) ~[modlauncher-10.0.9.jar%2355!/:?]
	at cpw.mods.modlauncher.Launcher.run(Launcher.java:108) ~[modlauncher-10.0.9.jar%2355!/:?]
	at cpw.mods.modlauncher.Launcher.main(Launcher.java:78) ~[modlauncher-10.0.9.jar%2355!/:?]
	at cpw.mods.modlauncher.BootstrapLaunchConsumer.accept(BootstrapLaunchConsumer.java:26) ~[modlauncher-10.0.9.jar%2355!/:?]
	at cpw.mods.modlauncher.BootstrapLaunchConsumer.accept(BootstrapLaunchConsumer.java:23) ~[modlauncher-10.0.9.jar%2355!/:?]
	at cpw.mods.bootstraplauncher.BootstrapLauncher.main(BootstrapLauncher.java:141) ~[bootstraplauncher-1.1.2.jar:?]
[27Jul2025 02:14:45.807] [main/INFO] [net.minecraft.world.item.crafting.RecipeManager/]: Skipping loading recipe samurai_dynasty:source_gem_samruai_leggings_ritual as it's serializer returned null
[27Jul2025 02:14:45.827] [main/INFO] [net.minecraft.world.item.crafting.RecipeManager/]: Skipping loading recipe ec_es_plugin:steel_arrow_variable_fletching as it's serializer returned null
[27Jul2025 02:14:45.893] [main/INFO] [net.minecraft.world.item.crafting.RecipeManager/]: Skipping loading recipe expanded_combat:diamond_arrow_120_smithing as it's serializer returned null
[27Jul2025 02:14:45.909] [main/INFO] [net.minecraft.world.item.crafting.RecipeManager/]: Skipping loading recipe ec_es_plugin:netherite_ninja_gauntlet_shaped as it's serializer returned null
[27Jul2025 02:14:45.942] [main/INFO] [net.minecraft.world.item.crafting.RecipeManager/]: Skipping loading recipe expanded_combat:iron_crossbow_120_smithing as it's serializer returned null
[27Jul2025 02:14:45.964] [main/INFO] [net.minecraft.world.item.crafting.RecipeManager/]: Skipping loading recipe samurai_dynasty:living_samruai_leggings_array as it's serializer returned null
[27Jul2025 02:14:45.987] [main/ERROR] [net.minecraft.world.item.crafting.RecipeManager/]: Parsing error loading recipe soulsweapons:frenzied_shade_disc
com.google.gson.JsonSyntaxException: Unknown item 'soulsweapons:frenzied_shade_disc'
	at net.minecraftforge.common.crafting.CraftingHelper.getItem(CraftingHelper.java:160) ~[forge-1.20.1-47.3.7-universal.jar%23274!/:?]
	at net.minecraftforge.common.crafting.CraftingHelper.getItemStack(CraftingHelper.java:186) ~[forge-1.20.1-47.3.7-universal.jar%23274!/:?]
	at net.minecraft.world.item.crafting.ShapedRecipe.m_151274_(ShapedRecipe.java:286) ~[server-1.20.1-20230612.114412-srg.jar%23269!/:?]
	at net.minecraft.world.item.crafting.ShapedRecipe$Serializer.m_6729_(ShapedRecipe.java:311) ~[server-1.20.1-20230612.114412-srg.jar%23269!/:?]
	at net.minecraft.world.item.crafting.ShapedRecipe$Serializer.m_6729_(ShapedRecipe.java:301) ~[server-1.20.1-20230612.114412-srg.jar%23269!/:?]
	at net.minecraftforge.common.extensions.IForgeRecipeSerializer.fromJson(IForgeRecipeSerializer.java:23) ~[forge-1.20.1-47.3.7-universal.jar%23274!/:?]
	at net.minecraft.world.item.crafting.RecipeManager.fromJson(RecipeManager.java:171) ~[server-1.20.1-20230612.114412-srg.jar%23269!/:?]
	at net.minecraft.world.item.crafting.RecipeManager.m_5787_(RecipeManager.java:67) ~[server-1.20.1-20230612.114412-srg.jar%23269!/:?]
	at net.minecraft.world.item.crafting.RecipeManager.m_5787_(RecipeManager.java:34) ~[server-1.20.1-20230612.114412-srg.jar%23269!/:?]
	at net.minecraft.server.packs.resources.SimplePreparableReloadListener.m_10789_(SimplePreparableReloadListener.java:13) ~[server-1.20.1-20230612.114412-srg.jar%23269!/:?]
	at java.util.concurrent.CompletableFuture$UniAccept.tryFire(CompletableFuture.java:718) ~[?:?]
	at java.util.concurrent.CompletableFuture$Completion.run(CompletableFuture.java:482) ~[?:?]
	at net.minecraft.server.packs.resources.SimpleReloadInstance.m_143940_(SimpleReloadInstance.java:69) ~[server-1.20.1-20230612.114412-srg.jar%23269!/:?]
	at net.minecraft.Util.m_214652_(Util.java:783) ~[server-1.20.1-20230612.114412-srg.jar%23269!/:?]
	at net.minecraft.Util.m_214679_(Util.java:772) ~[server-1.20.1-20230612.114412-srg.jar%23269!/:?]
	at net.minecraft.server.Main.main(Main.java:166) ~[server-1.20.1-20230612.114412-srg.jar%23269!/:?]
	at jdk.internal.reflect.NativeMethodAccessorImpl.invoke0(Native Method) ~[?:?]
	at jdk.internal.reflect.NativeMethodAccessorImpl.invoke(NativeMethodAccessorImpl.java:77) ~[?:?]
	at jdk.internal.reflect.DelegatingMethodAccessorImpl.invoke(DelegatingMethodAccessorImpl.java:43) ~[?:?]
	at java.lang.reflect.Method.invoke(Method.java:569) ~[?:?]
	at net.minecraftforge.fml.loading.targets.CommonLaunchHandler.runTarget(CommonLaunchHandler.java:111) ~[fmlloader-1.20.1-47.3.7.jar%2369!/:?]
	at net.minecraftforge.fml.loading.targets.CommonLaunchHandler.serverService(CommonLaunchHandler.java:103) ~[fmlloader-1.20.1-47.3.7.jar%2369!/:?]
	at net.minecraftforge.fml.loading.targets.CommonServerLaunchHandler.lambda$makeService$0(CommonServerLaunchHandler.java:27) ~[fmlloader-1.20.1-47.3.7.jar%2369!/:?]
	at cpw.mods.modlauncher.LaunchServiceHandlerDecorator.launch(LaunchServiceHandlerDecorator.java:30) ~[modlauncher-10.0.9.jar%2355!/:?]
	at cpw.mods.modlauncher.LaunchServiceHandler.launch(LaunchServiceHandler.java:53) ~[modlauncher-10.0.9.jar%2355!/:?]
	at cpw.mods.modlauncher.LaunchServiceHandler.launch(LaunchServiceHandler.java:71) ~[modlauncher-10.0.9.jar%2355!/:?]
	at cpw.mods.modlauncher.Launcher.run(Launcher.java:108) ~[modlauncher-10.0.9.jar%2355!/:?]
	at cpw.mods.modlauncher.Launcher.main(Launcher.java:78) ~[modlauncher-10.0.9.jar%2355!/:?]
	at cpw.mods.modlauncher.BootstrapLaunchConsumer.accept(BootstrapLaunchConsumer.java:26) ~[modlauncher-10.0.9.jar%2355!/:?]
	at cpw.mods.modlauncher.BootstrapLaunchConsumer.accept(BootstrapLaunchConsumer.java:23) ~[modlauncher-10.0.9.jar%2355!/:?]
	at cpw.mods.bootstraplauncher.BootstrapLauncher.main(BootstrapLauncher.java:141) ~[bootstraplauncher-1.1.2.jar:?]
[27Jul2025 02:14:46.007] [main/INFO] [net.minecraft.world.item.crafting.RecipeManager/]: Skipping loading recipe expanded_combat:diamond_arrow_variable_fletching as it's serializer returned null
[27Jul2025 02:14:46.011] [main/INFO] [net.minecraft.world.item.crafting.RecipeManager/]: Skipping loading recipe samurai_dynasty:draco_samurai_chestplate as it's serializer returned null
[27Jul2025 02:14:46.023] [main/INFO] [net.minecraft.world.item.crafting.RecipeManager/]: Skipping loading recipe expanded_combat:netherite_crossbow_shaped as it's serializer returned null
[27Jul2025 02:14:46.024] [main/INFO] [net.minecraft.world.item.crafting.RecipeManager/]: Skipping loading recipe samurai_dynasty:neptunium_samurai_boots as it's serializer returned null
[27Jul2025 02:14:46.026] [main/INFO] [net.minecraft.world.item.crafting.RecipeManager/]: Skipping loading recipe samurai_dynasty:draco_samurai_boots as it's serializer returned null
[27Jul2025 02:14:46.061] [main/INFO] [net.minecraft.world.item.crafting.RecipeManager/]: Skipping loading recipe samurai_dynasty:source_gem_samruai_helmet_ritual as it's serializer returned null
[27Jul2025 02:14:46.071] [main/INFO] [net.minecraft.world.item.crafting.RecipeManager/]: Skipping loading recipe samurai_dynasty:neptunium_samurai_leggings as it's serializer returned null
[27Jul2025 02:14:46.080] [main/INFO] [net.minecraft.world.item.crafting.RecipeManager/]: Skipping loading recipe samurai_dynasty:tyr_samurai_leggings as it's serializer returned null
[27Jul2025 02:14:46.090] [main/ERROR] [net.minecraft.world.item.crafting.RecipeManager/]: Parsing error loading recipe samurai_dynasty:mask_netherite_samurai_helmet
com.google.gson.JsonSyntaxException: Unknown item 'samurai_dynasty:mask_netherite_samurai_helmet'
	at net.minecraftforge.common.crafting.CraftingHelper.getItem(CraftingHelper.java:160) ~[forge-1.20.1-47.3.7-universal.jar%23274!/:?]
	at net.minecraftforge.common.crafting.CraftingHelper.getItemStack(CraftingHelper.java:186) ~[forge-1.20.1-47.3.7-universal.jar%23274!/:?]
	at net.minecraft.world.item.crafting.ShapedRecipe.m_151274_(ShapedRecipe.java:286) ~[server-1.20.1-20230612.114412-srg.jar%23269!/:?]
	at net.minecraft.world.item.crafting.ShapelessRecipe$Serializer.m_6729_(ShapelessRecipe.java:95) ~[server-1.20.1-20230612.114412-srg.jar%23269!/:?]
	at net.minecraft.world.item.crafting.ShapelessRecipe$Serializer.m_6729_(ShapelessRecipe.java:84) ~[server-1.20.1-20230612.114412-srg.jar%23269!/:?]
	at net.minecraftforge.common.extensions.IForgeRecipeSerializer.fromJson(IForgeRecipeSerializer.java:23) ~[forge-1.20.1-47.3.7-universal.jar%23274!/:?]
	at net.minecraft.world.item.crafting.RecipeManager.fromJson(RecipeManager.java:171) ~[server-1.20.1-20230612.114412-srg.jar%23269!/:?]
	at net.minecraft.world.item.crafting.RecipeManager.m_5787_(RecipeManager.java:67) ~[server-1.20.1-20230612.114412-srg.jar%23269!/:?]
	at net.minecraft.world.item.crafting.RecipeManager.m_5787_(RecipeManager.java:34) ~[server-1.20.1-20230612.114412-srg.jar%23269!/:?]
	at net.minecraft.server.packs.resources.SimplePreparableReloadListener.m_10789_(SimplePreparableReloadListener.java:13) ~[server-1.20.1-20230612.114412-srg.jar%23269!/:?]
	at java.util.concurrent.CompletableFuture$UniAccept.tryFire(CompletableFuture.java:718) ~[?:?]
	at java.util.concurrent.CompletableFuture$Completion.run(CompletableFuture.java:482) ~[?:?]
	at net.minecraft.server.packs.resources.SimpleReloadInstance.m_143940_(SimpleReloadInstance.java:69) ~[server-1.20.1-20230612.114412-srg.jar%23269!/:?]
	at net.minecraft.Util.m_214652_(Util.java:783) ~[server-1.20.1-20230612.114412-srg.jar%23269!/:?]
	at net.minecraft.Util.m_214679_(Util.java:772) ~[server-1.20.1-20230612.114412-srg.jar%23269!/:?]
	at net.minecraft.server.Main.main(Main.java:166) ~[server-1.20.1-20230612.114412-srg.jar%23269!/:?]
	at jdk.internal.reflect.NativeMethodAccessorImpl.invoke0(Native Method) ~[?:?]
	at jdk.internal.reflect.NativeMethodAccessorImpl.invoke(NativeMethodAccessorImpl.java:77) ~[?:?]
	at jdk.internal.reflect.DelegatingMethodAccessorImpl.invoke(DelegatingMethodAccessorImpl.java:43) ~[?:?]
	at java.lang.reflect.Method.invoke(Method.java:569) ~[?:?]
	at net.minecraftforge.fml.loading.targets.CommonLaunchHandler.runTarget(CommonLaunchHandler.java:111) ~[fmlloader-1.20.1-47.3.7.jar%2369!/:?]
	at net.minecraftforge.fml.loading.targets.CommonLaunchHandler.serverService(CommonLaunchHandler.java:103) ~[fmlloader-1.20.1-47.3.7.jar%2369!/:?]
	at net.minecraftforge.fml.loading.targets.CommonServerLaunchHandler.lambda$makeService$0(CommonServerLaunchHandler.java:27) ~[fmlloader-1.20.1-47.3.7.jar%2369!/:?]
	at cpw.mods.modlauncher.LaunchServiceHandlerDecorator.launch(LaunchServiceHandlerDecorator.java:30) ~[modlauncher-10.0.9.jar%2355!/:?]
	at cpw.mods.modlauncher.LaunchServiceHandler.launch(LaunchServiceHandler.java:53) ~[modlauncher-10.0.9.jar%2355!/:?]
	at cpw.mods.modlauncher.LaunchServiceHandler.launch(LaunchServiceHandler.java:71) ~[modlauncher-10.0.9.jar%2355!/:?]
	at cpw.mods.modlauncher.Launcher.run(Launcher.java:108) ~[modlauncher-10.0.9.jar%2355!/:?]
	at cpw.mods.modlauncher.Launcher.main(Launcher.java:78) ~[modlauncher-10.0.9.jar%2355!/:?]
	at cpw.mods.modlauncher.BootstrapLaunchConsumer.accept(BootstrapLaunchConsumer.java:26) ~[modlauncher-10.0.9.jar%2355!/:?]
	at cpw.mods.modlauncher.BootstrapLaunchConsumer.accept(BootstrapLaunchConsumer.java:23) ~[modlauncher-10.0.9.jar%2355!/:?]
	at cpw.mods.bootstraplauncher.BootstrapLauncher.main(BootstrapLauncher.java:141) ~[bootstraplauncher-1.1.2.jar:?]
[27Jul2025 02:14:46.096] [main/INFO] [net.minecraft.world.item.crafting.RecipeManager/]: Skipping loading recipe expanded_combat:netherite_bow_120_smithing as it's serializer returned null
[27Jul2025 02:14:46.115] [main/INFO] [net.minecraft.world.item.crafting.RecipeManager/]: Skipping loading recipe samurai_dynasty:source_gem_samruai_boots_ritual as it's serializer returned null
[27Jul2025 02:14:46.115] [main/INFO] [net.minecraft.world.item.crafting.RecipeManager/]: Skipping loading recipe samurai_dynasty:etyrite_samruai_leggings_smithing as it's serializer returned null
[27Jul2025 02:14:46.122] [main/INFO] [net.minecraft.world.item.crafting.RecipeManager/]: Skipping loading recipe ec_es_plugin:steel_crossbow_120_smithing as it's serializer returned null
[27Jul2025 02:14:46.123] [main/INFO] [net.minecraft.world.item.crafting.RecipeManager/]: Skipping loading recipe expanded_combat:gold_bow_120_smithing_singleton as it's serializer returned null
[27Jul2025 02:14:46.128] [main/INFO] [net.minecraft.world.item.crafting.RecipeManager/]: Skipping loading recipe ec_es_plugin:amethyst_coated_steel_arrow_120_smithing as it's serializer returned null
[27Jul2025 02:14:46.135] [main/INFO] [net.minecraft.world.item.crafting.RecipeManager/]: Skipping loading recipe samurai_dynasty:sculk_samruai_chestplate_smithing as it's serializer returned null
[27Jul2025 02:14:46.144] [main/INFO] [net.minecraft.world.item.crafting.RecipeManager/]: Skipping loading recipe samurai_dynasty:draco_samurai_helmet as it's serializer returned null
[27Jul2025 02:14:46.169] [main/ERROR] [net.minecraft.world.item.crafting.RecipeManager/]: Parsing error loading recipe samurai_dynasty:samurai_guide
com.google.gson.JsonSyntaxException: Unknown item 'patchouli:guide_book'
	at net.minecraftforge.common.crafting.CraftingHelper.getItem(CraftingHelper.java:160) ~[forge-1.20.1-47.3.7-universal.jar%23274!/:?]
	at net.minecraftforge.common.crafting.CraftingHelper.getItemStack(CraftingHelper.java:186) ~[forge-1.20.1-47.3.7-universal.jar%23274!/:?]
	at net.minecraft.world.item.crafting.ShapedRecipe.m_151274_(ShapedRecipe.java:286) ~[server-1.20.1-20230612.114412-srg.jar%23269!/:?]
	at net.minecraft.world.item.crafting.ShapedRecipe$Serializer.m_6729_(ShapedRecipe.java:311) ~[server-1.20.1-20230612.114412-srg.jar%23269!/:?]
	at net.minecraft.world.item.crafting.ShapedRecipe$Serializer.m_6729_(ShapedRecipe.java:301) ~[server-1.20.1-20230612.114412-srg.jar%23269!/:?]
	at net.minecraftforge.common.extensions.IForgeRecipeSerializer.fromJson(IForgeRecipeSerializer.java:23) ~[forge-1.20.1-47.3.7-universal.jar%23274!/:?]
	at net.minecraft.world.item.crafting.RecipeManager.fromJson(RecipeManager.java:171) ~[server-1.20.1-20230612.114412-srg.jar%23269!/:?]
	at net.minecraft.world.item.crafting.RecipeManager.m_5787_(RecipeManager.java:67) ~[server-1.20.1-20230612.114412-srg.jar%23269!/:?]
	at net.minecraft.world.item.crafting.RecipeManager.m_5787_(RecipeManager.java:34) ~[server-1.20.1-20230612.114412-srg.jar%23269!/:?]
	at net.minecraft.server.packs.resources.SimplePreparableReloadListener.m_10789_(SimplePreparableReloadListener.java:13) ~[server-1.20.1-20230612.114412-srg.jar%23269!/:?]
	at java.util.concurrent.CompletableFuture$UniAccept.tryFire(CompletableFuture.java:718) ~[?:?]
	at java.util.concurrent.CompletableFuture$Completion.run(CompletableFuture.java:482) ~[?:?]
	at net.minecraft.server.packs.resources.SimpleReloadInstance.m_143940_(SimpleReloadInstance.java:69) ~[server-1.20.1-20230612.114412-srg.jar%23269!/:?]
	at net.minecraft.Util.m_214652_(Util.java:783) ~[server-1.20.1-20230612.114412-srg.jar%23269!/:?]
	at net.minecraft.Util.m_214679_(Util.java:772) ~[server-1.20.1-20230612.114412-srg.jar%23269!/:?]
	at net.minecraft.server.Main.main(Main.java:166) ~[server-1.20.1-20230612.114412-srg.jar%23269!/:?]
	at jdk.internal.reflect.NativeMethodAccessorImpl.invoke0(Native Method) ~[?:?]
	at jdk.internal.reflect.NativeMethodAccessorImpl.invoke(NativeMethodAccessorImpl.java:77) ~[?:?]
	at jdk.internal.reflect.DelegatingMethodAccessorImpl.invoke(DelegatingMethodAccessorImpl.java:43) ~[?:?]
	at java.lang.reflect.Method.invoke(Method.java:569) ~[?:?]
	at net.minecraftforge.fml.loading.targets.CommonLaunchHandler.runTarget(CommonLaunchHandler.java:111) ~[fmlloader-1.20.1-47.3.7.jar%2369!/:?]
	at net.minecraftforge.fml.loading.targets.CommonLaunchHandler.serverService(CommonLaunchHandler.java:103) ~[fmlloader-1.20.1-47.3.7.jar%2369!/:?]
	at net.minecraftforge.fml.loading.targets.CommonServerLaunchHandler.lambda$makeService$0(CommonServerLaunchHandler.java:27) ~[fmlloader-1.20.1-47.3.7.jar%2369!/:?]
	at cpw.mods.modlauncher.LaunchServiceHandlerDecorator.launch(LaunchServiceHandlerDecorator.java:30) ~[modlauncher-10.0.9.jar%2355!/:?]
	at cpw.mods.modlauncher.LaunchServiceHandler.launch(LaunchServiceHandler.java:53) ~[modlauncher-10.0.9.jar%2355!/:?]
	at cpw.mods.modlauncher.LaunchServiceHandler.launch(LaunchServiceHandler.java:71) ~[modlauncher-10.0.9.jar%2355!/:?]
	at cpw.mods.modlauncher.Launcher.run(Launcher.java:108) ~[modlauncher-10.0.9.jar%2355!/:?]
	at cpw.mods.modlauncher.Launcher.main(Launcher.java:78) ~[modlauncher-10.0.9.jar%2355!/:?]
	at cpw.mods.modlauncher.BootstrapLaunchConsumer.accept(BootstrapLaunchConsumer.java:26) ~[modlauncher-10.0.9.jar%2355!/:?]
	at cpw.mods.modlauncher.BootstrapLaunchConsumer.accept(BootstrapLaunchConsumer.java:23) ~[modlauncher-10.0.9.jar%2355!/:?]
	at cpw.mods.bootstraplauncher.BootstrapLauncher.main(BootstrapLauncher.java:141) ~[bootstraplauncher-1.1.2.jar:?]
[27Jul2025 02:14:46.172] [main/INFO] [net.minecraft.world.item.crafting.RecipeManager/]: Skipping loading recipe expanded_combat:netherite_arrow_fletching as it's serializer returned null
[27Jul2025 02:14:46.180] [main/INFO] [net.minecraft.world.item.crafting.RecipeManager/]: Skipping loading recipe ec_es_plugin:steel_arrow_120_smithing as it's serializer returned null
[27Jul2025 02:14:46.182] [main/INFO] [net.minecraft.world.item.crafting.RecipeManager/]: Skipping loading recipe samurai_dynasty:neptunium_samurai_chestplate as it's serializer returned null
[27Jul2025 02:14:46.184] [main/INFO] [net.minecraft.world.item.crafting.RecipeManager/]: Skipping loading recipe samurai_dynasty:sculk_samruai_helmet_smithing as it's serializer returned null
[27Jul2025 02:14:46.185] [main/INFO] [net.minecraft.world.item.crafting.RecipeManager/]: Skipping loading recipe expanded_combat:netherite_arrow_shaped as it's serializer returned null
[27Jul2025 02:14:46.199] [main/INFO] [net.minecraft.world.item.crafting.RecipeManager/]: Skipping loading recipe samurai_dynasty:tyr_samurai_boots as it's serializer returned null
[27Jul2025 02:14:46.202] [main/INFO] [net.minecraft.world.item.crafting.RecipeManager/]: Skipping loading recipe samurai_dynasty:etyrite_samruai_chestplate_smithing as it's serializer returned null
[27Jul2025 02:14:46.203] [main/INFO] [net.minecraft.world.item.crafting.RecipeManager/]: Skipping loading recipe tconstruct:smeltery/alloys/molten_pewter as it's serializer returned null
[27Jul2025 02:14:46.205] [main/INFO] [net.minecraft.world.item.crafting.RecipeManager/]: Skipping loading recipe expanded_combat:diamond_crossbow_120_smithing as it's serializer returned null
[27Jul2025 02:14:46.218] [main/INFO] [net.minecraft.world.item.crafting.RecipeManager/]: Skipping loading recipe samurai_dynasty:sculk_samruai_leggings_smithing as it's serializer returned null
[27Jul2025 02:14:46.226] [main/INFO] [net.minecraft.world.item.crafting.RecipeManager/]: Skipping loading recipe samurai_dynasty:neptunium_samurai_helmet as it's serializer returned null
[27Jul2025 02:14:46.226] [main/INFO] [net.minecraft.world.item.crafting.RecipeManager/]: Skipping loading recipe expanded_combat:iron_bow_120_smithing_singleton as it's serializer returned null
[27Jul2025 02:14:46.236] [main/INFO] [net.minecraft.world.item.crafting.RecipeManager/]: Skipping loading recipe samurai_dynasty:etyrite_samruai_boots_smithing as it's serializer returned null
[27Jul2025 02:14:46.237] [main/ERROR] [net.minecraft.world.item.crafting.RecipeManager/]: Parsing error loading recipe samurai_dynasty:mask_straw_hat
com.google.gson.JsonSyntaxException: Unknown item 'samurai_dynasty:mask_straw_hat'
	at net.minecraftforge.common.crafting.CraftingHelper.getItem(CraftingHelper.java:160) ~[forge-1.20.1-47.3.7-universal.jar%23274!/:?]
	at net.minecraftforge.common.crafting.CraftingHelper.getItemStack(CraftingHelper.java:186) ~[forge-1.20.1-47.3.7-universal.jar%23274!/:?]
	at net.minecraft.world.item.crafting.ShapedRecipe.m_151274_(ShapedRecipe.java:286) ~[server-1.20.1-20230612.114412-srg.jar%23269!/:?]
	at net.minecraft.world.item.crafting.ShapelessRecipe$Serializer.m_6729_(ShapelessRecipe.java:95) ~[server-1.20.1-20230612.114412-srg.jar%23269!/:?]
	at net.minecraft.world.item.crafting.ShapelessRecipe$Serializer.m_6729_(ShapelessRecipe.java:84) ~[server-1.20.1-20230612.114412-srg.jar%23269!/:?]
	at net.minecraftforge.common.extensions.IForgeRecipeSerializer.fromJson(IForgeRecipeSerializer.java:23) ~[forge-1.20.1-47.3.7-universal.jar%23274!/:?]
	at net.minecraft.world.item.crafting.RecipeManager.fromJson(RecipeManager.java:171) ~[server-1.20.1-20230612.114412-srg.jar%23269!/:?]
	at net.minecraft.world.item.crafting.RecipeManager.m_5787_(RecipeManager.java:67) ~[server-1.20.1-20230612.114412-srg.jar%23269!/:?]
	at net.minecraft.world.item.crafting.RecipeManager.m_5787_(RecipeManager.java:34) ~[server-1.20.1-20230612.114412-srg.jar%23269!/:?]
	at net.minecraft.server.packs.resources.SimplePreparableReloadListener.m_10789_(SimplePreparableReloadListener.java:13) ~[server-1.20.1-20230612.114412-srg.jar%23269!/:?]
	at java.util.concurrent.CompletableFuture$UniAccept.tryFire(CompletableFuture.java:718) ~[?:?]
	at java.util.concurrent.CompletableFuture$Completion.run(CompletableFuture.java:482) ~[?:?]
	at net.minecraft.server.packs.resources.SimpleReloadInstance.m_143940_(SimpleReloadInstance.java:69) ~[server-1.20.1-20230612.114412-srg.jar%23269!/:?]
	at net.minecraft.Util.m_214652_(Util.java:783) ~[server-1.20.1-20230612.114412-srg.jar%23269!/:?]
	at net.minecraft.Util.m_214679_(Util.java:772) ~[server-1.20.1-20230612.114412-srg.jar%23269!/:?]
	at net.minecraft.server.Main.main(Main.java:166) ~[server-1.20.1-20230612.114412-srg.jar%23269!/:?]
	at jdk.internal.reflect.NativeMethodAccessorImpl.invoke0(Native Method) ~[?:?]
	at jdk.internal.reflect.NativeMethodAccessorImpl.invoke(NativeMethodAccessorImpl.java:77) ~[?:?]
	at jdk.internal.reflect.DelegatingMethodAccessorImpl.invoke(DelegatingMethodAccessorImpl.java:43) ~[?:?]
	at java.lang.reflect.Method.invoke(Method.java:569) ~[?:?]
	at net.minecraftforge.fml.loading.targets.CommonLaunchHandler.runTarget(CommonLaunchHandler.java:111) ~[fmlloader-1.20.1-47.3.7.jar%2369!/:?]
	at net.minecraftforge.fml.loading.targets.CommonLaunchHandler.serverService(CommonLaunchHandler.java:103) ~[fmlloader-1.20.1-47.3.7.jar%2369!/:?]
	at net.minecraftforge.fml.loading.targets.CommonServerLaunchHandler.lambda$makeService$0(CommonServerLaunchHandler.java:27) ~[fmlloader-1.20.1-47.3.7.jar%2369!/:?]
	at cpw.mods.modlauncher.LaunchServiceHandlerDecorator.launch(LaunchServiceHandlerDecorator.java:30) ~[modlauncher-10.0.9.jar%2355!/:?]
	at cpw.mods.modlauncher.LaunchServiceHandler.launch(LaunchServiceHandler.java:53) ~[modlauncher-10.0.9.jar%2355!/:?]
	at cpw.mods.modlauncher.LaunchServiceHandler.launch(LaunchServiceHandler.java:71) ~[modlauncher-10.0.9.jar%2355!/:?]
	at cpw.mods.modlauncher.Launcher.run(Launcher.java:108) ~[modlauncher-10.0.9.jar%2355!/:?]
	at cpw.mods.modlauncher.Launcher.main(Launcher.java:78) ~[modlauncher-10.0.9.jar%2355!/:?]
	at cpw.mods.modlauncher.BootstrapLaunchConsumer.accept(BootstrapLaunchConsumer.java:26) ~[modlauncher-10.0.9.jar%2355!/:?]
	at cpw.mods.modlauncher.BootstrapLaunchConsumer.accept(BootstrapLaunchConsumer.java:23) ~[modlauncher-10.0.9.jar%2355!/:?]
	at cpw.mods.bootstraplauncher.BootstrapLauncher.main(BootstrapLauncher.java:141) ~[bootstraplauncher-1.1.2.jar:?]
[27Jul2025 02:14:46.254] [main/INFO] [net.minecraft.world.item.crafting.RecipeManager/]: Skipping loading recipe expanded_combat:netherite_quiver_shaped as it's serializer returned null
[27Jul2025 02:14:46.260] [main/INFO] [net.minecraft.world.item.crafting.RecipeManager/]: Skipping loading recipe samurai_dynasty:dye_ars_nouveau_boots as it's serializer returned null
[27Jul2025 02:14:46.267] [main/INFO] [net.minecraft.world.item.crafting.RecipeManager/]: Skipping loading recipe expanded_combat:iron_arrow_120_smithing as it's serializer returned null
[27Jul2025 02:14:46.268] [main/ERROR] [net.minecraft.world.item.crafting.RecipeManager/]: Parsing error loading recipe samurai_dynasty:mask_amethyst_samurai_helmet
com.google.gson.JsonSyntaxException: Unknown item 'samurai_dynasty:mask_amethyst_samurai_helmet'
	at net.minecraftforge.common.crafting.CraftingHelper.getItem(CraftingHelper.java:160) ~[forge-1.20.1-47.3.7-universal.jar%23274!/:?]
	at net.minecraftforge.common.crafting.CraftingHelper.getItemStack(CraftingHelper.java:186) ~[forge-1.20.1-47.3.7-universal.jar%23274!/:?]
	at net.minecraft.world.item.crafting.ShapedRecipe.m_151274_(ShapedRecipe.java:286) ~[server-1.20.1-20230612.114412-srg.jar%23269!/:?]
	at net.minecraft.world.item.crafting.ShapelessRecipe$Serializer.m_6729_(ShapelessRecipe.java:95) ~[server-1.20.1-20230612.114412-srg.jar%23269!/:?]
	at net.minecraft.world.item.crafting.ShapelessRecipe$Serializer.m_6729_(ShapelessRecipe.java:84) ~[server-1.20.1-20230612.114412-srg.jar%23269!/:?]
	at net.minecraftforge.common.extensions.IForgeRecipeSerializer.fromJson(IForgeRecipeSerializer.java:23) ~[forge-1.20.1-47.3.7-universal.jar%23274!/:?]
	at net.minecraft.world.item.crafting.RecipeManager.fromJson(RecipeManager.java:171) ~[server-1.20.1-20230612.114412-srg.jar%23269!/:?]
	at net.minecraft.world.item.crafting.RecipeManager.m_5787_(RecipeManager.java:67) ~[server-1.20.1-20230612.114412-srg.jar%23269!/:?]
	at net.minecraft.world.item.crafting.RecipeManager.m_5787_(RecipeManager.java:34) ~[server-1.20.1-20230612.114412-srg.jar%23269!/:?]
	at net.minecraft.server.packs.resources.SimplePreparableReloadListener.m_10789_(SimplePreparableReloadListener.java:13) ~[server-1.20.1-20230612.114412-srg.jar%23269!/:?]
	at java.util.concurrent.CompletableFuture$UniAccept.tryFire(CompletableFuture.java:718) ~[?:?]
	at java.util.concurrent.CompletableFuture$Completion.run(CompletableFuture.java:482) ~[?:?]
	at net.minecraft.server.packs.resources.SimpleReloadInstance.m_143940_(SimpleReloadInstance.java:69) ~[server-1.20.1-20230612.114412-srg.jar%23269!/:?]
	at net.minecraft.Util.m_214652_(Util.java:783) ~[server-1.20.1-20230612.114412-srg.jar%23269!/:?]
	at net.minecraft.Util.m_214679_(Util.java:772) ~[server-1.20.1-20230612.114412-srg.jar%23269!/:?]
	at net.minecraft.server.Main.main(Main.java:166) ~[server-1.20.1-20230612.114412-srg.jar%23269!/:?]
	at jdk.internal.reflect.NativeMethodAccessorImpl.invoke0(Native Method) ~[?:?]
	at jdk.internal.reflect.NativeMethodAccessorImpl.invoke(NativeMethodAccessorImpl.java:77) ~[?:?]
	at jdk.internal.reflect.DelegatingMethodAccessorImpl.invoke(DelegatingMethodAccessorImpl.java:43) ~[?:?]
	at java.lang.reflect.Method.invoke(Method.java:569) ~[?:?]
	at net.minecraftforge.fml.loading.targets.CommonLaunchHandler.runTarget(CommonLaunchHandler.java:111) ~[fmlloader-1.20.1-47.3.7.jar%2369!/:?]
	at net.minecraftforge.fml.loading.targets.CommonLaunchHandler.serverService(CommonLaunchHandler.java:103) ~[fmlloader-1.20.1-47.3.7.jar%2369!/:?]
	at net.minecraftforge.fml.loading.targets.CommonServerLaunchHandler.lambda$makeService$0(CommonServerLaunchHandler.java:27) ~[fmlloader-1.20.1-47.3.7.jar%2369!/:?]
	at cpw.mods.modlauncher.LaunchServiceHandlerDecorator.launch(LaunchServiceHandlerDecorator.java:30) ~[modlauncher-10.0.9.jar%2355!/:?]
	at cpw.mods.modlauncher.LaunchServiceHandler.launch(LaunchServiceHandler.java:53) ~[modlauncher-10.0.9.jar%2355!/:?]
	at cpw.mods.modlauncher.LaunchServiceHandler.launch(LaunchServiceHandler.java:71) ~[modlauncher-10.0.9.jar%2355!/:?]
	at cpw.mods.modlauncher.Launcher.run(Launcher.java:108) ~[modlauncher-10.0.9.jar%2355!/:?]
	at cpw.mods.modlauncher.Launcher.main(Launcher.java:78) ~[modlauncher-10.0.9.jar%2355!/:?]
	at cpw.mods.modlauncher.BootstrapLaunchConsumer.accept(BootstrapLaunchConsumer.java:26) ~[modlauncher-10.0.9.jar%2355!/:?]
	at cpw.mods.modlauncher.BootstrapLaunchConsumer.accept(BootstrapLaunchConsumer.java:23) ~[modlauncher-10.0.9.jar%2355!/:?]
	at cpw.mods.bootstraplauncher.BootstrapLauncher.main(BootstrapLauncher.java:141) ~[bootstraplauncher-1.1.2.jar:?]
[27Jul2025 02:14:46.271] [main/INFO] [net.minecraft.world.item.crafting.RecipeManager/]: Skipping loading recipe samurai_dynasty:dye_ars_nouveau_chestplate as it's serializer returned null
[27Jul2025 02:14:46.272] [main/INFO] [net.minecraft.world.item.crafting.RecipeManager/]: Skipping loading recipe samurai_dynasty:tyr_samurai_helmet as it's serializer returned null
[27Jul2025 02:14:46.281] [main/INFO] [net.minecraft.world.item.crafting.RecipeManager/]: Skipping loading recipe samurai_dynasty:etyrite_samruai_helmet_smithing as it's serializer returned null
[27Jul2025 02:14:46.284] [main/INFO] [net.minecraft.world.item.crafting.RecipeManager/]: Skipping loading recipe samurai_dynasty:dye_ars_nouveau_helmet as it's serializer returned null
[27Jul2025 02:14:46.289] [main/INFO] [net.minecraft.world.item.crafting.RecipeManager/]: Skipping loading recipe samurai_dynasty:sculk_samruai_boots_smithing as it's serializer returned null
[27Jul2025 02:14:46.291] [main/INFO] [net.minecraft.world.item.crafting.RecipeManager/]: Skipping loading recipe expanded_combat:gold_crossbow_120_smithing as it's serializer returned null
[27Jul2025 02:14:46.300] [main/INFO] [net.minecraft.world.item.crafting.RecipeManager/]: Skipping loading recipe expanded_combat:netherite_gauntlet_shaped as it's serializer returned null
[27Jul2025 02:14:46.300] [main/INFO] [net.minecraft.world.item.crafting.RecipeManager/]: Skipping loading recipe samurai_dynasty:dye_ars_nouveau_leggings as it's serializer returned null
[27Jul2025 02:14:46.305] [main/INFO] [net.minecraft.world.item.crafting.RecipeManager/]: Skipping loading recipe samurai_dynasty:draco_samurai_leggings as it's serializer returned null
[27Jul2025 02:14:46.323] [main/INFO] [net.minecraft.world.item.crafting.RecipeManager/]: Skipping loading recipe expanded_combat:diamond_bow_120_smithing_singleton as it's serializer returned null
[27Jul2025 02:14:46.324] [main/INFO] [net.minecraft.world.item.crafting.RecipeManager/]: Skipping loading recipe expanded_combat:iron_arrow_variable_fletching as it's serializer returned null
[27Jul2025 02:14:46.324] [main/INFO] [net.minecraft.world.item.crafting.RecipeManager/]: Skipping loading recipe ec_es_plugin:amethyst_coated_steel_arrow_variable_fletching as it's serializer returned null
[27Jul2025 02:14:46.325] [main/ERROR] [net.minecraft.world.item.crafting.RecipeManager/]: Parsing error loading recipe samurai_dynasty:mask_quartz_samurai_helmet
com.google.gson.JsonSyntaxException: Unknown item 'samurai_dynasty:mask_quartz_samurai_helmet'
	at net.minecraftforge.common.crafting.CraftingHelper.getItem(CraftingHelper.java:160) ~[forge-1.20.1-47.3.7-universal.jar%23274!/:?]
	at net.minecraftforge.common.crafting.CraftingHelper.getItemStack(CraftingHelper.java:186) ~[forge-1.20.1-47.3.7-universal.jar%23274!/:?]
	at net.minecraft.world.item.crafting.ShapedRecipe.m_151274_(ShapedRecipe.java:286) ~[server-1.20.1-20230612.114412-srg.jar%23269!/:?]
	at net.minecraft.world.item.crafting.ShapelessRecipe$Serializer.m_6729_(ShapelessRecipe.java:95) ~[server-1.20.1-20230612.114412-srg.jar%23269!/:?]
	at net.minecraft.world.item.crafting.ShapelessRecipe$Serializer.m_6729_(ShapelessRecipe.java:84) ~[server-1.20.1-20230612.114412-srg.jar%23269!/:?]
	at net.minecraftforge.common.extensions.IForgeRecipeSerializer.fromJson(IForgeRecipeSerializer.java:23) ~[forge-1.20.1-47.3.7-universal.jar%23274!/:?]
	at net.minecraft.world.item.crafting.RecipeManager.fromJson(RecipeManager.java:171) ~[server-1.20.1-20230612.114412-srg.jar%23269!/:?]
	at net.minecraft.world.item.crafting.RecipeManager.m_5787_(RecipeManager.java:67) ~[server-1.20.1-20230612.114412-srg.jar%23269!/:?]
	at net.minecraft.world.item.crafting.RecipeManager.m_5787_(RecipeManager.java:34) ~[server-1.20.1-20230612.114412-srg.jar%23269!/:?]
	at net.minecraft.server.packs.resources.SimplePreparableReloadListener.m_10789_(SimplePreparableReloadListener.java:13) ~[server-1.20.1-20230612.114412-srg.jar%23269!/:?]
	at java.util.concurrent.CompletableFuture$UniAccept.tryFire(CompletableFuture.java:718) ~[?:?]
	at java.util.concurrent.CompletableFuture$Completion.run(CompletableFuture.java:482) ~[?:?]
	at net.minecraft.server.packs.resources.SimpleReloadInstance.m_143940_(SimpleReloadInstance.java:69) ~[server-1.20.1-20230612.114412-srg.jar%23269!/:?]
	at net.minecraft.Util.m_214652_(Util.java:783) ~[server-1.20.1-20230612.114412-srg.jar%23269!/:?]
	at net.minecraft.Util.m_214679_(Util.java:772) ~[server-1.20.1-20230612.114412-srg.jar%23269!/:?]
	at net.minecraft.server.Main.main(Main.java:166) ~[server-1.20.1-20230612.114412-srg.jar%23269!/:?]
	at jdk.internal.reflect.NativeMethodAccessorImpl.invoke0(Native Method) ~[?:?]
	at jdk.internal.reflect.NativeMethodAccessorImpl.invoke(NativeMethodAccessorImpl.java:77) ~[?:?]
	at jdk.internal.reflect.DelegatingMethodAccessorImpl.invoke(DelegatingMethodAccessorImpl.java:43) ~[?:?]
	at java.lang.reflect.Method.invoke(Method.java:569) ~[?:?]
	at net.minecraftforge.fml.loading.targets.CommonLaunchHandler.runTarget(CommonLaunchHandler.java:111) ~[fmlloader-1.20.1-47.3.7.jar%2369!/:?]
	at net.minecraftforge.fml.loading.targets.CommonLaunchHandler.serverService(CommonLaunchHandler.java:103) ~[fmlloader-1.20.1-47.3.7.jar%2369!/:?]
	at net.minecraftforge.fml.loading.targets.CommonServerLaunchHandler.lambda$makeService$0(CommonServerLaunchHandler.java:27) ~[fmlloader-1.20.1-47.3.7.jar%2369!/:?]
	at cpw.mods.modlauncher.LaunchServiceHandlerDecorator.launch(LaunchServiceHandlerDecorator.java:30) ~[modlauncher-10.0.9.jar%2355!/:?]
	at cpw.mods.modlauncher.LaunchServiceHandler.launch(LaunchServiceHandler.java:53) ~[modlauncher-10.0.9.jar%2355!/:?]
	at cpw.mods.modlauncher.LaunchServiceHandler.launch(LaunchServiceHandler.java:71) ~[modlauncher-10.0.9.jar%2355!/:?]
	at cpw.mods.modlauncher.Launcher.run(Launcher.java:108) ~[modlauncher-10.0.9.jar%2355!/:?]
	at cpw.mods.modlauncher.Launcher.main(Launcher.java:78) ~[modlauncher-10.0.9.jar%2355!/:?]
	at cpw.mods.modlauncher.BootstrapLaunchConsumer.accept(BootstrapLaunchConsumer.java:26) ~[modlauncher-10.0.9.jar%2355!/:?]
	at cpw.mods.modlauncher.BootstrapLaunchConsumer.accept(BootstrapLaunchConsumer.java:23) ~[modlauncher-10.0.9.jar%2355!/:?]
	at cpw.mods.bootstraplauncher.BootstrapLauncher.main(BootstrapLauncher.java:141) ~[bootstraplauncher-1.1.2.jar:?]
[27Jul2025 02:14:46.344] [main/INFO] [net.minecraft.world.item.crafting.RecipeManager/]: Skipping loading recipe samurai_dynasty:living_samruai_boots_helmet as it's serializer returned null
[27Jul2025 02:14:46.349] [main/INFO] [net.minecraft.world.item.crafting.RecipeManager/]: Skipping loading recipe samurai_dynasty:living_samruai_boots_array as it's serializer returned null
[27Jul2025 02:14:46.358] [main/INFO] [net.minecraft.world.item.crafting.RecipeManager/]: Loaded 53 recipes
[27Jul2025 02:14:46.358] [main/INFO] [com.teamabnormals.blueprint.core.Blueprint/]: Advancement Modification Manager has loaded 0 modifier groups
[27Jul2025 02:14:46.452] [main/ERROR] [net.minecraft.server.ServerAdvancementManager/]: Parsing error loading custom advancement spartanshields:recipes/basic_mekanists_tower_shield: Unknown item id 'mekanism:energy_tablet'
[27Jul2025 02:14:46.506] [main/ERROR] [net.minecraft.server.ServerAdvancementManager/]: Parsing error loading custom advancement spartanshields:recipes/dark_steel_riot_basic_shield: Unknown item id 'enderio:octadic_capacitor'
[27Jul2025 02:14:46.556] [main/ERROR] [net.minecraft.server.ServerAdvancementManager/]: Parsing error loading custom advancement spartanshields:recipes/dark_steel_riot_tower_shield: Unknown item id 'enderio:octadic_capacitor'
[27Jul2025 02:14:46.561] [main/ERROR] [net.minecraft.server.ServerAdvancementManager/]: Parsing error loading custom advancement spartanshields:recipes/basic_mekanists_basic_shield: Unknown item id 'mekanism:energy_tablet'
[27Jul2025 02:14:46.566] [main/ERROR] [net.minecraft.server.ServerAdvancementManager/]: Parsing error loading custom advancement legendary_monsters:defeat_ambusher: Expected item to be an item, was unknown string 'legendary_monsters:ancient_dripstone_shard'
[27Jul2025 02:14:46.602] [main/INFO] [net.minecraft.advancements.AdvancementList/]: Loaded 7122 advancements
[27Jul2025 02:14:46.637] [main/INFO] [com.teamabnormals.blueprint.core.Blueprint/]: Chunk Generator Modification Manager has loaded 0 modifier groups
[27Jul2025 02:14:46.672] [main/INFO] [slimeknights.tconstruct.library.materials.definition.MaterialManager/]: Loaded 59 materials in 5.33038 ms
[27Jul2025 02:14:46.677] [main/INFO] [slimeknights.tconstruct.library.materials.definition.MaterialManager/]: Loaded 9 material tags for 43 materials in 4.884179 ms
[27Jul2025 02:14:46.691] [main/INFO] [slimeknights.tconstruct.library.materials.stats.MaterialStatsManager/]: 412 stats loaded for 69 materials in 13.520968 ms
[27Jul2025 02:14:46.703] [main/INFO] [slimeknights.tconstruct.library.materials.traits.MaterialTraitsManager/]: 229 traits loaded for 69 materials in 11.993387 ms
[27Jul2025 02:14:46.762] [main/INFO] [slimeknights.tconstruct.library.modifiers.ModifierManager/]: Loaded 154 dynamic modifiers and 4 modifier redirects in 58.537346 ms
[27Jul2025 02:14:46.767] [main/INFO] [slimeknights.tconstruct.library.modifiers.ModifierManager/]: Loaded 42 modifier tags for 141 modifiers in 4.658058 ms
[27Jul2025 02:14:46.767] [main/INFO] [slimeknights.tconstruct.library.modifiers.ModifierManager/]: Loaded 50 enchantment to modifier mappings in 0.553281 ms
[27Jul2025 02:14:46.771] [main/INFO] [tconstruct/]: Loaded 49 spilling fluids in 3.448391 ms
[27Jul2025 02:14:46.782] [main/INFO] [top.theillusivec4.curios.Curios/]: Loaded 15 curio slots
[27Jul2025 02:14:46.791] [main/INFO] [top.theillusivec4.curios.Curios/]: Loaded 11 curio entities
[27Jul2025 02:14:46.793] [main/INFO] [slimeknights.mantle.fluid.transfer.FluidContainerTransferManager/]: Loaded 25 dynamic modifiers in 1.12647 ms
[27Jul2025 02:14:46.862] [main/INFO] [slimeknights.tconstruct.library.tools.definition.ToolDefinitionLoader/]: Loaded 38 tool definitions in 12.935794 ms
[27Jul2025 02:14:46.866] [main/INFO] [slimeknights.tconstruct.library.tools.layout.StationSlotLayoutLoader/]: Loaded 19 station slot layouts in 4.184371 ms
[27Jul2025 02:14:46.903] [main/WARN] [net.minecraft.core.MappedRegistry/]: Not all defined tags for registry ResourceKey[minecraft:root / minecraft:worldgen/biome] are present in data pack: minecraft:is_plains
[27Jul2025 02:14:53.539] [Server thread/INFO] [net.minecraft.server.dedicated.DedicatedServer/]: Starting minecraft server version 1.20.1
[27Jul2025 02:14:53.539] [Server thread/INFO] [net.minecraft.server.dedicated.DedicatedServer/]: Loading properties
[27Jul2025 02:14:53.539] [Server thread/INFO] [net.minecraft.server.dedicated.DedicatedServer/]: Default game type: SURVIVAL
[27Jul2025 02:14:53.540] [Server thread/INFO] [net.minecraft.server.MinecraftServer/]: Generating keypair
[27Jul2025 02:14:53.681] [Server thread/INFO] [net.minecraft.server.dedicated.DedicatedServer/]: Starting Minecraft server on *:25565
[27Jul2025 02:14:53.726] [Server thread/INFO] [net.minecraft.server.network.ServerConnectionListener/]: Using epoll channel type
[27Jul2025 02:14:53.817] [Server thread/WARN] [net.minecraft.server.dedicated.DedicatedServer/]: **** SERVER IS RUNNING IN OFFLINE/INSECURE MODE!
[27Jul2025 02:14:53.817] [Server thread/WARN] [net.minecraft.server.dedicated.DedicatedServer/]: The server will make no attempt to authenticate usernames. Beware.
[27Jul2025 02:14:53.817] [Server thread/WARN] [net.minecraft.server.dedicated.DedicatedServer/]: While this makes the game possible to play without internet access, it also opens up the ability for hackers to connect with any username they choose.
[27Jul2025 02:14:53.818] [Server thread/WARN] [net.minecraft.server.dedicated.DedicatedServer/]: To change this, set "online-mode" to "true" in the server.properties file.
[27Jul2025 02:14:53.833] [Server thread/WARN] [net.minecraftforge.common.ForgeConfigSpec/CORE]: Configuration file /workspaces/Minecraft/servidor_minecraft/config/mutantmonsters-server.toml is not correct. Correcting
[27Jul2025 02:14:53.833] [Server thread/WARN] [net.minecraftforge.common.ForgeConfigSpec/CORE]: Incorrect key endersoul_hand_teleport_distance was corrected from null to its default, 128. 
[27Jul2025 02:14:53.834] [Server thread/WARN] [net.minecraftforge.common.ForgeConfigSpec/CORE]: Incorrect key mutant_x_conversions was corrected from null to its default, [minecraft:creeper,mutantmonsters:mutant_creeper, minecraft:enderman,mutantmonsters:mutant_enderman, minecraft:skeleton,mutantmonsters:mutant_skeleton, minecraft:snow_golem,mutantmonsters:mutant_snow_golem, minecraft:zombie,mutantmonsters:mutant_zombie, minecraft:pig,mutantmonsters:spider_pig]. 
[27Jul2025 02:14:53.843] [Server thread/INFO] [Puzzles Lib/]: Loading server config for mutantmonsters
[27Jul2025 02:14:53.843] [Thread-2/INFO] [Puzzles Lib/]: Reloading server config for mutantmonsters
[27Jul2025 02:14:53.844] [Server thread/WARN] [net.minecraftforge.common.ForgeConfigSpec/CORE]: Configuration file ./world/serverconfig/jei-server.toml is not correct. Correcting
[27Jul2025 02:14:53.845] [Server thread/WARN] [net.minecraftforge.common.ForgeConfigSpec/CORE]: Incorrect key cheat mode was corrected from null to its default, SimpleCommentedConfig:{}. 
[27Jul2025 02:14:53.845] [Server thread/WARN] [net.minecraftforge.common.ForgeConfigSpec/CORE]: Incorrect key cheat mode.enableCheatModeForOp was corrected from null to its default, true. 
[27Jul2025 02:14:53.845] [Server thread/WARN] [net.minecraftforge.common.ForgeConfigSpec/CORE]: Incorrect key cheat mode.enableCheatModeForCreative was corrected from null to its default, true. 
[27Jul2025 02:14:53.845] [Server thread/WARN] [net.minecraftforge.common.ForgeConfigSpec/CORE]: Incorrect key cheat mode.enableCheatModeForGive was corrected from null to its default, false. 
[27Jul2025 02:14:53.846] [Server thread/WARN] [net.minecraftforge.common.ForgeConfigSpec/CORE]: Configuration file ./world/serverconfig/pehkui-server.toml is not correct. Correcting
[27Jul2025 02:14:53.846] [Server thread/WARN] [net.minecraftforge.common.ForgeConfigSpec/CORE]: Incorrect key server was corrected from null to its default, SimpleCommentedConfig:{}. 
[27Jul2025 02:14:53.847] [Server thread/WARN] [net.minecraftforge.common.ForgeConfigSpec/CORE]: Incorrect key server.scale_limits was corrected from null to its default, SimpleCommentedConfig:{}. 
[27Jul2025 02:14:53.847] [Server thread/WARN] [net.minecraftforge.common.ForgeConfigSpec/CORE]: Incorrect key server.scale_limits.base was corrected from null to its default, SimpleCommentedConfig:{}. 
[27Jul2025 02:14:53.847] [Server thread/WARN] [net.minecraftforge.common.ForgeConfigSpec/CORE]: Incorrect key server.scale_limits.base.minimum was corrected from null to its default, 1.2621774483536189E-29. 
[27Jul2025 02:14:53.847] [Server thread/WARN] [net.minecraftforge.common.ForgeConfigSpec/CORE]: Incorrect key server.scale_limits.base.maximum was corrected from null to its default, 3.4028234663852886E38. 
[27Jul2025 02:14:53.848] [Server thread/WARN] [net.minecraftforge.common.ForgeConfigSpec/CORE]: Incorrect key server.scale_limits.width was corrected from null to its default, SimpleCommentedConfig:{}. 
[27Jul2025 02:14:53.848] [Server thread/WARN] [net.minecraftforge.common.ForgeConfigSpec/CORE]: Incorrect key server.scale_limits.width.minimum was corrected from null to its default, 1.2621774483536189E-29. 
[27Jul2025 02:14:53.848] [Server thread/WARN] [net.minecraftforge.common.ForgeConfigSpec/CORE]: Incorrect key server.scale_limits.width.maximum was corrected from null to its default, 3.4028234663852886E38. 
[27Jul2025 02:14:53.849] [Server thread/WARN] [net.minecraftforge.common.ForgeConfigSpec/CORE]: Incorrect key server.scale_limits.height was corrected from null to its default, SimpleCommentedConfig:{}. 
[27Jul2025 02:14:53.849] [Server thread/WARN] [net.minecraftforge.common.ForgeConfigSpec/CORE]: Incorrect key server.scale_limits.height.minimum was corrected from null to its default, 1.2621774483536189E-29. 
[27Jul2025 02:14:53.849] [Server thread/WARN] [net.minecraftforge.common.ForgeConfigSpec/CORE]: Incorrect key server.scale_limits.height.maximum was corrected from null to its default, 3.4028234663852886E38. 
[27Jul2025 02:14:53.849] [Server thread/WARN] [net.minecraftforge.common.ForgeConfigSpec/CORE]: Incorrect key server.scale_limits.eye_height was corrected from null to its default, SimpleCommentedConfig:{}. 
[27Jul2025 02:14:53.849] [Server thread/WARN] [net.minecraftforge.common.ForgeConfigSpec/CORE]: Incorrect key server.scale_limits.eye_height.minimum was corrected from null to its default, 1.2621774483536189E-29. 
[27Jul2025 02:14:53.849] [Server thread/WARN] [net.minecraftforge.common.ForgeConfigSpec/CORE]: Incorrect key server.scale_limits.eye_height.maximum was corrected from null to its default, 3.4028234663852886E38. 
[27Jul2025 02:14:53.850] [Server thread/WARN] [net.minecraftforge.common.ForgeConfigSpec/CORE]: Incorrect key server.scale_limits.hitbox_width was corrected from null to its default, SimpleCommentedConfig:{}. 
[27Jul2025 02:14:53.850] [Server thread/WARN] [net.minecraftforge.common.ForgeConfigSpec/CORE]: Incorrect key server.scale_limits.hitbox_width.minimum was corrected from null to its default, 1.2621774483536189E-29. 
[27Jul2025 02:14:53.850] [Server thread/WARN] [net.minecraftforge.common.ForgeConfigSpec/CORE]: Incorrect key server.scale_limits.hitbox_width.maximum was corrected from null to its default, 3.4028234663852886E38. 
[27Jul2025 02:14:53.851] [Server thread/WARN] [net.minecraftforge.common.ForgeConfigSpec/CORE]: Incorrect key server.scale_limits.hitbox_height was corrected from null to its default, SimpleCommentedConfig:{}. 
[27Jul2025 02:14:53.851] [Server thread/WARN] [net.minecraftforge.common.ForgeConfigSpec/CORE]: Incorrect key server.scale_limits.hitbox_height.minimum was corrected from null to its default, 1.2621774483536189E-29. 
[27Jul2025 02:14:53.851] [Server thread/WARN] [net.minecraftforge.common.ForgeConfigSpec/CORE]: Incorrect key server.scale_limits.hitbox_height.maximum was corrected from null to its default, 3.4028234663852886E38. 
[27Jul2025 02:14:53.852] [Server thread/WARN] [net.minecraftforge.common.ForgeConfigSpec/CORE]: Incorrect key server.scale_limits.interaction_box_width was corrected from null to its default, SimpleCommentedConfig:{}. 
[27Jul2025 02:14:53.852] [Server thread/WARN] [net.minecraftforge.common.ForgeConfigSpec/CORE]: Incorrect key server.scale_limits.interaction_box_width.minimum was corrected from null to its default, 1.401298464324817E-45. 
[27Jul2025 02:14:53.853] [Server thread/WARN] [net.minecraftforge.common.ForgeConfigSpec/CORE]: Incorrect key server.scale_limits.interaction_box_width.maximum was corrected from null to its default, 3.4028234663852886E38. 
[27Jul2025 02:14:53.853] [Server thread/WARN] [net.minecraftforge.common.ForgeConfigSpec/CORE]: Incorrect key server.scale_limits.interaction_box_height was corrected from null to its default, SimpleCommentedConfig:{}. 
[27Jul2025 02:14:53.853] [Server thread/WARN] [net.minecraftforge.common.ForgeConfigSpec/CORE]: Incorrect key server.scale_limits.interaction_box_height.minimum was corrected from null to its default, 1.401298464324817E-45. 
[27Jul2025 02:14:53.853] [Server thread/WARN] [net.minecraftforge.common.ForgeConfigSpec/CORE]: Incorrect key server.scale_limits.interaction_box_height.maximum was corrected from null to its default, 3.4028234663852886E38. 
[27Jul2025 02:14:53.854] [Server thread/WARN] [net.minecraftforge.common.ForgeConfigSpec/CORE]: Incorrect key server.scale_limits.model_width was corrected from null to its default, SimpleCommentedConfig:{}. 
[27Jul2025 02:14:53.854] [Server thread/WARN] [net.minecraftforge.common.ForgeConfigSpec/CORE]: Incorrect key server.scale_limits.model_width.minimum was corrected from null to its default, 1.401298464324817E-45. 
[27Jul2025 02:14:53.854] [Server thread/WARN] [net.minecraftforge.common.ForgeConfigSpec/CORE]: Incorrect key server.scale_limits.model_width.maximum was corrected from null to its default, 3.4028234663852886E38. 
[27Jul2025 02:14:53.854] [Server thread/WARN] [net.minecraftforge.common.ForgeConfigSpec/CORE]: Incorrect key server.scale_limits.model_height was corrected from null to its default, SimpleCommentedConfig:{}. 
[27Jul2025 02:14:53.855] [Server thread/WARN] [net.minecraftforge.common.ForgeConfigSpec/CORE]: Incorrect key server.scale_limits.model_height.minimum was corrected from null to its default, 1.401298464324817E-45. 
[27Jul2025 02:14:53.855] [Server thread/WARN] [net.minecraftforge.common.ForgeConfigSpec/CORE]: Incorrect key server.scale_limits.model_height.maximum was corrected from null to its default, 3.4028234663852886E38. 
[27Jul2025 02:14:53.855] [Server thread/WARN] [net.minecraftforge.common.ForgeConfigSpec/CORE]: Incorrect key server.scale_limits.third_person was corrected from null to its default, SimpleCommentedConfig:{}. 
[27Jul2025 02:14:53.855] [Server thread/WARN] [net.minecraftforge.common.ForgeConfigSpec/CORE]: Incorrect key server.scale_limits.third_person.minimum was corrected from null to its default, 1.401298464324817E-45. 
[27Jul2025 02:14:53.856] [Server thread/WARN] [net.minecraftforge.common.ForgeConfigSpec/CORE]: Incorrect key server.scale_limits.third_person.maximum was corrected from null to its default, 3.4028234663852886E38. 
[27Jul2025 02:14:53.856] [Server thread/WARN] [net.minecraftforge.common.ForgeConfigSpec/CORE]: Incorrect key server.scale_limits.motion was corrected from null to its default, SimpleCommentedConfig:{}. 
[27Jul2025 02:14:53.857] [Server thread/WARN] [net.minecraftforge.common.ForgeConfigSpec/CORE]: Incorrect key server.scale_limits.motion.minimum was corrected from null to its default, 1.401298464324817E-45. 
[27Jul2025 02:14:53.858] [Server thread/WARN] [net.minecraftforge.common.ForgeConfigSpec/CORE]: Incorrect key server.scale_limits.motion.maximum was corrected from null to its default, 3.4028234663852886E38. 
[27Jul2025 02:14:53.859] [Server thread/WARN] [net.minecraftforge.common.ForgeConfigSpec/CORE]: Incorrect key server.scale_limits.falling was corrected from null to its default, SimpleCommentedConfig:{}. 
[27Jul2025 02:14:53.859] [Server thread/WARN] [net.minecraftforge.common.ForgeConfigSpec/CORE]: Incorrect key server.scale_limits.falling.minimum was corrected from null to its default, 1.401298464324817E-45. 
[27Jul2025 02:14:53.860] [Server thread/WARN] [net.minecraftforge.common.ForgeConfigSpec/CORE]: Incorrect key server.scale_limits.falling.maximum was corrected from null to its default, 3.4028234663852886E38. 
[27Jul2025 02:14:53.860] [Server thread/WARN] [net.minecraftforge.common.ForgeConfigSpec/CORE]: Incorrect key server.scale_limits.step_height was corrected from null to its default, SimpleCommentedConfig:{}. 
[27Jul2025 02:14:53.860] [Server thread/WARN] [net.minecraftforge.common.ForgeConfigSpec/CORE]: Incorrect key server.scale_limits.step_height.minimum was corrected from null to its default, 1.401298464324817E-45. 
[27Jul2025 02:14:53.860] [Server thread/WARN] [net.minecraftforge.common.ForgeConfigSpec/CORE]: Incorrect key server.scale_limits.step_height.maximum was corrected from null to its default, 3.4028234663852886E38. 
[27Jul2025 02:14:53.861] [Server thread/WARN] [net.minecraftforge.common.ForgeConfigSpec/CORE]: Incorrect key server.scale_limits.view_bobbing was corrected from null to its default, SimpleCommentedConfig:{}. 
[27Jul2025 02:14:53.861] [Server thread/WARN] [net.minecraftforge.common.ForgeConfigSpec/CORE]: Incorrect key server.scale_limits.view_bobbing.minimum was corrected from null to its default, 1.401298464324817E-45. 
[27Jul2025 02:14:53.861] [Server thread/WARN] [net.minecraftforge.common.ForgeConfigSpec/CORE]: Incorrect key server.scale_limits.view_bobbing.maximum was corrected from null to its default, 3.4028234663852886E38. 
[27Jul2025 02:14:53.862] [Server thread/WARN] [net.minecraftforge.common.ForgeConfigSpec/CORE]: Incorrect key server.scale_limits.visibility was corrected from null to its default, SimpleCommentedConfig:{}. 
[27Jul2025 02:14:53.862] [Server thread/WARN] [net.minecraftforge.common.ForgeConfigSpec/CORE]: Incorrect key server.scale_limits.visibility.minimum was corrected from null to its default, 1.401298464324817E-45. 
[27Jul2025 02:14:53.862] [Server thread/WARN] [net.minecraftforge.common.ForgeConfigSpec/CORE]: Incorrect key server.scale_limits.visibility.maximum was corrected from null to its default, 3.4028234663852886E38. 
[27Jul2025 02:14:53.862] [Server thread/WARN] [net.minecraftforge.common.ForgeConfigSpec/CORE]: Incorrect key server.scale_limits.jump_height was corrected from null to its default, SimpleCommentedConfig:{}. 
[27Jul2025 02:14:53.863] [Server thread/WARN] [net.minecraftforge.common.ForgeConfigSpec/CORE]: Incorrect key server.scale_limits.jump_height.minimum was corrected from null to its default, 1.401298464324817E-45. 
[27Jul2025 02:14:53.863] [Server thread/WARN] [net.minecraftforge.common.ForgeConfigSpec/CORE]: Incorrect key server.scale_limits.jump_height.maximum was corrected from null to its default, 3.4028234663852886E38. 
[27Jul2025 02:14:53.863] [Server thread/WARN] [net.minecraftforge.common.ForgeConfigSpec/CORE]: Incorrect key server.scale_limits.flight was corrected from null to its default, SimpleCommentedConfig:{}. 
[27Jul2025 02:14:53.863] [Server thread/WARN] [net.minecraftforge.common.ForgeConfigSpec/CORE]: Incorrect key server.scale_limits.flight.minimum was corrected from null to its default, 1.401298464324817E-45. 
[27Jul2025 02:14:53.863] [Server thread/WARN] [net.minecraftforge.common.ForgeConfigSpec/CORE]: Incorrect key server.scale_limits.flight.maximum was corrected from null to its default, 3.4028234663852886E38. 
[27Jul2025 02:14:53.864] [Server thread/WARN] [net.minecraftforge.common.ForgeConfigSpec/CORE]: Incorrect key server.scale_limits.reach was corrected from null to its default, SimpleCommentedConfig:{}. 
[27Jul2025 02:14:53.864] [Server thread/WARN] [net.minecraftforge.common.ForgeConfigSpec/CORE]: Incorrect key server.scale_limits.reach.minimum was corrected from null to its default, 1.401298464324817E-45. 
[27Jul2025 02:14:53.865] [Server thread/WARN] [net.minecraftforge.common.ForgeConfigSpec/CORE]: Incorrect key server.scale_limits.reach.maximum was corrected from null to its default, 3.4028234663852886E38. 
[27Jul2025 02:14:53.865] [Server thread/WARN] [net.minecraftforge.common.ForgeConfigSpec/CORE]: Incorrect key server.scale_limits.block_reach was corrected from null to its default, SimpleCommentedConfig:{}. 
[27Jul2025 02:14:53.866] [Server thread/WARN] [net.minecraftforge.common.ForgeConfigSpec/CORE]: Incorrect key server.scale_limits.block_reach.minimum was corrected from null to its default, 1.401298464324817E-45. 
[27Jul2025 02:14:53.866] [Server thread/WARN] [net.minecraftforge.common.ForgeConfigSpec/CORE]: Incorrect key server.scale_limits.block_reach.maximum was corrected from null to its default, 3.4028234663852886E38. 
[27Jul2025 02:14:53.867] [Server thread/WARN] [net.minecraftforge.common.ForgeConfigSpec/CORE]: Incorrect key server.scale_limits.entity_reach was corrected from null to its default, SimpleCommentedConfig:{}. 
[27Jul2025 02:14:53.867] [Server thread/WARN] [net.minecraftforge.common.ForgeConfigSpec/CORE]: Incorrect key server.scale_limits.entity_reach.minimum was corrected from null to its default, 1.401298464324817E-45. 
[27Jul2025 02:14:53.868] [Server thread/WARN] [net.minecraftforge.common.ForgeConfigSpec/CORE]: Incorrect key server.scale_limits.entity_reach.maximum was corrected from null to its default, 3.4028234663852886E38. 
[27Jul2025 02:14:53.868] [Server thread/WARN] [net.minecraftforge.common.ForgeConfigSpec/CORE]: Incorrect key server.scale_limits.mining_speed was corrected from null to its default, SimpleCommentedConfig:{}. 
[27Jul2025 02:14:53.869] [Server thread/WARN] [net.minecraftforge.common.ForgeConfigSpec/CORE]: Incorrect key server.scale_limits.mining_speed.minimum was corrected from null to its default, 1.401298464324817E-45. 
[27Jul2025 02:14:53.869] [Server thread/WARN] [net.minecraftforge.common.ForgeConfigSpec/CORE]: Incorrect key server.scale_limits.mining_speed.maximum was corrected from null to its default, 3.4028234663852886E38. 
[27Jul2025 02:14:53.869] [Server thread/WARN] [net.minecraftforge.common.ForgeConfigSpec/CORE]: Incorrect key server.scale_limits.attack_speed was corrected from null to its default, SimpleCommentedConfig:{}. 
[27Jul2025 02:14:53.869] [Server thread/WARN] [net.minecraftforge.common.ForgeConfigSpec/CORE]: Incorrect key server.scale_limits.attack_speed.minimum was corrected from null to its default, 1.401298464324817E-45. 
[27Jul2025 02:14:53.870] [Server thread/WARN] [net.minecraftforge.common.ForgeConfigSpec/CORE]: Incorrect key server.scale_limits.attack_speed.maximum was corrected from null to its default, 3.4028234663852886E38. 
[27Jul2025 02:14:53.870] [Server thread/WARN] [net.minecraftforge.common.ForgeConfigSpec/CORE]: Incorrect key server.scale_limits.knockback was corrected from null to its default, SimpleCommentedConfig:{}. 
[27Jul2025 02:14:53.870] [Server thread/WARN] [net.minecraftforge.common.ForgeConfigSpec/CORE]: Incorrect key server.scale_limits.knockback.minimum was corrected from null to its default, 1.401298464324817E-45. 
[27Jul2025 02:14:53.871] [Server thread/WARN] [net.minecraftforge.common.ForgeConfigSpec/CORE]: Incorrect key server.scale_limits.knockback.maximum was corrected from null to its default, 3.4028234663852886E38. 
[27Jul2025 02:14:53.871] [Server thread/WARN] [net.minecraftforge.common.ForgeConfigSpec/CORE]: Incorrect key server.scale_limits.attack was corrected from null to its default, SimpleCommentedConfig:{}. 
[27Jul2025 02:14:53.871] [Server thread/WARN] [net.minecraftforge.common.ForgeConfigSpec/CORE]: Incorrect key server.scale_limits.attack.minimum was corrected from null to its default, 1.401298464324817E-45. 
[27Jul2025 02:14:53.871] [Server thread/WARN] [net.minecraftforge.common.ForgeConfigSpec/CORE]: Incorrect key server.scale_limits.attack.maximum was corrected from null to its default, 3.4028234663852886E38. 
[27Jul2025 02:14:53.871] [Server thread/WARN] [net.minecraftforge.common.ForgeConfigSpec/CORE]: Incorrect key server.scale_limits.defense was corrected from null to its default, SimpleCommentedConfig:{}. 
[27Jul2025 02:14:53.872] [Server thread/WARN] [net.minecraftforge.common.ForgeConfigSpec/CORE]: Incorrect key server.scale_limits.defense.minimum was corrected from null to its default, 1.401298464324817E-45. 
[27Jul2025 02:14:53.872] [Server thread/WARN] [net.minecraftforge.common.ForgeConfigSpec/CORE]: Incorrect key server.scale_limits.defense.maximum was corrected from null to its default, 3.4028234663852886E38. 
[27Jul2025 02:14:53.872] [Server thread/WARN] [net.minecraftforge.common.ForgeConfigSpec/CORE]: Incorrect key server.scale_limits.health was corrected from null to its default, SimpleCommentedConfig:{}. 
[27Jul2025 02:14:53.872] [Server thread/WARN] [net.minecraftforge.common.ForgeConfigSpec/CORE]: Incorrect key server.scale_limits.health.minimum was corrected from null to its default, 1.401298464324817E-45. 
[27Jul2025 02:14:53.873] [Server thread/WARN] [net.minecraftforge.common.ForgeConfigSpec/CORE]: Incorrect key server.scale_limits.health.maximum was corrected from null to its default, 3.4028234663852886E38. 
[27Jul2025 02:14:53.873] [Server thread/WARN] [net.minecraftforge.common.ForgeConfigSpec/CORE]: Incorrect key server.scale_limits.drops was corrected from null to its default, SimpleCommentedConfig:{}. 
[27Jul2025 02:14:53.873] [Server thread/WARN] [net.minecraftforge.common.ForgeConfigSpec/CORE]: Incorrect key server.scale_limits.drops.minimum was corrected from null to its default, 1.401298464324817E-45. 
[27Jul2025 02:14:53.873] [Server thread/WARN] [net.minecraftforge.common.ForgeConfigSpec/CORE]: Incorrect key server.scale_limits.drops.maximum was corrected from null to its default, 3.4028234663852886E38. 
[27Jul2025 02:14:53.874] [Server thread/WARN] [net.minecraftforge.common.ForgeConfigSpec/CORE]: Incorrect key server.scale_limits.held_item was corrected from null to its default, SimpleCommentedConfig:{}. 
[27Jul2025 02:14:53.874] [Server thread/WARN] [net.minecraftforge.common.ForgeConfigSpec/CORE]: Incorrect key server.scale_limits.held_item.minimum was corrected from null to its default, 1.401298464324817E-45. 
[27Jul2025 02:14:53.874] [Server thread/WARN] [net.minecraftforge.common.ForgeConfigSpec/CORE]: Incorrect key server.scale_limits.held_item.maximum was corrected from null to its default, 3.4028234663852886E38. 
[27Jul2025 02:14:53.874] [Server thread/WARN] [net.minecraftforge.common.ForgeConfigSpec/CORE]: Incorrect key server.scale_limits.projectiles was corrected from null to its default, SimpleCommentedConfig:{}. 
[27Jul2025 02:14:53.875] [Server thread/WARN] [net.minecraftforge.common.ForgeConfigSpec/CORE]: Incorrect key server.scale_limits.projectiles.minimum was corrected from null to its default, 1.401298464324817E-45. 
[27Jul2025 02:14:53.875] [Server thread/WARN] [net.minecraftforge.common.ForgeConfigSpec/CORE]: Incorrect key server.scale_limits.projectiles.maximum was corrected from null to its default, 3.4028234663852886E38. 
[27Jul2025 02:14:53.875] [Server thread/WARN] [net.minecraftforge.common.ForgeConfigSpec/CORE]: Incorrect key server.scale_limits.explosions was corrected from null to its default, SimpleCommentedConfig:{}. 
[27Jul2025 02:14:53.876] [Server thread/WARN] [net.minecraftforge.common.ForgeConfigSpec/CORE]: Incorrect key server.scale_limits.explosions.minimum was corrected from null to its default, 1.401298464324817E-45. 
[27Jul2025 02:14:53.876] [Server thread/WARN] [net.minecraftforge.common.ForgeConfigSpec/CORE]: Incorrect key server.scale_limits.explosions.maximum was corrected from null to its default, 3.4028234663852886E38. 
[27Jul2025 02:14:53.879] [Server thread/WARN] [net.minecraftforge.common.ForgeConfigSpec/CORE]: Configuration file ./world/serverconfig/journeymap-server.toml is not correct. Correcting
[27Jul2025 02:14:53.879] [Server thread/WARN] [net.minecraftforge.common.ForgeConfigSpec/CORE]: Incorrect key admins was corrected from null to its default, SimpleCommentedConfig:{}. 
[27Jul2025 02:14:53.879] [Server thread/WARN] [net.minecraftforge.common.ForgeConfigSpec/CORE]: Incorrect key admins.opAccess was corrected from null to its default, true. 
[27Jul2025 02:14:53.880] [Server thread/WARN] [net.minecraftforge.common.ForgeConfigSpec/CORE]: Incorrect key admins.serverAdmins was corrected from null to its default, [mysticdrew, 79f597fe-2877-4ecb-acdf-8c58cc1854ca]. 
[27Jul2025 02:14:53.881] [Server thread/INFO] [journeymap/]: Loading JourneyMap Forge Configs
[27Jul2025 02:14:53.882] [Thread-2/INFO] [journeymap/]: Loading JourneyMap Forge Configs
[27Jul2025 02:14:53.882] [Server thread/WARN] [net.minecraftforge.common.ForgeConfigSpec/CORE]: Configuration file ./world/serverconfig/forge-server.toml is not correct. Correcting
[27Jul2025 02:14:53.882] [Thread-2/INFO] [journeymap/]: Loading JourneyMap Forge Configs
[27Jul2025 02:14:53.882] [Server thread/WARN] [net.minecraftforge.common.ForgeConfigSpec/CORE]: Incorrect key server was corrected from null to its default, SimpleCommentedConfig:{}. 
[27Jul2025 02:14:53.883] [Server thread/WARN] [net.minecraftforge.common.ForgeConfigSpec/CORE]: Incorrect key server.removeErroringBlockEntities was corrected from null to its default, false. 
[27Jul2025 02:14:53.883] [Server thread/WARN] [net.minecraftforge.common.ForgeConfigSpec/CORE]: Incorrect key server.removeErroringEntities was corrected from null to its default, false. 
[27Jul2025 02:14:53.883] [Server thread/WARN] [net.minecraftforge.common.ForgeConfigSpec/CORE]: Incorrect key server.fullBoundingBoxLadders was corrected from null to its default, false. 
[27Jul2025 02:14:53.883] [Server thread/WARN] [net.minecraftforge.common.ForgeConfigSpec/CORE]: Incorrect key server.zombieBaseSummonChance was corrected from null to its default, 0.1. 
[27Jul2025 02:14:53.883] [Server thread/WARN] [net.minecraftforge.common.ForgeConfigSpec/CORE]: Incorrect key server.zombieBabyChance was corrected from null to its default, 0.05. 
[27Jul2025 02:14:53.883] [Server thread/WARN] [net.minecraftforge.common.ForgeConfigSpec/CORE]: Incorrect key server.permissionHandler was corrected from null to its default, forge:default_handler. 
[27Jul2025 02:14:53.883] [Server thread/WARN] [net.minecraftforge.common.ForgeConfigSpec/CORE]: Incorrect key server.advertiseDedicatedServerToLan was corrected from null to its default, true. 
[27Jul2025 02:14:53.885] [Server thread/WARN] [net.minecraftforge.common.ForgeConfigSpec/CORE]: Configuration file ./world/serverconfig/curios-server.toml is not correct. Correcting
[27Jul2025 02:14:53.886] [Server thread/WARN] [net.minecraftforge.common.ForgeConfigSpec/CORE]: Incorrect key keepCurios was corrected from null to its default, DEFAULT. 
[27Jul2025 02:14:53.886] [Server thread/WARN] [net.minecraftforge.common.ForgeConfigSpec/CORE]: Incorrect key menu was corrected from null to its default, SimpleCommentedConfig:{}. 
[27Jul2025 02:14:53.886] [Server thread/WARN] [net.minecraftforge.common.ForgeConfigSpec/CORE]: Incorrect key menu.enableLegacyMenu was corrected from null to its default, false. 
[27Jul2025 02:14:53.887] [Server thread/WARN] [net.minecraftforge.common.ForgeConfigSpec/CORE]: Incorrect key menu.experimental was corrected from null to its default, SimpleCommentedConfig:{}. 
[27Jul2025 02:14:53.887] [Server thread/WARN] [net.minecraftforge.common.ForgeConfigSpec/CORE]: Incorrect key menu.experimental.minimumColumns was corrected from null to its default, 1. 
[27Jul2025 02:14:53.887] [Server thread/WARN] [net.minecraftforge.common.ForgeConfigSpec/CORE]: Incorrect key menu.experimental.maxSlotsPerPage was corrected from null to its default, 48. 
[27Jul2025 02:14:53.888] [Server thread/WARN] [net.minecraftforge.common.ForgeConfigSpec/CORE]: Configuration file ./world/serverconfig/mantle-server.toml is not correct. Correcting
[27Jul2025 02:14:53.888] [Server thread/WARN] [net.minecraftforge.common.ForgeConfigSpec/CORE]: Incorrect key tagPreferences was corrected from null to its default, [minecraft, tconstruct, tmechworks, metalborn, embers, create, immersiveengineering, mekanism, thermal]. 
[27Jul2025 02:14:53.889] [Server thread/WARN] [net.minecraftforge.common.ForgeConfigSpec/CORE]: Configuration file ./world/serverconfig/securitycraft-server.toml is not correct. Correcting
[27Jul2025 02:14:53.890] [Server thread/WARN] [net.minecraftforge.common.ForgeConfigSpec/CORE]: Incorrect key codebreaker_chance was corrected from null to its default, 0.33. 
[27Jul2025 02:14:53.891] [Server thread/WARN] [net.minecraftforge.common.ForgeConfigSpec/CORE]: Incorrect key allowAdminTool was corrected from null to its default, true. 
[27Jul2025 02:14:53.891] [Server thread/WARN] [net.minecraftforge.common.ForgeConfigSpec/CORE]: Incorrect key shouldSpawnFire was corrected from null to its default, true. 
[27Jul2025 02:14:53.892] [Server thread/WARN] [net.minecraftforge.common.ForgeConfigSpec/CORE]: Incorrect key smallerMineExplosion was corrected from null to its default, false. 
[27Jul2025 02:14:53.892] [Server thread/WARN] [net.minecraftforge.common.ForgeConfigSpec/CORE]: Incorrect key mineExplodesWhenInCreative was corrected from null to its default, true. 
[27Jul2025 02:14:53.893] [Server thread/WARN] [net.minecraftforge.common.ForgeConfigSpec/CORE]: Incorrect key mineExplosionsBreakBlocks was corrected from null to its default, true. 
[27Jul2025 02:14:53.894] [Server thread/WARN] [net.minecraftforge.common.ForgeConfigSpec/CORE]: Incorrect key laserBlockRange was corrected from null to its default, 5. 
[27Jul2025 02:14:53.894] [Server thread/WARN] [net.minecraftforge.common.ForgeConfigSpec/CORE]: Incorrect key inventoryScannerRange was corrected from null to its default, 3. 
[27Jul2025 02:14:53.895] [Server thread/WARN] [net.minecraftforge.common.ForgeConfigSpec/CORE]: Incorrect key maxAlarmRange was corrected from null to its default, 100. 
[27Jul2025 02:14:53.896] [Server thread/WARN] [net.minecraftforge.common.ForgeConfigSpec/CORE]: Incorrect key allowBlockClaim was corrected from null to its default, false. 
[27Jul2025 02:14:53.896] [Server thread/WARN] [net.minecraftforge.common.ForgeConfigSpec/CORE]: Incorrect key reinforced_block_tint was corrected from null to its default, true. 
[27Jul2025 02:14:53.897] [Server thread/WARN] [net.minecraftforge.common.ForgeConfigSpec/CORE]: Incorrect key force_reinforced_block_tint was corrected from null to its default, false. 
[27Jul2025 02:14:53.898] [Server thread/WARN] [net.minecraftforge.common.ForgeConfigSpec/CORE]: Incorrect key retinalScannerFace was corrected from null to its default, true. 
[27Jul2025 02:14:53.899] [Server thread/WARN] [net.minecraftforge.common.ForgeConfigSpec/CORE]: Incorrect key enable_team_ownership was corrected from null to its default, false. 
[27Jul2025 02:14:53.899] [Server thread/WARN] [net.minecraftforge.common.ForgeConfigSpec/CORE]: Incorrect key team_ownership_precedence was corrected from null to its default, [FTB_TEAMS, VANILLA]. 
[27Jul2025 02:14:53.900] [Server thread/WARN] [net.minecraftforge.common.ForgeConfigSpec/CORE]: Incorrect key disable_thanks_message was corrected from null to its default, false. 
[27Jul2025 02:14:53.901] [Server thread/WARN] [net.minecraftforge.common.ForgeConfigSpec/CORE]: Incorrect key trick_scanners_with_player_heads was corrected from null to its default, false. 
[27Jul2025 02:14:53.902] [Server thread/WARN] [net.minecraftforge.common.ForgeConfigSpec/CORE]: Incorrect key prevent_reinforced_floor_glitching was corrected from null to its default, false. 
[27Jul2025 02:14:53.903] [Server thread/WARN] [net.minecraftforge.common.ForgeConfigSpec/CORE]: Incorrect key taser_damage was corrected from null to its default, 1.0. 
[27Jul2025 02:14:53.903] [Server thread/WARN] [net.minecraftforge.common.ForgeConfigSpec/CORE]: Incorrect key powered_taser_damage was corrected from null to its default, 2.0. 
[27Jul2025 02:14:53.904] [Server thread/WARN] [net.minecraftforge.common.ForgeConfigSpec/CORE]: Incorrect key taser_effects was corrected from null to its default, [minecraft:weakness|200|2, minecraft:nausea|200|2, minecraft:slowness|200|2]. 
[27Jul2025 02:14:53.905] [Server thread/WARN] [net.minecraftforge.common.ForgeConfigSpec/CORE]: Incorrect key powered_taser_effects was corrected from null to its default, [minecraft:weakness|400|5, minecraft:nausea|400|5, minecraft:slowness|400|5]. 
[27Jul2025 02:14:53.906] [Server thread/WARN] [net.minecraftforge.common.ForgeConfigSpec/CORE]: Incorrect key laser_damage was corrected from null to its default, 10.0. 
[27Jul2025 02:14:53.907] [Server thread/WARN] [net.minecraftforge.common.ForgeConfigSpec/CORE]: Incorrect key incorrectPasscodeDamage was corrected from null to its default, 4. 
[27Jul2025 02:14:53.908] [Server thread/WARN] [net.minecraftforge.common.ForgeConfigSpec/CORE]: Incorrect key sentry_bullet_damage was corrected from null to its default, 2. 
[27Jul2025 02:14:53.909] [Server thread/WARN] [net.minecraftforge.common.ForgeConfigSpec/CORE]: Incorrect key reinforced_suffocation_damage was corrected from null to its default, 5. 
[27Jul2025 02:14:53.910] [Server thread/WARN] [net.minecraftforge.common.ForgeConfigSpec/CORE]: Incorrect key allow_camera_night_vision was corrected from null to its default, true. 
[27Jul2025 02:14:53.911] [Server thread/WARN] [net.minecraftforge.common.ForgeConfigSpec/CORE]: Incorrect key passcode_check_cooldown was corrected from null to its default, 250. 
[27Jul2025 02:14:53.912] [Server thread/WARN] [net.minecraftforge.common.ForgeConfigSpec/CORE]: Incorrect key passcode_spam_log_warning_enabled was corrected from null to its default, true. 
[27Jul2025 02:14:53.913] [Server thread/WARN] [net.minecraftforge.common.ForgeConfigSpec/CORE]: Incorrect key passcode_spam_log_warning was corrected from null to its default, Player "%1$s" tried to enter a passcode into "%2$s" at position [%3$s] too quickly!. 
[27Jul2025 02:14:53.914] [Server thread/WARN] [net.minecraftforge.common.ForgeConfigSpec/CORE]: Incorrect key in_world_un_reinforcing was corrected from null to its default, true. 
[27Jul2025 02:14:53.915] [Server thread/WARN] [net.minecraftforge.common.ForgeConfigSpec/CORE]: Incorrect key frame_feed_viewing_enabled was corrected from null to its default, true. 
[27Jul2025 02:14:53.917] [Server thread/WARN] [net.minecraftforge.common.ForgeConfigSpec/CORE]: Incorrect key frame_feed_view_distance was corrected from null to its default, 16. 
[27Jul2025 02:14:53.918] [Server thread/WARN] [net.minecraftforge.common.ForgeConfigSpec/CORE]: Incorrect key vanilla_tool_block_breaking was corrected from null to its default, true. 
[27Jul2025 02:14:53.919] [Server thread/WARN] [net.minecraftforge.common.ForgeConfigSpec/CORE]: Incorrect key always_drop was corrected from null to its default, true. 
[27Jul2025 02:14:53.920] [Server thread/WARN] [net.minecraftforge.common.ForgeConfigSpec/CORE]: Incorrect key allow_breaking_non_owned_blocks was corrected from null to its default, false. 
[27Jul2025 02:14:53.921] [Server thread/WARN] [net.minecraftforge.common.ForgeConfigSpec/CORE]: Incorrect key non_owned_breaking_slowdown was corrected from null to its default, 1.0. 
[27Jul2025 02:14:53.923] [Server thread/WARN] [net.minecraftforge.common.ForgeConfigSpec/CORE]: Incorrect key sentry_attackable_entities_allowlist was corrected from null to its default, []. 
[27Jul2025 02:14:53.924] [Server thread/WARN] [net.minecraftforge.common.ForgeConfigSpec/CORE]: Incorrect key sentry_attackable_entities_denylist was corrected from null to its default, []. 
[27Jul2025 02:14:53.930] [Server thread/WARN] [net.minecraftforge.common.ForgeConfigSpec/CORE]: Configuration file ./world/serverconfig/lostcities-server.toml is not correct. Correcting
[27Jul2025 02:14:53.930] [Server thread/WARN] [net.minecraftforge.common.ForgeConfigSpec/CORE]: Incorrect key profiles was corrected from null to its default, SimpleCommentedConfig:{}. 
[27Jul2025 02:14:53.930] [Server thread/WARN] [net.minecraftforge.common.ForgeConfigSpec/CORE]: Incorrect key profiles.specialBedBlock was corrected from null to its default, minecraft:diamond_block. 
[27Jul2025 02:14:53.931] [Server thread/WARN] [net.minecraftforge.common.ForgeConfigSpec/CORE]: Incorrect key profiles.selectedProfile was corrected from null to its default, <CHECK>. 
[27Jul2025 02:14:53.931] [Server thread/WARN] [net.minecraftforge.common.ForgeConfigSpec/CORE]: Incorrect key profiles.selectedCustomJson was corrected from null to its default, . 
[27Jul2025 02:14:53.931] [Server thread/WARN] [net.minecraftforge.common.ForgeConfigSpec/CORE]: Incorrect key profiles.todoQueueSize was corrected from null to its default, 20. 
[27Jul2025 02:14:53.931] [Server thread/WARN] [net.minecraftforge.common.ForgeConfigSpec/CORE]: Incorrect key profiles.forceSaplingGrowth was corrected from null to its default, true. 
[27Jul2025 02:14:53.932] [Server thread/WARN] [net.minecraftforge.common.ForgeConfigSpec/CORE]: Incorrect key profiles.avoidStructures was corrected from null to its default, [minecraft:mansion, minecraft:jungle_pyramid, minecraft:desert_pyramid, minecraft:igloo, minecraft:swamp_huts, minecraft:pillager_outpost]. 
[27Jul2025 02:14:53.932] [Server thread/WARN] [net.minecraftforge.common.ForgeConfigSpec/CORE]: Incorrect key profiles.avoidStructuresAdjacent was corrected from null to its default, false. 
[27Jul2025 02:14:53.933] [Server thread/WARN] [net.minecraftforge.common.ForgeConfigSpec/CORE]: Incorrect key profiles.avoidVillagesAdjacent was corrected from null to its default, false. 
[27Jul2025 02:14:53.933] [Server thread/WARN] [net.minecraftforge.common.ForgeConfigSpec/CORE]: Incorrect key profiles.avoidVillages was corrected from null to its default, true. 
[27Jul2025 02:14:53.933] [Server thread/WARN] [net.minecraftforge.common.ForgeConfigSpec/CORE]: Incorrect key profiles.avoidFlattening was corrected from null to its default, true. 
[27Jul2025 02:14:53.935] [Server thread/WARN] [net.minecraftforge.common.ForgeConfigSpec/CORE]: Configuration file ./world/serverconfig/irons_spellbooks-server.toml is not correct. Correcting
[27Jul2025 02:14:53.936] [Server thread/WARN] [net.minecraftforge.common.ForgeConfigSpec/CORE]: Incorrect key Misc was corrected from null to its default, SimpleCommentedConfig:{}. 
[27Jul2025 02:14:53.936] [Server thread/WARN] [net.minecraftforge.common.ForgeConfigSpec/CORE]: Incorrect key Misc.rarityConfig was corrected from null to its default, [0.3, 0.25, 0.2, 0.15, 0.1]. 
[27Jul2025 02:14:53.936] [Server thread/WARN] [net.minecraftforge.common.ForgeConfigSpec/CORE]: Incorrect key Misc.swordsConsumeMana was corrected from null to its default, true. 
[27Jul2025 02:14:53.936] [Server thread/WARN] [net.minecraftforge.common.ForgeConfigSpec/CORE]: Incorrect key Misc.swordsCooldownMultiplier was corrected from null to its default, 0.5. 
[27Jul2025 02:14:53.936] [Server thread/WARN] [net.minecraftforge.common.ForgeConfigSpec/CORE]: Incorrect key Misc.canAttackOwnSummons was corrected from null to its default, false. 
[27Jul2025 02:14:53.937] [Server thread/WARN] [net.minecraftforge.common.ForgeConfigSpec/CORE]: Incorrect key Misc.maxUpgrades was corrected from null to its default, 3. 
[27Jul2025 02:14:53.937] [Server thread/WARN] [net.minecraftforge.common.ForgeConfigSpec/CORE]: Incorrect key Misc.manaSpawnPercent was corrected from null to its default, 0.0. 
[27Jul2025 02:14:53.937] [Server thread/WARN] [net.minecraftforge.common.ForgeConfigSpec/CORE]: Incorrect key Misc.scrollRecycleChance was corrected from null to its default, 0.5. 
[27Jul2025 02:14:53.937] [Server thread/WARN] [net.minecraftforge.common.ForgeConfigSpec/CORE]: Incorrect key Misc.allowCauldronBrewing was corrected from null to its default, true. 
[27Jul2025 02:14:53.938] [Server thread/WARN] [net.minecraftforge.common.ForgeConfigSpec/CORE]: Incorrect key Misc.furledMapSkipsExistingChunks was corrected from null to its default, true. 
[27Jul2025 02:14:53.938] [Server thread/WARN] [net.minecraftforge.common.ForgeConfigSpec/CORE]: Incorrect key Misc.applyAllMultihandAttributes was corrected from null to its default, true. 
[27Jul2025 02:14:53.938] [Server thread/WARN] [net.minecraftforge.common.ForgeConfigSpec/CORE]: Incorrect key Misc.betterCreeperThunderHit was corrected from null to its default, true. 
[27Jul2025 02:14:53.938] [Server thread/WARN] [net.minecraftforge.common.ForgeConfigSpec/CORE]: Incorrect key Misc.spellGriefing was corrected from null to its default, false. 
[27Jul2025 02:14:53.938] [Server thread/WARN] [net.minecraftforge.common.ForgeConfigSpec/CORE]: Incorrect key Misc.additionalWanderingTraderTrades was corrected from null to its default, true. 
[27Jul2025 02:14:53.938] [Server thread/WARN] [net.minecraftforge.common.ForgeConfigSpec/CORE]: Incorrect key Misc.disableAdventureModeCasting was corrected from null to its default, false. 
[27Jul2025 02:14:53.939] [Server thread/WARN] [net.minecraftforge.common.ForgeConfigSpec/CORE]: Incorrect key Upgrade Overrides was corrected from null to its default, SimpleCommentedConfig:{}. 
[27Jul2025 02:14:53.939] [Server thread/WARN] [net.minecraftforge.common.ForgeConfigSpec/CORE]: Incorrect key Upgrade Overrides.scrollMerging was corrected from null to its default, true. 
[27Jul2025 02:14:53.940] [Server thread/WARN] [net.minecraftforge.common.ForgeConfigSpec/CORE]: Incorrect key Upgrade Overrides.upgradeWhitelist was corrected from null to its default, []. 
[27Jul2025 02:14:53.940] [Server thread/WARN] [net.minecraftforge.common.ForgeConfigSpec/CORE]: Incorrect key Upgrade Overrides.upgradeBlacklist was corrected from null to its default, []. 
[27Jul2025 02:14:53.940] [Server thread/WARN] [net.minecraftforge.common.ForgeConfigSpec/CORE]: Incorrect key Imbue Overrides was corrected from null to its default, SimpleCommentedConfig:{}. 
[27Jul2025 02:14:53.940] [Server thread/WARN] [net.minecraftforge.common.ForgeConfigSpec/CORE]: Incorrect key Imbue Overrides.imbueWhitelist was corrected from null to its default, []. 
[27Jul2025 02:14:53.940] [Server thread/WARN] [net.minecraftforge.common.ForgeConfigSpec/CORE]: Incorrect key Imbue Overrides.imbueBlacklist was corrected from null to its default, []. 
[27Jul2025 02:14:53.941] [Server thread/WARN] [net.minecraftforge.common.ForgeConfigSpec/CORE]: Incorrect key Worldgen was corrected from null to its default, SimpleCommentedConfig:{}. 
[27Jul2025 02:14:53.941] [Server thread/WARN] [net.minecraftforge.common.ForgeConfigSpec/CORE]: Incorrect key Worldgen.priestHouseWeight was corrected from null to its default, 4. 
[27Jul2025 02:14:53.942] [Server thread/WARN] [net.minecraftforge.common.ForgeConfigSpec/CORE]: Incorrect key Spells was corrected from null to its default, SimpleCommentedConfig:{}. 
[27Jul2025 02:14:53.942] [Server thread/WARN] [net.minecraftforge.common.ForgeConfigSpec/CORE]: Incorrect key Spells.irons_spellbooks:fireball was corrected from null to its default, SimpleCommentedConfig:{}. 
[27Jul2025 02:14:53.942] [Server thread/WARN] [net.minecraftforge.common.ForgeConfigSpec/CORE]: Incorrect key Spells.irons_spellbooks:fireball.Enabled was corrected from null to its default, true. 
[27Jul2025 02:14:53.943] [Server thread/WARN] [net.minecraftforge.common.ForgeConfigSpec/CORE]: Incorrect key Spells.irons_spellbooks:fireball.School was corrected from null to its default, irons_spellbooks:fire. 
[27Jul2025 02:14:53.943] [Server thread/WARN] [net.minecraftforge.common.ForgeConfigSpec/CORE]: Incorrect key Spells.irons_spellbooks:fireball.MaxLevel was corrected from null to its default, 5. 
[27Jul2025 02:14:53.944] [Server thread/WARN] [net.minecraftforge.common.ForgeConfigSpec/CORE]: Incorrect key Spells.irons_spellbooks:fireball.MinRarity was corrected from null to its default, RARE. 
[27Jul2025 02:14:53.946] [Server thread/WARN] [net.minecraftforge.common.ForgeConfigSpec/CORE]: Incorrect key Spells.irons_spellbooks:fireball.ManaCostMultiplier was corrected from null to its default, 1.0. 
[27Jul2025 02:14:53.947] [Server thread/WARN] [net.minecraftforge.common.ForgeConfigSpec/CORE]: Incorrect key Spells.irons_spellbooks:fireball.SpellPowerMultiplier was corrected from null to its default, 1.0. 
[27Jul2025 02:14:53.948] [Server thread/WARN] [net.minecraftforge.common.ForgeConfigSpec/CORE]: Incorrect key Spells.irons_spellbooks:fireball.CooldownInSeconds was corrected from null to its default, 25.0. 
[27Jul2025 02:14:53.948] [Server thread/WARN] [net.minecraftforge.common.ForgeConfigSpec/CORE]: Incorrect key Spells.irons_spellbooks:fireball.AllowCrafting was corrected from null to its default, true. 
[27Jul2025 02:14:53.949] [Server thread/WARN] [net.minecraftforge.common.ForgeConfigSpec/CORE]: Incorrect key Spells.irons_spellbooks:heat_surge was corrected from null to its default, SimpleCommentedConfig:{}. 
[27Jul2025 02:14:53.951] [Server thread/WARN] [net.minecraftforge.common.ForgeConfigSpec/CORE]: Incorrect key Spells.irons_spellbooks:heat_surge.Enabled was corrected from null to its default, true. 
[27Jul2025 02:14:53.953] [Server thread/WARN] [net.minecraftforge.common.ForgeConfigSpec/CORE]: Incorrect key Spells.irons_spellbooks:heat_surge.School was corrected from null to its default, irons_spellbooks:fire. 
[27Jul2025 02:14:53.954] [Server thread/WARN] [net.minecraftforge.common.ForgeConfigSpec/CORE]: Incorrect key Spells.irons_spellbooks:heat_surge.MaxLevel was corrected from null to its default, 8. 
[27Jul2025 02:14:53.954] [Server thread/WARN] [net.minecraftforge.common.ForgeConfigSpec/CORE]: Incorrect key Spells.irons_spellbooks:heat_surge.MinRarity was corrected from null to its default, COMMON. 
[27Jul2025 02:14:53.956] [Server thread/WARN] [net.minecraftforge.common.ForgeConfigSpec/CORE]: Incorrect key Spells.irons_spellbooks:heat_surge.ManaCostMultiplier was corrected from null to its default, 1.0. 
[27Jul2025 02:14:53.957] [Server thread/WARN] [net.minecraftforge.common.ForgeConfigSpec/CORE]: Incorrect key Spells.irons_spellbooks:heat_surge.SpellPowerMultiplier was corrected from null to its default, 1.0. 
[27Jul2025 02:14:53.960] [Server thread/WARN] [net.minecraftforge.common.ForgeConfigSpec/CORE]: Incorrect key Spells.irons_spellbooks:heat_surge.CooldownInSeconds was corrected from null to its default, 45.0. 
[27Jul2025 02:14:53.961] [Server thread/WARN] [net.minecraftforge.common.ForgeConfigSpec/CORE]: Incorrect key Spells.irons_spellbooks:heat_surge.AllowCrafting was corrected from null to its default, true. 
[27Jul2025 02:14:53.961] [Server thread/WARN] [net.minecraftforge.common.ForgeConfigSpec/CORE]: Incorrect key Spells.irons_spellbooks:wall_of_fire was corrected from null to its default, SimpleCommentedConfig:{}. 
[27Jul2025 02:14:53.961] [Server thread/WARN] [net.minecraftforge.common.ForgeConfigSpec/CORE]: Incorrect key Spells.irons_spellbooks:wall_of_fire.Enabled was corrected from null to its default, true. 
[27Jul2025 02:14:53.961] [Server thread/WARN] [net.minecraftforge.common.ForgeConfigSpec/CORE]: Incorrect key Spells.irons_spellbooks:wall_of_fire.School was corrected from null to its default, irons_spellbooks:fire. 
[27Jul2025 02:14:53.962] [Server thread/WARN] [net.minecraftforge.common.ForgeConfigSpec/CORE]: Incorrect key Spells.irons_spellbooks:wall_of_fire.MaxLevel was corrected from null to its default, 5. 
[27Jul2025 02:14:53.962] [Server thread/WARN] [net.minecraftforge.common.ForgeConfigSpec/CORE]: Incorrect key Spells.irons_spellbooks:wall_of_fire.MinRarity was corrected from null to its default, COMMON. 
[27Jul2025 02:14:53.964] [Server thread/WARN] [net.minecraftforge.common.ForgeConfigSpec/CORE]: Incorrect key Spells.irons_spellbooks:wall_of_fire.ManaCostMultiplier was corrected from null to its default, 1.0. 
[27Jul2025 02:14:53.965] [Server thread/WARN] [net.minecraftforge.common.ForgeConfigSpec/CORE]: Incorrect key Spells.irons_spellbooks:wall_of_fire.SpellPowerMultiplier was corrected from null to its default, 1.0. 
[27Jul2025 02:14:53.965] [Server thread/WARN] [net.minecraftforge.common.ForgeConfigSpec/CORE]: Incorrect key Spells.irons_spellbooks:wall_of_fire.CooldownInSeconds was corrected from null to its default, 30.0. 
[27Jul2025 02:14:53.965] [Server thread/WARN] [net.minecraftforge.common.ForgeConfigSpec/CORE]: Incorrect key Spells.irons_spellbooks:wall_of_fire.AllowCrafting was corrected from null to its default, true. 
[27Jul2025 02:14:53.966] [Server thread/WARN] [net.minecraftforge.common.ForgeConfigSpec/CORE]: Incorrect key Spells.irons_spellbooks:fire_breath was corrected from null to its default, SimpleCommentedConfig:{}. 
[27Jul2025 02:14:53.967] [Server thread/WARN] [net.minecraftforge.common.ForgeConfigSpec/CORE]: Incorrect key Spells.irons_spellbooks:fire_breath.Enabled was corrected from null to its default, true. 
[27Jul2025 02:14:53.967] [Server thread/WARN] [net.minecraftforge.common.ForgeConfigSpec/CORE]: Incorrect key Spells.irons_spellbooks:fire_breath.School was corrected from null to its default, irons_spellbooks:fire. 
[27Jul2025 02:14:53.969] [Server thread/WARN] [net.minecraftforge.common.ForgeConfigSpec/CORE]: Incorrect key Spells.irons_spellbooks:fire_breath.MaxLevel was corrected from null to its default, 10. 
[27Jul2025 02:14:53.969] [Server thread/WARN] [net.minecraftforge.common.ForgeConfigSpec/CORE]: Incorrect key Spells.irons_spellbooks:fire_breath.MinRarity was corrected from null to its default, COMMON. 
[27Jul2025 02:14:53.970] [Server thread/WARN] [net.minecraftforge.common.ForgeConfigSpec/CORE]: Incorrect key Spells.irons_spellbooks:fire_breath.ManaCostMultiplier was corrected from null to its default, 1.0. 
[27Jul2025 02:14:53.970] [Server thread/WARN] [net.minecraftforge.common.ForgeConfigSpec/CORE]: Incorrect key Spells.irons_spellbooks:fire_breath.SpellPowerMultiplier was corrected from null to its default, 1.0. 
[27Jul2025 02:14:53.970] [Server thread/WARN] [net.minecraftforge.common.ForgeConfigSpec/CORE]: Incorrect key Spells.irons_spellbooks:fire_breath.CooldownInSeconds was corrected from null to its default, 12.0. 
[27Jul2025 02:14:53.971] [Server thread/WARN] [net.minecraftforge.common.ForgeConfigSpec/CORE]: Incorrect key Spells.irons_spellbooks:fire_breath.AllowCrafting was corrected from null to its default, true. 
[27Jul2025 02:14:53.971] [Server thread/WARN] [net.minecraftforge.common.ForgeConfigSpec/CORE]: Incorrect key Spells.irons_spellbooks:magma_bomb was corrected from null to its default, SimpleCommentedConfig:{}. 
[27Jul2025 02:14:53.971] [Server thread/WARN] [net.minecraftforge.common.ForgeConfigSpec/CORE]: Incorrect key Spells.irons_spellbooks:magma_bomb.Enabled was corrected from null to its default, true. 
[27Jul2025 02:14:53.973] [Server thread/WARN] [net.minecraftforge.common.ForgeConfigSpec/CORE]: Incorrect key Spells.irons_spellbooks:magma_bomb.School was corrected from null to its default, irons_spellbooks:fire. 
[27Jul2025 02:14:53.973] [Server thread/WARN] [net.minecraftforge.common.ForgeConfigSpec/CORE]: Incorrect key Spells.irons_spellbooks:magma_bomb.MaxLevel was corrected from null to its default, 8. 
[27Jul2025 02:14:53.975] [Server thread/WARN] [net.minecraftforge.common.ForgeConfigSpec/CORE]: Incorrect key Spells.irons_spellbooks:magma_bomb.MinRarity was corrected from null to its default, UNCOMMON. 
[27Jul2025 02:14:53.975] [Server thread/WARN] [net.minecraftforge.common.ForgeConfigSpec/CORE]: Incorrect key Spells.irons_spellbooks:magma_bomb.ManaCostMultiplier was corrected from null to its default, 1.0. 
[27Jul2025 02:14:53.975] [Server thread/WARN] [net.minecraftforge.common.ForgeConfigSpec/CORE]: Incorrect key Spells.irons_spellbooks:magma_bomb.SpellPowerMultiplier was corrected from null to its default, 1.0. 
[27Jul2025 02:14:53.975] [Server thread/WARN] [net.minecraftforge.common.ForgeConfigSpec/CORE]: Incorrect key Spells.irons_spellbooks:magma_bomb.CooldownInSeconds was corrected from null to its default, 12.0. 
[27Jul2025 02:14:53.976] [Server thread/WARN] [net.minecraftforge.common.ForgeConfigSpec/CORE]: Incorrect key Spells.irons_spellbooks:magma_bomb.AllowCrafting was corrected from null to its default, true. 
[27Jul2025 02:14:53.976] [Server thread/WARN] [net.minecraftforge.common.ForgeConfigSpec/CORE]: Incorrect key Spells.irons_spellbooks:scorch was corrected from null to its default, SimpleCommentedConfig:{}. 
[27Jul2025 02:14:53.976] [Server thread/WARN] [net.minecraftforge.common.ForgeConfigSpec/CORE]: Incorrect key Spells.irons_spellbooks:scorch.Enabled was corrected from null to its default, true. 
[27Jul2025 02:14:53.976] [Server thread/WARN] [net.minecraftforge.common.ForgeConfigSpec/CORE]: Incorrect key Spells.irons_spellbooks:scorch.School was corrected from null to its default, irons_spellbooks:fire. 
[27Jul2025 02:14:53.976] [Server thread/WARN] [net.minecraftforge.common.ForgeConfigSpec/CORE]: Incorrect key Spells.irons_spellbooks:scorch.MaxLevel was corrected from null to its default, 10. 
[27Jul2025 02:14:53.976] [Server thread/WARN] [net.minecraftforge.common.ForgeConfigSpec/CORE]: Incorrect key Spells.irons_spellbooks:scorch.MinRarity was corrected from null to its default, UNCOMMON. 
[27Jul2025 02:14:53.977] [Server thread/WARN] [net.minecraftforge.common.ForgeConfigSpec/CORE]: Incorrect key Spells.irons_spellbooks:scorch.ManaCostMultiplier was corrected from null to its default, 1.0. 
[27Jul2025 02:14:53.977] [Server thread/WARN] [net.minecraftforge.common.ForgeConfigSpec/CORE]: Incorrect key Spells.irons_spellbooks:scorch.SpellPowerMultiplier was corrected from null to its default, 1.0. 
[27Jul2025 02:14:53.977] [Server thread/WARN] [net.minecraftforge.common.ForgeConfigSpec/CORE]: Incorrect key Spells.irons_spellbooks:scorch.CooldownInSeconds was corrected from null to its default, 12.0. 
[27Jul2025 02:14:53.977] [Server thread/WARN] [net.minecraftforge.common.ForgeConfigSpec/CORE]: Incorrect key Spells.irons_spellbooks:scorch.AllowCrafting was corrected from null to its default, true. 
[27Jul2025 02:14:53.977] [Server thread/WARN] [net.minecraftforge.common.ForgeConfigSpec/CORE]: Incorrect key Spells.irons_spellbooks:burning_dash was corrected from null to its default, SimpleCommentedConfig:{}. 
[27Jul2025 02:14:53.977] [Server thread/WARN] [net.minecraftforge.common.ForgeConfigSpec/CORE]: Incorrect key Spells.irons_spellbooks:burning_dash.Enabled was corrected from null to its default, true. 
[27Jul2025 02:14:53.977] [Server thread/WARN] [net.minecraftforge.common.ForgeConfigSpec/CORE]: Incorrect key Spells.irons_spellbooks:burning_dash.School was corrected from null to its default, irons_spellbooks:fire. 
[27Jul2025 02:14:53.978] [Server thread/WARN] [net.minecraftforge.common.ForgeConfigSpec/CORE]: Incorrect key Spells.irons_spellbooks:burning_dash.MaxLevel was corrected from null to its default, 10. 
[27Jul2025 02:14:53.978] [Server thread/WARN] [net.minecraftforge.common.ForgeConfigSpec/CORE]: Incorrect key Spells.irons_spellbooks:burning_dash.MinRarity was corrected from null to its default, COMMON. 
[27Jul2025 02:14:53.978] [Server thread/WARN] [net.minecraftforge.common.ForgeConfigSpec/CORE]: Incorrect key Spells.irons_spellbooks:burning_dash.ManaCostMultiplier was corrected from null to its default, 1.0. 
[27Jul2025 02:14:53.978] [Server thread/WARN] [net.minecraftforge.common.ForgeConfigSpec/CORE]: Incorrect key Spells.irons_spellbooks:burning_dash.SpellPowerMultiplier was corrected from null to its default, 1.0. 
[27Jul2025 02:14:53.979] [Server thread/WARN] [net.minecraftforge.common.ForgeConfigSpec/CORE]: Incorrect key Spells.irons_spellbooks:burning_dash.CooldownInSeconds was corrected from null to its default, 10.0. 
[27Jul2025 02:14:53.979] [Server thread/WARN] [net.minecraftforge.common.ForgeConfigSpec/CORE]: Incorrect key Spells.irons_spellbooks:burning_dash.AllowCrafting was corrected from null to its default, true. 
[27Jul2025 02:14:53.980] [Server thread/WARN] [net.minecraftforge.common.ForgeConfigSpec/CORE]: Incorrect key Spells.irons_spellbooks:blaze_storm was corrected from null to its default, SimpleCommentedConfig:{}. 
[27Jul2025 02:14:53.980] [Server thread/WARN] [net.minecraftforge.common.ForgeConfigSpec/CORE]: Incorrect key Spells.irons_spellbooks:blaze_storm.Enabled was corrected from null to its default, true. 
[27Jul2025 02:14:53.980] [Server thread/WARN] [net.minecraftforge.common.ForgeConfigSpec/CORE]: Incorrect key Spells.irons_spellbooks:blaze_storm.School was corrected from null to its default, irons_spellbooks:fire. 
[27Jul2025 02:14:53.981] [Server thread/WARN] [net.minecraftforge.common.ForgeConfigSpec/CORE]: Incorrect key Spells.irons_spellbooks:blaze_storm.MaxLevel was corrected from null to its default, 10. 
[27Jul2025 02:14:53.981] [Server thread/WARN] [net.minecraftforge.common.ForgeConfigSpec/CORE]: Incorrect key Spells.irons_spellbooks:blaze_storm.MinRarity was corrected from null to its default, COMMON. 
[27Jul2025 02:14:53.981] [Server thread/WARN] [net.minecraftforge.common.ForgeConfigSpec/CORE]: Incorrect key Spells.irons_spellbooks:blaze_storm.ManaCostMultiplier was corrected from null to its default, 1.0. 
[27Jul2025 02:14:53.981] [Server thread/WARN] [net.minecraftforge.common.ForgeConfigSpec/CORE]: Incorrect key Spells.irons_spellbooks:blaze_storm.SpellPowerMultiplier was corrected from null to its default, 1.0. 
[27Jul2025 02:14:53.982] [Server thread/WARN] [net.minecraftforge.common.ForgeConfigSpec/CORE]: Incorrect key Spells.irons_spellbooks:blaze_storm.CooldownInSeconds was corrected from null to its default, 20.0. 
[27Jul2025 02:14:53.982] [Server thread/WARN] [net.minecraftforge.common.ForgeConfigSpec/CORE]: Incorrect key Spells.irons_spellbooks:blaze_storm.AllowCrafting was corrected from null to its default, true. 
[27Jul2025 02:14:53.983] [Server thread/WARN] [net.minecraftforge.common.ForgeConfigSpec/CORE]: Incorrect key Spells.irons_spellbooks:firebolt was corrected from null to its default, SimpleCommentedConfig:{}. 
[27Jul2025 02:14:53.983] [Server thread/WARN] [net.minecraftforge.common.ForgeConfigSpec/CORE]: Incorrect key Spells.irons_spellbooks:firebolt.Enabled was corrected from null to its default, true. 
[27Jul2025 02:14:53.983] [Server thread/WARN] [net.minecraftforge.common.ForgeConfigSpec/CORE]: Incorrect key Spells.irons_spellbooks:firebolt.School was corrected from null to its default, irons_spellbooks:fire. 
[27Jul2025 02:14:53.983] [Server thread/WARN] [net.minecraftforge.common.ForgeConfigSpec/CORE]: Incorrect key Spells.irons_spellbooks:firebolt.MaxLevel was corrected from null to its default, 10. 
[27Jul2025 02:14:53.983] [Server thread/WARN] [net.minecraftforge.common.ForgeConfigSpec/CORE]: Incorrect key Spells.irons_spellbooks:firebolt.MinRarity was corrected from null to its default, COMMON. 
[27Jul2025 02:14:53.984] [Server thread/WARN] [net.minecraftforge.common.ForgeConfigSpec/CORE]: Incorrect key Spells.irons_spellbooks:firebolt.ManaCostMultiplier was corrected from null to its default, 1.0. 
[27Jul2025 02:14:53.984] [Server thread/WARN] [net.minecraftforge.common.ForgeConfigSpec/CORE]: Incorrect key Spells.irons_spellbooks:firebolt.SpellPowerMultiplier was corrected from null to its default, 1.0. 
[27Jul2025 02:14:53.984] [Server thread/WARN] [net.minecraftforge.common.ForgeConfigSpec/CORE]: Incorrect key Spells.irons_spellbooks:firebolt.CooldownInSeconds was corrected from null to its default, 1.0. 
[27Jul2025 02:14:53.985] [Server thread/WARN] [net.minecraftforge.common.ForgeConfigSpec/CORE]: Incorrect key Spells.irons_spellbooks:firebolt.AllowCrafting was corrected from null to its default, true. 
[27Jul2025 02:14:53.985] [Server thread/WARN] [net.minecraftforge.common.ForgeConfigSpec/CORE]: Incorrect key Spells.irons_spellbooks:flaming_barrage was corrected from null to its default, SimpleCommentedConfig:{}. 
[27Jul2025 02:14:53.985] [Server thread/WARN] [net.minecraftforge.common.ForgeConfigSpec/CORE]: Incorrect key Spells.irons_spellbooks:flaming_barrage.Enabled was corrected from null to its default, true. 
[27Jul2025 02:14:53.985] [Server thread/WARN] [net.minecraftforge.common.ForgeConfigSpec/CORE]: Incorrect key Spells.irons_spellbooks:flaming_barrage.School was corrected from null to its default, irons_spellbooks:fire. 
[27Jul2025 02:14:53.985] [Server thread/WARN] [net.minecraftforge.common.ForgeConfigSpec/CORE]: Incorrect key Spells.irons_spellbooks:flaming_barrage.MaxLevel was corrected from null to its default, 5. 
[27Jul2025 02:14:53.986] [Server thread/WARN] [net.minecraftforge.common.ForgeConfigSpec/CORE]: Incorrect key Spells.irons_spellbooks:flaming_barrage.MinRarity was corrected from null to its default, RARE. 
[27Jul2025 02:14:53.986] [Server thread/WARN] [net.minecraftforge.common.ForgeConfigSpec/CORE]: Incorrect key Spells.irons_spellbooks:flaming_barrage.ManaCostMultiplier was corrected from null to its default, 1.0. 
[27Jul2025 02:14:53.986] [Server thread/WARN] [net.minecraftforge.common.ForgeConfigSpec/CORE]: Incorrect key Spells.irons_spellbooks:flaming_barrage.SpellPowerMultiplier was corrected from null to its default, 1.0. 
[27Jul2025 02:14:53.986] [Server thread/WARN] [net.minecraftforge.common.ForgeConfigSpec/CORE]: Incorrect key Spells.irons_spellbooks:flaming_barrage.CooldownInSeconds was corrected from null to its default, 15.0. 
[27Jul2025 02:14:53.987] [Server thread/WARN] [net.minecraftforge.common.ForgeConfigSpec/CORE]: Incorrect key Spells.irons_spellbooks:flaming_barrage.AllowCrafting was corrected from null to its default, true. 
[27Jul2025 02:14:53.987] [Server thread/WARN] [net.minecraftforge.common.ForgeConfigSpec/CORE]: Incorrect key Spells.irons_spellbooks:flaming_strike was corrected from null to its default, SimpleCommentedConfig:{}. 
[27Jul2025 02:14:53.987] [Server thread/WARN] [net.minecraftforge.common.ForgeConfigSpec/CORE]: Incorrect key Spells.irons_spellbooks:flaming_strike.Enabled was corrected from null to its default, true. 
[27Jul2025 02:14:53.987] [Server thread/WARN] [net.minecraftforge.common.ForgeConfigSpec/CORE]: Incorrect key Spells.irons_spellbooks:flaming_strike.School was corrected from null to its default, irons_spellbooks:fire. 
[27Jul2025 02:14:53.987] [Server thread/WARN] [net.minecraftforge.common.ForgeConfigSpec/CORE]: Incorrect key Spells.irons_spellbooks:flaming_strike.MaxLevel was corrected from null to its default, 5. 
[27Jul2025 02:14:53.987] [Server thread/WARN] [net.minecraftforge.common.ForgeConfigSpec/CORE]: Incorrect key Spells.irons_spellbooks:flaming_strike.MinRarity was corrected from null to its default, COMMON. 
[27Jul2025 02:14:53.988] [Server thread/WARN] [net.minecraftforge.common.ForgeConfigSpec/CORE]: Incorrect key Spells.irons_spellbooks:flaming_strike.ManaCostMultiplier was corrected from null to its default, 1.0. 
[27Jul2025 02:14:53.988] [Server thread/WARN] [net.minecraftforge.common.ForgeConfigSpec/CORE]: Incorrect key Spells.irons_spellbooks:flaming_strike.SpellPowerMultiplier was corrected from null to its default, 1.0. 
[27Jul2025 02:14:53.988] [Server thread/WARN] [net.minecraftforge.common.ForgeConfigSpec/CORE]: Incorrect key Spells.irons_spellbooks:flaming_strike.CooldownInSeconds was corrected from null to its default, 15.0. 
[27Jul2025 02:14:53.988] [Server thread/WARN] [net.minecraftforge.common.ForgeConfigSpec/CORE]: Incorrect key Spells.irons_spellbooks:flaming_strike.AllowCrafting was corrected from null to its default, true. 
[27Jul2025 02:14:53.988] [Server thread/WARN] [net.minecraftforge.common.ForgeConfigSpec/CORE]: Incorrect key Spells.irons_spellbooks:poison_arrow was corrected from null to its default, SimpleCommentedConfig:{}. 
[27Jul2025 02:14:53.988] [Server thread/WARN] [net.minecraftforge.common.ForgeConfigSpec/CORE]: Incorrect key Spells.irons_spellbooks:poison_arrow.Enabled was corrected from null to its default, true. 
[27Jul2025 02:14:53.988] [Server thread/WARN] [net.minecraftforge.common.ForgeConfigSpec/CORE]: Incorrect key Spells.irons_spellbooks:poison_arrow.School was corrected from null to its default, irons_spellbooks:nature. 
[27Jul2025 02:14:53.989] [Server thread/WARN] [net.minecraftforge.common.ForgeConfigSpec/CORE]: Incorrect key Spells.irons_spellbooks:poison_arrow.MaxLevel was corrected from null to its default, 10. 
[27Jul2025 02:14:53.989] [Server thread/WARN] [net.minecraftforge.common.ForgeConfigSpec/CORE]: Incorrect key Spells.irons_spellbooks:poison_arrow.MinRarity was corrected from null to its default, COMMON. 
[27Jul2025 02:14:53.989] [Server thread/WARN] [net.minecraftforge.common.ForgeConfigSpec/CORE]: Incorrect key Spells.irons_spellbooks:poison_arrow.ManaCostMultiplier was corrected from null to its default, 1.0. 
[27Jul2025 02:14:53.989] [Server thread/WARN] [net.minecraftforge.common.ForgeConfigSpec/CORE]: Incorrect key Spells.irons_spellbooks:poison_arrow.SpellPowerMultiplier was corrected from null to its default, 1.0. 
[27Jul2025 02:14:53.989] [Server thread/WARN] [net.minecraftforge.common.ForgeConfigSpec/CORE]: Incorrect key Spells.irons_spellbooks:poison_arrow.CooldownInSeconds was corrected from null to its default, 15.0. 
[27Jul2025 02:14:53.989] [Server thread/WARN] [net.minecraftforge.common.ForgeConfigSpec/CORE]: Incorrect key Spells.irons_spellbooks:poison_arrow.AllowCrafting was corrected from null to its default, true. 
[27Jul2025 02:14:53.989] [Server thread/WARN] [net.minecraftforge.common.ForgeConfigSpec/CORE]: Incorrect key Spells.irons_spellbooks:earthquake was corrected from null to its default, SimpleCommentedConfig:{}. 
[27Jul2025 02:14:53.990] [Server thread/WARN] [net.minecraftforge.common.ForgeConfigSpec/CORE]: Incorrect key Spells.irons_spellbooks:earthquake.Enabled was corrected from null to its default, true. 
[27Jul2025 02:14:53.990] [Server thread/WARN] [net.minecraftforge.common.ForgeConfigSpec/CORE]: Incorrect key Spells.irons_spellbooks:earthquake.School was corrected from null to its default, irons_spellbooks:nature. 
[27Jul2025 02:14:53.990] [Server thread/WARN] [net.minecraftforge.common.ForgeConfigSpec/CORE]: Incorrect key Spells.irons_spellbooks:earthquake.MaxLevel was corrected from null to its default, 10. 
[27Jul2025 02:14:53.990] [Server thread/WARN] [net.minecraftforge.common.ForgeConfigSpec/CORE]: Incorrect key Spells.irons_spellbooks:earthquake.MinRarity was corrected from null to its default, UNCOMMON. 
[27Jul2025 02:14:53.990] [Server thread/WARN] [net.minecraftforge.common.ForgeConfigSpec/CORE]: Incorrect key Spells.irons_spellbooks:earthquake.ManaCostMultiplier was corrected from null to its default, 1.0. 
[27Jul2025 02:14:53.990] [Server thread/WARN] [net.minecraftforge.common.ForgeConfigSpec/CORE]: Incorrect key Spells.irons_spellbooks:earthquake.SpellPowerMultiplier was corrected from null to its default, 1.0. 
[27Jul2025 02:14:53.991] [Server thread/WARN] [net.minecraftforge.common.ForgeConfigSpec/CORE]: Incorrect key Spells.irons_spellbooks:earthquake.CooldownInSeconds was corrected from null to its default, 16.0. 
[27Jul2025 02:14:53.991] [Server thread/WARN] [net.minecraftforge.common.ForgeConfigSpec/CORE]: Incorrect key Spells.irons_spellbooks:earthquake.AllowCrafting was corrected from null to its default, true. 
[27Jul2025 02:14:53.991] [Server thread/WARN] [net.minecraftforge.common.ForgeConfigSpec/CORE]: Incorrect key Spells.irons_spellbooks:poison_splash was corrected from null to its default, SimpleCommentedConfig:{}. 
[27Jul2025 02:14:53.991] [Server thread/WARN] [net.minecraftforge.common.ForgeConfigSpec/CORE]: Incorrect key Spells.irons_spellbooks:poison_splash.Enabled was corrected from null to its default, true. 
[27Jul2025 02:14:53.991] [Server thread/WARN] [net.minecraftforge.common.ForgeConfigSpec/CORE]: Incorrect key Spells.irons_spellbooks:poison_splash.School was corrected from null to its default, irons_spellbooks:nature. 
[27Jul2025 02:14:53.991] [Server thread/WARN] [net.minecraftforge.common.ForgeConfigSpec/CORE]: Incorrect key Spells.irons_spellbooks:poison_splash.MaxLevel was corrected from null to its default, 10. 
[27Jul2025 02:14:53.992] [Server thread/WARN] [net.minecraftforge.common.ForgeConfigSpec/CORE]: Incorrect key Spells.irons_spellbooks:poison_splash.MinRarity was corrected from null to its default, UNCOMMON. 
[27Jul2025 02:14:53.992] [Server thread/WARN] [net.minecraftforge.common.ForgeConfigSpec/CORE]: Incorrect key Spells.irons_spellbooks:poison_splash.ManaCostMultiplier was corrected from null to its default, 1.0. 
[27Jul2025 02:14:53.992] [Server thread/WARN] [net.minecraftforge.common.ForgeConfigSpec/CORE]: Incorrect key Spells.irons_spellbooks:poison_splash.SpellPowerMultiplier was corrected from null to its default, 1.0. 
[27Jul2025 02:14:53.992] [Server thread/WARN] [net.minecraftforge.common.ForgeConfigSpec/CORE]: Incorrect key Spells.irons_spellbooks:poison_splash.CooldownInSeconds was corrected from null to its default, 20.0. 
[27Jul2025 02:14:53.992] [Server thread/WARN] [net.minecraftforge.common.ForgeConfigSpec/CORE]: Incorrect key Spells.irons_spellbooks:poison_splash.AllowCrafting was corrected from null to its default, true. 
[27Jul2025 02:14:53.992] [Server thread/WARN] [net.minecraftforge.common.ForgeConfigSpec/CORE]: Incorrect key Spells.irons_spellbooks:oakskin was corrected from null to its default, SimpleCommentedConfig:{}. 
[27Jul2025 02:14:53.992] [Server thread/WARN] [net.minecraftforge.common.ForgeConfigSpec/CORE]: Incorrect key Spells.irons_spellbooks:oakskin.Enabled was corrected from null to its default, true. 
[27Jul2025 02:14:53.993] [Server thread/WARN] [net.minecraftforge.common.ForgeConfigSpec/CORE]: Incorrect key Spells.irons_spellbooks:oakskin.School was corrected from null to its default, irons_spellbooks:nature. 
[27Jul2025 02:14:53.993] [Server thread/WARN] [net.minecraftforge.common.ForgeConfigSpec/CORE]: Incorrect key Spells.irons_spellbooks:oakskin.MaxLevel was corrected from null to its default, 8. 
[27Jul2025 02:14:53.993] [Server thread/WARN] [net.minecraftforge.common.ForgeConfigSpec/CORE]: Incorrect key Spells.irons_spellbooks:oakskin.MinRarity was corrected from null to its default, COMMON. 
[27Jul2025 02:14:53.993] [Server thread/WARN] [net.minecraftforge.common.ForgeConfigSpec/CORE]: Incorrect key Spells.irons_spellbooks:oakskin.ManaCostMultiplier was corrected from null to its default, 1.0. 
[27Jul2025 02:14:53.993] [Server thread/WARN] [net.minecraftforge.common.ForgeConfigSpec/CORE]: Incorrect key Spells.irons_spellbooks:oakskin.SpellPowerMultiplier was corrected from null to its default, 1.0. 
[27Jul2025 02:14:53.993] [Server thread/WARN] [net.minecraftforge.common.ForgeConfigSpec/CORE]: Incorrect key Spells.irons_spellbooks:oakskin.CooldownInSeconds was corrected from null to its default, 35.0. 
[27Jul2025 02:14:53.993] [Server thread/WARN] [net.minecraftforge.common.ForgeConfigSpec/CORE]: Incorrect key Spells.irons_spellbooks:oakskin.AllowCrafting was corrected from null to its default, true. 
[27Jul2025 02:14:53.993] [Server thread/WARN] [net.minecraftforge.common.ForgeConfigSpec/CORE]: Incorrect key Spells.irons_spellbooks:spider_aspect was corrected from null to its default, SimpleCommentedConfig:{}. 
[27Jul2025 02:14:53.994] [Server thread/WARN] [net.minecraftforge.common.ForgeConfigSpec/CORE]: Incorrect key Spells.irons_spellbooks:spider_aspect.Enabled was corrected from null to its default, true. 
[27Jul2025 02:14:53.994] [Server thread/WARN] [net.minecraftforge.common.ForgeConfigSpec/CORE]: Incorrect key Spells.irons_spellbooks:spider_aspect.School was corrected from null to its default, irons_spellbooks:nature. 
[27Jul2025 02:14:53.994] [Server thread/WARN] [net.minecraftforge.common.ForgeConfigSpec/CORE]: Incorrect key Spells.irons_spellbooks:spider_aspect.MaxLevel was corrected from null to its default, 8. 
[27Jul2025 02:14:53.994] [Server thread/WARN] [net.minecraftforge.common.ForgeConfigSpec/CORE]: Incorrect key Spells.irons_spellbooks:spider_aspect.MinRarity was corrected from null to its default, RARE. 
[27Jul2025 02:14:53.994] [Server thread/WARN] [net.minecraftforge.common.ForgeConfigSpec/CORE]: Incorrect key Spells.irons_spellbooks:spider_aspect.ManaCostMultiplier was corrected from null to its default, 1.0. 
[27Jul2025 02:14:53.994] [Server thread/WARN] [net.minecraftforge.common.ForgeConfigSpec/CORE]: Incorrect key Spells.irons_spellbooks:spider_aspect.SpellPowerMultiplier was corrected from null to its default, 1.0. 
[27Jul2025 02:14:53.994] [Server thread/WARN] [net.minecraftforge.common.ForgeConfigSpec/CORE]: Incorrect key Spells.irons_spellbooks:spider_aspect.CooldownInSeconds was corrected from null to its default, 90.0. 
[27Jul2025 02:14:53.995] [Server thread/WARN] [net.minecraftforge.common.ForgeConfigSpec/CORE]: Incorrect key Spells.irons_spellbooks:spider_aspect.AllowCrafting was corrected from null to its default, true. 
[27Jul2025 02:14:53.995] [Server thread/WARN] [net.minecraftforge.common.ForgeConfigSpec/CORE]: Incorrect key Spells.irons_spellbooks:firefly_swarm was corrected from null to its default, SimpleCommentedConfig:{}. 
[27Jul2025 02:14:53.995] [Server thread/WARN] [net.minecraftforge.common.ForgeConfigSpec/CORE]: Incorrect key Spells.irons_spellbooks:firefly_swarm.Enabled was corrected from null to its default, true. 
[27Jul2025 02:14:53.995] [Server thread/WARN] [net.minecraftforge.common.ForgeConfigSpec/CORE]: Incorrect key Spells.irons_spellbooks:firefly_swarm.School was corrected from null to its default, irons_spellbooks:nature. 
[27Jul2025 02:14:53.995] [Server thread/WARN] [net.minecraftforge.common.ForgeConfigSpec/CORE]: Incorrect key Spells.irons_spellbooks:firefly_swarm.MaxLevel was corrected from null to its default, 10. 
[27Jul2025 02:14:53.995] [Server thread/WARN] [net.minecraftforge.common.ForgeConfigSpec/CORE]: Incorrect key Spells.irons_spellbooks:firefly_swarm.MinRarity was corrected from null to its default, UNCOMMON. 
[27Jul2025 02:14:53.995] [Server thread/WARN] [net.minecraftforge.common.ForgeConfigSpec/CORE]: Incorrect key Spells.irons_spellbooks:firefly_swarm.ManaCostMultiplier was corrected from null to its default, 1.0. 
[27Jul2025 02:14:53.996] [Server thread/WARN] [net.minecraftforge.common.ForgeConfigSpec/CORE]: Incorrect key Spells.irons_spellbooks:firefly_swarm.SpellPowerMultiplier was corrected from null to its default, 1.0. 
[27Jul2025 02:14:53.996] [Server thread/WARN] [net.minecraftforge.common.ForgeConfigSpec/CORE]: Incorrect key Spells.irons_spellbooks:firefly_swarm.CooldownInSeconds was corrected from null to its default, 20.0. 
[27Jul2025 02:14:53.996] [Server thread/WARN] [net.minecraftforge.common.ForgeConfigSpec/CORE]: Incorrect key Spells.irons_spellbooks:firefly_swarm.AllowCrafting was corrected from null to its default, true. 
[27Jul2025 02:14:53.996] [Server thread/WARN] [net.minecraftforge.common.ForgeConfigSpec/CORE]: Incorrect key Spells.irons_spellbooks:root was corrected from null to its default, SimpleCommentedConfig:{}. 
[27Jul2025 02:14:53.996] [Server thread/WARN] [net.minecraftforge.common.ForgeConfigSpec/CORE]: Incorrect key Spells.irons_spellbooks:root.Enabled was corrected from null to its default, true. 
[27Jul2025 02:14:53.997] [Server thread/WARN] [net.minecraftforge.common.ForgeConfigSpec/CORE]: Incorrect key Spells.irons_spellbooks:root.School was corrected from null to its default, irons_spellbooks:nature. 
[27Jul2025 02:14:53.997] [Server thread/WARN] [net.minecraftforge.common.ForgeConfigSpec/CORE]: Incorrect key Spells.irons_spellbooks:root.MaxLevel was corrected from null to its default, 10. 
[27Jul2025 02:14:53.997] [Server thread/WARN] [net.minecraftforge.common.ForgeConfigSpec/CORE]: Incorrect key Spells.irons_spellbooks:root.MinRarity was corrected from null to its default, UNCOMMON. 
[27Jul2025 02:14:53.997] [Server thread/WARN] [net.minecraftforge.common.ForgeConfigSpec/CORE]: Incorrect key Spells.irons_spellbooks:root.ManaCostMultiplier was corrected from null to its default, 1.0. 
[27Jul2025 02:14:53.997] [Server thread/WARN] [net.minecraftforge.common.ForgeConfigSpec/CORE]: Incorrect key Spells.irons_spellbooks:root.SpellPowerMultiplier was corrected from null to its default, 1.0. 
[27Jul2025 02:14:53.997] [Server thread/WARN] [net.minecraftforge.common.ForgeConfigSpec/CORE]: Incorrect key Spells.irons_spellbooks:root.CooldownInSeconds was corrected from null to its default, 35.0. 
[27Jul2025 02:14:53.997] [Server thread/WARN] [net.minecraftforge.common.ForgeConfigSpec/CORE]: Incorrect key Spells.irons_spellbooks:root.AllowCrafting was corrected from null to its default, true. 
[27Jul2025 02:14:53.997] [Server thread/WARN] [net.minecraftforge.common.ForgeConfigSpec/CORE]: Incorrect key Spells.irons_spellbooks:blight was corrected from null to its default, SimpleCommentedConfig:{}. 
[27Jul2025 02:14:53.997] [Server thread/WARN] [net.minecraftforge.common.ForgeConfigSpec/CORE]: Incorrect key Spells.irons_spellbooks:blight.Enabled was corrected from null to its default, true. 
[27Jul2025 02:14:53.997] [Server thread/WARN] [net.minecraftforge.common.ForgeConfigSpec/CORE]: Incorrect key Spells.irons_spellbooks:blight.School was corrected from null to its default, irons_spellbooks:nature. 
[27Jul2025 02:14:53.998] [Server thread/WARN] [net.minecraftforge.common.ForgeConfigSpec/CORE]: Incorrect key Spells.irons_spellbooks:blight.MaxLevel was corrected from null to its default, 8. 
[27Jul2025 02:14:53.998] [Server thread/WARN] [net.minecraftforge.common.ForgeConfigSpec/CORE]: Incorrect key Spells.irons_spellbooks:blight.MinRarity was corrected from null to its default, RARE. 
[27Jul2025 02:14:53.998] [Server thread/WARN] [net.minecraftforge.common.ForgeConfigSpec/CORE]: Incorrect key Spells.irons_spellbooks:blight.ManaCostMultiplier was corrected from null to its default, 1.0. 
[27Jul2025 02:14:53.998] [Server thread/WARN] [net.minecraftforge.common.ForgeConfigSpec/CORE]: Incorrect key Spells.irons_spellbooks:blight.SpellPowerMultiplier was corrected from null to its default, 1.0. 
[27Jul2025 02:14:53.998] [Server thread/WARN] [net.minecraftforge.common.ForgeConfigSpec/CORE]: Incorrect key Spells.irons_spellbooks:blight.CooldownInSeconds was corrected from null to its default, 35.0. 
[27Jul2025 02:14:53.998] [Server thread/WARN] [net.minecraftforge.common.ForgeConfigSpec/CORE]: Incorrect key Spells.irons_spellbooks:blight.AllowCrafting was corrected from null to its default, true. 
[27Jul2025 02:14:53.998] [Server thread/WARN] [net.minecraftforge.common.ForgeConfigSpec/CORE]: Incorrect key Spells.irons_spellbooks:stomp was corrected from null to its default, SimpleCommentedConfig:{}. 
[27Jul2025 02:14:53.998] [Server thread/WARN] [net.minecraftforge.common.ForgeConfigSpec/CORE]: Incorrect key Spells.irons_spellbooks:stomp.Enabled was corrected from null to its default, true. 
[27Jul2025 02:14:53.998] [Server thread/WARN] [net.minecraftforge.common.ForgeConfigSpec/CORE]: Incorrect key Spells.irons_spellbooks:stomp.School was corrected from null to its default, irons_spellbooks:nature. 
[27Jul2025 02:14:53.998] [Server thread/WARN] [net.minecraftforge.common.ForgeConfigSpec/CORE]: Incorrect key Spells.irons_spellbooks:stomp.MaxLevel was corrected from null to its default, 5. 
[27Jul2025 02:14:53.999] [Server thread/WARN] [net.minecraftforge.common.ForgeConfigSpec/CORE]: Incorrect key Spells.irons_spellbooks:stomp.MinRarity was corrected from null to its default, UNCOMMON. 
[27Jul2025 02:14:53.999] [Server thread/WARN] [net.minecraftforge.common.ForgeConfigSpec/CORE]: Incorrect key Spells.irons_spellbooks:stomp.ManaCostMultiplier was corrected from null to its default, 1.0. 
[27Jul2025 02:14:53.999] [Server thread/WARN] [net.minecraftforge.common.ForgeConfigSpec/CORE]: Incorrect key Spells.irons_spellbooks:stomp.SpellPowerMultiplier was corrected from null to its default, 1.0. 
[27Jul2025 02:14:53.999] [Server thread/WARN] [net.minecraftforge.common.ForgeConfigSpec/CORE]: Incorrect key Spells.irons_spellbooks:stomp.CooldownInSeconds was corrected from null to its default, 16.0. 
[27Jul2025 02:14:53.999] [Server thread/WARN] [net.minecraftforge.common.ForgeConfigSpec/CORE]: Incorrect key Spells.irons_spellbooks:stomp.AllowCrafting was corrected from null to its default, true. 
[27Jul2025 02:14:53.999] [Server thread/WARN] [net.minecraftforge.common.ForgeConfigSpec/CORE]: Incorrect key Spells.irons_spellbooks:acid_orb was corrected from null to its default, SimpleCommentedConfig:{}. 
[27Jul2025 02:14:53.999] [Server thread/WARN] [net.minecraftforge.common.ForgeConfigSpec/CORE]: Incorrect key Spells.irons_spellbooks:acid_orb.Enabled was corrected from null to its default, true. 
[27Jul2025 02:14:53.999] [Server thread/WARN] [net.minecraftforge.common.ForgeConfigSpec/CORE]: Incorrect key Spells.irons_spellbooks:acid_orb.School was corrected from null to its default, irons_spellbooks:nature. 
[27Jul2025 02:14:53.999] [Server thread/WARN] [net.minecraftforge.common.ForgeConfigSpec/CORE]: Incorrect key Spells.irons_spellbooks:acid_orb.MaxLevel was corrected from null to its default, 10. 
[27Jul2025 02:14:54.000] [Server thread/WARN] [net.minecraftforge.common.ForgeConfigSpec/CORE]: Incorrect key Spells.irons_spellbooks:acid_orb.MinRarity was corrected from null to its default, COMMON. 
[27Jul2025 02:14:54.000] [Server thread/WARN] [net.minecraftforge.common.ForgeConfigSpec/CORE]: Incorrect key Spells.irons_spellbooks:acid_orb.ManaCostMultiplier was corrected from null to its default, 1.0. 
[27Jul2025 02:14:54.000] [Server thread/WARN] [net.minecraftforge.common.ForgeConfigSpec/CORE]: Incorrect key Spells.irons_spellbooks:acid_orb.SpellPowerMultiplier was corrected from null to its default, 1.0. 
[27Jul2025 02:14:54.000] [Server thread/WARN] [net.minecraftforge.common.ForgeConfigSpec/CORE]: Incorrect key Spells.irons_spellbooks:acid_orb.CooldownInSeconds was corrected from null to its default, 15.0. 
[27Jul2025 02:14:54.000] [Server thread/WARN] [net.minecraftforge.common.ForgeConfigSpec/CORE]: Incorrect key Spells.irons_spellbooks:acid_orb.AllowCrafting was corrected from null to its default, true. 
[27Jul2025 02:14:54.000] [Server thread/WARN] [net.minecraftforge.common.ForgeConfigSpec/CORE]: Incorrect key Spells.irons_spellbooks:poison_breath was corrected from null to its default, SimpleCommentedConfig:{}. 
[27Jul2025 02:14:54.000] [Server thread/WARN] [net.minecraftforge.common.ForgeConfigSpec/CORE]: Incorrect key Spells.irons_spellbooks:poison_breath.Enabled was corrected from null to its default, true. 
[27Jul2025 02:14:54.000] [Server thread/WARN] [net.minecraftforge.common.ForgeConfigSpec/CORE]: Incorrect key Spells.irons_spellbooks:poison_breath.School was corrected from null to its default, irons_spellbooks:nature. 
[27Jul2025 02:14:54.000] [Server thread/WARN] [net.minecraftforge.common.ForgeConfigSpec/CORE]: Incorrect key Spells.irons_spellbooks:poison_breath.MaxLevel was corrected from null to its default, 10. 
[27Jul2025 02:14:54.001] [Server thread/WARN] [net.minecraftforge.common.ForgeConfigSpec/CORE]: Incorrect key Spells.irons_spellbooks:poison_breath.MinRarity was corrected from null to its default, COMMON. 
[27Jul2025 02:14:54.001] [Server thread/WARN] [net.minecraftforge.common.ForgeConfigSpec/CORE]: Incorrect key Spells.irons_spellbooks:poison_breath.ManaCostMultiplier was corrected from null to its default, 1.0. 
[27Jul2025 02:14:54.001] [Server thread/WARN] [net.minecraftforge.common.ForgeConfigSpec/CORE]: Incorrect key Spells.irons_spellbooks:poison_breath.SpellPowerMultiplier was corrected from null to its default, 1.0. 
[27Jul2025 02:14:54.001] [Server thread/WARN] [net.minecraftforge.common.ForgeConfigSpec/CORE]: Incorrect key Spells.irons_spellbooks:poison_breath.CooldownInSeconds was corrected from null to its default, 12.0. 
[27Jul2025 02:14:54.001] [Server thread/WARN] [net.minecraftforge.common.ForgeConfigSpec/CORE]: Incorrect key Spells.irons_spellbooks:poison_breath.AllowCrafting was corrected from null to its default, true. 
[27Jul2025 02:14:54.001] [Server thread/WARN] [net.minecraftforge.common.ForgeConfigSpec/CORE]: Incorrect key Spells.irons_spellbooks:gluttony was corrected from null to its default, SimpleCommentedConfig:{}. 
[27Jul2025 02:14:54.001] [Server thread/WARN] [net.minecraftforge.common.ForgeConfigSpec/CORE]: Incorrect key Spells.irons_spellbooks:gluttony.Enabled was corrected from null to its default, true. 
[27Jul2025 02:14:54.001] [Server thread/WARN] [net.minecraftforge.common.ForgeConfigSpec/CORE]: Incorrect key Spells.irons_spellbooks:gluttony.School was corrected from null to its default, irons_spellbooks:nature. 
[27Jul2025 02:14:54.001] [Server thread/WARN] [net.minecraftforge.common.ForgeConfigSpec/CORE]: Incorrect key Spells.irons_spellbooks:gluttony.MaxLevel was corrected from null to its default, 5. 
[27Jul2025 02:14:54.001] [Server thread/WARN] [net.minecraftforge.common.ForgeConfigSpec/CORE]: Incorrect key Spells.irons_spellbooks:gluttony.MinRarity was corrected from null to its default, COMMON. 
[27Jul2025 02:14:54.001] [Server thread/WARN] [net.minecraftforge.common.ForgeConfigSpec/CORE]: Incorrect key Spells.irons_spellbooks:gluttony.ManaCostMultiplier was corrected from null to its default, 1.0. 
[27Jul2025 02:14:54.002] [Server thread/WARN] [net.minecraftforge.common.ForgeConfigSpec/CORE]: Incorrect key Spells.irons_spellbooks:gluttony.SpellPowerMultiplier was corrected from null to its default, 1.0. 
[27Jul2025 02:14:54.002] [Server thread/WARN] [net.minecraftforge.common.ForgeConfigSpec/CORE]: Incorrect key Spells.irons_spellbooks:gluttony.CooldownInSeconds was corrected from null to its default, 90.0. 
[27Jul2025 02:14:54.002] [Server thread/WARN] [net.minecraftforge.common.ForgeConfigSpec/CORE]: Incorrect key Spells.irons_spellbooks:gluttony.AllowCrafting was corrected from null to its default, true. 
[27Jul2025 02:14:54.002] [Server thread/WARN] [net.minecraftforge.common.ForgeConfigSpec/CORE]: Incorrect key Spells.irons_spellbooks:frostbite was corrected from null to its default, SimpleCommentedConfig:{}. 
[27Jul2025 02:14:54.002] [Server thread/WARN] [net.minecraftforge.common.ForgeConfigSpec/CORE]: Incorrect key Spells.irons_spellbooks:frostbite.Enabled was corrected from null to its default, true. 
[27Jul2025 02:14:54.002] [Server thread/WARN] [net.minecraftforge.common.ForgeConfigSpec/CORE]: Incorrect key Spells.irons_spellbooks:frostbite.School was corrected from null to its default, irons_spellbooks:ice. 
[27Jul2025 02:14:54.002] [Server thread/WARN] [net.minecraftforge.common.ForgeConfigSpec/CORE]: Incorrect key Spells.irons_spellbooks:frostbite.MaxLevel was corrected from null to its default, 5. 
[27Jul2025 02:14:54.002] [Server thread/WARN] [net.minecraftforge.common.ForgeConfigSpec/CORE]: Incorrect key Spells.irons_spellbooks:frostbite.MinRarity was corrected from null to its default, COMMON. 
[27Jul2025 02:14:54.002] [Server thread/WARN] [net.minecraftforge.common.ForgeConfigSpec/CORE]: Incorrect key Spells.irons_spellbooks:frostbite.ManaCostMultiplier was corrected from null to its default, 1.0. 
[27Jul2025 02:14:54.003] [Server thread/WARN] [net.minecraftforge.common.ForgeConfigSpec/CORE]: Incorrect key Spells.irons_spellbooks:frostbite.SpellPowerMultiplier was corrected from null to its default, 1.0. 
[27Jul2025 02:14:54.003] [Server thread/WARN] [net.minecraftforge.common.ForgeConfigSpec/CORE]: Incorrect key Spells.irons_spellbooks:frostbite.CooldownInSeconds was corrected from null to its default, 0.0. 
[27Jul2025 02:14:54.003] [Server thread/WARN] [net.minecraftforge.common.ForgeConfigSpec/CORE]: Incorrect key Spells.irons_spellbooks:frostbite.AllowCrafting was corrected from null to its default, true. 
[27Jul2025 02:14:54.003] [Server thread/WARN] [net.minecraftforge.common.ForgeConfigSpec/CORE]: Incorrect key Spells.irons_spellbooks:ice_block was corrected from null to its default, SimpleCommentedConfig:{}. 
[27Jul2025 02:14:54.003] [Server thread/WARN] [net.minecraftforge.common.ForgeConfigSpec/CORE]: Incorrect key Spells.irons_spellbooks:ice_block.Enabled was corrected from null to its default, true. 
[27Jul2025 02:14:54.003] [Server thread/WARN] [net.minecraftforge.common.ForgeConfigSpec/CORE]: Incorrect key Spells.irons_spellbooks:ice_block.School was corrected from null to its default, irons_spellbooks:ice. 
[27Jul2025 02:14:54.003] [Server thread/WARN] [net.minecraftforge.common.ForgeConfigSpec/CORE]: Incorrect key Spells.irons_spellbooks:ice_block.MaxLevel was corrected from null to its default, 6. 
[27Jul2025 02:14:54.003] [Server thread/WARN] [net.minecraftforge.common.ForgeConfigSpec/CORE]: Incorrect key Spells.irons_spellbooks:ice_block.MinRarity was corrected from null to its default, RARE. 
[27Jul2025 02:14:54.003] [Server thread/WARN] [net.minecraftforge.common.ForgeConfigSpec/CORE]: Incorrect key Spells.irons_spellbooks:ice_block.ManaCostMultiplier was corrected from null to its default, 1.0. 
[27Jul2025 02:14:54.004] [Server thread/WARN] [net.minecraftforge.common.ForgeConfigSpec/CORE]: Incorrect key Spells.irons_spellbooks:ice_block.SpellPowerMultiplier was corrected from null to its default, 1.0. 
[27Jul2025 02:14:54.004] [Server thread/WARN] [net.minecraftforge.common.ForgeConfigSpec/CORE]: Incorrect key Spells.irons_spellbooks:ice_block.CooldownInSeconds was corrected from null to its default, 15.0. 
[27Jul2025 02:14:54.004] [Server thread/WARN] [net.minecraftforge.common.ForgeConfigSpec/CORE]: Incorrect key Spells.irons_spellbooks:ice_block.AllowCrafting was corrected from null to its default, true. 
[27Jul2025 02:14:54.004] [Server thread/WARN] [net.minecraftforge.common.ForgeConfigSpec/CORE]: Incorrect key Spells.irons_spellbooks:ray_of_frost was corrected from null to its default, SimpleCommentedConfig:{}. 
[27Jul2025 02:14:54.004] [Server thread/WARN] [net.minecraftforge.common.ForgeConfigSpec/CORE]: Incorrect key Spells.irons_spellbooks:ray_of_frost.Enabled was corrected from null to its default, true. 
[27Jul2025 02:14:54.004] [Server thread/WARN] [net.minecraftforge.common.ForgeConfigSpec/CORE]: Incorrect key Spells.irons_spellbooks:ray_of_frost.School was corrected from null to its default, irons_spellbooks:ice. 
[27Jul2025 02:14:54.004] [Server thread/WARN] [net.minecraftforge.common.ForgeConfigSpec/CORE]: Incorrect key Spells.irons_spellbooks:ray_of_frost.MaxLevel was corrected from null to its default, 5. 
[27Jul2025 02:14:54.004] [Server thread/WARN] [net.minecraftforge.common.ForgeConfigSpec/CORE]: Incorrect key Spells.irons_spellbooks:ray_of_frost.MinRarity was corrected from null to its default, COMMON. 
[27Jul2025 02:14:54.005] [Server thread/WARN] [net.minecraftforge.common.ForgeConfigSpec/CORE]: Incorrect key Spells.irons_spellbooks:ray_of_frost.ManaCostMultiplier was corrected from null to its default, 1.0. 
[27Jul2025 02:14:54.005] [Server thread/WARN] [net.minecraftforge.common.ForgeConfigSpec/CORE]: Incorrect key Spells.irons_spellbooks:ray_of_frost.SpellPowerMultiplier was corrected from null to its default, 1.0. 
[27Jul2025 02:14:54.005] [Server thread/WARN] [net.minecraftforge.common.ForgeConfigSpec/CORE]: Incorrect key Spells.irons_spellbooks:ray_of_frost.CooldownInSeconds was corrected from null to its default, 15.0. 
[27Jul2025 02:14:54.005] [Server thread/WARN] [net.minecraftforge.common.ForgeConfigSpec/CORE]: Incorrect key Spells.irons_spellbooks:ray_of_frost.AllowCrafting was corrected from null to its default, true. 
[27Jul2025 02:14:54.005] [Server thread/WARN] [net.minecraftforge.common.ForgeConfigSpec/CORE]: Incorrect key Spells.irons_spellbooks:cone_of_cold was corrected from null to its default, SimpleCommentedConfig:{}. 
[27Jul2025 02:14:54.005] [Server thread/WARN] [net.minecraftforge.common.ForgeConfigSpec/CORE]: Incorrect key Spells.irons_spellbooks:cone_of_cold.Enabled was corrected from null to its default, true. 
[27Jul2025 02:14:54.005] [Server thread/WARN] [net.minecraftforge.common.ForgeConfigSpec/CORE]: Incorrect key Spells.irons_spellbooks:cone_of_cold.School was corrected from null to its default, irons_spellbooks:ice. 
[27Jul2025 02:14:54.005] [Server thread/WARN] [net.minecraftforge.common.ForgeConfigSpec/CORE]: Incorrect key Spells.irons_spellbooks:cone_of_cold.MaxLevel was corrected from null to its default, 10. 
[27Jul2025 02:14:54.005] [Server thread/WARN] [net.minecraftforge.common.ForgeConfigSpec/CORE]: Incorrect key Spells.irons_spellbooks:cone_of_cold.MinRarity was corrected from null to its default, COMMON. 
[27Jul2025 02:14:54.005] [Server thread/WARN] [net.minecraftforge.common.ForgeConfigSpec/CORE]: Incorrect key Spells.irons_spellbooks:cone_of_cold.ManaCostMultiplier was corrected from null to its default, 1.0. 
[27Jul2025 02:14:54.006] [Server thread/WARN] [net.minecraftforge.common.ForgeConfigSpec/CORE]: Incorrect key Spells.irons_spellbooks:cone_of_cold.SpellPowerMultiplier was corrected from null to its default, 1.0. 
[27Jul2025 02:14:54.006] [Server thread/WARN] [net.minecraftforge.common.ForgeConfigSpec/CORE]: Incorrect key Spells.irons_spellbooks:cone_of_cold.CooldownInSeconds was corrected from null to its default, 12.0. 
[27Jul2025 02:14:54.006] [Server thread/WARN] [net.minecraftforge.common.ForgeConfigSpec/CORE]: Incorrect key Spells.irons_spellbooks:cone_of_cold.AllowCrafting was corrected from null to its default, true. 
[27Jul2025 02:14:54.006] [Server thread/WARN] [net.minecraftforge.common.ForgeConfigSpec/CORE]: Incorrect key Spells.irons_spellbooks:frost_step was corrected from null to its default, SimpleCommentedConfig:{}. 
[27Jul2025 02:14:54.006] [Server thread/WARN] [net.minecraftforge.common.ForgeConfigSpec/CORE]: Incorrect key Spells.irons_spellbooks:frost_step.Enabled was corrected from null to its default, true. 
[27Jul2025 02:14:54.006] [Server thread/WARN] [net.minecraftforge.common.ForgeConfigSpec/CORE]: Incorrect key Spells.irons_spellbooks:frost_step.School was corrected from null to its default, irons_spellbooks:ice. 
[27Jul2025 02:14:54.006] [Server thread/WARN] [net.minecraftforge.common.ForgeConfigSpec/CORE]: Incorrect key Spells.irons_spellbooks:frost_step.MaxLevel was corrected from null to its default, 8. 
[27Jul2025 02:14:54.006] [Server thread/WARN] [net.minecraftforge.common.ForgeConfigSpec/CORE]: Incorrect key Spells.irons_spellbooks:frost_step.MinRarity was corrected from null to its default, RARE. 
[27Jul2025 02:14:54.006] [Server thread/WARN] [net.minecraftforge.common.ForgeConfigSpec/CORE]: Incorrect key Spells.irons_spellbooks:frost_step.ManaCostMultiplier was corrected from null to its default, 1.0. 
[27Jul2025 02:14:54.006] [Server thread/WARN] [net.minecraftforge.common.ForgeConfigSpec/CORE]: Incorrect key Spells.irons_spellbooks:frost_step.SpellPowerMultiplier was corrected from null to its default, 1.0. 
[27Jul2025 02:14:54.007] [Server thread/WARN] [net.minecraftforge.common.ForgeConfigSpec/CORE]: Incorrect key Spells.irons_spellbooks:frost_step.CooldownInSeconds was corrected from null to its default, 10.0. 
[27Jul2025 02:14:54.007] [Server thread/WARN] [net.minecraftforge.common.ForgeConfigSpec/CORE]: Incorrect key Spells.irons_spellbooks:frost_step.AllowCrafting was corrected from null to its default, true. 
[27Jul2025 02:14:54.007] [Server thread/WARN] [net.minecraftforge.common.ForgeConfigSpec/CORE]: Incorrect key Spells.irons_spellbooks:frostwave was corrected from null to its default, SimpleCommentedConfig:{}. 
[27Jul2025 02:14:54.007] [Server thread/WARN] [net.minecraftforge.common.ForgeConfigSpec/CORE]: Incorrect key Spells.irons_spellbooks:frostwave.Enabled was corrected from null to its default, true. 
[27Jul2025 02:14:54.007] [Server thread/WARN] [net.minecraftforge.common.ForgeConfigSpec/CORE]: Incorrect key Spells.irons_spellbooks:frostwave.School was corrected from null to its default, irons_spellbooks:ice. 
[27Jul2025 02:14:54.007] [Server thread/WARN] [net.minecraftforge.common.ForgeConfigSpec/CORE]: Incorrect key Spells.irons_spellbooks:frostwave.MaxLevel was corrected from null to its default, 8. 
[27Jul2025 02:14:54.007] [Server thread/WARN] [net.minecraftforge.common.ForgeConfigSpec/CORE]: Incorrect key Spells.irons_spellbooks:frostwave.MinRarity was corrected from null to its default, COMMON. 
[27Jul2025 02:14:54.007] [Server thread/WARN] [net.minecraftforge.common.ForgeConfigSpec/CORE]: Incorrect key Spells.irons_spellbooks:frostwave.ManaCostMultiplier was corrected from null to its default, 1.0. 
[27Jul2025 02:14:54.007] [Server thread/WARN] [net.minecraftforge.common.ForgeConfigSpec/CORE]: Incorrect key Spells.irons_spellbooks:frostwave.SpellPowerMultiplier was corrected from null to its default, 1.0. 
[27Jul2025 02:14:54.007] [Server thread/WARN] [net.minecraftforge.common.ForgeConfigSpec/CORE]: Incorrect key Spells.irons_spellbooks:frostwave.CooldownInSeconds was corrected from null to its default, 45.0. 
[27Jul2025 02:14:54.008] [Server thread/WARN] [net.minecraftforge.common.ForgeConfigSpec/CORE]: Incorrect key Spells.irons_spellbooks:frostwave.AllowCrafting was corrected from null to its default, true. 
[27Jul2025 02:14:54.008] [Server thread/WARN] [net.minecraftforge.common.ForgeConfigSpec/CORE]: Incorrect key Spells.irons_spellbooks:summon_polar_bear was corrected from null to its default, SimpleCommentedConfig:{}. 
[27Jul2025 02:14:54.008] [Server thread/WARN] [net.minecraftforge.common.ForgeConfigSpec/CORE]: Incorrect key Spells.irons_spellbooks:summon_polar_bear.Enabled was corrected from null to its default, true. 
[27Jul2025 02:14:54.008] [Server thread/WARN] [net.minecraftforge.common.ForgeConfigSpec/CORE]: Incorrect key Spells.irons_spellbooks:summon_polar_bear.School was corrected from null to its default, irons_spellbooks:ice. 
[27Jul2025 02:14:54.008] [Server thread/WARN] [net.minecraftforge.common.ForgeConfigSpec/CORE]: Incorrect key Spells.irons_spellbooks:summon_polar_bear.MaxLevel was corrected from null to its default, 10. 
[27Jul2025 02:14:54.008] [Server thread/WARN] [net.minecraftforge.common.ForgeConfigSpec/CORE]: Incorrect key Spells.irons_spellbooks:summon_polar_bear.MinRarity was corrected from null to its default, RARE. 
[27Jul2025 02:14:54.008] [Server thread/WARN] [net.minecraftforge.common.ForgeConfigSpec/CORE]: Incorrect key Spells.irons_spellbooks:summon_polar_bear.ManaCostMultiplier was corrected from null to its default, 1.0. 
[27Jul2025 02:14:54.008] [Server thread/WARN] [net.minecraftforge.common.ForgeConfigSpec/CORE]: Incorrect key Spells.irons_spellbooks:summon_polar_bear.SpellPowerMultiplier was corrected from null to its default, 1.0. 
[27Jul2025 02:14:54.008] [Server thread/WARN] [net.minecraftforge.common.ForgeConfigSpec/CORE]: Incorrect key Spells.irons_spellbooks:summon_polar_bear.CooldownInSeconds was corrected from null to its default, 180.0. 
[27Jul2025 02:14:54.008] [Server thread/WARN] [net.minecraftforge.common.ForgeConfigSpec/CORE]: Incorrect key Spells.irons_spellbooks:summon_polar_bear.AllowCrafting was corrected from null to its default, true. 
[27Jul2025 02:14:54.008] [Server thread/WARN] [net.minecraftforge.common.ForgeConfigSpec/CORE]: Incorrect key Spells.irons_spellbooks:icicle was corrected from null to its default, SimpleCommentedConfig:{}. 
[27Jul2025 02:14:54.009] [Server thread/WARN] [net.minecraftforge.common.ForgeConfigSpec/CORE]: Incorrect key Spells.irons_spellbooks:icicle.Enabled was corrected from null to its default, true. 
[27Jul2025 02:14:54.009] [Server thread/WARN] [net.minecraftforge.common.ForgeConfigSpec/CORE]: Incorrect key Spells.irons_spellbooks:icicle.School was corrected from null to its default, irons_spellbooks:ice. 
[27Jul2025 02:14:54.009] [Server thread/WARN] [net.minecraftforge.common.ForgeConfigSpec/CORE]: Incorrect key Spells.irons_spellbooks:icicle.MaxLevel was corrected from null to its default, 10. 
[27Jul2025 02:14:54.009] [Server thread/WARN] [net.minecraftforge.common.ForgeConfigSpec/CORE]: Incorrect key Spells.irons_spellbooks:icicle.MinRarity was corrected from null to its default, COMMON. 
[27Jul2025 02:14:54.009] [Server thread/WARN] [net.minecraftforge.common.ForgeConfigSpec/CORE]: Incorrect key Spells.irons_spellbooks:icicle.ManaCostMultiplier was corrected from null to its default, 1.0. 
[27Jul2025 02:14:54.009] [Server thread/WARN] [net.minecraftforge.common.ForgeConfigSpec/CORE]: Incorrect key Spells.irons_spellbooks:icicle.SpellPowerMultiplier was corrected from null to its default, 1.0. 
[27Jul2025 02:14:54.009] [Server thread/WARN] [net.minecraftforge.common.ForgeConfigSpec/CORE]: Incorrect key Spells.irons_spellbooks:icicle.CooldownInSeconds was corrected from null to its default, 1.0. 
[27Jul2025 02:14:54.009] [Server thread/WARN] [net.minecraftforge.common.ForgeConfigSpec/CORE]: Incorrect key Spells.irons_spellbooks:icicle.AllowCrafting was corrected from null to its default, true. 
[27Jul2025 02:14:54.010] [Server thread/WARN] [net.minecraftforge.common.ForgeConfigSpec/CORE]: Incorrect key Spells.irons_spellbooks:arrow_volley was corrected from null to its default, SimpleCommentedConfig:{}. 
[27Jul2025 02:14:54.010] [Server thread/WARN] [net.minecraftforge.common.ForgeConfigSpec/CORE]: Incorrect key Spells.irons_spellbooks:arrow_volley.Enabled was corrected from null to its default, true. 
[27Jul2025 02:14:54.010] [Server thread/WARN] [net.minecraftforge.common.ForgeConfigSpec/CORE]: Incorrect key Spells.irons_spellbooks:arrow_volley.School was corrected from null to its default, irons_spellbooks:evocation. 
[27Jul2025 02:14:54.010] [Server thread/WARN] [net.minecraftforge.common.ForgeConfigSpec/CORE]: Incorrect key Spells.irons_spellbooks:arrow_volley.MaxLevel was corrected from null to its default, 6. 
[27Jul2025 02:14:54.010] [Server thread/WARN] [net.minecraftforge.common.ForgeConfigSpec/CORE]: Incorrect key Spells.irons_spellbooks:arrow_volley.MinRarity was corrected from null to its default, UNCOMMON. 
[27Jul2025 02:14:54.010] [Server thread/WARN] [net.minecraftforge.common.ForgeConfigSpec/CORE]: Incorrect key Spells.irons_spellbooks:arrow_volley.ManaCostMultiplier was corrected from null to its default, 1.0. 
[27Jul2025 02:14:54.010] [Server thread/WARN] [net.minecraftforge.common.ForgeConfigSpec/CORE]: Incorrect key Spells.irons_spellbooks:arrow_volley.SpellPowerMultiplier was corrected from null to its default, 1.0. 
[27Jul2025 02:14:54.010] [Server thread/WARN] [net.minecraftforge.common.ForgeConfigSpec/CORE]: Incorrect key Spells.irons_spellbooks:arrow_volley.CooldownInSeconds was corrected from null to its default, 15.0. 
[27Jul2025 02:14:54.010] [Server thread/WARN] [net.minecraftforge.common.ForgeConfigSpec/CORE]: Incorrect key Spells.irons_spellbooks:arrow_volley.AllowCrafting was corrected from null to its default, true. 
[27Jul2025 02:14:54.010] [Server thread/WARN] [net.minecraftforge.common.ForgeConfigSpec/CORE]: Incorrect key Spells.irons_spellbooks:fang_ward was corrected from null to its default, SimpleCommentedConfig:{}. 
[27Jul2025 02:14:54.011] [Server thread/WARN] [net.minecraftforge.common.ForgeConfigSpec/CORE]: Incorrect key Spells.irons_spellbooks:fang_ward.Enabled was corrected from null to its default, true. 
[27Jul2025 02:14:54.011] [Server thread/WARN] [net.minecraftforge.common.ForgeConfigSpec/CORE]: Incorrect key Spells.irons_spellbooks:fang_ward.School was corrected from null to its default, irons_spellbooks:evocation. 
[27Jul2025 02:14:54.011] [Server thread/WARN] [net.minecraftforge.common.ForgeConfigSpec/CORE]: Incorrect key Spells.irons_spellbooks:fang_ward.MaxLevel was corrected from null to its default, 8. 
[27Jul2025 02:14:54.011] [Server thread/WARN] [net.minecraftforge.common.ForgeConfigSpec/CORE]: Incorrect key Spells.irons_spellbooks:fang_ward.MinRarity was corrected from null to its default, COMMON. 
[27Jul2025 02:14:54.011] [Server thread/WARN] [net.minecraftforge.common.ForgeConfigSpec/CORE]: Incorrect key Spells.irons_spellbooks:fang_ward.ManaCostMultiplier was corrected from null to its default, 1.0. 
[27Jul2025 02:14:54.011] [Server thread/WARN] [net.minecraftforge.common.ForgeConfigSpec/CORE]: Incorrect key Spells.irons_spellbooks:fang_ward.SpellPowerMultiplier was corrected from null to its default, 1.0. 
[27Jul2025 02:14:54.011] [Server thread/WARN] [net.minecraftforge.common.ForgeConfigSpec/CORE]: Incorrect key Spells.irons_spellbooks:fang_ward.CooldownInSeconds was corrected from null to its default, 15.0. 
[27Jul2025 02:14:54.011] [Server thread/WARN] [net.minecraftforge.common.ForgeConfigSpec/CORE]: Incorrect key Spells.irons_spellbooks:fang_ward.AllowCrafting was corrected from null to its default, true. 
[27Jul2025 02:14:54.011] [Server thread/WARN] [net.minecraftforge.common.ForgeConfigSpec/CORE]: Incorrect key Spells.irons_spellbooks:fang_strike was corrected from null to its default, SimpleCommentedConfig:{}. 
[27Jul2025 02:14:54.011] [Server thread/WARN] [net.minecraftforge.common.ForgeConfigSpec/CORE]: Incorrect key Spells.irons_spellbooks:fang_strike.Enabled was corrected from null to its default, true. 
[27Jul2025 02:14:54.012] [Server thread/WARN] [net.minecraftforge.common.ForgeConfigSpec/CORE]: Incorrect key Spells.irons_spellbooks:fang_strike.School was corrected from null to its default, irons_spellbooks:evocation. 
[27Jul2025 02:14:54.012] [Server thread/WARN] [net.minecraftforge.common.ForgeConfigSpec/CORE]: Incorrect key Spells.irons_spellbooks:fang_strike.MaxLevel was corrected from null to its default, 10. 
[27Jul2025 02:14:54.012] [Server thread/WARN] [net.minecraftforge.common.ForgeConfigSpec/CORE]: Incorrect key Spells.irons_spellbooks:fang_strike.MinRarity was corrected from null to its default, COMMON. 
[27Jul2025 02:14:54.012] [Server thread/WARN] [net.minecraftforge.common.ForgeConfigSpec/CORE]: Incorrect key Spells.irons_spellbooks:fang_strike.ManaCostMultiplier was corrected from null to its default, 1.0. 
[27Jul2025 02:14:54.012] [Server thread/WARN] [net.minecraftforge.common.ForgeConfigSpec/CORE]: Incorrect key Spells.irons_spellbooks:fang_strike.SpellPowerMultiplier was corrected from null to its default, 1.0. 
[27Jul2025 02:14:54.012] [Server thread/WARN] [net.minecraftforge.common.ForgeConfigSpec/CORE]: Incorrect key Spells.irons_spellbooks:fang_strike.CooldownInSeconds was corrected from null to its default, 5.0. 
[27Jul2025 02:14:54.012] [Server thread/WARN] [net.minecraftforge.common.ForgeConfigSpec/CORE]: Incorrect key Spells.irons_spellbooks:fang_strike.AllowCrafting was corrected from null to its default, true. 
[27Jul2025 02:14:54.012] [Server thread/WARN] [net.minecraftforge.common.ForgeConfigSpec/CORE]: Incorrect key Spells.irons_spellbooks:chain_creeper was corrected from null to its default, SimpleCommentedConfig:{}. 
[27Jul2025 02:14:54.012] [Server thread/WARN] [net.minecraftforge.common.ForgeConfigSpec/CORE]: Incorrect key Spells.irons_spellbooks:chain_creeper.Enabled was corrected from null to its default, true. 
[27Jul2025 02:14:54.013] [Server thread/WARN] [net.minecraftforge.common.ForgeConfigSpec/CORE]: Incorrect key Spells.irons_spellbooks:chain_creeper.School was corrected from null to its default, irons_spellbooks:evocation. 
[27Jul2025 02:14:54.013] [Server thread/WARN] [net.minecraftforge.common.ForgeConfigSpec/CORE]: Incorrect key Spells.irons_spellbooks:chain_creeper.MaxLevel was corrected from null to its default, 6. 
[27Jul2025 02:14:54.013] [Server thread/WARN] [net.minecraftforge.common.ForgeConfigSpec/CORE]: Incorrect key Spells.irons_spellbooks:chain_creeper.MinRarity was corrected from null to its default, UNCOMMON. 
[27Jul2025 02:14:54.013] [Server thread/WARN] [net.minecraftforge.common.ForgeConfigSpec/CORE]: Incorrect key Spells.irons_spellbooks:chain_creeper.ManaCostMultiplier was corrected from null to its default, 1.0. 
[27Jul2025 02:14:54.013] [Server thread/WARN] [net.minecraftforge.common.ForgeConfigSpec/CORE]: Incorrect key Spells.irons_spellbooks:chain_creeper.SpellPowerMultiplier was corrected from null to its default, 1.0. 
[27Jul2025 02:14:54.013] [Server thread/WARN] [net.minecraftforge.common.ForgeConfigSpec/CORE]: Incorrect key Spells.irons_spellbooks:chain_creeper.CooldownInSeconds was corrected from null to its default, 15.0. 
[27Jul2025 02:14:54.013] [Server thread/WARN] [net.minecraftforge.common.ForgeConfigSpec/CORE]: Incorrect key Spells.irons_spellbooks:chain_creeper.AllowCrafting was corrected from null to its default, true. 
[27Jul2025 02:14:54.014] [Server thread/WARN] [net.minecraftforge.common.ForgeConfigSpec/CORE]: Incorrect key Spells.irons_spellbooks:gust was corrected from null to its default, SimpleCommentedConfig:{}. 
[27Jul2025 02:14:54.014] [Server thread/WARN] [net.minecraftforge.common.ForgeConfigSpec/CORE]: Incorrect key Spells.irons_spellbooks:gust.Enabled was corrected from null to its default, true. 
[27Jul2025 02:14:54.014] [Server thread/WARN] [net.minecraftforge.common.ForgeConfigSpec/CORE]: Incorrect key Spells.irons_spellbooks:gust.School was corrected from null to its default, irons_spellbooks:evocation. 
[27Jul2025 02:14:54.014] [Server thread/WARN] [net.minecraftforge.common.ForgeConfigSpec/CORE]: Incorrect key Spells.irons_spellbooks:gust.MaxLevel was corrected from null to its default, 10. 
[27Jul2025 02:14:54.014] [Server thread/WARN] [net.minecraftforge.common.ForgeConfigSpec/CORE]: Incorrect key Spells.irons_spellbooks:gust.MinRarity was corrected from null to its default, UNCOMMON. 
[27Jul2025 02:14:54.014] [Server thread/WARN] [net.minecraftforge.common.ForgeConfigSpec/CORE]: Incorrect key Spells.irons_spellbooks:gust.ManaCostMultiplier was corrected from null to its default, 1.0. 
[27Jul2025 02:14:54.014] [Server thread/WARN] [net.minecraftforge.common.ForgeConfigSpec/CORE]: Incorrect key Spells.irons_spellbooks:gust.SpellPowerMultiplier was corrected from null to its default, 1.0. 
[27Jul2025 02:14:54.014] [Server thread/WARN] [net.minecraftforge.common.ForgeConfigSpec/CORE]: Incorrect key Spells.irons_spellbooks:gust.CooldownInSeconds was corrected from null to its default, 12.0. 
[27Jul2025 02:14:54.014] [Server thread/WARN] [net.minecraftforge.common.ForgeConfigSpec/CORE]: Incorrect key Spells.irons_spellbooks:gust.AllowCrafting was corrected from null to its default, true. 
[27Jul2025 02:14:54.015] [Server thread/WARN] [net.minecraftforge.common.ForgeConfigSpec/CORE]: Incorrect key Spells.irons_spellbooks:invisibility was corrected from null to its default, SimpleCommentedConfig:{}. 
[27Jul2025 02:14:54.015] [Server thread/WARN] [net.minecraftforge.common.ForgeConfigSpec/CORE]: Incorrect key Spells.irons_spellbooks:invisibility.Enabled was corrected from null to its default, true. 
[27Jul2025 02:14:54.015] [Server thread/WARN] [net.minecraftforge.common.ForgeConfigSpec/CORE]: Incorrect key Spells.irons_spellbooks:invisibility.School was corrected from null to its default, irons_spellbooks:evocation. 
[27Jul2025 02:14:54.015] [Server thread/WARN] [net.minecraftforge.common.ForgeConfigSpec/CORE]: Incorrect key Spells.irons_spellbooks:invisibility.MaxLevel was corrected from null to its default, 6. 
[27Jul2025 02:14:54.015] [Server thread/WARN] [net.minecraftforge.common.ForgeConfigSpec/CORE]: Incorrect key Spells.irons_spellbooks:invisibility.MinRarity was corrected from null to its default, RARE. 
[27Jul2025 02:14:54.015] [Server thread/WARN] [net.minecraftforge.common.ForgeConfigSpec/CORE]: Incorrect key Spells.irons_spellbooks:invisibility.ManaCostMultiplier was corrected from null to its default, 1.0. 
[27Jul2025 02:14:54.015] [Server thread/WARN] [net.minecraftforge.common.ForgeConfigSpec/CORE]: Incorrect key Spells.irons_spellbooks:invisibility.SpellPowerMultiplier was corrected from null to its default, 1.0. 
[27Jul2025 02:14:54.015] [Server thread/WARN] [net.minecraftforge.common.ForgeConfigSpec/CORE]: Incorrect key Spells.irons_spellbooks:invisibility.CooldownInSeconds was corrected from null to its default, 45.0. 
[27Jul2025 02:14:54.015] [Server thread/WARN] [net.minecraftforge.common.ForgeConfigSpec/CORE]: Incorrect key Spells.irons_spellbooks:invisibility.AllowCrafting was corrected from null to its default, true. 
[27Jul2025 02:14:54.016] [Server thread/WARN] [net.minecraftforge.common.ForgeConfigSpec/CORE]: Incorrect key Spells.irons_spellbooks:summon_vex was corrected from null to its default, SimpleCommentedConfig:{}. 
[27Jul2025 02:14:54.016] [Server thread/WARN] [net.minecraftforge.common.ForgeConfigSpec/CORE]: Incorrect key Spells.irons_spellbooks:summon_vex.Enabled was corrected from null to its default, true. 
[27Jul2025 02:14:54.016] [Server thread/WARN] [net.minecraftforge.common.ForgeConfigSpec/CORE]: Incorrect key Spells.irons_spellbooks:summon_vex.School was corrected from null to its default, irons_spellbooks:evocation. 
[27Jul2025 02:14:54.016] [Server thread/WARN] [net.minecraftforge.common.ForgeConfigSpec/CORE]: Incorrect key Spells.irons_spellbooks:summon_vex.MaxLevel was corrected from null to its default, 5. 
[27Jul2025 02:14:54.016] [Server thread/WARN] [net.minecraftforge.common.ForgeConfigSpec/CORE]: Incorrect key Spells.irons_spellbooks:summon_vex.MinRarity was corrected from null to its default, RARE. 
[27Jul2025 02:14:54.016] [Server thread/WARN] [net.minecraftforge.common.ForgeConfigSpec/CORE]: Incorrect key Spells.irons_spellbooks:summon_vex.ManaCostMultiplier was corrected from null to its default, 1.0. 
[27Jul2025 02:14:54.016] [Server thread/WARN] [net.minecraftforge.common.ForgeConfigSpec/CORE]: Incorrect key Spells.irons_spellbooks:summon_vex.SpellPowerMultiplier was corrected from null to its default, 1.0. 
[27Jul2025 02:14:54.016] [Server thread/WARN] [net.minecraftforge.common.ForgeConfigSpec/CORE]: Incorrect key Spells.irons_spellbooks:summon_vex.CooldownInSeconds was corrected from null to its default, 150.0. 
[27Jul2025 02:14:54.016] [Server thread/WARN] [net.minecraftforge.common.ForgeConfigSpec/CORE]: Incorrect key Spells.irons_spellbooks:summon_vex.AllowCrafting was corrected from null to its default, true. 
[27Jul2025 02:14:54.016] [Server thread/WARN] [net.minecraftforge.common.ForgeConfigSpec/CORE]: Incorrect key Spells.irons_spellbooks:lob_creeper was corrected from null to its default, SimpleCommentedConfig:{}. 
[27Jul2025 02:14:54.016] [Server thread/WARN] [net.minecraftforge.common.ForgeConfigSpec/CORE]: Incorrect key Spells.irons_spellbooks:lob_creeper.Enabled was corrected from null to its default, true. 
[27Jul2025 02:14:54.016] [Server thread/WARN] [net.minecraftforge.common.ForgeConfigSpec/CORE]: Incorrect key Spells.irons_spellbooks:lob_creeper.School was corrected from null to its default, irons_spellbooks:evocation. 
[27Jul2025 02:14:54.017] [Server thread/WARN] [net.minecraftforge.common.ForgeConfigSpec/CORE]: Incorrect key Spells.irons_spellbooks:lob_creeper.MaxLevel was corrected from null to its default, 10. 
[27Jul2025 02:14:54.017] [Server thread/WARN] [net.minecraftforge.common.ForgeConfigSpec/CORE]: Incorrect key Spells.irons_spellbooks:lob_creeper.MinRarity was corrected from null to its default, UNCOMMON. 
[27Jul2025 02:14:54.017] [Server thread/WARN] [net.minecraftforge.common.ForgeConfigSpec/CORE]: Incorrect key Spells.irons_spellbooks:lob_creeper.ManaCostMultiplier was corrected from null to its default, 1.0. 
[27Jul2025 02:14:54.017] [Server thread/WARN] [net.minecraftforge.common.ForgeConfigSpec/CORE]: Incorrect key Spells.irons_spellbooks:lob_creeper.SpellPowerMultiplier was corrected from null to its default, 1.0. 
[27Jul2025 02:14:54.017] [Server thread/WARN] [net.minecraftforge.common.ForgeConfigSpec/CORE]: Incorrect key Spells.irons_spellbooks:lob_creeper.CooldownInSeconds was corrected from null to its default, 2.0. 
[27Jul2025 02:14:54.017] [Server thread/WARN] [net.minecraftforge.common.ForgeConfigSpec/CORE]: Incorrect key Spells.irons_spellbooks:lob_creeper.AllowCrafting was corrected from null to its default, true. 
[27Jul2025 02:14:54.017] [Server thread/WARN] [net.minecraftforge.common.ForgeConfigSpec/CORE]: Incorrect key Spells.irons_spellbooks:wololo was corrected from null to its default, SimpleCommentedConfig:{}. 
[27Jul2025 02:14:54.017] [Server thread/WARN] [net.minecraftforge.common.ForgeConfigSpec/CORE]: Incorrect key Spells.irons_spellbooks:wololo.Enabled was corrected from null to its default, true. 
[27Jul2025 02:14:54.017] [Server thread/WARN] [net.minecraftforge.common.ForgeConfigSpec/CORE]: Incorrect key Spells.irons_spellbooks:wololo.School was corrected from null to its default, irons_spellbooks:evocation. 
[27Jul2025 02:14:54.017] [Server thread/WARN] [net.minecraftforge.common.ForgeConfigSpec/CORE]: Incorrect key Spells.irons_spellbooks:wololo.MaxLevel was corrected from null to its default, 1. 
[27Jul2025 02:14:54.018] [Server thread/WARN] [net.minecraftforge.common.ForgeConfigSpec/CORE]: Incorrect key Spells.irons_spellbooks:wololo.MinRarity was corrected from null to its default, LEGENDARY. 
[27Jul2025 02:14:54.018] [Server thread/WARN] [net.minecraftforge.common.ForgeConfigSpec/CORE]: Incorrect key Spells.irons_spellbooks:wololo.ManaCostMultiplier was corrected from null to its default, 1.0. 
[27Jul2025 02:14:54.018] [Server thread/WARN] [net.minecraftforge.common.ForgeConfigSpec/CORE]: Incorrect key Spells.irons_spellbooks:wololo.SpellPowerMultiplier was corrected from null to its default, 1.0. 
[27Jul2025 02:14:54.018] [Server thread/WARN] [net.minecraftforge.common.ForgeConfigSpec/CORE]: Incorrect key Spells.irons_spellbooks:wololo.CooldownInSeconds was corrected from null to its default, 10.0. 
[27Jul2025 02:14:54.018] [Server thread/WARN] [net.minecraftforge.common.ForgeConfigSpec/CORE]: Incorrect key Spells.irons_spellbooks:wololo.AllowCrafting was corrected from null to its default, true. 
[27Jul2025 02:14:54.018] [Server thread/WARN] [net.minecraftforge.common.ForgeConfigSpec/CORE]: Incorrect key Spells.irons_spellbooks:shield was corrected from null to its default, SimpleCommentedConfig:{}. 
[27Jul2025 02:14:54.018] [Server thread/WARN] [net.minecraftforge.common.ForgeConfigSpec/CORE]: Incorrect key Spells.irons_spellbooks:shield.Enabled was corrected from null to its default, true. 
[27Jul2025 02:14:54.018] [Server thread/WARN] [net.minecraftforge.common.ForgeConfigSpec/CORE]: Incorrect key Spells.irons_spellbooks:shield.School was corrected from null to its default, irons_spellbooks:evocation. 
[27Jul2025 02:14:54.018] [Server thread/WARN] [net.minecraftforge.common.ForgeConfigSpec/CORE]: Incorrect key Spells.irons_spellbooks:shield.MaxLevel was corrected from null to its default, 10. 
[27Jul2025 02:14:54.019] [Server thread/WARN] [net.minecraftforge.common.ForgeConfigSpec/CORE]: Incorrect key Spells.irons_spellbooks:shield.MinRarity was corrected from null to its default, COMMON. 
[27Jul2025 02:14:54.019] [Server thread/WARN] [net.minecraftforge.common.ForgeConfigSpec/CORE]: Incorrect key Spells.irons_spellbooks:shield.ManaCostMultiplier was corrected from null to its default, 1.0. 
[27Jul2025 02:14:54.019] [Server thread/WARN] [net.minecraftforge.common.ForgeConfigSpec/CORE]: Incorrect key Spells.irons_spellbooks:shield.SpellPowerMultiplier was corrected from null to its default, 1.0. 
[27Jul2025 02:14:54.019] [Server thread/WARN] [net.minecraftforge.common.ForgeConfigSpec/CORE]: Incorrect key Spells.irons_spellbooks:shield.CooldownInSeconds was corrected from null to its default, 8.0. 
[27Jul2025 02:14:54.019] [Server thread/WARN] [net.minecraftforge.common.ForgeConfigSpec/CORE]: Incorrect key Spells.irons_spellbooks:shield.AllowCrafting was corrected from null to its default, true. 
[27Jul2025 02:14:54.019] [Server thread/WARN] [net.minecraftforge.common.ForgeConfigSpec/CORE]: Incorrect key Spells.irons_spellbooks:summon_horse was corrected from null to its default, SimpleCommentedConfig:{}. 
[27Jul2025 02:14:54.019] [Server thread/WARN] [net.minecraftforge.common.ForgeConfigSpec/CORE]: Incorrect key Spells.irons_spellbooks:summon_horse.Enabled was corrected from null to its default, true. 
[27Jul2025 02:14:54.019] [Server thread/WARN] [net.minecraftforge.common.ForgeConfigSpec/CORE]: Incorrect key Spells.irons_spellbooks:summon_horse.School was corrected from null to its default, irons_spellbooks:evocation. 
[27Jul2025 02:14:54.019] [Server thread/WARN] [net.minecraftforge.common.ForgeConfigSpec/CORE]: Incorrect key Spells.irons_spellbooks:summon_horse.MaxLevel was corrected from null to its default, 5. 
[27Jul2025 02:14:54.019] [Server thread/WARN] [net.minecraftforge.common.ForgeConfigSpec/CORE]: Incorrect key Spells.irons_spellbooks:summon_horse.MinRarity was corrected from null to its default, COMMON. 
[27Jul2025 02:14:54.020] [Server thread/WARN] [net.minecraftforge.common.ForgeConfigSpec/CORE]: Incorrect key Spells.irons_spellbooks:summon_horse.ManaCostMultiplier was corrected from null to its default, 1.0. 
[27Jul2025 02:14:54.020] [Server thread/WARN] [net.minecraftforge.common.ForgeConfigSpec/CORE]: Incorrect key Spells.irons_spellbooks:summon_horse.SpellPowerMultiplier was corrected from null to its default, 1.0. 
[27Jul2025 02:14:54.020] [Server thread/WARN] [net.minecraftforge.common.ForgeConfigSpec/CORE]: Incorrect key Spells.irons_spellbooks:summon_horse.CooldownInSeconds was corrected from null to its default, 20.0. 
[27Jul2025 02:14:54.020] [Server thread/WARN] [net.minecraftforge.common.ForgeConfigSpec/CORE]: Incorrect key Spells.irons_spellbooks:summon_horse.AllowCrafting was corrected from null to its default, true. 
[27Jul2025 02:14:54.020] [Server thread/WARN] [net.minecraftforge.common.ForgeConfigSpec/CORE]: Incorrect key Spells.irons_spellbooks:spectral_hammer was corrected from null to its default, SimpleCommentedConfig:{}. 
[27Jul2025 02:14:54.020] [Server thread/WARN] [net.minecraftforge.common.ForgeConfigSpec/CORE]: Incorrect key Spells.irons_spellbooks:spectral_hammer.Enabled was corrected from null to its default, true. 
[27Jul2025 02:14:54.020] [Server thread/WARN] [net.minecraftforge.common.ForgeConfigSpec/CORE]: Incorrect key Spells.irons_spellbooks:spectral_hammer.School was corrected from null to its default, irons_spellbooks:evocation. 
[27Jul2025 02:14:54.020] [Server thread/WARN] [net.minecraftforge.common.ForgeConfigSpec/CORE]: Incorrect key Spells.irons_spellbooks:spectral_hammer.MaxLevel was corrected from null to its default, 5. 
[27Jul2025 02:14:54.020] [Server thread/WARN] [net.minecraftforge.common.ForgeConfigSpec/CORE]: Incorrect key Spells.irons_spellbooks:spectral_hammer.MinRarity was corrected from null to its default, UNCOMMON. 
[27Jul2025 02:14:54.020] [Server thread/WARN] [net.minecraftforge.common.ForgeConfigSpec/CORE]: Incorrect key Spells.irons_spellbooks:spectral_hammer.ManaCostMultiplier was corrected from null to its default, 1.0. 
[27Jul2025 02:14:54.021] [Server thread/WARN] [net.minecraftforge.common.ForgeConfigSpec/CORE]: Incorrect key Spells.irons_spellbooks:spectral_hammer.SpellPowerMultiplier was corrected from null to its default, 1.0. 
[27Jul2025 02:14:54.021] [Server thread/WARN] [net.minecraftforge.common.ForgeConfigSpec/CORE]: Incorrect key Spells.irons_spellbooks:spectral_hammer.CooldownInSeconds was corrected from null to its default, 2.0. 
[27Jul2025 02:14:54.021] [Server thread/WARN] [net.minecraftforge.common.ForgeConfigSpec/CORE]: Incorrect key Spells.irons_spellbooks:spectral_hammer.AllowCrafting was corrected from null to its default, true. 
[27Jul2025 02:14:54.021] [Server thread/WARN] [net.minecraftforge.common.ForgeConfigSpec/CORE]: Incorrect key Spells.irons_spellbooks:slow was corrected from null to its default, SimpleCommentedConfig:{}. 
[27Jul2025 02:14:54.021] [Server thread/WARN] [net.minecraftforge.common.ForgeConfigSpec/CORE]: Incorrect key Spells.irons_spellbooks:slow.Enabled was corrected from null to its default, true. 
[27Jul2025 02:14:54.021] [Server thread/WARN] [net.minecraftforge.common.ForgeConfigSpec/CORE]: Incorrect key Spells.irons_spellbooks:slow.School was corrected from null to its default, irons_spellbooks:evocation. 
[27Jul2025 02:14:54.021] [Server thread/WARN] [net.minecraftforge.common.ForgeConfigSpec/CORE]: Incorrect key Spells.irons_spellbooks:slow.MaxLevel was corrected from null to its default, 4. 
[27Jul2025 02:14:54.021] [Server thread/WARN] [net.minecraftforge.common.ForgeConfigSpec/CORE]: Incorrect key Spells.irons_spellbooks:slow.MinRarity was corrected from null to its default, EPIC. 
[27Jul2025 02:14:54.021] [Server thread/WARN] [net.minecraftforge.common.ForgeConfigSpec/CORE]: Incorrect key Spells.irons_spellbooks:slow.ManaCostMultiplier was corrected from null to its default, 1.0. 
[27Jul2025 02:14:54.021] [Server thread/WARN] [net.minecraftforge.common.ForgeConfigSpec/CORE]: Incorrect key Spells.irons_spellbooks:slow.SpellPowerMultiplier was corrected from null to its default, 1.0. 
[27Jul2025 02:14:54.022] [Server thread/WARN] [net.minecraftforge.common.ForgeConfigSpec/CORE]: Incorrect key Spells.irons_spellbooks:slow.CooldownInSeconds was corrected from null to its default, 80.0. 
[27Jul2025 02:14:54.022] [Server thread/WARN] [net.minecraftforge.common.ForgeConfigSpec/CORE]: Incorrect key Spells.irons_spellbooks:slow.AllowCrafting was corrected from null to its default, true. 
[27Jul2025 02:14:54.022] [Server thread/WARN] [net.minecraftforge.common.ForgeConfigSpec/CORE]: Incorrect key Spells.irons_spellbooks:firecracker was corrected from null to its default, SimpleCommentedConfig:{}. 
[27Jul2025 02:14:54.022] [Server thread/WARN] [net.minecraftforge.common.ForgeConfigSpec/CORE]: Incorrect key Spells.irons_spellbooks:firecracker.Enabled was corrected from null to its default, true. 
[27Jul2025 02:14:54.022] [Server thread/WARN] [net.minecraftforge.common.ForgeConfigSpec/CORE]: Incorrect key Spells.irons_spellbooks:firecracker.School was corrected from null to its default, irons_spellbooks:evocation. 
[27Jul2025 02:14:54.022] [Server thread/WARN] [net.minecraftforge.common.ForgeConfigSpec/CORE]: Incorrect key Spells.irons_spellbooks:firecracker.MaxLevel was corrected from null to its default, 10. 
[27Jul2025 02:14:54.022] [Server thread/WARN] [net.minecraftforge.common.ForgeConfigSpec/CORE]: Incorrect key Spells.irons_spellbooks:firecracker.MinRarity was corrected from null to its default, COMMON. 
[27Jul2025 02:14:54.022] [Server thread/WARN] [net.minecraftforge.common.ForgeConfigSpec/CORE]: Incorrect key Spells.irons_spellbooks:firecracker.ManaCostMultiplier was corrected from null to its default, 1.0. 
[27Jul2025 02:14:54.023] [Server thread/WARN] [net.minecraftforge.common.ForgeConfigSpec/CORE]: Incorrect key Spells.irons_spellbooks:firecracker.SpellPowerMultiplier was corrected from null to its default, 1.0. 
[27Jul2025 02:14:54.023] [Server thread/WARN] [net.minecraftforge.common.ForgeConfigSpec/CORE]: Incorrect key Spells.irons_spellbooks:firecracker.CooldownInSeconds was corrected from null to its default, 1.5. 
[27Jul2025 02:14:54.023] [Server thread/WARN] [net.minecraftforge.common.ForgeConfigSpec/CORE]: Incorrect key Spells.irons_spellbooks:firecracker.AllowCrafting was corrected from null to its default, true. 
[27Jul2025 02:14:54.023] [Server thread/WARN] [net.minecraftforge.common.ForgeConfigSpec/CORE]: Incorrect key Spells.irons_spellbooks:portal was corrected from null to its default, SimpleCommentedConfig:{}. 
[27Jul2025 02:14:54.023] [Server thread/WARN] [net.minecraftforge.common.ForgeConfigSpec/CORE]: Incorrect key Spells.irons_spellbooks:portal.Enabled was corrected from null to its default, true. 
[27Jul2025 02:14:54.023] [Server thread/WARN] [net.minecraftforge.common.ForgeConfigSpec/CORE]: Incorrect key Spells.irons_spellbooks:portal.School was corrected from null to its default, irons_spellbooks:ender. 
[27Jul2025 02:14:54.023] [Server thread/WARN] [net.minecraftforge.common.ForgeConfigSpec/CORE]: Incorrect key Spells.irons_spellbooks:portal.MaxLevel was corrected from null to its default, 3. 
[27Jul2025 02:14:54.023] [Server thread/WARN] [net.minecraftforge.common.ForgeConfigSpec/CORE]: Incorrect key Spells.irons_spellbooks:portal.MinRarity was corrected from null to its default, UNCOMMON. 
[27Jul2025 02:14:54.024] [Server thread/WARN] [net.minecraftforge.common.ForgeConfigSpec/CORE]: Incorrect key Spells.irons_spellbooks:portal.ManaCostMultiplier was corrected from null to its default, 1.0. 
[27Jul2025 02:14:54.024] [Server thread/WARN] [net.minecraftforge.common.ForgeConfigSpec/CORE]: Incorrect key Spells.irons_spellbooks:portal.SpellPowerMultiplier was corrected from null to its default, 1.0. 
[27Jul2025 02:14:54.024] [Server thread/WARN] [net.minecraftforge.common.ForgeConfigSpec/CORE]: Incorrect key Spells.irons_spellbooks:portal.CooldownInSeconds was corrected from null to its default, 180.0. 
[27Jul2025 02:14:54.024] [Server thread/WARN] [net.minecraftforge.common.ForgeConfigSpec/CORE]: Incorrect key Spells.irons_spellbooks:portal.AllowCrafting was corrected from null to its default, true. 
[27Jul2025 02:14:54.024] [Server thread/WARN] [net.minecraftforge.common.ForgeConfigSpec/CORE]: Incorrect key Spells.irons_spellbooks:black_hole was corrected from null to its default, SimpleCommentedConfig:{}. 
[27Jul2025 02:14:54.024] [Server thread/WARN] [net.minecraftforge.common.ForgeConfigSpec/CORE]: Incorrect key Spells.irons_spellbooks:black_hole.Enabled was corrected from null to its default, true. 
[27Jul2025 02:14:54.024] [Server thread/WARN] [net.minecraftforge.common.ForgeConfigSpec/CORE]: Incorrect key Spells.irons_spellbooks:black_hole.School was corrected from null to its default, irons_spellbooks:ender. 
[27Jul2025 02:14:54.024] [Server thread/WARN] [net.minecraftforge.common.ForgeConfigSpec/CORE]: Incorrect key Spells.irons_spellbooks:black_hole.MaxLevel was corrected from null to its default, 6. 
[27Jul2025 02:14:54.024] [Server thread/WARN] [net.minecraftforge.common.ForgeConfigSpec/CORE]: Incorrect key Spells.irons_spellbooks:black_hole.MinRarity was corrected from null to its default, LEGENDARY. 
[27Jul2025 02:14:54.025] [Server thread/WARN] [net.minecraftforge.common.ForgeConfigSpec/CORE]: Incorrect key Spells.irons_spellbooks:black_hole.ManaCostMultiplier was corrected from null to its default, 1.0. 
[27Jul2025 02:14:54.025] [Server thread/WARN] [net.minecraftforge.common.ForgeConfigSpec/CORE]: Incorrect key Spells.irons_spellbooks:black_hole.SpellPowerMultiplier was corrected from null to its default, 1.0. 
[27Jul2025 02:14:54.025] [Server thread/WARN] [net.minecraftforge.common.ForgeConfigSpec/CORE]: Incorrect key Spells.irons_spellbooks:black_hole.CooldownInSeconds was corrected from null to its default, 120.0. 
[27Jul2025 02:14:54.025] [Server thread/WARN] [net.minecraftforge.common.ForgeConfigSpec/CORE]: Incorrect key Spells.irons_spellbooks:black_hole.AllowCrafting was corrected from null to its default, true. 
[27Jul2025 02:14:54.025] [Server thread/WARN] [net.minecraftforge.common.ForgeConfigSpec/CORE]: Incorrect key Spells.irons_spellbooks:evasion was corrected from null to its default, SimpleCommentedConfig:{}. 
[27Jul2025 02:14:54.025] [Server thread/WARN] [net.minecraftforge.common.ForgeConfigSpec/CORE]: Incorrect key Spells.irons_spellbooks:evasion.Enabled was corrected from null to its default, true. 
[27Jul2025 02:14:54.025] [Server thread/WARN] [net.minecraftforge.common.ForgeConfigSpec/CORE]: Incorrect key Spells.irons_spellbooks:evasion.School was corrected from null to its default, irons_spellbooks:ender. 
[27Jul2025 02:14:54.025] [Server thread/WARN] [net.minecraftforge.common.ForgeConfigSpec/CORE]: Incorrect key Spells.irons_spellbooks:evasion.MaxLevel was corrected from null to its default, 5. 
[27Jul2025 02:14:54.026] [Server thread/WARN] [net.minecraftforge.common.ForgeConfigSpec/CORE]: Incorrect key Spells.irons_spellbooks:evasion.MinRarity was corrected from null to its default, EPIC. 
[27Jul2025 02:14:54.026] [Server thread/WARN] [net.minecraftforge.common.ForgeConfigSpec/CORE]: Incorrect key Spells.irons_spellbooks:evasion.ManaCostMultiplier was corrected from null to its default, 1.0. 
[27Jul2025 02:14:54.026] [Server thread/WARN] [net.minecraftforge.common.ForgeConfigSpec/CORE]: Incorrect key Spells.irons_spellbooks:evasion.SpellPowerMultiplier was corrected from null to its default, 1.0. 
[27Jul2025 02:14:54.026] [Server thread/WARN] [net.minecraftforge.common.ForgeConfigSpec/CORE]: Incorrect key Spells.irons_spellbooks:evasion.CooldownInSeconds was corrected from null to its default, 180.0. 
[27Jul2025 02:14:54.026] [Server thread/WARN] [net.minecraftforge.common.ForgeConfigSpec/CORE]: Incorrect key Spells.irons_spellbooks:evasion.AllowCrafting was corrected from null to its default, true. 
[27Jul2025 02:14:54.026] [Server thread/WARN] [net.minecraftforge.common.ForgeConfigSpec/CORE]: Incorrect key Spells.irons_spellbooks:recall was corrected from null to its default, SimpleCommentedConfig:{}. 
[27Jul2025 02:14:54.026] [Server thread/WARN] [net.minecraftforge.common.ForgeConfigSpec/CORE]: Incorrect key Spells.irons_spellbooks:recall.Enabled was corrected from null to its default, true. 
[27Jul2025 02:14:54.026] [Server thread/WARN] [net.minecraftforge.common.ForgeConfigSpec/CORE]: Incorrect key Spells.irons_spellbooks:recall.School was corrected from null to its default, irons_spellbooks:ender. 
[27Jul2025 02:14:54.026] [Server thread/WARN] [net.minecraftforge.common.ForgeConfigSpec/CORE]: Incorrect key Spells.irons_spellbooks:recall.MaxLevel was corrected from null to its default, 1. 
[27Jul2025 02:14:54.026] [Server thread/WARN] [net.minecraftforge.common.ForgeConfigSpec/CORE]: Incorrect key Spells.irons_spellbooks:recall.MinRarity was corrected from null to its default, UNCOMMON. 
[27Jul2025 02:14:54.027] [Server thread/WARN] [net.minecraftforge.common.ForgeConfigSpec/CORE]: Incorrect key Spells.irons_spellbooks:recall.ManaCostMultiplier was corrected from null to its default, 1.0. 
[27Jul2025 02:14:54.027] [Server thread/WARN] [net.minecraftforge.common.ForgeConfigSpec/CORE]: Incorrect key Spells.irons_spellbooks:recall.SpellPowerMultiplier was corrected from null to its default, 1.0. 
[27Jul2025 02:14:54.027] [Server thread/WARN] [net.minecraftforge.common.ForgeConfigSpec/CORE]: Incorrect key Spells.irons_spellbooks:recall.CooldownInSeconds was corrected from null to its default, 300.0. 
[27Jul2025 02:14:54.027] [Server thread/WARN] [net.minecraftforge.common.ForgeConfigSpec/CORE]: Incorrect key Spells.irons_spellbooks:recall.AllowCrafting was corrected from null to its default, true. 
[27Jul2025 02:14:54.027] [Server thread/WARN] [net.minecraftforge.common.ForgeConfigSpec/CORE]: Incorrect key Spells.irons_spellbooks:magic_missile was corrected from null to its default, SimpleCommentedConfig:{}. 
[27Jul2025 02:14:54.027] [Server thread/WARN] [net.minecraftforge.common.ForgeConfigSpec/CORE]: Incorrect key Spells.irons_spellbooks:magic_missile.Enabled was corrected from null to its default, true. 
[27Jul2025 02:14:54.027] [Server thread/WARN] [net.minecraftforge.common.ForgeConfigSpec/CORE]: Incorrect key Spells.irons_spellbooks:magic_missile.School was corrected from null to its default, irons_spellbooks:ender. 
[27Jul2025 02:14:54.027] [Server thread/WARN] [net.minecraftforge.common.ForgeConfigSpec/CORE]: Incorrect key Spells.irons_spellbooks:magic_missile.MaxLevel was corrected from null to its default, 10. 
[27Jul2025 02:14:54.027] [Server thread/WARN] [net.minecraftforge.common.ForgeConfigSpec/CORE]: Incorrect key Spells.irons_spellbooks:magic_missile.MinRarity was corrected from null to its default, COMMON. 
[27Jul2025 02:14:54.028] [Server thread/WARN] [net.minecraftforge.common.ForgeConfigSpec/CORE]: Incorrect key Spells.irons_spellbooks:magic_missile.ManaCostMultiplier was corrected from null to its default, 1.0. 
[27Jul2025 02:14:54.028] [Server thread/WARN] [net.minecraftforge.common.ForgeConfigSpec/CORE]: Incorrect key Spells.irons_spellbooks:magic_missile.SpellPowerMultiplier was corrected from null to its default, 1.0. 
[27Jul2025 02:14:54.028] [Server thread/WARN] [net.minecraftforge.common.ForgeConfigSpec/CORE]: Incorrect key Spells.irons_spellbooks:magic_missile.CooldownInSeconds was corrected from null to its default, 1.0. 
[27Jul2025 02:14:54.028] [Server thread/WARN] [net.minecraftforge.common.ForgeConfigSpec/CORE]: Incorrect key Spells.irons_spellbooks:magic_missile.AllowCrafting was corrected from null to its default, true. 
[27Jul2025 02:14:54.028] [Server thread/WARN] [net.minecraftforge.common.ForgeConfigSpec/CORE]: Incorrect key Spells.irons_spellbooks:summon_ender_chest was corrected from null to its default, SimpleCommentedConfig:{}. 
[27Jul2025 02:14:54.028] [Server thread/WARN] [net.minecraftforge.common.ForgeConfigSpec/CORE]: Incorrect key Spells.irons_spellbooks:summon_ender_chest.Enabled was corrected from null to its default, true. 
[27Jul2025 02:14:54.028] [Server thread/WARN] [net.minecraftforge.common.ForgeConfigSpec/CORE]: Incorrect key Spells.irons_spellbooks:summon_ender_chest.School was corrected from null to its default, irons_spellbooks:ender. 
[27Jul2025 02:14:54.028] [Server thread/WARN] [net.minecraftforge.common.ForgeConfigSpec/CORE]: Incorrect key Spells.irons_spellbooks:summon_ender_chest.MaxLevel was corrected from null to its default, 1. 
[27Jul2025 02:14:54.028] [Server thread/WARN] [net.minecraftforge.common.ForgeConfigSpec/CORE]: Incorrect key Spells.irons_spellbooks:summon_ender_chest.MinRarity was corrected from null to its default, RARE. 
[27Jul2025 02:14:54.029] [Server thread/WARN] [net.minecraftforge.common.ForgeConfigSpec/CORE]: Incorrect key Spells.irons_spellbooks:summon_ender_chest.ManaCostMultiplier was corrected from null to its default, 1.0. 
[27Jul2025 02:14:54.029] [Server thread/WARN] [net.minecraftforge.common.ForgeConfigSpec/CORE]: Incorrect key Spells.irons_spellbooks:summon_ender_chest.SpellPowerMultiplier was corrected from null to its default, 1.0. 
[27Jul2025 02:14:54.029] [Server thread/WARN] [net.minecraftforge.common.ForgeConfigSpec/CORE]: Incorrect key Spells.irons_spellbooks:summon_ender_chest.CooldownInSeconds was corrected from null to its default, 5.0. 
[27Jul2025 02:14:54.029] [Server thread/WARN] [net.minecraftforge.common.ForgeConfigSpec/CORE]: Incorrect key Spells.irons_spellbooks:summon_ender_chest.AllowCrafting was corrected from null to its default, true. 
[27Jul2025 02:14:54.029] [Server thread/WARN] [net.minecraftforge.common.ForgeConfigSpec/CORE]: Incorrect key Spells.irons_spellbooks:magic_arrow was corrected from null to its default, SimpleCommentedConfig:{}. 
[27Jul2025 02:14:54.029] [Server thread/WARN] [net.minecraftforge.common.ForgeConfigSpec/CORE]: Incorrect key Spells.irons_spellbooks:magic_arrow.Enabled was corrected from null to its default, true. 
[27Jul2025 02:14:54.029] [Server thread/WARN] [net.minecraftforge.common.ForgeConfigSpec/CORE]: Incorrect key Spells.irons_spellbooks:magic_arrow.School was corrected from null to its default, irons_spellbooks:ender. 
[27Jul2025 02:14:54.029] [Server thread/WARN] [net.minecraftforge.common.ForgeConfigSpec/CORE]: Incorrect key Spells.irons_spellbooks:magic_arrow.MaxLevel was corrected from null to its default, 10. 
[27Jul2025 02:14:54.030] [Server thread/WARN] [net.minecraftforge.common.ForgeConfigSpec/CORE]: Incorrect key Spells.irons_spellbooks:magic_arrow.MinRarity was corrected from null to its default, RARE. 
[27Jul2025 02:14:54.030] [Server thread/WARN] [net.minecraftforge.common.ForgeConfigSpec/CORE]: Incorrect key Spells.irons_spellbooks:magic_arrow.ManaCostMultiplier was corrected from null to its default, 1.0. 
[27Jul2025 02:14:54.030] [Server thread/WARN] [net.minecraftforge.common.ForgeConfigSpec/CORE]: Incorrect key Spells.irons_spellbooks:magic_arrow.SpellPowerMultiplier was corrected from null to its default, 1.0. 
[27Jul2025 02:14:54.030] [Server thread/WARN] [net.minecraftforge.common.ForgeConfigSpec/CORE]: Incorrect key Spells.irons_spellbooks:magic_arrow.CooldownInSeconds was corrected from null to its default, 8.0. 
[27Jul2025 02:14:54.030] [Server thread/WARN] [net.minecraftforge.common.ForgeConfigSpec/CORE]: Incorrect key Spells.irons_spellbooks:magic_arrow.AllowCrafting was corrected from null to its default, true. 
[27Jul2025 02:14:54.030] [Server thread/WARN] [net.minecraftforge.common.ForgeConfigSpec/CORE]: Incorrect key Spells.irons_spellbooks:teleport was corrected from null to its default, SimpleCommentedConfig:{}. 
[27Jul2025 02:14:54.030] [Server thread/WARN] [net.minecraftforge.common.ForgeConfigSpec/CORE]: Incorrect key Spells.irons_spellbooks:teleport.Enabled was corrected from null to its default, true. 
[27Jul2025 02:14:54.030] [Server thread/WARN] [net.minecraftforge.common.ForgeConfigSpec/CORE]: Incorrect key Spells.irons_spellbooks:teleport.School was corrected from null to its default, irons_spellbooks:ender. 
[27Jul2025 02:14:54.031] [Server thread/WARN] [net.minecraftforge.common.ForgeConfigSpec/CORE]: Incorrect key Spells.irons_spellbooks:teleport.MaxLevel was corrected from null to its default, 5. 
[27Jul2025 02:14:54.031] [Server thread/WARN] [net.minecraftforge.common.ForgeConfigSpec/CORE]: Incorrect key Spells.irons_spellbooks:teleport.MinRarity was corrected from null to its default, UNCOMMON. 
[27Jul2025 02:14:54.031] [Server thread/WARN] [net.minecraftforge.common.ForgeConfigSpec/CORE]: Incorrect key Spells.irons_spellbooks:teleport.ManaCostMultiplier was corrected from null to its default, 1.0. 
[27Jul2025 02:14:54.031] [Server thread/WARN] [net.minecraftforge.common.ForgeConfigSpec/CORE]: Incorrect key Spells.irons_spellbooks:teleport.SpellPowerMultiplier was corrected from null to its default, 1.0. 
[27Jul2025 02:14:54.031] [Server thread/WARN] [net.minecraftforge.common.ForgeConfigSpec/CORE]: Incorrect key Spells.irons_spellbooks:teleport.CooldownInSeconds was corrected from null to its default, 3.0. 
[27Jul2025 02:14:54.031] [Server thread/WARN] [net.minecraftforge.common.ForgeConfigSpec/CORE]: Incorrect key Spells.irons_spellbooks:teleport.AllowCrafting was corrected from null to its default, true. 
[27Jul2025 02:14:54.031] [Server thread/WARN] [net.minecraftforge.common.ForgeConfigSpec/CORE]: Incorrect key Spells.irons_spellbooks:dragon_breath was corrected from null to its default, SimpleCommentedConfig:{}. 
[27Jul2025 02:14:54.031] [Server thread/WARN] [net.minecraftforge.common.ForgeConfigSpec/CORE]: Incorrect key Spells.irons_spellbooks:dragon_breath.Enabled was corrected from null to its default, true. 
[27Jul2025 02:14:54.032] [Server thread/WARN] [net.minecraftforge.common.ForgeConfigSpec/CORE]: Incorrect key Spells.irons_spellbooks:dragon_breath.School was corrected from null to its default, irons_spellbooks:ender. 
[27Jul2025 02:14:54.032] [Server thread/WARN] [net.minecraftforge.common.ForgeConfigSpec/CORE]: Incorrect key Spells.irons_spellbooks:dragon_breath.MaxLevel was corrected from null to its default, 10. 
[27Jul2025 02:14:54.032] [Server thread/WARN] [net.minecraftforge.common.ForgeConfigSpec/CORE]: Incorrect key Spells.irons_spellbooks:dragon_breath.MinRarity was corrected from null to its default, COMMON. 
[27Jul2025 02:14:54.032] [Server thread/WARN] [net.minecraftforge.common.ForgeConfigSpec/CORE]: Incorrect key Spells.irons_spellbooks:dragon_breath.ManaCostMultiplier was corrected from null to its default, 1.0. 
[27Jul2025 02:14:54.032] [Server thread/WARN] [net.minecraftforge.common.ForgeConfigSpec/CORE]: Incorrect key Spells.irons_spellbooks:dragon_breath.SpellPowerMultiplier was corrected from null to its default, 1.0. 
[27Jul2025 02:14:54.032] [Server thread/WARN] [net.minecraftforge.common.ForgeConfigSpec/CORE]: Incorrect key Spells.irons_spellbooks:dragon_breath.CooldownInSeconds was corrected from null to its default, 12.0. 
[27Jul2025 02:14:54.032] [Server thread/WARN] [net.minecraftforge.common.ForgeConfigSpec/CORE]: Incorrect key Spells.irons_spellbooks:dragon_breath.AllowCrafting was corrected from null to its default, true. 
[27Jul2025 02:14:54.032] [Server thread/WARN] [net.minecraftforge.common.ForgeConfigSpec/CORE]: Incorrect key Spells.irons_spellbooks:counterspell was corrected from null to its default, SimpleCommentedConfig:{}. 
[27Jul2025 02:14:54.032] [Server thread/WARN] [net.minecraftforge.common.ForgeConfigSpec/CORE]: Incorrect key Spells.irons_spellbooks:counterspell.Enabled was corrected from null to its default, true. 
[27Jul2025 02:14:54.032] [Server thread/WARN] [net.minecraftforge.common.ForgeConfigSpec/CORE]: Incorrect key Spells.irons_spellbooks:counterspell.School was corrected from null to its default, irons_spellbooks:ender. 
[27Jul2025 02:14:54.032] [Server thread/WARN] [net.minecraftforge.common.ForgeConfigSpec/CORE]: Incorrect key Spells.irons_spellbooks:counterspell.MaxLevel was corrected from null to its default, 1. 
[27Jul2025 02:14:54.032] [Server thread/WARN] [net.minecraftforge.common.ForgeConfigSpec/CORE]: Incorrect key Spells.irons_spellbooks:counterspell.MinRarity was corrected from null to its default, RARE. 
[27Jul2025 02:14:54.032] [Server thread/WARN] [net.minecraftforge.common.ForgeConfigSpec/CORE]: Incorrect key Spells.irons_spellbooks:counterspell.ManaCostMultiplier was corrected from null to its default, 1.0. 
[27Jul2025 02:14:54.033] [Server thread/WARN] [net.minecraftforge.common.ForgeConfigSpec/CORE]: Incorrect key Spells.irons_spellbooks:counterspell.SpellPowerMultiplier was corrected from null to its default, 1.0. 
[27Jul2025 02:14:54.033] [Server thread/WARN] [net.minecraftforge.common.ForgeConfigSpec/CORE]: Incorrect key Spells.irons_spellbooks:counterspell.CooldownInSeconds was corrected from null to its default, 10.0. 
[27Jul2025 02:14:54.033] [Server thread/WARN] [net.minecraftforge.common.ForgeConfigSpec/CORE]: Incorrect key Spells.irons_spellbooks:counterspell.AllowCrafting was corrected from null to its default, true. 
[27Jul2025 02:14:54.033] [Server thread/WARN] [net.minecraftforge.common.ForgeConfigSpec/CORE]: Incorrect key Spells.irons_spellbooks:echoing_strikes was corrected from null to its default, SimpleCommentedConfig:{}. 
[27Jul2025 02:14:54.033] [Server thread/WARN] [net.minecraftforge.common.ForgeConfigSpec/CORE]: Incorrect key Spells.irons_spellbooks:echoing_strikes.Enabled was corrected from null to its default, true. 
[27Jul2025 02:14:54.033] [Server thread/WARN] [net.minecraftforge.common.ForgeConfigSpec/CORE]: Incorrect key Spells.irons_spellbooks:echoing_strikes.School was corrected from null to its default, irons_spellbooks:ender. 
[27Jul2025 02:14:54.033] [Server thread/WARN] [net.minecraftforge.common.ForgeConfigSpec/CORE]: Incorrect key Spells.irons_spellbooks:echoing_strikes.MaxLevel was corrected from null to its default, 5. 
[27Jul2025 02:14:54.033] [Server thread/WARN] [net.minecraftforge.common.ForgeConfigSpec/CORE]: Incorrect key Spells.irons_spellbooks:echoing_strikes.MinRarity was corrected from null to its default, RARE. 
[27Jul2025 02:14:54.033] [Server thread/WARN] [net.minecraftforge.common.ForgeConfigSpec/CORE]: Incorrect key Spells.irons_spellbooks:echoing_strikes.ManaCostMultiplier was corrected from null to its default, 1.0. 
[27Jul2025 02:14:54.033] [Server thread/WARN] [net.minecraftforge.common.ForgeConfigSpec/CORE]: Incorrect key Spells.irons_spellbooks:echoing_strikes.SpellPowerMultiplier was corrected from null to its default, 1.0. 
[27Jul2025 02:14:54.034] [Server thread/WARN] [net.minecraftforge.common.ForgeConfigSpec/CORE]: Incorrect key Spells.irons_spellbooks:echoing_strikes.CooldownInSeconds was corrected from null to its default, 60.0. 
[27Jul2025 02:14:54.034] [Server thread/WARN] [net.minecraftforge.common.ForgeConfigSpec/CORE]: Incorrect key Spells.irons_spellbooks:echoing_strikes.AllowCrafting was corrected from null to its default, true. 
[27Jul2025 02:14:54.034] [Server thread/WARN] [net.minecraftforge.common.ForgeConfigSpec/CORE]: Incorrect key Spells.irons_spellbooks:starfall was corrected from null to its default, SimpleCommentedConfig:{}. 
[27Jul2025 02:14:54.034] [Server thread/WARN] [net.minecraftforge.common.ForgeConfigSpec/CORE]: Incorrect key Spells.irons_spellbooks:starfall.Enabled was corrected from null to its default, true. 
[27Jul2025 02:14:54.034] [Server thread/WARN] [net.minecraftforge.common.ForgeConfigSpec/CORE]: Incorrect key Spells.irons_spellbooks:starfall.School was corrected from null to its default, irons_spellbooks:ender. 
[27Jul2025 02:14:54.034] [Server thread/WARN] [net.minecraftforge.common.ForgeConfigSpec/CORE]: Incorrect key Spells.irons_spellbooks:starfall.MaxLevel was corrected from null to its default, 10. 
[27Jul2025 02:14:54.034] [Server thread/WARN] [net.minecraftforge.common.ForgeConfigSpec/CORE]: Incorrect key Spells.irons_spellbooks:starfall.MinRarity was corrected from null to its default, UNCOMMON. 
[27Jul2025 02:14:54.034] [Server thread/WARN] [net.minecraftforge.common.ForgeConfigSpec/CORE]: Incorrect key Spells.irons_spellbooks:starfall.ManaCostMultiplier was corrected from null to its default, 1.0. 
[27Jul2025 02:14:54.035] [Server thread/WARN] [net.minecraftforge.common.ForgeConfigSpec/CORE]: Incorrect key Spells.irons_spellbooks:starfall.SpellPowerMultiplier was corrected from null to its default, 1.0. 
[27Jul2025 02:14:54.035] [Server thread/WARN] [net.minecraftforge.common.ForgeConfigSpec/CORE]: Incorrect key Spells.irons_spellbooks:starfall.CooldownInSeconds was corrected from null to its default, 16.0. 
[27Jul2025 02:14:54.035] [Server thread/WARN] [net.minecraftforge.common.ForgeConfigSpec/CORE]: Incorrect key Spells.irons_spellbooks:starfall.AllowCrafting was corrected from null to its default, true. 
[27Jul2025 02:14:54.035] [Server thread/WARN] [net.minecraftforge.common.ForgeConfigSpec/CORE]: Incorrect key Spells.irons_spellbooks:sculk_tentacles was corrected from null to its default, SimpleCommentedConfig:{}. 
[27Jul2025 02:14:54.035] [Server thread/WARN] [net.minecraftforge.common.ForgeConfigSpec/CORE]: Incorrect key Spells.irons_spellbooks:sculk_tentacles.Enabled was corrected from null to its default, true. 
[27Jul2025 02:14:54.035] [Server thread/WARN] [net.minecraftforge.common.ForgeConfigSpec/CORE]: Incorrect key Spells.irons_spellbooks:sculk_tentacles.School was corrected from null to its default, irons_spellbooks:eldritch. 
[27Jul2025 02:14:54.035] [Server thread/WARN] [net.minecraftforge.common.ForgeConfigSpec/CORE]: Incorrect key Spells.irons_spellbooks:sculk_tentacles.MaxLevel was corrected from null to its default, 4. 
[27Jul2025 02:14:54.035] [Server thread/WARN] [net.minecraftforge.common.ForgeConfigSpec/CORE]: Incorrect key Spells.irons_spellbooks:sculk_tentacles.MinRarity was corrected from null to its default, LEGENDARY. 
[27Jul2025 02:14:54.035] [Server thread/WARN] [net.minecraftforge.common.ForgeConfigSpec/CORE]: Incorrect key Spells.irons_spellbooks:sculk_tentacles.ManaCostMultiplier was corrected from null to its default, 1.0. 
[27Jul2025 02:14:54.036] [Server thread/WARN] [net.minecraftforge.common.ForgeConfigSpec/CORE]: Incorrect key Spells.irons_spellbooks:sculk_tentacles.SpellPowerMultiplier was corrected from null to its default, 1.0. 
[27Jul2025 02:14:54.036] [Server thread/WARN] [net.minecraftforge.common.ForgeConfigSpec/CORE]: Incorrect key Spells.irons_spellbooks:sculk_tentacles.CooldownInSeconds was corrected from null to its default, 30.0. 
[27Jul2025 02:14:54.036] [Server thread/WARN] [net.minecraftforge.common.ForgeConfigSpec/CORE]: Incorrect key Spells.irons_spellbooks:sculk_tentacles.AllowCrafting was corrected from null to its default, true. 
[27Jul2025 02:14:54.036] [Server thread/WARN] [net.minecraftforge.common.ForgeConfigSpec/CORE]: Incorrect key Spells.irons_spellbooks:telekinesis was corrected from null to its default, SimpleCommentedConfig:{}. 
[27Jul2025 02:14:54.036] [Server thread/WARN] [net.minecraftforge.common.ForgeConfigSpec/CORE]: Incorrect key Spells.irons_spellbooks:telekinesis.Enabled was corrected from null to its default, true. 
[27Jul2025 02:14:54.036] [Server thread/WARN] [net.minecraftforge.common.ForgeConfigSpec/CORE]: Incorrect key Spells.irons_spellbooks:telekinesis.School was corrected from null to its default, irons_spellbooks:eldritch. 
[27Jul2025 02:14:54.036] [Server thread/WARN] [net.minecraftforge.common.ForgeConfigSpec/CORE]: Incorrect key Spells.irons_spellbooks:telekinesis.MaxLevel was corrected from null to its default, 5. 
[27Jul2025 02:14:54.037] [Server thread/WARN] [net.minecraftforge.common.ForgeConfigSpec/CORE]: Incorrect key Spells.irons_spellbooks:telekinesis.MinRarity was corrected from null to its default, LEGENDARY. 
[27Jul2025 02:14:54.037] [Server thread/WARN] [net.minecraftforge.common.ForgeConfigSpec/CORE]: Incorrect key Spells.irons_spellbooks:telekinesis.ManaCostMultiplier was corrected from null to its default, 1.0. 
[27Jul2025 02:14:54.037] [Server thread/WARN] [net.minecraftforge.common.ForgeConfigSpec/CORE]: Incorrect key Spells.irons_spellbooks:telekinesis.SpellPowerMultiplier was corrected from null to its default, 1.0. 
[27Jul2025 02:14:54.037] [Server thread/WARN] [net.minecraftforge.common.ForgeConfigSpec/CORE]: Incorrect key Spells.irons_spellbooks:telekinesis.CooldownInSeconds was corrected from null to its default, 35.0. 
[27Jul2025 02:14:54.037] [Server thread/WARN] [net.minecraftforge.common.ForgeConfigSpec/CORE]: Incorrect key Spells.irons_spellbooks:telekinesis.AllowCrafting was corrected from null to its default, true. 
[27Jul2025 02:14:54.037] [Server thread/WARN] [net.minecraftforge.common.ForgeConfigSpec/CORE]: Incorrect key Spells.irons_spellbooks:planar_sight was corrected from null to its default, SimpleCommentedConfig:{}. 
[27Jul2025 02:14:54.037] [Server thread/WARN] [net.minecraftforge.common.ForgeConfigSpec/CORE]: Incorrect key Spells.irons_spellbooks:planar_sight.Enabled was corrected from null to its default, true. 
[27Jul2025 02:14:54.038] [Server thread/WARN] [net.minecraftforge.common.ForgeConfigSpec/CORE]: Incorrect key Spells.irons_spellbooks:planar_sight.School was corrected from null to its default, irons_spellbooks:eldritch. 
[27Jul2025 02:14:54.038] [Server thread/WARN] [net.minecraftforge.common.ForgeConfigSpec/CORE]: Incorrect key Spells.irons_spellbooks:planar_sight.MaxLevel was corrected from null to its default, 3. 
[27Jul2025 02:14:54.038] [Server thread/WARN] [net.minecraftforge.common.ForgeConfigSpec/CORE]: Incorrect key Spells.irons_spellbooks:planar_sight.MinRarity was corrected from null to its default, LEGENDARY. 
[27Jul2025 02:14:54.038] [Server thread/WARN] [net.minecraftforge.common.ForgeConfigSpec/CORE]: Incorrect key Spells.irons_spellbooks:planar_sight.ManaCostMultiplier was corrected from null to its default, 1.0. 
[27Jul2025 02:14:54.038] [Server thread/WARN] [net.minecraftforge.common.ForgeConfigSpec/CORE]: Incorrect key Spells.irons_spellbooks:planar_sight.SpellPowerMultiplier was corrected from null to its default, 1.0. 
[27Jul2025 02:14:54.038] [Server thread/WARN] [net.minecraftforge.common.ForgeConfigSpec/CORE]: Incorrect key Spells.irons_spellbooks:planar_sight.CooldownInSeconds was corrected from null to its default, 200.0. 
[27Jul2025 02:14:54.039] [Server thread/WARN] [net.minecraftforge.common.ForgeConfigSpec/CORE]: Incorrect key Spells.irons_spellbooks:planar_sight.AllowCrafting was corrected from null to its default, true. 
[27Jul2025 02:14:54.039] [Server thread/WARN] [net.minecraftforge.common.ForgeConfigSpec/CORE]: Incorrect key Spells.irons_spellbooks:eldritch_blast was corrected from null to its default, SimpleCommentedConfig:{}. 
[27Jul2025 02:14:54.039] [Server thread/WARN] [net.minecraftforge.common.ForgeConfigSpec/CORE]: Incorrect key Spells.irons_spellbooks:eldritch_blast.Enabled was corrected from null to its default, true. 
[27Jul2025 02:14:54.039] [Server thread/WARN] [net.minecraftforge.common.ForgeConfigSpec/CORE]: Incorrect key Spells.irons_spellbooks:eldritch_blast.School was corrected from null to its default, irons_spellbooks:eldritch. 
[27Jul2025 02:14:54.039] [Server thread/WARN] [net.minecraftforge.common.ForgeConfigSpec/CORE]: Incorrect key Spells.irons_spellbooks:eldritch_blast.MaxLevel was corrected from null to its default, 5. 
[27Jul2025 02:14:54.040] [Server thread/WARN] [net.minecraftforge.common.ForgeConfigSpec/CORE]: Incorrect key Spells.irons_spellbooks:eldritch_blast.MinRarity was corrected from null to its default, LEGENDARY. 
[27Jul2025 02:14:54.040] [Server thread/WARN] [net.minecraftforge.common.ForgeConfigSpec/CORE]: Incorrect key Spells.irons_spellbooks:eldritch_blast.ManaCostMultiplier was corrected from null to its default, 1.0. 
[27Jul2025 02:14:54.040] [Server thread/WARN] [net.minecraftforge.common.ForgeConfigSpec/CORE]: Incorrect key Spells.irons_spellbooks:eldritch_blast.SpellPowerMultiplier was corrected from null to its default, 1.0. 
[27Jul2025 02:14:54.040] [Server thread/WARN] [net.minecraftforge.common.ForgeConfigSpec/CORE]: Incorrect key Spells.irons_spellbooks:eldritch_blast.CooldownInSeconds was corrected from null to its default, 15.0. 
[27Jul2025 02:14:54.040] [Server thread/WARN] [net.minecraftforge.common.ForgeConfigSpec/CORE]: Incorrect key Spells.irons_spellbooks:eldritch_blast.AllowCrafting was corrected from null to its default, true. 
[27Jul2025 02:14:54.040] [Server thread/WARN] [net.minecraftforge.common.ForgeConfigSpec/CORE]: Incorrect key Spells.irons_spellbooks:abyssal_shroud was corrected from null to its default, SimpleCommentedConfig:{}. 
[27Jul2025 02:14:54.041] [Server thread/WARN] [net.minecraftforge.common.ForgeConfigSpec/CORE]: Incorrect key Spells.irons_spellbooks:abyssal_shroud.Enabled was corrected from null to its default, true. 
[27Jul2025 02:14:54.041] [Server thread/WARN] [net.minecraftforge.common.ForgeConfigSpec/CORE]: Incorrect key Spells.irons_spellbooks:abyssal_shroud.School was corrected from null to its default, irons_spellbooks:eldritch. 
[27Jul2025 02:14:54.041] [Server thread/WARN] [net.minecraftforge.common.ForgeConfigSpec/CORE]: Incorrect key Spells.irons_spellbooks:abyssal_shroud.MaxLevel was corrected from null to its default, 3. 
[27Jul2025 02:14:54.041] [Server thread/WARN] [net.minecraftforge.common.ForgeConfigSpec/CORE]: Incorrect key Spells.irons_spellbooks:abyssal_shroud.MinRarity was corrected from null to its default, LEGENDARY. 
[27Jul2025 02:14:54.041] [Server thread/WARN] [net.minecraftforge.common.ForgeConfigSpec/CORE]: Incorrect key Spells.irons_spellbooks:abyssal_shroud.ManaCostMultiplier was corrected from null to its default, 1.0. 
[27Jul2025 02:14:54.041] [Server thread/WARN] [net.minecraftforge.common.ForgeConfigSpec/CORE]: Incorrect key Spells.irons_spellbooks:abyssal_shroud.SpellPowerMultiplier was corrected from null to its default, 1.0. 
[27Jul2025 02:14:54.041] [Server thread/WARN] [net.minecraftforge.common.ForgeConfigSpec/CORE]: Incorrect key Spells.irons_spellbooks:abyssal_shroud.CooldownInSeconds was corrected from null to its default, 200.0. 
[27Jul2025 02:14:54.041] [Server thread/WARN] [net.minecraftforge.common.ForgeConfigSpec/CORE]: Incorrect key Spells.irons_spellbooks:abyssal_shroud.AllowCrafting was corrected from null to its default, true. 
[27Jul2025 02:14:54.041] [Server thread/WARN] [net.minecraftforge.common.ForgeConfigSpec/CORE]: Incorrect key Spells.irons_spellbooks:sonic_boom was corrected from null to its default, SimpleCommentedConfig:{}. 
[27Jul2025 02:14:54.042] [Server thread/WARN] [net.minecraftforge.common.ForgeConfigSpec/CORE]: Incorrect key Spells.irons_spellbooks:sonic_boom.Enabled was corrected from null to its default, true. 
[27Jul2025 02:14:54.042] [Server thread/WARN] [net.minecraftforge.common.ForgeConfigSpec/CORE]: Incorrect key Spells.irons_spellbooks:sonic_boom.School was corrected from null to its default, irons_spellbooks:eldritch. 
[27Jul2025 02:14:54.042] [Server thread/WARN] [net.minecraftforge.common.ForgeConfigSpec/CORE]: Incorrect key Spells.irons_spellbooks:sonic_boom.MaxLevel was corrected from null to its default, 3. 
[27Jul2025 02:14:54.042] [Server thread/WARN] [net.minecraftforge.common.ForgeConfigSpec/CORE]: Incorrect key Spells.irons_spellbooks:sonic_boom.MinRarity was corrected from null to its default, LEGENDARY. 
[27Jul2025 02:14:54.042] [Server thread/WARN] [net.minecraftforge.common.ForgeConfigSpec/CORE]: Incorrect key Spells.irons_spellbooks:sonic_boom.ManaCostMultiplier was corrected from null to its default, 1.0. 
[27Jul2025 02:14:54.042] [Server thread/WARN] [net.minecraftforge.common.ForgeConfigSpec/CORE]: Incorrect key Spells.irons_spellbooks:sonic_boom.SpellPowerMultiplier was corrected from null to its default, 1.0. 
[27Jul2025 02:14:54.042] [Server thread/WARN] [net.minecraftforge.common.ForgeConfigSpec/CORE]: Incorrect key Spells.irons_spellbooks:sonic_boom.CooldownInSeconds was corrected from null to its default, 25.0. 
[27Jul2025 02:14:54.042] [Server thread/WARN] [net.minecraftforge.common.ForgeConfigSpec/CORE]: Incorrect key Spells.irons_spellbooks:sonic_boom.AllowCrafting was corrected from null to its default, true. 
[27Jul2025 02:14:54.042] [Server thread/WARN] [net.minecraftforge.common.ForgeConfigSpec/CORE]: Incorrect key Spells.irons_spellbooks:healing_circle was corrected from null to its default, SimpleCommentedConfig:{}. 
[27Jul2025 02:14:54.043] [Server thread/WARN] [net.minecraftforge.common.ForgeConfigSpec/CORE]: Incorrect key Spells.irons_spellbooks:healing_circle.Enabled was corrected from null to its default, true. 
[27Jul2025 02:14:54.043] [Server thread/WARN] [net.minecraftforge.common.ForgeConfigSpec/CORE]: Incorrect key Spells.irons_spellbooks:healing_circle.School was corrected from null to its default, irons_spellbooks:holy. 
[27Jul2025 02:14:54.043] [Server thread/WARN] [net.minecraftforge.common.ForgeConfigSpec/CORE]: Incorrect key Spells.irons_spellbooks:healing_circle.MaxLevel was corrected from null to its default, 10. 
[27Jul2025 02:14:54.043] [Server thread/WARN] [net.minecraftforge.common.ForgeConfigSpec/CORE]: Incorrect key Spells.irons_spellbooks:healing_circle.MinRarity was corrected from null to its default, COMMON. 
[27Jul2025 02:14:54.043] [Server thread/WARN] [net.minecraftforge.common.ForgeConfigSpec/CORE]: Incorrect key Spells.irons_spellbooks:healing_circle.ManaCostMultiplier was corrected from null to its default, 1.0. 
[27Jul2025 02:14:54.043] [Server thread/WARN] [net.minecraftforge.common.ForgeConfigSpec/CORE]: Incorrect key Spells.irons_spellbooks:healing_circle.SpellPowerMultiplier was corrected from null to its default, 1.0. 
[27Jul2025 02:14:54.043] [Server thread/WARN] [net.minecraftforge.common.ForgeConfigSpec/CORE]: Incorrect key Spells.irons_spellbooks:healing_circle.CooldownInSeconds was corrected from null to its default, 25.0. 
[27Jul2025 02:14:54.043] [Server thread/WARN] [net.minecraftforge.common.ForgeConfigSpec/CORE]: Incorrect key Spells.irons_spellbooks:healing_circle.AllowCrafting was corrected from null to its default, true. 
[27Jul2025 02:14:54.044] [Server thread/WARN] [net.minecraftforge.common.ForgeConfigSpec/CORE]: Incorrect key Spells.irons_spellbooks:blessing_of_life was corrected from null to its default, SimpleCommentedConfig:{}. 
[27Jul2025 02:14:54.044] [Server thread/WARN] [net.minecraftforge.common.ForgeConfigSpec/CORE]: Incorrect key Spells.irons_spellbooks:blessing_of_life.Enabled was corrected from null to its default, true. 
[27Jul2025 02:14:54.044] [Server thread/WARN] [net.minecraftforge.common.ForgeConfigSpec/CORE]: Incorrect key Spells.irons_spellbooks:blessing_of_life.School was corrected from null to its default, irons_spellbooks:holy. 
[27Jul2025 02:14:54.044] [Server thread/WARN] [net.minecraftforge.common.ForgeConfigSpec/CORE]: Incorrect key Spells.irons_spellbooks:blessing_of_life.MaxLevel was corrected from null to its default, 10. 
[27Jul2025 02:14:54.044] [Server thread/WARN] [net.minecraftforge.common.ForgeConfigSpec/CORE]: Incorrect key Spells.irons_spellbooks:blessing_of_life.MinRarity was corrected from null to its default, COMMON. 
[27Jul2025 02:14:54.044] [Server thread/WARN] [net.minecraftforge.common.ForgeConfigSpec/CORE]: Incorrect key Spells.irons_spellbooks:blessing_of_life.ManaCostMultiplier was corrected from null to its default, 1.0. 
[27Jul2025 02:14:54.044] [Server thread/WARN] [net.minecraftforge.common.ForgeConfigSpec/CORE]: Incorrect key Spells.irons_spellbooks:blessing_of_life.SpellPowerMultiplier was corrected from null to its default, 1.0. 
[27Jul2025 02:14:54.044] [Server thread/WARN] [net.minecraftforge.common.ForgeConfigSpec/CORE]: Incorrect key Spells.irons_spellbooks:blessing_of_life.CooldownInSeconds was corrected from null to its default, 10.0. 
[27Jul2025 02:14:54.045] [Server thread/WARN] [net.minecraftforge.common.ForgeConfigSpec/CORE]: Incorrect key Spells.irons_spellbooks:blessing_of_life.AllowCrafting was corrected from null to its default, true. 
[27Jul2025 02:14:54.045] [Server thread/WARN] [net.minecraftforge.common.ForgeConfigSpec/CORE]: Incorrect key Spells.irons_spellbooks:cleanse was corrected from null to its default, SimpleCommentedConfig:{}. 
[27Jul2025 02:14:54.045] [Server thread/WARN] [net.minecraftforge.common.ForgeConfigSpec/CORE]: Incorrect key Spells.irons_spellbooks:cleanse.Enabled was corrected from null to its default, true. 
[27Jul2025 02:14:54.045] [Server thread/WARN] [net.minecraftforge.common.ForgeConfigSpec/CORE]: Incorrect key Spells.irons_spellbooks:cleanse.School was corrected from null to its default, irons_spellbooks:holy. 
[27Jul2025 02:14:54.045] [Server thread/WARN] [net.minecraftforge.common.ForgeConfigSpec/CORE]: Incorrect key Spells.irons_spellbooks:cleanse.MaxLevel was corrected from null to its default, 1. 
[27Jul2025 02:14:54.045] [Server thread/WARN] [net.minecraftforge.common.ForgeConfigSpec/CORE]: Incorrect key Spells.irons_spellbooks:cleanse.MinRarity was corrected from null to its default, EPIC. 
[27Jul2025 02:14:54.045] [Server thread/WARN] [net.minecraftforge.common.ForgeConfigSpec/CORE]: Incorrect key Spells.irons_spellbooks:cleanse.ManaCostMultiplier was corrected from null to its default, 1.0. 
[27Jul2025 02:14:54.045] [Server thread/WARN] [net.minecraftforge.common.ForgeConfigSpec/CORE]: Incorrect key Spells.irons_spellbooks:cleanse.SpellPowerMultiplier was corrected from null to its default, 1.0. 
[27Jul2025 02:14:54.046] [Server thread/WARN] [net.minecraftforge.common.ForgeConfigSpec/CORE]: Incorrect key Spells.irons_spellbooks:cleanse.CooldownInSeconds was corrected from null to its default, 60.0. 
[27Jul2025 02:14:54.046] [Server thread/WARN] [net.minecraftforge.common.ForgeConfigSpec/CORE]: Incorrect key Spells.irons_spellbooks:cleanse.AllowCrafting was corrected from null to its default, true. 
[27Jul2025 02:14:54.046] [Server thread/WARN] [net.minecraftforge.common.ForgeConfigSpec/CORE]: Incorrect key Spells.irons_spellbooks:angel_wing was corrected from null to its default, SimpleCommentedConfig:{}. 
[27Jul2025 02:14:54.046] [Server thread/WARN] [net.minecraftforge.common.ForgeConfigSpec/CORE]: Incorrect key Spells.irons_spellbooks:angel_wing.Enabled was corrected from null to its default, true. 
[27Jul2025 02:14:54.046] [Server thread/WARN] [net.minecraftforge.common.ForgeConfigSpec/CORE]: Incorrect key Spells.irons_spellbooks:angel_wing.School was corrected from null to its default, irons_spellbooks:holy. 
[27Jul2025 02:14:54.046] [Server thread/WARN] [net.minecraftforge.common.ForgeConfigSpec/CORE]: Incorrect key Spells.irons_spellbooks:angel_wing.MaxLevel was corrected from null to its default, 5. 
[27Jul2025 02:14:54.046] [Server thread/WARN] [net.minecraftforge.common.ForgeConfigSpec/CORE]: Incorrect key Spells.irons_spellbooks:angel_wing.MinRarity was corrected from null to its default, EPIC. 
[27Jul2025 02:14:54.046] [Server thread/WARN] [net.minecraftforge.common.ForgeConfigSpec/CORE]: Incorrect key Spells.irons_spellbooks:angel_wing.ManaCostMultiplier was corrected from null to its default, 1.0. 
[27Jul2025 02:14:54.046] [Server thread/WARN] [net.minecraftforge.common.ForgeConfigSpec/CORE]: Incorrect key Spells.irons_spellbooks:angel_wing.SpellPowerMultiplier was corrected from null to its default, 1.0. 
[27Jul2025 02:14:54.121] [Server thread/WARN] [net.minecraftforge.common.ForgeConfigSpec/CORE]: Incorrect key Spells.irons_spellbooks:angel_wing.CooldownInSeconds was corrected from null to its default, 120.0. 
[27Jul2025 02:14:54.121] [Server thread/WARN] [net.minecraftforge.common.ForgeConfigSpec/CORE]: Incorrect key Spells.irons_spellbooks:angel_wing.AllowCrafting was corrected from null to its default, true. 
[27Jul2025 02:14:54.122] [Server thread/WARN] [net.minecraftforge.common.ForgeConfigSpec/CORE]: Incorrect key Spells.irons_spellbooks:sunbeam was corrected from null to its default, SimpleCommentedConfig:{}. 
[27Jul2025 02:14:54.122] [Server thread/WARN] [net.minecraftforge.common.ForgeConfigSpec/CORE]: Incorrect key Spells.irons_spellbooks:sunbeam.Enabled was corrected from null to its default, true. 
[27Jul2025 02:14:54.122] [Server thread/WARN] [net.minecraftforge.common.ForgeConfigSpec/CORE]: Incorrect key Spells.irons_spellbooks:sunbeam.School was corrected from null to its default, irons_spellbooks:holy. 
[27Jul2025 02:14:54.122] [Server thread/WARN] [net.minecraftforge.common.ForgeConfigSpec/CORE]: Incorrect key Spells.irons_spellbooks:sunbeam.MaxLevel was corrected from null to its default, 10. 
[27Jul2025 02:14:54.122] [Server thread/WARN] [net.minecraftforge.common.ForgeConfigSpec/CORE]: Incorrect key Spells.irons_spellbooks:sunbeam.MinRarity was corrected from null to its default, UNCOMMON. 
[27Jul2025 02:14:54.122] [Server thread/WARN] [net.minecraftforge.common.ForgeConfigSpec/CORE]: Incorrect key Spells.irons_spellbooks:sunbeam.ManaCostMultiplier was corrected from null to its default, 1.0. 
[27Jul2025 02:14:54.122] [Server thread/WARN] [net.minecraftforge.common.ForgeConfigSpec/CORE]: Incorrect key Spells.irons_spellbooks:sunbeam.SpellPowerMultiplier was corrected from null to its default, 1.0. 
[27Jul2025 02:14:54.123] [Server thread/WARN] [net.minecraftforge.common.ForgeConfigSpec/CORE]: Incorrect key Spells.irons_spellbooks:sunbeam.CooldownInSeconds was corrected from null to its default, 20.0. 
[27Jul2025 02:14:54.123] [Server thread/WARN] [net.minecraftforge.common.ForgeConfigSpec/CORE]: Incorrect key Spells.irons_spellbooks:sunbeam.AllowCrafting was corrected from null to its default, true. 
[27Jul2025 02:14:54.123] [Server thread/WARN] [net.minecraftforge.common.ForgeConfigSpec/CORE]: Incorrect key Spells.irons_spellbooks:fortify was corrected from null to its default, SimpleCommentedConfig:{}. 
[27Jul2025 02:14:54.123] [Server thread/WARN] [net.minecraftforge.common.ForgeConfigSpec/CORE]: Incorrect key Spells.irons_spellbooks:fortify.Enabled was corrected from null to its default, true. 
[27Jul2025 02:14:54.123] [Server thread/WARN] [net.minecraftforge.common.ForgeConfigSpec/CORE]: Incorrect key Spells.irons_spellbooks:fortify.School was corrected from null to its default, irons_spellbooks:holy. 
[27Jul2025 02:14:54.123] [Server thread/WARN] [net.minecraftforge.common.ForgeConfigSpec/CORE]: Incorrect key Spells.irons_spellbooks:fortify.MaxLevel was corrected from null to its default, 10. 
[27Jul2025 02:14:54.123] [Server thread/WARN] [net.minecraftforge.common.ForgeConfigSpec/CORE]: Incorrect key Spells.irons_spellbooks:fortify.MinRarity was corrected from null to its default, COMMON. 
[27Jul2025 02:14:54.123] [Server thread/WARN] [net.minecraftforge.common.ForgeConfigSpec/CORE]: Incorrect key Spells.irons_spellbooks:fortify.ManaCostMultiplier was corrected from null to its default, 1.0. 
[27Jul2025 02:14:54.123] [Server thread/WARN] [net.minecraftforge.common.ForgeConfigSpec/CORE]: Incorrect key Spells.irons_spellbooks:fortify.SpellPowerMultiplier was corrected from null to its default, 1.0. 
[27Jul2025 02:14:54.123] [Server thread/WARN] [net.minecraftforge.common.ForgeConfigSpec/CORE]: Incorrect key Spells.irons_spellbooks:fortify.CooldownInSeconds was corrected from null to its default, 35.0. 
[27Jul2025 02:14:54.123] [Server thread/WARN] [net.minecraftforge.common.ForgeConfigSpec/CORE]: Incorrect key Spells.irons_spellbooks:fortify.AllowCrafting was corrected from null to its default, true. 
[27Jul2025 02:14:54.123] [Server thread/WARN] [net.minecraftforge.common.ForgeConfigSpec/CORE]: Incorrect key Spells.irons_spellbooks:guiding_bolt was corrected from null to its default, SimpleCommentedConfig:{}. 
[27Jul2025 02:14:54.123] [Server thread/WARN] [net.minecraftforge.common.ForgeConfigSpec/CORE]: Incorrect key Spells.irons_spellbooks:guiding_bolt.Enabled was corrected from null to its default, true. 
[27Jul2025 02:14:54.124] [Server thread/WARN] [net.minecraftforge.common.ForgeConfigSpec/CORE]: Incorrect key Spells.irons_spellbooks:guiding_bolt.School was corrected from null to its default, irons_spellbooks:holy. 
[27Jul2025 02:14:54.124] [Server thread/WARN] [net.minecraftforge.common.ForgeConfigSpec/CORE]: Incorrect key Spells.irons_spellbooks:guiding_bolt.MaxLevel was corrected from null to its default, 10. 
[27Jul2025 02:14:54.124] [Server thread/WARN] [net.minecraftforge.common.ForgeConfigSpec/CORE]: Incorrect key Spells.irons_spellbooks:guiding_bolt.MinRarity was corrected from null to its default, COMMON. 
[27Jul2025 02:14:54.124] [Server thread/WARN] [net.minecraftforge.common.ForgeConfigSpec/CORE]: Incorrect key Spells.irons_spellbooks:guiding_bolt.ManaCostMultiplier was corrected from null to its default, 1.0. 
[27Jul2025 02:14:54.124] [Server thread/WARN] [net.minecraftforge.common.ForgeConfigSpec/CORE]: Incorrect key Spells.irons_spellbooks:guiding_bolt.SpellPowerMultiplier was corrected from null to its default, 1.0. 
[27Jul2025 02:14:54.124] [Server thread/WARN] [net.minecraftforge.common.ForgeConfigSpec/CORE]: Incorrect key Spells.irons_spellbooks:guiding_bolt.CooldownInSeconds was corrected from null to its default, 8.0. 
[27Jul2025 02:14:54.124] [Server thread/WARN] [net.minecraftforge.common.ForgeConfigSpec/CORE]: Incorrect key Spells.irons_spellbooks:guiding_bolt.AllowCrafting was corrected from null to its default, true. 
[27Jul2025 02:14:54.124] [Server thread/WARN] [net.minecraftforge.common.ForgeConfigSpec/CORE]: Incorrect key Spells.irons_spellbooks:heal was corrected from null to its default, SimpleCommentedConfig:{}. 
[27Jul2025 02:14:54.124] [Server thread/WARN] [net.minecraftforge.common.ForgeConfigSpec/CORE]: Incorrect key Spells.irons_spellbooks:heal.Enabled was corrected from null to its default, true. 
[27Jul2025 02:14:54.124] [Server thread/WARN] [net.minecraftforge.common.ForgeConfigSpec/CORE]: Incorrect key Spells.irons_spellbooks:heal.School was corrected from null to its default, irons_spellbooks:holy. 
[27Jul2025 02:14:54.125] [Server thread/WARN] [net.minecraftforge.common.ForgeConfigSpec/CORE]: Incorrect key Spells.irons_spellbooks:heal.MaxLevel was corrected from null to its default, 8. 
[27Jul2025 02:14:54.125] [Server thread/WARN] [net.minecraftforge.common.ForgeConfigSpec/CORE]: Incorrect key Spells.irons_spellbooks:heal.MinRarity was corrected from null to its default, UNCOMMON. 
[27Jul2025 02:14:54.125] [Server thread/WARN] [net.minecraftforge.common.ForgeConfigSpec/CORE]: Incorrect key Spells.irons_spellbooks:heal.ManaCostMultiplier was corrected from null to its default, 1.0. 
[27Jul2025 02:14:54.125] [Server thread/WARN] [net.minecraftforge.common.ForgeConfigSpec/CORE]: Incorrect key Spells.irons_spellbooks:heal.SpellPowerMultiplier was corrected from null to its default, 1.0. 
[27Jul2025 02:14:54.125] [Server thread/WARN] [net.minecraftforge.common.ForgeConfigSpec/CORE]: Incorrect key Spells.irons_spellbooks:heal.CooldownInSeconds was corrected from null to its default, 30.0. 
[27Jul2025 02:14:54.125] [Server thread/WARN] [net.minecraftforge.common.ForgeConfigSpec/CORE]: Incorrect key Spells.irons_spellbooks:heal.AllowCrafting was corrected from null to its default, true. 
[27Jul2025 02:14:54.125] [Server thread/WARN] [net.minecraftforge.common.ForgeConfigSpec/CORE]: Incorrect key Spells.irons_spellbooks:haste was corrected from null to its default, SimpleCommentedConfig:{}. 
[27Jul2025 02:14:54.125] [Server thread/WARN] [net.minecraftforge.common.ForgeConfigSpec/CORE]: Incorrect key Spells.irons_spellbooks:haste.Enabled was corrected from null to its default, true. 
[27Jul2025 02:14:54.125] [Server thread/WARN] [net.minecraftforge.common.ForgeConfigSpec/CORE]: Incorrect key Spells.irons_spellbooks:haste.School was corrected from null to its default, irons_spellbooks:holy. 
[27Jul2025 02:14:54.125] [Server thread/WARN] [net.minecraftforge.common.ForgeConfigSpec/CORE]: Incorrect key Spells.irons_spellbooks:haste.MaxLevel was corrected from null to its default, 4. 
[27Jul2025 02:14:54.126] [Server thread/WARN] [net.minecraftforge.common.ForgeConfigSpec/CORE]: Incorrect key Spells.irons_spellbooks:haste.MinRarity was corrected from null to its default, EPIC. 
[27Jul2025 02:14:54.126] [Server thread/WARN] [net.minecraftforge.common.ForgeConfigSpec/CORE]: Incorrect key Spells.irons_spellbooks:haste.ManaCostMultiplier was corrected from null to its default, 1.0. 
[27Jul2025 02:14:54.126] [Server thread/WARN] [net.minecraftforge.common.ForgeConfigSpec/CORE]: Incorrect key Spells.irons_spellbooks:haste.SpellPowerMultiplier was corrected from null to its default, 1.0. 
[27Jul2025 02:14:54.126] [Server thread/WARN] [net.minecraftforge.common.ForgeConfigSpec/CORE]: Incorrect key Spells.irons_spellbooks:haste.CooldownInSeconds was corrected from null to its default, 80.0. 
[27Jul2025 02:14:54.126] [Server thread/WARN] [net.minecraftforge.common.ForgeConfigSpec/CORE]: Incorrect key Spells.irons_spellbooks:haste.AllowCrafting was corrected from null to its default, true. 
[27Jul2025 02:14:54.126] [Server thread/WARN] [net.minecraftforge.common.ForgeConfigSpec/CORE]: Incorrect key Spells.irons_spellbooks:wisp was corrected from null to its default, SimpleCommentedConfig:{}. 
[27Jul2025 02:14:54.126] [Server thread/WARN] [net.minecraftforge.common.ForgeConfigSpec/CORE]: Incorrect key Spells.irons_spellbooks:wisp.Enabled was corrected from null to its default, true. 
[27Jul2025 02:14:54.126] [Server thread/WARN] [net.minecraftforge.common.ForgeConfigSpec/CORE]: Incorrect key Spells.irons_spellbooks:wisp.School was corrected from null to its default, irons_spellbooks:holy. 
[27Jul2025 02:14:54.126] [Server thread/WARN] [net.minecraftforge.common.ForgeConfigSpec/CORE]: Incorrect key Spells.irons_spellbooks:wisp.MaxLevel was corrected from null to its default, 10. 
[27Jul2025 02:14:54.126] [Server thread/WARN] [net.minecraftforge.common.ForgeConfigSpec/CORE]: Incorrect key Spells.irons_spellbooks:wisp.MinRarity was corrected from null to its default, COMMON. 
[27Jul2025 02:14:54.126] [Server thread/WARN] [net.minecraftforge.common.ForgeConfigSpec/CORE]: Incorrect key Spells.irons_spellbooks:wisp.ManaCostMultiplier was corrected from null to its default, 1.0. 
[27Jul2025 02:14:54.127] [Server thread/WARN] [net.minecraftforge.common.ForgeConfigSpec/CORE]: Incorrect key Spells.irons_spellbooks:wisp.SpellPowerMultiplier was corrected from null to its default, 1.0. 
[27Jul2025 02:14:54.127] [Server thread/WARN] [net.minecraftforge.common.ForgeConfigSpec/CORE]: Incorrect key Spells.irons_spellbooks:wisp.CooldownInSeconds was corrected from null to its default, 3.0. 
[27Jul2025 02:14:54.127] [Server thread/WARN] [net.minecraftforge.common.ForgeConfigSpec/CORE]: Incorrect key Spells.irons_spellbooks:wisp.AllowCrafting was corrected from null to its default, true. 
[27Jul2025 02:14:54.127] [Server thread/WARN] [net.minecraftforge.common.ForgeConfigSpec/CORE]: Incorrect key Spells.irons_spellbooks:divine_smite was corrected from null to its default, SimpleCommentedConfig:{}. 
[27Jul2025 02:14:54.127] [Server thread/WARN] [net.minecraftforge.common.ForgeConfigSpec/CORE]: Incorrect key Spells.irons_spellbooks:divine_smite.Enabled was corrected from null to its default, true. 
[27Jul2025 02:14:54.127] [Server thread/WARN] [net.minecraftforge.common.ForgeConfigSpec/CORE]: Incorrect key Spells.irons_spellbooks:divine_smite.School was corrected from null to its default, irons_spellbooks:holy. 
[27Jul2025 02:14:54.127] [Server thread/WARN] [net.minecraftforge.common.ForgeConfigSpec/CORE]: Incorrect key Spells.irons_spellbooks:divine_smite.MaxLevel was corrected from null to its default, 5. 
[27Jul2025 02:14:54.127] [Server thread/WARN] [net.minecraftforge.common.ForgeConfigSpec/CORE]: Incorrect key Spells.irons_spellbooks:divine_smite.MinRarity was corrected from null to its default, COMMON. 
[27Jul2025 02:14:54.127] [Server thread/WARN] [net.minecraftforge.common.ForgeConfigSpec/CORE]: Incorrect key Spells.irons_spellbooks:divine_smite.ManaCostMultiplier was corrected from null to its default, 1.0. 
[27Jul2025 02:14:54.127] [Server thread/WARN] [net.minecraftforge.common.ForgeConfigSpec/CORE]: Incorrect key Spells.irons_spellbooks:divine_smite.SpellPowerMultiplier was corrected from null to its default, 1.0. 
[27Jul2025 02:14:54.128] [Server thread/WARN] [net.minecraftforge.common.ForgeConfigSpec/CORE]: Incorrect key Spells.irons_spellbooks:divine_smite.CooldownInSeconds was corrected from null to its default, 15.0. 
[27Jul2025 02:14:54.128] [Server thread/WARN] [net.minecraftforge.common.ForgeConfigSpec/CORE]: Incorrect key Spells.irons_spellbooks:divine_smite.AllowCrafting was corrected from null to its default, true. 
[27Jul2025 02:14:54.128] [Server thread/WARN] [net.minecraftforge.common.ForgeConfigSpec/CORE]: Incorrect key Spells.irons_spellbooks:greater_heal was corrected from null to its default, SimpleCommentedConfig:{}. 
[27Jul2025 02:14:54.128] [Server thread/WARN] [net.minecraftforge.common.ForgeConfigSpec/CORE]: Incorrect key Spells.irons_spellbooks:greater_heal.Enabled was corrected from null to its default, true. 
[27Jul2025 02:14:54.128] [Server thread/WARN] [net.minecraftforge.common.ForgeConfigSpec/CORE]: Incorrect key Spells.irons_spellbooks:greater_heal.School was corrected from null to its default, irons_spellbooks:holy. 
[27Jul2025 02:14:54.128] [Server thread/WARN] [net.minecraftforge.common.ForgeConfigSpec/CORE]: Incorrect key Spells.irons_spellbooks:greater_heal.MaxLevel was corrected from null to its default, 1. 
[27Jul2025 02:14:54.128] [Server thread/WARN] [net.minecraftforge.common.ForgeConfigSpec/CORE]: Incorrect key Spells.irons_spellbooks:greater_heal.MinRarity was corrected from null to its default, RARE. 
[27Jul2025 02:14:54.128] [Server thread/WARN] [net.minecraftforge.common.ForgeConfigSpec/CORE]: Incorrect key Spells.irons_spellbooks:greater_heal.ManaCostMultiplier was corrected from null to its default, 1.0. 
[27Jul2025 02:14:54.128] [Server thread/WARN] [net.minecraftforge.common.ForgeConfigSpec/CORE]: Incorrect key Spells.irons_spellbooks:greater_heal.SpellPowerMultiplier was corrected from null to its default, 1.0. 
[27Jul2025 02:14:54.128] [Server thread/WARN] [net.minecraftforge.common.ForgeConfigSpec/CORE]: Incorrect key Spells.irons_spellbooks:greater_heal.CooldownInSeconds was corrected from null to its default, 45.0. 
[27Jul2025 02:14:54.129] [Server thread/WARN] [net.minecraftforge.common.ForgeConfigSpec/CORE]: Incorrect key Spells.irons_spellbooks:greater_heal.AllowCrafting was corrected from null to its default, true. 
[27Jul2025 02:14:54.129] [Server thread/WARN] [net.minecraftforge.common.ForgeConfigSpec/CORE]: Incorrect key Spells.irons_spellbooks:cloud_of_regeneration was corrected from null to its default, SimpleCommentedConfig:{}. 
[27Jul2025 02:14:54.129] [Server thread/WARN] [net.minecraftforge.common.ForgeConfigSpec/CORE]: Incorrect key Spells.irons_spellbooks:cloud_of_regeneration.Enabled was corrected from null to its default, false. 
[27Jul2025 02:14:54.129] [Server thread/WARN] [net.minecraftforge.common.ForgeConfigSpec/CORE]: Incorrect key Spells.irons_spellbooks:cloud_of_regeneration.School was corrected from null to its default, irons_spellbooks:holy. 
[27Jul2025 02:14:54.129] [Server thread/WARN] [net.minecraftforge.common.ForgeConfigSpec/CORE]: Incorrect key Spells.irons_spellbooks:cloud_of_regeneration.MaxLevel was corrected from null to its default, 5. 
[27Jul2025 02:14:54.129] [Server thread/WARN] [net.minecraftforge.common.ForgeConfigSpec/CORE]: Incorrect key Spells.irons_spellbooks:cloud_of_regeneration.MinRarity was corrected from null to its default, COMMON. 
[27Jul2025 02:14:54.129] [Server thread/WARN] [net.minecraftforge.common.ForgeConfigSpec/CORE]: Incorrect key Spells.irons_spellbooks:cloud_of_regeneration.ManaCostMultiplier was corrected from null to its default, 1.0. 
[27Jul2025 02:14:54.129] [Server thread/WARN] [net.minecraftforge.common.ForgeConfigSpec/CORE]: Incorrect key Spells.irons_spellbooks:cloud_of_regeneration.SpellPowerMultiplier was corrected from null to its default, 1.0. 
[27Jul2025 02:14:54.129] [Server thread/WARN] [net.minecraftforge.common.ForgeConfigSpec/CORE]: Incorrect key Spells.irons_spellbooks:cloud_of_regeneration.CooldownInSeconds was corrected from null to its default, 35.0. 
[27Jul2025 02:14:54.129] [Server thread/WARN] [net.minecraftforge.common.ForgeConfigSpec/CORE]: Incorrect key Spells.irons_spellbooks:cloud_of_regeneration.AllowCrafting was corrected from null to its default, true. 
[27Jul2025 02:14:54.130] [Server thread/WARN] [net.minecraftforge.common.ForgeConfigSpec/CORE]: Incorrect key Spells.irons_spellbooks:raise_dead was corrected from null to its default, SimpleCommentedConfig:{}. 
[27Jul2025 02:14:54.130] [Server thread/WARN] [net.minecraftforge.common.ForgeConfigSpec/CORE]: Incorrect key Spells.irons_spellbooks:raise_dead.Enabled was corrected from null to its default, true. 
[27Jul2025 02:14:54.130] [Server thread/WARN] [net.minecraftforge.common.ForgeConfigSpec/CORE]: Incorrect key Spells.irons_spellbooks:raise_dead.School was corrected from null to its default, irons_spellbooks:blood. 
[27Jul2025 02:14:54.130] [Server thread/WARN] [net.minecraftforge.common.ForgeConfigSpec/CORE]: Incorrect key Spells.irons_spellbooks:raise_dead.MaxLevel was corrected from null to its default, 6. 
[27Jul2025 02:14:54.130] [Server thread/WARN] [net.minecraftforge.common.ForgeConfigSpec/CORE]: Incorrect key Spells.irons_spellbooks:raise_dead.MinRarity was corrected from null to its default, UNCOMMON. 
[27Jul2025 02:14:54.130] [Server thread/WARN] [net.minecraftforge.common.ForgeConfigSpec/CORE]: Incorrect key Spells.irons_spellbooks:raise_dead.ManaCostMultiplier was corrected from null to its default, 1.0. 
[27Jul2025 02:14:54.130] [Server thread/WARN] [net.minecraftforge.common.ForgeConfigSpec/CORE]: Incorrect key Spells.irons_spellbooks:raise_dead.SpellPowerMultiplier was corrected from null to its default, 1.0. 
[27Jul2025 02:14:54.130] [Server thread/WARN] [net.minecraftforge.common.ForgeConfigSpec/CORE]: Incorrect key Spells.irons_spellbooks:raise_dead.CooldownInSeconds was corrected from null to its default, 150.0. 
[27Jul2025 02:14:54.130] [Server thread/WARN] [net.minecraftforge.common.ForgeConfigSpec/CORE]: Incorrect key Spells.irons_spellbooks:raise_dead.AllowCrafting was corrected from null to its default, true. 
[27Jul2025 02:14:54.130] [Server thread/WARN] [net.minecraftforge.common.ForgeConfigSpec/CORE]: Incorrect key Spells.irons_spellbooks:blood_slash was corrected from null to its default, SimpleCommentedConfig:{}. 
[27Jul2025 02:14:54.130] [Server thread/WARN] [net.minecraftforge.common.ForgeConfigSpec/CORE]: Incorrect key Spells.irons_spellbooks:blood_slash.Enabled was corrected from null to its default, true. 
[27Jul2025 02:14:54.130] [Server thread/WARN] [net.minecraftforge.common.ForgeConfigSpec/CORE]: Incorrect key Spells.irons_spellbooks:blood_slash.School was corrected from null to its default, irons_spellbooks:blood. 
[27Jul2025 02:14:54.131] [Server thread/WARN] [net.minecraftforge.common.ForgeConfigSpec/CORE]: Incorrect key Spells.irons_spellbooks:blood_slash.MaxLevel was corrected from null to its default, 5. 
[27Jul2025 02:14:54.131] [Server thread/WARN] [net.minecraftforge.common.ForgeConfigSpec/CORE]: Incorrect key Spells.irons_spellbooks:blood_slash.MinRarity was corrected from null to its default, RARE. 
[27Jul2025 02:14:54.131] [Server thread/WARN] [net.minecraftforge.common.ForgeConfigSpec/CORE]: Incorrect key Spells.irons_spellbooks:blood_slash.ManaCostMultiplier was corrected from null to its default, 1.0. 
[27Jul2025 02:14:54.131] [Server thread/WARN] [net.minecraftforge.common.ForgeConfigSpec/CORE]: Incorrect key Spells.irons_spellbooks:blood_slash.SpellPowerMultiplier was corrected from null to its default, 1.0. 
[27Jul2025 02:14:54.131] [Server thread/WARN] [net.minecraftforge.common.ForgeConfigSpec/CORE]: Incorrect key Spells.irons_spellbooks:blood_slash.CooldownInSeconds was corrected from null to its default, 10.0. 
[27Jul2025 02:14:54.131] [Server thread/WARN] [net.minecraftforge.common.ForgeConfigSpec/CORE]: Incorrect key Spells.irons_spellbooks:blood_slash.AllowCrafting was corrected from null to its default, true. 
[27Jul2025 02:14:54.131] [Server thread/WARN] [net.minecraftforge.common.ForgeConfigSpec/CORE]: Incorrect key Spells.irons_spellbooks:blood_step was corrected from null to its default, SimpleCommentedConfig:{}. 
[27Jul2025 02:14:54.131] [Server thread/WARN] [net.minecraftforge.common.ForgeConfigSpec/CORE]: Incorrect key Spells.irons_spellbooks:blood_step.Enabled was corrected from null to its default, true. 
[27Jul2025 02:14:54.131] [Server thread/WARN] [net.minecraftforge.common.ForgeConfigSpec/CORE]: Incorrect key Spells.irons_spellbooks:blood_step.School was corrected from null to its default, irons_spellbooks:blood. 
[27Jul2025 02:14:54.131] [Server thread/WARN] [net.minecraftforge.common.ForgeConfigSpec/CORE]: Incorrect key Spells.irons_spellbooks:blood_step.MaxLevel was corrected from null to its default, 5. 
[27Jul2025 02:14:54.131] [Server thread/WARN] [net.minecraftforge.common.ForgeConfigSpec/CORE]: Incorrect key Spells.irons_spellbooks:blood_step.MinRarity was corrected from null to its default, UNCOMMON. 
[27Jul2025 02:14:54.131] [Server thread/WARN] [net.minecraftforge.common.ForgeConfigSpec/CORE]: Incorrect key Spells.irons_spellbooks:blood_step.ManaCostMultiplier was corrected from null to its default, 1.0. 
[27Jul2025 02:14:54.131] [Server thread/WARN] [net.minecraftforge.common.ForgeConfigSpec/CORE]: Incorrect key Spells.irons_spellbooks:blood_step.SpellPowerMultiplier was corrected from null to its default, 1.0. 
[27Jul2025 02:14:54.131] [Server thread/WARN] [net.minecraftforge.common.ForgeConfigSpec/CORE]: Incorrect key Spells.irons_spellbooks:blood_step.CooldownInSeconds was corrected from null to its default, 5.0. 
[27Jul2025 02:14:54.131] [Server thread/WARN] [net.minecraftforge.common.ForgeConfigSpec/CORE]: Incorrect key Spells.irons_spellbooks:blood_step.AllowCrafting was corrected from null to its default, true. 
[27Jul2025 02:14:54.132] [Server thread/WARN] [net.minecraftforge.common.ForgeConfigSpec/CORE]: Incorrect key Spells.irons_spellbooks:acupuncture was corrected from null to its default, SimpleCommentedConfig:{}. 
[27Jul2025 02:14:54.132] [Server thread/WARN] [net.minecraftforge.common.ForgeConfigSpec/CORE]: Incorrect key Spells.irons_spellbooks:acupuncture.Enabled was corrected from null to its default, true. 
[27Jul2025 02:14:54.132] [Server thread/WARN] [net.minecraftforge.common.ForgeConfigSpec/CORE]: Incorrect key Spells.irons_spellbooks:acupuncture.School was corrected from null to its default, irons_spellbooks:blood. 
[27Jul2025 02:14:54.132] [Server thread/WARN] [net.minecraftforge.common.ForgeConfigSpec/CORE]: Incorrect key Spells.irons_spellbooks:acupuncture.MaxLevel was corrected from null to its default, 10. 
[27Jul2025 02:14:54.132] [Server thread/WARN] [net.minecraftforge.common.ForgeConfigSpec/CORE]: Incorrect key Spells.irons_spellbooks:acupuncture.MinRarity was corrected from null to its default, RARE. 
[27Jul2025 02:14:54.132] [Server thread/WARN] [net.minecraftforge.common.ForgeConfigSpec/CORE]: Incorrect key Spells.irons_spellbooks:acupuncture.ManaCostMultiplier was corrected from null to its default, 1.0. 
[27Jul2025 02:14:54.132] [Server thread/WARN] [net.minecraftforge.common.ForgeConfigSpec/CORE]: Incorrect key Spells.irons_spellbooks:acupuncture.SpellPowerMultiplier was corrected from null to its default, 1.0. 
[27Jul2025 02:14:54.132] [Server thread/WARN] [net.minecraftforge.common.ForgeConfigSpec/CORE]: Incorrect key Spells.irons_spellbooks:acupuncture.CooldownInSeconds was corrected from null to its default, 20.0. 
[27Jul2025 02:14:54.132] [Server thread/WARN] [net.minecraftforge.common.ForgeConfigSpec/CORE]: Incorrect key Spells.irons_spellbooks:acupuncture.AllowCrafting was corrected from null to its default, true. 
[27Jul2025 02:14:54.132] [Server thread/WARN] [net.minecraftforge.common.ForgeConfigSpec/CORE]: Incorrect key Spells.irons_spellbooks:ray_of_siphoning was corrected from null to its default, SimpleCommentedConfig:{}. 
[27Jul2025 02:14:54.132] [Server thread/WARN] [net.minecraftforge.common.ForgeConfigSpec/CORE]: Incorrect key Spells.irons_spellbooks:ray_of_siphoning.Enabled was corrected from null to its default, true. 
[27Jul2025 02:14:54.132] [Server thread/WARN] [net.minecraftforge.common.ForgeConfigSpec/CORE]: Incorrect key Spells.irons_spellbooks:ray_of_siphoning.School was corrected from null to its default, irons_spellbooks:blood. 
[27Jul2025 02:14:54.132] [Server thread/WARN] [net.minecraftforge.common.ForgeConfigSpec/CORE]: Incorrect key Spells.irons_spellbooks:ray_of_siphoning.MaxLevel was corrected from null to its default, 10. 
[27Jul2025 02:14:54.132] [Server thread/WARN] [net.minecraftforge.common.ForgeConfigSpec/CORE]: Incorrect key Spells.irons_spellbooks:ray_of_siphoning.MinRarity was corrected from null to its default, COMMON. 
[27Jul2025 02:14:54.132] [Server thread/WARN] [net.minecraftforge.common.ForgeConfigSpec/CORE]: Incorrect key Spells.irons_spellbooks:ray_of_siphoning.ManaCostMultiplier was corrected from null to its default, 1.0. 
[27Jul2025 02:14:54.132] [Server thread/WARN] [net.minecraftforge.common.ForgeConfigSpec/CORE]: Incorrect key Spells.irons_spellbooks:ray_of_siphoning.SpellPowerMultiplier was corrected from null to its default, 1.0. 
[27Jul2025 02:14:54.133] [Server thread/WARN] [net.minecraftforge.common.ForgeConfigSpec/CORE]: Incorrect key Spells.irons_spellbooks:ray_of_siphoning.CooldownInSeconds was corrected from null to its default, 15.0. 
[27Jul2025 02:14:54.133] [Server thread/WARN] [net.minecraftforge.common.ForgeConfigSpec/CORE]: Incorrect key Spells.irons_spellbooks:ray_of_siphoning.AllowCrafting was corrected from null to its default, true. 
[27Jul2025 02:14:54.133] [Server thread/WARN] [net.minecraftforge.common.ForgeConfigSpec/CORE]: Incorrect key Spells.irons_spellbooks:blood_needles was corrected from null to its default, SimpleCommentedConfig:{}. 
[27Jul2025 02:14:54.133] [Server thread/WARN] [net.minecraftforge.common.ForgeConfigSpec/CORE]: Incorrect key Spells.irons_spellbooks:blood_needles.Enabled was corrected from null to its default, true. 
[27Jul2025 02:14:54.133] [Server thread/WARN] [net.minecraftforge.common.ForgeConfigSpec/CORE]: Incorrect key Spells.irons_spellbooks:blood_needles.School was corrected from null to its default, irons_spellbooks:blood. 
[27Jul2025 02:14:54.133] [Server thread/WARN] [net.minecraftforge.common.ForgeConfigSpec/CORE]: Incorrect key Spells.irons_spellbooks:blood_needles.MaxLevel was corrected from null to its default, 10. 
[27Jul2025 02:14:54.133] [Server thread/WARN] [net.minecraftforge.common.ForgeConfigSpec/CORE]: Incorrect key Spells.irons_spellbooks:blood_needles.MinRarity was corrected from null to its default, UNCOMMON. 
[27Jul2025 02:14:54.133] [Server thread/WARN] [net.minecraftforge.common.ForgeConfigSpec/CORE]: Incorrect key Spells.irons_spellbooks:blood_needles.ManaCostMultiplier was corrected from null to its default, 1.0. 
[27Jul2025 02:14:54.133] [Server thread/WARN] [net.minecraftforge.common.ForgeConfigSpec/CORE]: Incorrect key Spells.irons_spellbooks:blood_needles.SpellPowerMultiplier was corrected from null to its default, 1.0. 
[27Jul2025 02:14:54.133] [Server thread/WARN] [net.minecraftforge.common.ForgeConfigSpec/CORE]: Incorrect key Spells.irons_spellbooks:blood_needles.CooldownInSeconds was corrected from null to its default, 10.0. 
[27Jul2025 02:14:54.133] [Server thread/WARN] [net.minecraftforge.common.ForgeConfigSpec/CORE]: Incorrect key Spells.irons_spellbooks:blood_needles.AllowCrafting was corrected from null to its default, true. 
[27Jul2025 02:14:54.133] [Server thread/WARN] [net.minecraftforge.common.ForgeConfigSpec/CORE]: Incorrect key Spells.irons_spellbooks:sacrifice was corrected from null to its default, SimpleCommentedConfig:{}. 
[27Jul2025 02:14:54.133] [Server thread/WARN] [net.minecraftforge.common.ForgeConfigSpec/CORE]: Incorrect key Spells.irons_spellbooks:sacrifice.Enabled was corrected from null to its default, true. 
[27Jul2025 02:14:54.133] [Server thread/WARN] [net.minecraftforge.common.ForgeConfigSpec/CORE]: Incorrect key Spells.irons_spellbooks:sacrifice.School was corrected from null to its default, irons_spellbooks:blood. 
[27Jul2025 02:14:54.134] [Server thread/WARN] [net.minecraftforge.common.ForgeConfigSpec/CORE]: Incorrect key Spells.irons_spellbooks:sacrifice.MaxLevel was corrected from null to its default, 5. 
[27Jul2025 02:14:54.134] [Server thread/WARN] [net.minecraftforge.common.ForgeConfigSpec/CORE]: Incorrect key Spells.irons_spellbooks:sacrifice.MinRarity was corrected from null to its default, RARE. 
[27Jul2025 02:14:54.134] [Server thread/WARN] [net.minecraftforge.common.ForgeConfigSpec/CORE]: Incorrect key Spells.irons_spellbooks:sacrifice.ManaCostMultiplier was corrected from null to its default, 1.0. 
[27Jul2025 02:14:54.134] [Server thread/WARN] [net.minecraftforge.common.ForgeConfigSpec/CORE]: Incorrect key Spells.irons_spellbooks:sacrifice.SpellPowerMultiplier was corrected from null to its default, 1.0. 
[27Jul2025 02:14:54.134] [Server thread/WARN] [net.minecraftforge.common.ForgeConfigSpec/CORE]: Incorrect key Spells.irons_spellbooks:sacrifice.CooldownInSeconds was corrected from null to its default, 1.0. 
[27Jul2025 02:14:54.134] [Server thread/WARN] [net.minecraftforge.common.ForgeConfigSpec/CORE]: Incorrect key Spells.irons_spellbooks:sacrifice.AllowCrafting was corrected from null to its default, true. 
[27Jul2025 02:14:54.134] [Server thread/WARN] [net.minecraftforge.common.ForgeConfigSpec/CORE]: Incorrect key Spells.irons_spellbooks:heartstop was corrected from null to its default, SimpleCommentedConfig:{}. 
[27Jul2025 02:14:54.134] [Server thread/WARN] [net.minecraftforge.common.ForgeConfigSpec/CORE]: Incorrect key Spells.irons_spellbooks:heartstop.Enabled was corrected from null to its default, true. 
[27Jul2025 02:14:54.134] [Server thread/WARN] [net.minecraftforge.common.ForgeConfigSpec/CORE]: Incorrect key Spells.irons_spellbooks:heartstop.School was corrected from null to its default, irons_spellbooks:blood. 
[27Jul2025 02:14:54.134] [Server thread/WARN] [net.minecraftforge.common.ForgeConfigSpec/CORE]: Incorrect key Spells.irons_spellbooks:heartstop.MaxLevel was corrected from null to its default, 10. 
[27Jul2025 02:14:54.134] [Server thread/WARN] [net.minecraftforge.common.ForgeConfigSpec/CORE]: Incorrect key Spells.irons_spellbooks:heartstop.MinRarity was corrected from null to its default, COMMON. 
[27Jul2025 02:14:54.134] [Server thread/WARN] [net.minecraftforge.common.ForgeConfigSpec/CORE]: Incorrect key Spells.irons_spellbooks:heartstop.ManaCostMultiplier was corrected from null to its default, 1.0. 
[27Jul2025 02:14:54.135] [Server thread/WARN] [net.minecraftforge.common.ForgeConfigSpec/CORE]: Incorrect key Spells.irons_spellbooks:heartstop.SpellPowerMultiplier was corrected from null to its default, 1.0. 
[27Jul2025 02:14:54.135] [Server thread/WARN] [net.minecraftforge.common.ForgeConfigSpec/CORE]: Incorrect key Spells.irons_spellbooks:heartstop.CooldownInSeconds was corrected from null to its default, 120.0. 
[27Jul2025 02:14:54.135] [Server thread/WARN] [net.minecraftforge.common.ForgeConfigSpec/CORE]: Incorrect key Spells.irons_spellbooks:heartstop.AllowCrafting was corrected from null to its default, true. 
[27Jul2025 02:14:54.135] [Server thread/WARN] [net.minecraftforge.common.ForgeConfigSpec/CORE]: Incorrect key Spells.irons_spellbooks:devour was corrected from null to its default, SimpleCommentedConfig:{}. 
[27Jul2025 02:14:54.135] [Server thread/WARN] [net.minecraftforge.common.ForgeConfigSpec/CORE]: Incorrect key Spells.irons_spellbooks:devour.Enabled was corrected from null to its default, true. 
[27Jul2025 02:14:54.135] [Server thread/WARN] [net.minecraftforge.common.ForgeConfigSpec/CORE]: Incorrect key Spells.irons_spellbooks:devour.School was corrected from null to its default, irons_spellbooks:blood. 
[27Jul2025 02:14:54.135] [Server thread/WARN] [net.minecraftforge.common.ForgeConfigSpec/CORE]: Incorrect key Spells.irons_spellbooks:devour.MaxLevel was corrected from null to its default, 10. 
[27Jul2025 02:14:54.135] [Server thread/WARN] [net.minecraftforge.common.ForgeConfigSpec/CORE]: Incorrect key Spells.irons_spellbooks:devour.MinRarity was corrected from null to its default, UNCOMMON. 
[27Jul2025 02:14:54.135] [Server thread/WARN] [net.minecraftforge.common.ForgeConfigSpec/CORE]: Incorrect key Spells.irons_spellbooks:devour.ManaCostMultiplier was corrected from null to its default, 1.0. 
[27Jul2025 02:14:54.135] [Server thread/WARN] [net.minecraftforge.common.ForgeConfigSpec/CORE]: Incorrect key Spells.irons_spellbooks:devour.SpellPowerMultiplier was corrected from null to its default, 1.0. 
[27Jul2025 02:14:54.135] [Server thread/WARN] [net.minecraftforge.common.ForgeConfigSpec/CORE]: Incorrect key Spells.irons_spellbooks:devour.CooldownInSeconds was corrected from null to its default, 20.0. 
[27Jul2025 02:14:54.135] [Server thread/WARN] [net.minecraftforge.common.ForgeConfigSpec/CORE]: Incorrect key Spells.irons_spellbooks:devour.AllowCrafting was corrected from null to its default, true. 
[27Jul2025 02:14:54.136] [Server thread/WARN] [net.minecraftforge.common.ForgeConfigSpec/CORE]: Incorrect key Spells.irons_spellbooks:wither_skull was corrected from null to its default, SimpleCommentedConfig:{}. 
[27Jul2025 02:14:54.136] [Server thread/WARN] [net.minecraftforge.common.ForgeConfigSpec/CORE]: Incorrect key Spells.irons_spellbooks:wither_skull.Enabled was corrected from null to its default, true. 
[27Jul2025 02:14:54.136] [Server thread/WARN] [net.minecraftforge.common.ForgeConfigSpec/CORE]: Incorrect key Spells.irons_spellbooks:wither_skull.School was corrected from null to its default, irons_spellbooks:blood. 
[27Jul2025 02:14:54.136] [Server thread/WARN] [net.minecraftforge.common.ForgeConfigSpec/CORE]: Incorrect key Spells.irons_spellbooks:wither_skull.MaxLevel was corrected from null to its default, 10. 
[27Jul2025 02:14:54.136] [Server thread/WARN] [net.minecraftforge.common.ForgeConfigSpec/CORE]: Incorrect key Spells.irons_spellbooks:wither_skull.MinRarity was corrected from null to its default, UNCOMMON. 
[27Jul2025 02:14:54.136] [Server thread/WARN] [net.minecraftforge.common.ForgeConfigSpec/CORE]: Incorrect key Spells.irons_spellbooks:wither_skull.ManaCostMultiplier was corrected from null to its default, 1.0. 
[27Jul2025 02:14:54.136] [Server thread/WARN] [net.minecraftforge.common.ForgeConfigSpec/CORE]: Incorrect key Spells.irons_spellbooks:wither_skull.SpellPowerMultiplier was corrected from null to its default, 1.0. 
[27Jul2025 02:14:54.137] [Server thread/WARN] [net.minecraftforge.common.ForgeConfigSpec/CORE]: Incorrect key Spells.irons_spellbooks:wither_skull.CooldownInSeconds was corrected from null to its default, 1.0. 
[27Jul2025 02:14:54.137] [Server thread/WARN] [net.minecraftforge.common.ForgeConfigSpec/CORE]: Incorrect key Spells.irons_spellbooks:wither_skull.AllowCrafting was corrected from null to its default, true. 
[27Jul2025 02:14:54.137] [Server thread/WARN] [net.minecraftforge.common.ForgeConfigSpec/CORE]: Incorrect key Spells.irons_spellbooks:thunder_step was corrected from null to its default, SimpleCommentedConfig:{}. 
[27Jul2025 02:14:54.137] [Server thread/WARN] [net.minecraftforge.common.ForgeConfigSpec/CORE]: Incorrect key Spells.irons_spellbooks:thunder_step.Enabled was corrected from null to its default, true. 
[27Jul2025 02:14:54.137] [Server thread/WARN] [net.minecraftforge.common.ForgeConfigSpec/CORE]: Incorrect key Spells.irons_spellbooks:thunder_step.School was corrected from null to its default, irons_spellbooks:lightning. 
[27Jul2025 02:14:54.137] [Server thread/WARN] [net.minecraftforge.common.ForgeConfigSpec/CORE]: Incorrect key Spells.irons_spellbooks:thunder_step.MaxLevel was corrected from null to its default, 5. 
[27Jul2025 02:14:54.137] [Server thread/WARN] [net.minecraftforge.common.ForgeConfigSpec/CORE]: Incorrect key Spells.irons_spellbooks:thunder_step.MinRarity was corrected from null to its default, UNCOMMON. 
[27Jul2025 02:14:54.137] [Server thread/WARN] [net.minecraftforge.common.ForgeConfigSpec/CORE]: Incorrect key Spells.irons_spellbooks:thunder_step.ManaCostMultiplier was corrected from null to its default, 1.0. 
[27Jul2025 02:14:54.137] [Server thread/WARN] [net.minecraftforge.common.ForgeConfigSpec/CORE]: Incorrect key Spells.irons_spellbooks:thunder_step.SpellPowerMultiplier was corrected from null to its default, 1.0. 
[27Jul2025 02:14:54.138] [Server thread/WARN] [net.minecraftforge.common.ForgeConfigSpec/CORE]: Incorrect key Spells.irons_spellbooks:thunder_step.CooldownInSeconds was corrected from null to its default, 8.0. 
[27Jul2025 02:14:54.138] [Server thread/WARN] [net.minecraftforge.common.ForgeConfigSpec/CORE]: Incorrect key Spells.irons_spellbooks:thunder_step.AllowCrafting was corrected from null to its default, true. 
[27Jul2025 02:14:54.138] [Server thread/WARN] [net.minecraftforge.common.ForgeConfigSpec/CORE]: Incorrect key Spells.irons_spellbooks:thunderstorm was corrected from null to its default, SimpleCommentedConfig:{}. 
[27Jul2025 02:14:54.138] [Server thread/WARN] [net.minecraftforge.common.ForgeConfigSpec/CORE]: Incorrect key Spells.irons_spellbooks:thunderstorm.Enabled was corrected from null to its default, true. 
[27Jul2025 02:14:54.138] [Server thread/WARN] [net.minecraftforge.common.ForgeConfigSpec/CORE]: Incorrect key Spells.irons_spellbooks:thunderstorm.School was corrected from null to its default, irons_spellbooks:lightning. 
[27Jul2025 02:14:54.138] [Server thread/WARN] [net.minecraftforge.common.ForgeConfigSpec/CORE]: Incorrect key Spells.irons_spellbooks:thunderstorm.MaxLevel was corrected from null to its default, 8. 
[27Jul2025 02:14:54.138] [Server thread/WARN] [net.minecraftforge.common.ForgeConfigSpec/CORE]: Incorrect key Spells.irons_spellbooks:thunderstorm.MinRarity was corrected from null to its default, RARE. 
[27Jul2025 02:14:54.138] [Server thread/WARN] [net.minecraftforge.common.ForgeConfigSpec/CORE]: Incorrect key Spells.irons_spellbooks:thunderstorm.ManaCostMultiplier was corrected from null to its default, 1.0. 
[27Jul2025 02:14:54.139] [Server thread/WARN] [net.minecraftforge.common.ForgeConfigSpec/CORE]: Incorrect key Spells.irons_spellbooks:thunderstorm.SpellPowerMultiplier was corrected from null to its default, 1.0. 
[27Jul2025 02:14:54.139] [Server thread/WARN] [net.minecraftforge.common.ForgeConfigSpec/CORE]: Incorrect key Spells.irons_spellbooks:thunderstorm.CooldownInSeconds was corrected from null to its default, 120.0. 
[27Jul2025 02:14:54.139] [Server thread/WARN] [net.minecraftforge.common.ForgeConfigSpec/CORE]: Incorrect key Spells.irons_spellbooks:thunderstorm.AllowCrafting was corrected from null to its default, true. 
[27Jul2025 02:14:54.139] [Server thread/WARN] [net.minecraftforge.common.ForgeConfigSpec/CORE]: Incorrect key Spells.irons_spellbooks:ascension was corrected from null to its default, SimpleCommentedConfig:{}. 
[27Jul2025 02:14:54.139] [Server thread/WARN] [net.minecraftforge.common.ForgeConfigSpec/CORE]: Incorrect key Spells.irons_spellbooks:ascension.Enabled was corrected from null to its default, true. 
[27Jul2025 02:14:54.139] [Server thread/WARN] [net.minecraftforge.common.ForgeConfigSpec/CORE]: Incorrect key Spells.irons_spellbooks:ascension.School was corrected from null to its default, irons_spellbooks:lightning. 
[27Jul2025 02:14:54.141] [Server thread/WARN] [net.minecraftforge.common.ForgeConfigSpec/CORE]: Incorrect key Spells.irons_spellbooks:ascension.MaxLevel was corrected from null to its default, 10. 
[27Jul2025 02:14:54.141] [Server thread/WARN] [net.minecraftforge.common.ForgeConfigSpec/CORE]: Incorrect key Spells.irons_spellbooks:ascension.MinRarity was corrected from null to its default, RARE. 
[27Jul2025 02:14:54.141] [Server thread/WARN] [net.minecraftforge.common.ForgeConfigSpec/CORE]: Incorrect key Spells.irons_spellbooks:ascension.ManaCostMultiplier was corrected from null to its default, 1.0. 
[27Jul2025 02:14:54.141] [Server thread/WARN] [net.minecraftforge.common.ForgeConfigSpec/CORE]: Incorrect key Spells.irons_spellbooks:ascension.SpellPowerMultiplier was corrected from null to its default, 1.0. 
[27Jul2025 02:14:54.142] [Server thread/WARN] [net.minecraftforge.common.ForgeConfigSpec/CORE]: Incorrect key Spells.irons_spellbooks:ascension.CooldownInSeconds was corrected from null to its default, 15.0. 
[27Jul2025 02:14:54.142] [Server thread/WARN] [net.minecraftforge.common.ForgeConfigSpec/CORE]: Incorrect key Spells.irons_spellbooks:ascension.AllowCrafting was corrected from null to its default, true. 
[27Jul2025 02:14:54.142] [Server thread/WARN] [net.minecraftforge.common.ForgeConfigSpec/CORE]: Incorrect key Spells.irons_spellbooks:lightning_lance was corrected from null to its default, SimpleCommentedConfig:{}. 
[27Jul2025 02:14:54.142] [Server thread/WARN] [net.minecraftforge.common.ForgeConfigSpec/CORE]: Incorrect key Spells.irons_spellbooks:lightning_lance.Enabled was corrected from null to its default, true. 
[27Jul2025 02:14:54.142] [Server thread/WARN] [net.minecraftforge.common.ForgeConfigSpec/CORE]: Incorrect key Spells.irons_spellbooks:lightning_lance.School was corrected from null to its default, irons_spellbooks:lightning. 
[27Jul2025 02:14:54.142] [Server thread/WARN] [net.minecraftforge.common.ForgeConfigSpec/CORE]: Incorrect key Spells.irons_spellbooks:lightning_lance.MaxLevel was corrected from null to its default, 10. 
[27Jul2025 02:14:54.142] [Server thread/WARN] [net.minecraftforge.common.ForgeConfigSpec/CORE]: Incorrect key Spells.irons_spellbooks:lightning_lance.MinRarity was corrected from null to its default, UNCOMMON. 
[27Jul2025 02:14:54.142] [Server thread/WARN] [net.minecraftforge.common.ForgeConfigSpec/CORE]: Incorrect key Spells.irons_spellbooks:lightning_lance.ManaCostMultiplier was corrected from null to its default, 1.0. 
[27Jul2025 02:14:54.142] [Server thread/WARN] [net.minecraftforge.common.ForgeConfigSpec/CORE]: Incorrect key Spells.irons_spellbooks:lightning_lance.SpellPowerMultiplier was corrected from null to its default, 1.0. 
[27Jul2025 02:14:54.143] [Server thread/WARN] [net.minecraftforge.common.ForgeConfigSpec/CORE]: Incorrect key Spells.irons_spellbooks:lightning_lance.CooldownInSeconds was corrected from null to its default, 8.0. 
[27Jul2025 02:14:54.143] [Server thread/WARN] [net.minecraftforge.common.ForgeConfigSpec/CORE]: Incorrect key Spells.irons_spellbooks:lightning_lance.AllowCrafting was corrected from null to its default, true. 
[27Jul2025 02:14:54.143] [Server thread/WARN] [net.minecraftforge.common.ForgeConfigSpec/CORE]: Incorrect key Spells.irons_spellbooks:shockwave was corrected from null to its default, SimpleCommentedConfig:{}. 
[27Jul2025 02:14:54.143] [Server thread/WARN] [net.minecraftforge.common.ForgeConfigSpec/CORE]: Incorrect key Spells.irons_spellbooks:shockwave.Enabled was corrected from null to its default, true. 
[27Jul2025 02:14:54.143] [Server thread/WARN] [net.minecraftforge.common.ForgeConfigSpec/CORE]: Incorrect key Spells.irons_spellbooks:shockwave.School was corrected from null to its default, irons_spellbooks:lightning. 
[27Jul2025 02:14:54.143] [Server thread/WARN] [net.minecraftforge.common.ForgeConfigSpec/CORE]: Incorrect key Spells.irons_spellbooks:shockwave.MaxLevel was corrected from null to its default, 8. 
[27Jul2025 02:14:54.143] [Server thread/WARN] [net.minecraftforge.common.ForgeConfigSpec/CORE]: Incorrect key Spells.irons_spellbooks:shockwave.MinRarity was corrected from null to its default, COMMON. 
[27Jul2025 02:14:54.143] [Server thread/WARN] [net.minecraftforge.common.ForgeConfigSpec/CORE]: Incorrect key Spells.irons_spellbooks:shockwave.ManaCostMultiplier was corrected from null to its default, 1.0. 
[27Jul2025 02:14:54.144] [Server thread/WARN] [net.minecraftforge.common.ForgeConfigSpec/CORE]: Incorrect key Spells.irons_spellbooks:shockwave.SpellPowerMultiplier was corrected from null to its default, 1.0. 
[27Jul2025 02:14:54.144] [Server thread/WARN] [net.minecraftforge.common.ForgeConfigSpec/CORE]: Incorrect key Spells.irons_spellbooks:shockwave.CooldownInSeconds was corrected from null to its default, 30.0. 
[27Jul2025 02:14:54.144] [Server thread/WARN] [net.minecraftforge.common.ForgeConfigSpec/CORE]: Incorrect key Spells.irons_spellbooks:shockwave.AllowCrafting was corrected from null to its default, true. 
[27Jul2025 02:14:54.144] [Server thread/WARN] [net.minecraftforge.common.ForgeConfigSpec/CORE]: Incorrect key Spells.irons_spellbooks:electrocute was corrected from null to its default, SimpleCommentedConfig:{}. 
[27Jul2025 02:14:54.144] [Server thread/WARN] [net.minecraftforge.common.ForgeConfigSpec/CORE]: Incorrect key Spells.irons_spellbooks:electrocute.Enabled was corrected from null to its default, true. 
[27Jul2025 02:14:54.144] [Server thread/WARN] [net.minecraftforge.common.ForgeConfigSpec/CORE]: Incorrect key Spells.irons_spellbooks:electrocute.School was corrected from null to its default, irons_spellbooks:lightning. 
[27Jul2025 02:14:54.144] [Server thread/WARN] [net.minecraftforge.common.ForgeConfigSpec/CORE]: Incorrect key Spells.irons_spellbooks:electrocute.MaxLevel was corrected from null to its default, 10. 
[27Jul2025 02:14:54.144] [Server thread/WARN] [net.minecraftforge.common.ForgeConfigSpec/CORE]: Incorrect key Spells.irons_spellbooks:electrocute.MinRarity was corrected from null to its default, COMMON. 
[27Jul2025 02:14:54.145] [Server thread/WARN] [net.minecraftforge.common.ForgeConfigSpec/CORE]: Incorrect key Spells.irons_spellbooks:electrocute.ManaCostMultiplier was corrected from null to its default, 1.0. 
[27Jul2025 02:14:54.145] [Server thread/WARN] [net.minecraftforge.common.ForgeConfigSpec/CORE]: Incorrect key Spells.irons_spellbooks:electrocute.SpellPowerMultiplier was corrected from null to its default, 1.0. 
[27Jul2025 02:14:54.145] [Server thread/WARN] [net.minecraftforge.common.ForgeConfigSpec/CORE]: Incorrect key Spells.irons_spellbooks:electrocute.CooldownInSeconds was corrected from null to its default, 12.0. 
[27Jul2025 02:14:54.145] [Server thread/WARN] [net.minecraftforge.common.ForgeConfigSpec/CORE]: Incorrect key Spells.irons_spellbooks:electrocute.AllowCrafting was corrected from null to its default, true. 
[27Jul2025 02:14:54.145] [Server thread/WARN] [net.minecraftforge.common.ForgeConfigSpec/CORE]: Incorrect key Spells.irons_spellbooks:lightning_bolt was corrected from null to its default, SimpleCommentedConfig:{}. 
[27Jul2025 02:14:54.145] [Server thread/WARN] [net.minecraftforge.common.ForgeConfigSpec/CORE]: Incorrect key Spells.irons_spellbooks:lightning_bolt.Enabled was corrected from null to its default, true. 
[27Jul2025 02:14:54.145] [Server thread/WARN] [net.minecraftforge.common.ForgeConfigSpec/CORE]: Incorrect key Spells.irons_spellbooks:lightning_bolt.School was corrected from null to its default, irons_spellbooks:lightning. 
[27Jul2025 02:14:54.145] [Server thread/WARN] [net.minecraftforge.common.ForgeConfigSpec/CORE]: Incorrect key Spells.irons_spellbooks:lightning_bolt.MaxLevel was corrected from null to its default, 10. 
[27Jul2025 02:14:54.145] [Server thread/WARN] [net.minecraftforge.common.ForgeConfigSpec/CORE]: Incorrect key Spells.irons_spellbooks:lightning_bolt.MinRarity was corrected from null to its default, EPIC. 
[27Jul2025 02:14:54.145] [Server thread/WARN] [net.minecraftforge.common.ForgeConfigSpec/CORE]: Incorrect key Spells.irons_spellbooks:lightning_bolt.ManaCostMultiplier was corrected from null to its default, 1.0. 
[27Jul2025 02:14:54.146] [Server thread/WARN] [net.minecraftforge.common.ForgeConfigSpec/CORE]: Incorrect key Spells.irons_spellbooks:lightning_bolt.SpellPowerMultiplier was corrected from null to its default, 1.0. 
[27Jul2025 02:14:54.146] [Server thread/WARN] [net.minecraftforge.common.ForgeConfigSpec/CORE]: Incorrect key Spells.irons_spellbooks:lightning_bolt.CooldownInSeconds was corrected from null to its default, 25.0. 
[27Jul2025 02:14:54.146] [Server thread/WARN] [net.minecraftforge.common.ForgeConfigSpec/CORE]: Incorrect key Spells.irons_spellbooks:lightning_bolt.AllowCrafting was corrected from null to its default, true. 
[27Jul2025 02:14:54.146] [Server thread/WARN] [net.minecraftforge.common.ForgeConfigSpec/CORE]: Incorrect key Spells.irons_spellbooks:ball_lightning was corrected from null to its default, SimpleCommentedConfig:{}. 
[27Jul2025 02:14:54.146] [Server thread/WARN] [net.minecraftforge.common.ForgeConfigSpec/CORE]: Incorrect key Spells.irons_spellbooks:ball_lightning.Enabled was corrected from null to its default, true. 
[27Jul2025 02:14:54.146] [Server thread/WARN] [net.minecraftforge.common.ForgeConfigSpec/CORE]: Incorrect key Spells.irons_spellbooks:ball_lightning.School was corrected from null to its default, irons_spellbooks:lightning. 
[27Jul2025 02:14:54.146] [Server thread/WARN] [net.minecraftforge.common.ForgeConfigSpec/CORE]: Incorrect key Spells.irons_spellbooks:ball_lightning.MaxLevel was corrected from null to its default, 10. 
[27Jul2025 02:14:54.146] [Server thread/WARN] [net.minecraftforge.common.ForgeConfigSpec/CORE]: Incorrect key Spells.irons_spellbooks:ball_lightning.MinRarity was corrected from null to its default, COMMON. 
[27Jul2025 02:14:54.146] [Server thread/WARN] [net.minecraftforge.common.ForgeConfigSpec/CORE]: Incorrect key Spells.irons_spellbooks:ball_lightning.ManaCostMultiplier was corrected from null to its default, 1.0. 
[27Jul2025 02:14:54.147] [Server thread/WARN] [net.minecraftforge.common.ForgeConfigSpec/CORE]: Incorrect key Spells.irons_spellbooks:ball_lightning.SpellPowerMultiplier was corrected from null to its default, 1.0. 
[27Jul2025 02:14:54.147] [Server thread/WARN] [net.minecraftforge.common.ForgeConfigSpec/CORE]: Incorrect key Spells.irons_spellbooks:ball_lightning.CooldownInSeconds was corrected from null to its default, 1.0. 
[27Jul2025 02:14:54.147] [Server thread/WARN] [net.minecraftforge.common.ForgeConfigSpec/CORE]: Incorrect key Spells.irons_spellbooks:ball_lightning.AllowCrafting was corrected from null to its default, true. 
[27Jul2025 02:14:54.147] [Server thread/WARN] [net.minecraftforge.common.ForgeConfigSpec/CORE]: Incorrect key Spells.irons_spellbooks:charge was corrected from null to its default, SimpleCommentedConfig:{}. 
[27Jul2025 02:14:54.147] [Server thread/WARN] [net.minecraftforge.common.ForgeConfigSpec/CORE]: Incorrect key Spells.irons_spellbooks:charge.Enabled was corrected from null to its default, true. 
[27Jul2025 02:14:54.147] [Server thread/WARN] [net.minecraftforge.common.ForgeConfigSpec/CORE]: Incorrect key Spells.irons_spellbooks:charge.School was corrected from null to its default, irons_spellbooks:lightning. 
[27Jul2025 02:14:54.147] [Server thread/WARN] [net.minecraftforge.common.ForgeConfigSpec/CORE]: Incorrect key Spells.irons_spellbooks:charge.MaxLevel was corrected from null to its default, 3. 
[27Jul2025 02:14:54.147] [Server thread/WARN] [net.minecraftforge.common.ForgeConfigSpec/CORE]: Incorrect key Spells.irons_spellbooks:charge.MinRarity was corrected from null to its default, RARE. 
[27Jul2025 02:14:54.147] [Server thread/WARN] [net.minecraftforge.common.ForgeConfigSpec/CORE]: Incorrect key Spells.irons_spellbooks:charge.ManaCostMultiplier was corrected from null to its default, 1.0. 
[27Jul2025 02:14:54.148] [Server thread/WARN] [net.minecraftforge.common.ForgeConfigSpec/CORE]: Incorrect key Spells.irons_spellbooks:charge.SpellPowerMultiplier was corrected from null to its default, 1.0. 
[27Jul2025 02:14:54.148] [Server thread/WARN] [net.minecraftforge.common.ForgeConfigSpec/CORE]: Incorrect key Spells.irons_spellbooks:charge.CooldownInSeconds was corrected from null to its default, 40.0. 
[27Jul2025 02:14:54.148] [Server thread/WARN] [net.minecraftforge.common.ForgeConfigSpec/CORE]: Incorrect key Spells.irons_spellbooks:charge.AllowCrafting was corrected from null to its default, true. 
[27Jul2025 02:14:54.148] [Server thread/WARN] [net.minecraftforge.common.ForgeConfigSpec/CORE]: Incorrect key Spells.irons_spellbooks:chain_lightning was corrected from null to its default, SimpleCommentedConfig:{}. 
[27Jul2025 02:14:54.148] [Server thread/WARN] [net.minecraftforge.common.ForgeConfigSpec/CORE]: Incorrect key Spells.irons_spellbooks:chain_lightning.Enabled was corrected from null to its default, true. 
[27Jul2025 02:14:54.148] [Server thread/WARN] [net.minecraftforge.common.ForgeConfigSpec/CORE]: Incorrect key Spells.irons_spellbooks:chain_lightning.School was corrected from null to its default, irons_spellbooks:lightning. 
[27Jul2025 02:14:54.148] [Server thread/WARN] [net.minecraftforge.common.ForgeConfigSpec/CORE]: Incorrect key Spells.irons_spellbooks:chain_lightning.MaxLevel was corrected from null to its default, 10. 
[27Jul2025 02:14:54.148] [Server thread/WARN] [net.minecraftforge.common.ForgeConfigSpec/CORE]: Incorrect key Spells.irons_spellbooks:chain_lightning.MinRarity was corrected from null to its default, UNCOMMON. 
[27Jul2025 02:14:54.148] [Server thread/WARN] [net.minecraftforge.common.ForgeConfigSpec/CORE]: Incorrect key Spells.irons_spellbooks:chain_lightning.ManaCostMultiplier was corrected from null to its default, 1.0. 
[27Jul2025 02:14:54.148] [Server thread/WARN] [net.minecraftforge.common.ForgeConfigSpec/CORE]: Incorrect key Spells.irons_spellbooks:chain_lightning.SpellPowerMultiplier was corrected from null to its default, 1.0. 
[27Jul2025 02:14:54.148] [Server thread/WARN] [net.minecraftforge.common.ForgeConfigSpec/CORE]: Incorrect key Spells.irons_spellbooks:chain_lightning.CooldownInSeconds was corrected from null to its default, 20.0. 
[27Jul2025 02:14:54.149] [Server thread/WARN] [net.minecraftforge.common.ForgeConfigSpec/CORE]: Incorrect key Spells.irons_spellbooks:chain_lightning.AllowCrafting was corrected from null to its default, true. 
[27Jul2025 02:14:54.160] [Server thread/WARN] [net.minecraftforge.common.ForgeConfigSpec/CORE]: Configuration file ./world/serverconfig/create-server.toml is not correct. Correcting
[27Jul2025 02:14:54.160] [Server thread/WARN] [net.minecraftforge.common.ForgeConfigSpec/CORE]: Incorrect key infrastructure was corrected from null to its default, SimpleCommentedConfig:{}. 
[27Jul2025 02:14:54.160] [Server thread/WARN] [net.minecraftforge.common.ForgeConfigSpec/CORE]: Incorrect key infrastructure.tickrateSyncTimer was corrected from null to its default, 20. 
[27Jul2025 02:14:54.161] [Server thread/WARN] [net.minecraftforge.common.ForgeConfigSpec/CORE]: Incorrect key recipes was corrected from null to its default, SimpleCommentedConfig:{}. 
[27Jul2025 02:14:54.161] [Server thread/WARN] [net.minecraftforge.common.ForgeConfigSpec/CORE]: Incorrect key recipes.bulkPressing was corrected from null to its default, false. 
[27Jul2025 02:14:54.161] [Server thread/WARN] [net.minecraftforge.common.ForgeConfigSpec/CORE]: Incorrect key recipes.bulkCutting was corrected from null to its default, false. 
[27Jul2025 02:14:54.161] [Server thread/WARN] [net.minecraftforge.common.ForgeConfigSpec/CORE]: Incorrect key recipes.allowBrewingInMixer was corrected from null to its default, true. 
[27Jul2025 02:14:54.161] [Server thread/WARN] [net.minecraftforge.common.ForgeConfigSpec/CORE]: Incorrect key recipes.allowShapelessInMixer was corrected from null to its default, true. 
[27Jul2025 02:14:54.162] [Server thread/WARN] [net.minecraftforge.common.ForgeConfigSpec/CORE]: Incorrect key recipes.allowShapedSquareInPress was corrected from null to its default, true. 
[27Jul2025 02:14:54.162] [Server thread/WARN] [net.minecraftforge.common.ForgeConfigSpec/CORE]: Incorrect key recipes.allowRegularCraftingInCrafter was corrected from null to its default, true. 
[27Jul2025 02:14:54.162] [Server thread/WARN] [net.minecraftforge.common.ForgeConfigSpec/CORE]: Incorrect key recipes.maxFireworkIngredientsInCrafter was corrected from null to its default, 9. 
[27Jul2025 02:14:54.162] [Server thread/WARN] [net.minecraftforge.common.ForgeConfigSpec/CORE]: Incorrect key recipes.allowStonecuttingOnSaw was corrected from null to its default, true. 
[27Jul2025 02:14:54.162] [Server thread/WARN] [net.minecraftforge.common.ForgeConfigSpec/CORE]: Incorrect key recipes.allowWoodcuttingOnSaw was corrected from null to its default, true. 
[27Jul2025 02:14:54.163] [Server thread/WARN] [net.minecraftforge.common.ForgeConfigSpec/CORE]: Incorrect key recipes.allowCastingBySpout was corrected from null to its default, true. 
[27Jul2025 02:14:54.163] [Server thread/WARN] [net.minecraftforge.common.ForgeConfigSpec/CORE]: Incorrect key recipes.displayLogStrippingRecipes was corrected from null to its default, true. 
[27Jul2025 02:14:54.163] [Server thread/WARN] [net.minecraftforge.common.ForgeConfigSpec/CORE]: Incorrect key recipes.lightSourceCountForRefinedRadiance was corrected from null to its default, 10. 
[27Jul2025 02:14:54.163] [Server thread/WARN] [net.minecraftforge.common.ForgeConfigSpec/CORE]: Incorrect key recipes.enableRefinedRadianceRecipe was corrected from null to its default, true. 
[27Jul2025 02:14:54.163] [Server thread/WARN] [net.minecraftforge.common.ForgeConfigSpec/CORE]: Incorrect key recipes.enableShadowSteelRecipe was corrected from null to its default, true. 
[27Jul2025 02:14:54.164] [Server thread/WARN] [net.minecraftforge.common.ForgeConfigSpec/CORE]: Incorrect key kinetics was corrected from null to its default, SimpleCommentedConfig:{}. 
[27Jul2025 02:14:54.164] [Server thread/WARN] [net.minecraftforge.common.ForgeConfigSpec/CORE]: Incorrect key kinetics.disableStress was corrected from null to its default, false. 
[27Jul2025 02:14:54.164] [Server thread/WARN] [net.minecraftforge.common.ForgeConfigSpec/CORE]: Incorrect key kinetics.maxBeltLength was corrected from null to its default, 20. 
[27Jul2025 02:14:54.165] [Server thread/WARN] [net.minecraftforge.common.ForgeConfigSpec/CORE]: Incorrect key kinetics.crushingDamage was corrected from null to its default, 4. 
[27Jul2025 02:14:54.165] [Server thread/WARN] [net.minecraftforge.common.ForgeConfigSpec/CORE]: Incorrect key kinetics.maxRotationSpeed was corrected from null to its default, 256. 
[27Jul2025 02:14:54.165] [Server thread/WARN] [net.minecraftforge.common.ForgeConfigSpec/CORE]: Incorrect key kinetics.ignoreDeployerAttacks was corrected from null to its default, CREEPERS. 
[27Jul2025 02:14:54.165] [Server thread/WARN] [net.minecraftforge.common.ForgeConfigSpec/CORE]: Incorrect key kinetics.kineticValidationFrequency was corrected from null to its default, 60. 
[27Jul2025 02:14:54.165] [Server thread/WARN] [net.minecraftforge.common.ForgeConfigSpec/CORE]: Incorrect key kinetics.crankHungerMultiplier was corrected from null to its default, 0.009999999776482582. 
[27Jul2025 02:14:54.165] [Server thread/WARN] [net.minecraftforge.common.ForgeConfigSpec/CORE]: Incorrect key kinetics.minimumWindmillSails was corrected from null to its default, 8. 
[27Jul2025 02:14:54.165] [Server thread/WARN] [net.minecraftforge.common.ForgeConfigSpec/CORE]: Incorrect key kinetics.windmillSailsPerRPM was corrected from null to its default, 8. 
[27Jul2025 02:14:54.165] [Server thread/WARN] [net.minecraftforge.common.ForgeConfigSpec/CORE]: Incorrect key kinetics.maxEjectorDistance was corrected from null to its default, 32. 
[27Jul2025 02:14:54.166] [Server thread/WARN] [net.minecraftforge.common.ForgeConfigSpec/CORE]: Incorrect key kinetics.ejectorScanInterval was corrected from null to its default, 120. 
[27Jul2025 02:14:54.166] [Server thread/WARN] [net.minecraftforge.common.ForgeConfigSpec/CORE]: Incorrect key kinetics.encasedFan was corrected from null to its default, SimpleCommentedConfig:{}. 
[27Jul2025 02:14:54.166] [Server thread/WARN] [net.minecraftforge.common.ForgeConfigSpec/CORE]: Incorrect key kinetics.encasedFan.fanPushDistance was corrected from null to its default, 20. 
[27Jul2025 02:14:54.166] [Server thread/WARN] [net.minecraftforge.common.ForgeConfigSpec/CORE]: Incorrect key kinetics.encasedFan.fanPullDistance was corrected from null to its default, 20. 
[27Jul2025 02:14:54.166] [Server thread/WARN] [net.minecraftforge.common.ForgeConfigSpec/CORE]: Incorrect key kinetics.encasedFan.fanBlockCheckRate was corrected from null to its default, 30. 
[27Jul2025 02:14:54.166] [Server thread/WARN] [net.minecraftforge.common.ForgeConfigSpec/CORE]: Incorrect key kinetics.encasedFan.fanRotationArgmax was corrected from null to its default, 256. 
[27Jul2025 02:14:54.167] [Server thread/WARN] [net.minecraftforge.common.ForgeConfigSpec/CORE]: Incorrect key kinetics.encasedFan.fanProcessingTime was corrected from null to its default, 150. 
[27Jul2025 02:14:54.167] [Server thread/WARN] [net.minecraftforge.common.ForgeConfigSpec/CORE]: Incorrect key kinetics.contraptions was corrected from null to its default, SimpleCommentedConfig:{}. 
[27Jul2025 02:14:54.167] [Server thread/WARN] [net.minecraftforge.common.ForgeConfigSpec/CORE]: Incorrect key kinetics.contraptions.maxBlocksMoved was corrected from null to its default, 2048. 
[27Jul2025 02:14:54.167] [Server thread/WARN] [net.minecraftforge.common.ForgeConfigSpec/CORE]: Incorrect key kinetics.contraptions.maxDataSize was corrected from null to its default, 2000000. 
[27Jul2025 02:14:54.167] [Server thread/WARN] [net.minecraftforge.common.ForgeConfigSpec/CORE]: Incorrect key kinetics.contraptions.maxChassisRange was corrected from null to its default, 16. 
[27Jul2025 02:14:54.167] [Server thread/WARN] [net.minecraftforge.common.ForgeConfigSpec/CORE]: Incorrect key kinetics.contraptions.maxPistonPoles was corrected from null to its default, 64. 
[27Jul2025 02:14:54.167] [Server thread/WARN] [net.minecraftforge.common.ForgeConfigSpec/CORE]: Incorrect key kinetics.contraptions.maxRopeLength was corrected from null to its default, 256. 
[27Jul2025 02:14:54.168] [Server thread/WARN] [net.minecraftforge.common.ForgeConfigSpec/CORE]: Incorrect key kinetics.contraptions.maxCartCouplingLength was corrected from null to its default, 32. 
[27Jul2025 02:14:54.168] [Server thread/WARN] [net.minecraftforge.common.ForgeConfigSpec/CORE]: Incorrect key kinetics.contraptions.rollerFillDepth was corrected from null to its default, 12. 
[27Jul2025 02:14:54.168] [Server thread/WARN] [net.minecraftforge.common.ForgeConfigSpec/CORE]: Incorrect key kinetics.contraptions.survivalContraptionPickup was corrected from null to its default, true. 
[27Jul2025 02:14:54.168] [Server thread/WARN] [net.minecraftforge.common.ForgeConfigSpec/CORE]: Incorrect key kinetics.contraptions.movableSpawners was corrected from null to its default, NO_PICKUP. 
[27Jul2025 02:14:54.168] [Server thread/WARN] [net.minecraftforge.common.ForgeConfigSpec/CORE]: Incorrect key kinetics.contraptions.amethystMovement was corrected from null to its default, NO_PICKUP. 
[27Jul2025 02:14:54.168] [Server thread/WARN] [net.minecraftforge.common.ForgeConfigSpec/CORE]: Incorrect key kinetics.contraptions.movableObsidian was corrected from null to its default, UNMOVABLE. 
[27Jul2025 02:14:54.168] [Server thread/WARN] [net.minecraftforge.common.ForgeConfigSpec/CORE]: Incorrect key kinetics.contraptions.movableReinforcedDeepslate was corrected from null to its default, UNMOVABLE. 
[27Jul2025 02:14:54.169] [Server thread/WARN] [net.minecraftforge.common.ForgeConfigSpec/CORE]: Incorrect key kinetics.contraptions.moveItemsToStorage was corrected from null to its default, true. 
[27Jul2025 02:14:54.169] [Server thread/WARN] [net.minecraftforge.common.ForgeConfigSpec/CORE]: Incorrect key kinetics.contraptions.harvestPartiallyGrown was corrected from null to its default, false. 
[27Jul2025 02:14:54.169] [Server thread/WARN] [net.minecraftforge.common.ForgeConfigSpec/CORE]: Incorrect key kinetics.contraptions.harvesterReplants was corrected from null to its default, true. 
[27Jul2025 02:14:54.169] [Server thread/WARN] [net.minecraftforge.common.ForgeConfigSpec/CORE]: Incorrect key kinetics.contraptions.minecartContraptionInContainers was corrected from null to its default, false. 
[27Jul2025 02:14:54.169] [Server thread/WARN] [net.minecraftforge.common.ForgeConfigSpec/CORE]: Incorrect key kinetics.contraptions.stabiliseStableContraptions was corrected from null to its default, false. 
[27Jul2025 02:14:54.169] [Server thread/WARN] [net.minecraftforge.common.ForgeConfigSpec/CORE]: Incorrect key kinetics.stats was corrected from null to its default, SimpleCommentedConfig:{}. 
[27Jul2025 02:14:54.169] [Server thread/WARN] [net.minecraftforge.common.ForgeConfigSpec/CORE]: Incorrect key kinetics.stats.mediumSpeed was corrected from null to its default, 30.0. 
[27Jul2025 02:14:54.170] [Server thread/WARN] [net.minecraftforge.common.ForgeConfigSpec/CORE]: Incorrect key kinetics.stats.fastSpeed was corrected from null to its default, 100.0. 
[27Jul2025 02:14:54.170] [Server thread/WARN] [net.minecraftforge.common.ForgeConfigSpec/CORE]: Incorrect key kinetics.stats.mediumStressImpact was corrected from null to its default, 4.0. 
[27Jul2025 02:14:54.170] [Server thread/WARN] [net.minecraftforge.common.ForgeConfigSpec/CORE]: Incorrect key kinetics.stats.highStressImpact was corrected from null to its default, 8.0. 
[27Jul2025 02:14:54.170] [Server thread/WARN] [net.minecraftforge.common.ForgeConfigSpec/CORE]: Incorrect key kinetics.stats.mediumCapacity was corrected from null to its default, 256.0. 
[27Jul2025 02:14:54.170] [Server thread/WARN] [net.minecraftforge.common.ForgeConfigSpec/CORE]: Incorrect key kinetics.stats.highCapacity was corrected from null to its default, 1024.0. 
[27Jul2025 02:14:54.170] [Server thread/WARN] [net.minecraftforge.common.ForgeConfigSpec/CORE]: Incorrect key kinetics.stressValues was corrected from null to its default, SimpleCommentedConfig:{}. 
[27Jul2025 02:14:54.170] [Server thread/WARN] [net.minecraftforge.common.ForgeConfigSpec/CORE]: Incorrect key kinetics.stressValues.v2 was corrected from null to its default, SimpleCommentedConfig:{}. 
[27Jul2025 02:14:54.171] [Server thread/WARN] [net.minecraftforge.common.ForgeConfigSpec/CORE]: Incorrect key kinetics.stressValues.v2.impact was corrected from null to its default, SimpleCommentedConfig:{}. 
[27Jul2025 02:14:54.171] [Server thread/WARN] [net.minecraftforge.common.ForgeConfigSpec/CORE]: Incorrect key kinetics.stressValues.v2.impact.display_board was corrected from null to its default, 0.0. 
[27Jul2025 02:14:54.171] [Server thread/WARN] [net.minecraftforge.common.ForgeConfigSpec/CORE]: Incorrect key kinetics.stressValues.v2.impact.deployer was corrected from null to its default, 4.0. 
[27Jul2025 02:14:54.171] [Server thread/WARN] [net.minecraftforge.common.ForgeConfigSpec/CORE]: Incorrect key kinetics.stressValues.v2.impact.mechanical_piston was corrected from null to its default, 4.0. 
[27Jul2025 02:14:54.171] [Server thread/WARN] [net.minecraftforge.common.ForgeConfigSpec/CORE]: Incorrect key kinetics.stressValues.v2.impact.millstone was corrected from null to its default, 4.0. 
[27Jul2025 02:14:54.171] [Server thread/WARN] [net.minecraftforge.common.ForgeConfigSpec/CORE]: Incorrect key kinetics.stressValues.v2.impact.mechanical_bearing was corrected from null to its default, 4.0. 
[27Jul2025 02:14:54.171] [Server thread/WARN] [net.minecraftforge.common.ForgeConfigSpec/CORE]: Incorrect key kinetics.stressValues.v2.impact.clockwork_bearing was corrected from null to its default, 4.0. 
[27Jul2025 02:14:54.171] [Server thread/WARN] [net.minecraftforge.common.ForgeConfigSpec/CORE]: Incorrect key kinetics.stressValues.v2.impact.cuckoo_clock was corrected from null to its default, 1.0. 
[27Jul2025 02:14:54.171] [Server thread/WARN] [net.minecraftforge.common.ForgeConfigSpec/CORE]: Incorrect key kinetics.stressValues.v2.impact.speedometer was corrected from null to its default, 0.0. 
[27Jul2025 02:14:54.172] [Server thread/WARN] [net.minecraftforge.common.ForgeConfigSpec/CORE]: Incorrect key kinetics.stressValues.v2.impact.copper_backtank was corrected from null to its default, 4.0. 
[27Jul2025 02:14:54.172] [Server thread/WARN] [net.minecraftforge.common.ForgeConfigSpec/CORE]: Incorrect key kinetics.stressValues.v2.impact.mechanical_saw was corrected from null to its default, 4.0. 
[27Jul2025 02:14:54.172] [Server thread/WARN] [net.minecraftforge.common.ForgeConfigSpec/CORE]: Incorrect key kinetics.stressValues.v2.impact.flywheel was corrected from null to its default, 0.0. 
[27Jul2025 02:14:54.172] [Server thread/WARN] [net.minecraftforge.common.ForgeConfigSpec/CORE]: Incorrect key kinetics.stressValues.v2.impact.encased_chain_drive was corrected from null to its default, 0.0. 
[27Jul2025 02:14:54.172] [Server thread/WARN] [net.minecraftforge.common.ForgeConfigSpec/CORE]: Incorrect key kinetics.stressValues.v2.impact.clutch was corrected from null to its default, 0.0. 
[27Jul2025 02:14:54.172] [Server thread/WARN] [net.minecraftforge.common.ForgeConfigSpec/CORE]: Incorrect key kinetics.stressValues.v2.impact.encased_fan was corrected from null to its default, 2.0. 
[27Jul2025 02:14:54.172] [Server thread/WARN] [net.minecraftforge.common.ForgeConfigSpec/CORE]: Incorrect key kinetics.stressValues.v2.impact.adjustable_chain_gearshift was corrected from null to its default, 0.0. 
[27Jul2025 02:14:54.172] [Server thread/WARN] [net.minecraftforge.common.ForgeConfigSpec/CORE]: Incorrect key kinetics.stressValues.v2.impact.mechanical_pump was corrected from null to its default, 4.0. 
[27Jul2025 02:14:54.172] [Server thread/WARN] [net.minecraftforge.common.ForgeConfigSpec/CORE]: Incorrect key kinetics.stressValues.v2.impact.crushing_wheel was corrected from null to its default, 8.0. 
[27Jul2025 02:14:54.173] [Server thread/WARN] [net.minecraftforge.common.ForgeConfigSpec/CORE]: Incorrect key kinetics.stressValues.v2.impact.mechanical_mixer was corrected from null to its default, 4.0. 
[27Jul2025 02:14:54.173] [Server thread/WARN] [net.minecraftforge.common.ForgeConfigSpec/CORE]: Incorrect key kinetics.stressValues.v2.impact.gantry_shaft was corrected from null to its default, 0.0. 
[27Jul2025 02:14:54.173] [Server thread/WARN] [net.minecraftforge.common.ForgeConfigSpec/CORE]: Incorrect key kinetics.stressValues.v2.impact.rope_pulley was corrected from null to its default, 4.0. 
[27Jul2025 02:14:54.173] [Server thread/WARN] [net.minecraftforge.common.ForgeConfigSpec/CORE]: Incorrect key kinetics.stressValues.v2.impact.rotation_speed_controller was corrected from null to its default, 0.0. 
[27Jul2025 02:14:54.173] [Server thread/WARN] [net.minecraftforge.common.ForgeConfigSpec/CORE]: Incorrect key kinetics.stressValues.v2.impact.mechanical_arm was corrected from null to its default, 2.0. 
[27Jul2025 02:14:54.173] [Server thread/WARN] [net.minecraftforge.common.ForgeConfigSpec/CORE]: Incorrect key kinetics.stressValues.v2.impact.netherite_backtank was corrected from null to its default, 4.0. 
[27Jul2025 02:14:54.173] [Server thread/WARN] [net.minecraftforge.common.ForgeConfigSpec/CORE]: Incorrect key kinetics.stressValues.v2.impact.andesite_encased_shaft was corrected from null to its default, 0.0. 
[27Jul2025 02:14:54.174] [Server thread/WARN] [net.minecraftforge.common.ForgeConfigSpec/CORE]: Incorrect key kinetics.stressValues.v2.impact.mechanical_press was corrected from null to its default, 8.0. 
[27Jul2025 02:14:54.174] [Server thread/WARN] [net.minecraftforge.common.ForgeConfigSpec/CORE]: Incorrect key kinetics.stressValues.v2.impact.large_cogwheel was corrected from null to its default, 0.0. 
[27Jul2025 02:14:54.174] [Server thread/WARN] [net.minecraftforge.common.ForgeConfigSpec/CORE]: Incorrect key kinetics.stressValues.v2.impact.mechanical_drill was corrected from null to its default, 4.0. 
[27Jul2025 02:14:54.174] [Server thread/WARN] [net.minecraftforge.common.ForgeConfigSpec/CORE]: Incorrect key kinetics.stressValues.v2.impact.andesite_encased_large_cogwheel was corrected from null to its default, 0.0. 
[27Jul2025 02:14:54.174] [Server thread/WARN] [net.minecraftforge.common.ForgeConfigSpec/CORE]: Incorrect key kinetics.stressValues.v2.impact.brass_encased_large_cogwheel was corrected from null to its default, 0.0. 
[27Jul2025 02:14:54.174] [Server thread/WARN] [net.minecraftforge.common.ForgeConfigSpec/CORE]: Incorrect key kinetics.stressValues.v2.impact.mysterious_cuckoo_clock was corrected from null to its default, 1.0. 
[27Jul2025 02:14:54.174] [Server thread/WARN] [net.minecraftforge.common.ForgeConfigSpec/CORE]: Incorrect key kinetics.stressValues.v2.impact.stressometer was corrected from null to its default, 0.0. 
[27Jul2025 02:14:54.175] [Server thread/WARN] [net.minecraftforge.common.ForgeConfigSpec/CORE]: Incorrect key kinetics.stressValues.v2.impact.brass_encased_shaft was corrected from null to its default, 0.0. 
[27Jul2025 02:14:54.175] [Server thread/WARN] [net.minecraftforge.common.ForgeConfigSpec/CORE]: Incorrect key kinetics.stressValues.v2.impact.shaft was corrected from null to its default, 0.0. 
[27Jul2025 02:14:54.175] [Server thread/WARN] [net.minecraftforge.common.ForgeConfigSpec/CORE]: Incorrect key kinetics.stressValues.v2.impact.gearshift was corrected from null to its default, 0.0. 
[27Jul2025 02:14:54.175] [Server thread/WARN] [net.minecraftforge.common.ForgeConfigSpec/CORE]: Incorrect key kinetics.stressValues.v2.impact.turntable was corrected from null to its default, 4.0. 
[27Jul2025 02:14:54.175] [Server thread/WARN] [net.minecraftforge.common.ForgeConfigSpec/CORE]: Incorrect key kinetics.stressValues.v2.impact.sticky_mechanical_piston was corrected from null to its default, 4.0. 
[27Jul2025 02:14:54.175] [Server thread/WARN] [net.minecraftforge.common.ForgeConfigSpec/CORE]: Incorrect key kinetics.stressValues.v2.impact.sequenced_gearshift was corrected from null to its default, 0.0. 
[27Jul2025 02:14:54.175] [Server thread/WARN] [net.minecraftforge.common.ForgeConfigSpec/CORE]: Incorrect key kinetics.stressValues.v2.impact.weighted_ejector was corrected from null to its default, 2.0. 
[27Jul2025 02:14:54.175] [Server thread/WARN] [net.minecraftforge.common.ForgeConfigSpec/CORE]: Incorrect key kinetics.stressValues.v2.impact.cogwheel was corrected from null to its default, 0.0. 
[27Jul2025 02:14:54.176] [Server thread/WARN] [net.minecraftforge.common.ForgeConfigSpec/CORE]: Incorrect key kinetics.stressValues.v2.impact.andesite_encased_cogwheel was corrected from null to its default, 0.0. 
[27Jul2025 02:14:54.176] [Server thread/WARN] [net.minecraftforge.common.ForgeConfigSpec/CORE]: Incorrect key kinetics.stressValues.v2.impact.belt was corrected from null to its default, 0.0. 
[27Jul2025 02:14:54.176] [Server thread/WARN] [net.minecraftforge.common.ForgeConfigSpec/CORE]: Incorrect key kinetics.stressValues.v2.impact.gearbox was corrected from null to its default, 0.0. 
[27Jul2025 02:14:54.176] [Server thread/WARN] [net.minecraftforge.common.ForgeConfigSpec/CORE]: Incorrect key kinetics.stressValues.v2.impact.brass_encased_cogwheel was corrected from null to its default, 0.0. 
[27Jul2025 02:14:54.176] [Server thread/WARN] [net.minecraftforge.common.ForgeConfigSpec/CORE]: Incorrect key kinetics.stressValues.v2.impact.hose_pulley was corrected from null to its default, 4.0. 
[27Jul2025 02:14:54.176] [Server thread/WARN] [net.minecraftforge.common.ForgeConfigSpec/CORE]: Incorrect key kinetics.stressValues.v2.impact.elevator_pulley was corrected from null to its default, 4.0. 
[27Jul2025 02:14:54.176] [Server thread/WARN] [net.minecraftforge.common.ForgeConfigSpec/CORE]: Incorrect key kinetics.stressValues.v2.impact.mechanical_crafter was corrected from null to its default, 2.0. 
[27Jul2025 02:14:54.176] [Server thread/WARN] [net.minecraftforge.common.ForgeConfigSpec/CORE]: Incorrect key kinetics.stressValues.v2.capacity was corrected from null to its default, SimpleCommentedConfig:{}. 
[27Jul2025 02:14:54.176] [Server thread/WARN] [net.minecraftforge.common.ForgeConfigSpec/CORE]: Incorrect key kinetics.stressValues.v2.capacity.copper_valve_handle was corrected from null to its default, 8.0. 
[27Jul2025 02:14:54.177] [Server thread/WARN] [net.minecraftforge.common.ForgeConfigSpec/CORE]: Incorrect key kinetics.stressValues.v2.capacity.hand_crank was corrected from null to its default, 8.0. 
[27Jul2025 02:14:54.177] [Server thread/WARN] [net.minecraftforge.common.ForgeConfigSpec/CORE]: Incorrect key kinetics.stressValues.v2.capacity.steam_engine was corrected from null to its default, 1024.0. 
[27Jul2025 02:14:54.177] [Server thread/WARN] [net.minecraftforge.common.ForgeConfigSpec/CORE]: Incorrect key kinetics.stressValues.v2.capacity.creative_motor was corrected from null to its default, 16384.0. 
[27Jul2025 02:14:54.177] [Server thread/WARN] [net.minecraftforge.common.ForgeConfigSpec/CORE]: Incorrect key kinetics.stressValues.v2.capacity.large_water_wheel was corrected from null to its default, 128.0. 
[27Jul2025 02:14:54.177] [Server thread/WARN] [net.minecraftforge.common.ForgeConfigSpec/CORE]: Incorrect key kinetics.stressValues.v2.capacity.water_wheel was corrected from null to its default, 32.0. 
[27Jul2025 02:14:54.177] [Server thread/WARN] [net.minecraftforge.common.ForgeConfigSpec/CORE]: Incorrect key kinetics.stressValues.v2.capacity.windmill_bearing was corrected from null to its default, 512.0. 
[27Jul2025 02:14:54.178] [Server thread/WARN] [net.minecraftforge.common.ForgeConfigSpec/CORE]: Incorrect key fluids was corrected from null to its default, SimpleCommentedConfig:{}. 
[27Jul2025 02:14:54.179] [Server thread/WARN] [net.minecraftforge.common.ForgeConfigSpec/CORE]: Incorrect key fluids.fluidTankCapacity was corrected from null to its default, 8. 
[27Jul2025 02:14:54.179] [Server thread/WARN] [net.minecraftforge.common.ForgeConfigSpec/CORE]: Incorrect key fluids.fluidTankMaxHeight was corrected from null to its default, 32. 
[27Jul2025 02:14:54.179] [Server thread/WARN] [net.minecraftforge.common.ForgeConfigSpec/CORE]: Incorrect key fluids.mechanicalPumpRange was corrected from null to its default, 16. 
[27Jul2025 02:14:54.179] [Server thread/WARN] [net.minecraftforge.common.ForgeConfigSpec/CORE]: Incorrect key fluids.hosePulleyRange was corrected from null to its default, 128. 
[27Jul2025 02:14:54.180] [Server thread/WARN] [net.minecraftforge.common.ForgeConfigSpec/CORE]: Incorrect key fluids.hosePulleyBlockThreshold was corrected from null to its default, 10000. 
[27Jul2025 02:14:54.180] [Server thread/WARN] [net.minecraftforge.common.ForgeConfigSpec/CORE]: Incorrect key fluids.fillInfinite was corrected from null to its default, false. 
[27Jul2025 02:14:54.180] [Server thread/WARN] [net.minecraftforge.common.ForgeConfigSpec/CORE]: Incorrect key fluids.bottomlessFluidMode was corrected from null to its default, ALLOW_BY_TAG. 
[27Jul2025 02:14:54.180] [Server thread/WARN] [net.minecraftforge.common.ForgeConfigSpec/CORE]: Incorrect key fluids.fluidFillPlaceFluidSourceBlocks was corrected from null to its default, true. 
[27Jul2025 02:14:54.181] [Server thread/WARN] [net.minecraftforge.common.ForgeConfigSpec/CORE]: Incorrect key fluids.pipesPlaceFluidSourceBlocks was corrected from null to its default, true. 
[27Jul2025 02:14:54.182] [Server thread/WARN] [net.minecraftforge.common.ForgeConfigSpec/CORE]: Incorrect key logistics was corrected from null to its default, SimpleCommentedConfig:{}. 
[27Jul2025 02:14:54.182] [Server thread/WARN] [net.minecraftforge.common.ForgeConfigSpec/CORE]: Incorrect key logistics.defaultExtractionTimer was corrected from null to its default, 8. 
[27Jul2025 02:14:54.182] [Server thread/WARN] [net.minecraftforge.common.ForgeConfigSpec/CORE]: Incorrect key logistics.psiTimeout was corrected from null to its default, 60. 
[27Jul2025 02:14:54.183] [Server thread/WARN] [net.minecraftforge.common.ForgeConfigSpec/CORE]: Incorrect key logistics.mechanicalArmRange was corrected from null to its default, 5. 
[27Jul2025 02:14:54.183] [Server thread/WARN] [net.minecraftforge.common.ForgeConfigSpec/CORE]: Incorrect key logistics.linkRange was corrected from null to its default, 256. 
[27Jul2025 02:14:54.183] [Server thread/WARN] [net.minecraftforge.common.ForgeConfigSpec/CORE]: Incorrect key logistics.displayLinkRange was corrected from null to its default, 64. 
[27Jul2025 02:14:54.183] [Server thread/WARN] [net.minecraftforge.common.ForgeConfigSpec/CORE]: Incorrect key logistics.vaultCapacity was corrected from null to its default, 20. 
[27Jul2025 02:14:54.184] [Server thread/WARN] [net.minecraftforge.common.ForgeConfigSpec/CORE]: Incorrect key logistics.brassTunnelTimer was corrected from null to its default, 10. 
[27Jul2025 02:14:54.184] [Server thread/WARN] [net.minecraftforge.common.ForgeConfigSpec/CORE]: Incorrect key logistics.seatHostileMobs was corrected from null to its default, true. 
[27Jul2025 02:14:54.185] [Server thread/WARN] [net.minecraftforge.common.ForgeConfigSpec/CORE]: Incorrect key schematics was corrected from null to its default, SimpleCommentedConfig:{}. 
[27Jul2025 02:14:54.185] [Server thread/WARN] [net.minecraftforge.common.ForgeConfigSpec/CORE]: Incorrect key schematics.creativePrintIncludesAir was corrected from null to its default, false. 
[27Jul2025 02:14:54.185] [Server thread/WARN] [net.minecraftforge.common.ForgeConfigSpec/CORE]: Incorrect key schematics.maxSchematics was corrected from null to its default, 10. 
[27Jul2025 02:14:54.185] [Server thread/WARN] [net.minecraftforge.common.ForgeConfigSpec/CORE]: Incorrect key schematics.maxTotalSchematicSize was corrected from null to its default, 256. 
[27Jul2025 02:14:54.185] [Server thread/WARN] [net.minecraftforge.common.ForgeConfigSpec/CORE]: Incorrect key schematics.maxSchematicPacketSize was corrected from null to its default, 1024. 
[27Jul2025 02:14:54.185] [Server thread/WARN] [net.minecraftforge.common.ForgeConfigSpec/CORE]: Incorrect key schematics.schematicIdleTimeout was corrected from null to its default, 600. 
[27Jul2025 02:14:54.185] [Server thread/WARN] [net.minecraftforge.common.ForgeConfigSpec/CORE]: Incorrect key schematics.schematicannon was corrected from null to its default, SimpleCommentedConfig:{}. 
[27Jul2025 02:14:54.185] [Server thread/WARN] [net.minecraftforge.common.ForgeConfigSpec/CORE]: Incorrect key schematics.schematicannon.schematicannonDelay was corrected from null to its default, 10. 
[27Jul2025 02:14:54.186] [Server thread/WARN] [net.minecraftforge.common.ForgeConfigSpec/CORE]: Incorrect key schematics.schematicannon.schematicannonShotsPerGunpowder was corrected from null to its default, 400. 
[27Jul2025 02:14:54.187] [Server thread/WARN] [net.minecraftforge.common.ForgeConfigSpec/CORE]: Incorrect key equipment was corrected from null to its default, SimpleCommentedConfig:{}. 
[27Jul2025 02:14:54.187] [Server thread/WARN] [net.minecraftforge.common.ForgeConfigSpec/CORE]: Incorrect key equipment.maxSymmetryWandRange was corrected from null to its default, 50. 
[27Jul2025 02:14:54.187] [Server thread/WARN] [net.minecraftforge.common.ForgeConfigSpec/CORE]: Incorrect key equipment.placementAssistRange was corrected from null to its default, 12. 
[27Jul2025 02:14:54.187] [Server thread/WARN] [net.minecraftforge.common.ForgeConfigSpec/CORE]: Incorrect key equipment.toolboxRange was corrected from null to its default, 10. 
[27Jul2025 02:14:54.187] [Server thread/WARN] [net.minecraftforge.common.ForgeConfigSpec/CORE]: Incorrect key equipment.airInBacktank was corrected from null to its default, 900. 
[27Jul2025 02:14:54.187] [Server thread/WARN] [net.minecraftforge.common.ForgeConfigSpec/CORE]: Incorrect key equipment.enchantedBacktankCapacity was corrected from null to its default, 300. 
[27Jul2025 02:14:54.187] [Server thread/WARN] [net.minecraftforge.common.ForgeConfigSpec/CORE]: Incorrect key equipment.maxExtendoGripActions was corrected from null to its default, 1000. 
[27Jul2025 02:14:54.187] [Server thread/WARN] [net.minecraftforge.common.ForgeConfigSpec/CORE]: Incorrect key equipment.maxPotatoCannonShots was corrected from null to its default, 200. 
[27Jul2025 02:14:54.189] [Server thread/WARN] [net.minecraftforge.common.ForgeConfigSpec/CORE]: Incorrect key trains was corrected from null to its default, SimpleCommentedConfig:{}. 
[27Jul2025 02:14:54.189] [Server thread/WARN] [net.minecraftforge.common.ForgeConfigSpec/CORE]: Incorrect key trains.trainsCauseDamage was corrected from null to its default, true. 
[27Jul2025 02:14:54.189] [Server thread/WARN] [net.minecraftforge.common.ForgeConfigSpec/CORE]: Incorrect key trains.maxTrackPlacementLength was corrected from null to its default, 32. 
[27Jul2025 02:14:54.189] [Server thread/WARN] [net.minecraftforge.common.ForgeConfigSpec/CORE]: Incorrect key trains.maxAssemblyLength was corrected from null to its default, 128. 
[27Jul2025 02:14:54.189] [Server thread/WARN] [net.minecraftforge.common.ForgeConfigSpec/CORE]: Incorrect key trains.maxBogeyCount was corrected from null to its default, 20. 
[27Jul2025 02:14:54.190] [Server thread/WARN] [net.minecraftforge.common.ForgeConfigSpec/CORE]: Incorrect key trains.manualTrainSpeedModifier was corrected from null to its default, 0.75. 
[27Jul2025 02:14:54.190] [Server thread/WARN] [net.minecraftforge.common.ForgeConfigSpec/CORE]: Incorrect key trains.trainStats was corrected from null to its default, SimpleCommentedConfig:{}. 
[27Jul2025 02:14:54.190] [Server thread/WARN] [net.minecraftforge.common.ForgeConfigSpec/CORE]: Incorrect key trains.trainStats.trainTopSpeed was corrected from null to its default, 28.0. 
[27Jul2025 02:14:54.191] [Server thread/WARN] [net.minecraftforge.common.ForgeConfigSpec/CORE]: Incorrect key trains.trainStats.trainTurningTopSpeed was corrected from null to its default, 14.0. 
[27Jul2025 02:14:54.191] [Server thread/WARN] [net.minecraftforge.common.ForgeConfigSpec/CORE]: Incorrect key trains.trainStats.trainAcceleration was corrected from null to its default, 3.0. 
[27Jul2025 02:14:54.191] [Server thread/WARN] [net.minecraftforge.common.ForgeConfigSpec/CORE]: Incorrect key trains.poweredTrainStats was corrected from null to its default, SimpleCommentedConfig:{}. 
[27Jul2025 02:14:54.191] [Server thread/WARN] [net.minecraftforge.common.ForgeConfigSpec/CORE]: Incorrect key trains.poweredTrainStats.poweredTrainTopSpeed was corrected from null to its default, 40.0. 
[27Jul2025 02:14:54.191] [Server thread/WARN] [net.minecraftforge.common.ForgeConfigSpec/CORE]: Incorrect key trains.poweredTrainStats.poweredTrainTurningTopSpeed was corrected from null to its default, 20.0. 
[27Jul2025 02:14:54.192] [Server thread/WARN] [net.minecraftforge.common.ForgeConfigSpec/CORE]: Incorrect key trains.poweredTrainStats.poweredTrainAcceleration was corrected from null to its default, 3.0. 
[27Jul2025 02:14:55.320] [Server thread/INFO] [terrablender/]: Initialized TerraBlender biomes for level stem minecraft:overworld
[27Jul2025 02:14:55.320] [Server thread/INFO] [terrablender/]: Initialized TerraBlender biomes for level stem minecraft:the_nether
[27Jul2025 02:14:55.320] [Server thread/INFO] [net.minecraft.server.dedicated.DedicatedServer/]: Preparing level "world"
[27Jul2025 02:15:15.986] [Server thread/INFO] [net.regions_unexplored.RegionsUnexploredMod/]: Loading dimension "minecraft:the_nether" with biome source: "blueprint:modded".
[27Jul2025 02:15:15.987] [Server thread/INFO] [net.minecraft.server.MinecraftServer/]: Preparing start region for dimension minecraft:overworld
[27Jul2025 02:15:16.399] [Worker-Main-2/INFO] [net.minecraft.server.level.progress.LoggerChunkProgressListener/]: Preparing spawn area: 0%
[27Jul2025 02:15:16.575] [Worker-Main-3/INFO] [net.minecraft.server.level.progress.LoggerChunkProgressListener/]: Preparing spawn area: 0%
[27Jul2025 02:15:17.015] [Worker-Main-1/INFO] [net.minecraft.server.level.progress.LoggerChunkProgressListener/]: Preparing spawn area: 0%
[27Jul2025 02:15:17.580] [Worker-Main-3/INFO] [net.minecraft.server.level.progress.LoggerChunkProgressListener/]: Preparing spawn area: 0%
[27Jul2025 02:15:18.010] [Worker-Main-3/INFO] [net.minecraft.server.level.progress.LoggerChunkProgressListener/]: Preparing spawn area: 0%
[27Jul2025 02:15:18.576] [Worker-Main-2/INFO] [net.minecraft.server.level.progress.LoggerChunkProgressListener/]: Preparing spawn area: 0%
[27Jul2025 02:15:19.087] [Worker-Main-3/INFO] [net.minecraft.server.level.progress.LoggerChunkProgressListener/]: Preparing spawn area: 0%
[27Jul2025 02:15:19.502] [Worker-Main-1/INFO] [net.minecraft.server.level.progress.LoggerChunkProgressListener/]: Preparing spawn area: 0%
[27Jul2025 02:15:20.082] [Worker-Main-2/INFO] [net.minecraft.server.level.progress.LoggerChunkProgressListener/]: Preparing spawn area: 0%
[27Jul2025 02:15:20.592] [Worker-Main-2/INFO] [net.minecraft.server.level.progress.LoggerChunkProgressListener/]: Preparing spawn area: 1%
[27Jul2025 02:15:21.081] [Worker-Main-1/INFO] [net.minecraft.server.level.progress.LoggerChunkProgressListener/]: Preparing spawn area: 1%
[27Jul2025 02:15:21.531] [Worker-Main-2/INFO] [net.minecraft.server.level.progress.LoggerChunkProgressListener/]: Preparing spawn area: 2%
[27Jul2025 02:15:22.129] [Worker-Main-1/INFO] [net.minecraft.server.level.progress.LoggerChunkProgressListener/]: Preparing spawn area: 2%
[27Jul2025 02:15:22.602] [Worker-Main-3/INFO] [net.minecraft.server.level.progress.LoggerChunkProgressListener/]: Preparing spawn area: 2%
[27Jul2025 02:15:23.185] [Worker-Main-3/INFO] [net.minecraft.server.level.progress.LoggerChunkProgressListener/]: Preparing spawn area: 2%
[27Jul2025 02:15:23.588] [Worker-Main-1/INFO] [net.minecraft.server.level.progress.LoggerChunkProgressListener/]: Preparing spawn area: 2%
[27Jul2025 02:15:24.008] [Worker-Main-1/INFO] [net.minecraft.server.level.progress.LoggerChunkProgressListener/]: Preparing spawn area: 3%
[27Jul2025 02:15:24.593] [Worker-Main-1/INFO] [net.minecraft.server.level.progress.LoggerChunkProgressListener/]: Preparing spawn area: 3%
[27Jul2025 02:15:24.996] [Worker-Main-2/INFO] [net.minecraft.server.level.progress.LoggerChunkProgressListener/]: Preparing spawn area: 3%
[27Jul2025 02:15:25.513] [Worker-Main-3/INFO] [net.minecraft.server.level.progress.LoggerChunkProgressListener/]: Preparing spawn area: 4%
[27Jul2025 02:15:26.032] [Worker-Main-3/INFO] [net.minecraft.server.level.progress.LoggerChunkProgressListener/]: Preparing spawn area: 4%
[27Jul2025 02:15:26.501] [Worker-Main-3/INFO] [net.minecraft.server.level.progress.LoggerChunkProgressListener/]: Preparing spawn area: 4%
[27Jul2025 02:15:27.003] [Worker-Main-3/INFO] [net.minecraft.server.level.progress.LoggerChunkProgressListener/]: Preparing spawn area: 5%
[27Jul2025 02:15:27.634] [Worker-Main-3/INFO] [net.minecraft.server.level.progress.LoggerChunkProgressListener/]: Preparing spawn area: 5%
[27Jul2025 02:15:28.029] [Worker-Main-2/INFO] [net.minecraft.server.level.progress.LoggerChunkProgressListener/]: Preparing spawn area: 5%
[27Jul2025 02:15:28.518] [Worker-Main-1/INFO] [net.minecraft.server.level.progress.LoggerChunkProgressListener/]: Preparing spawn area: 5%
[27Jul2025 02:15:28.990] [Worker-Main-3/INFO] [net.minecraft.server.level.progress.LoggerChunkProgressListener/]: Preparing spawn area: 6%
[27Jul2025 02:15:29.506] [Worker-Main-1/INFO] [net.minecraft.server.level.progress.LoggerChunkProgressListener/]: Preparing spawn area: 7%
[27Jul2025 02:15:30.060] [Worker-Main-1/INFO] [net.minecraft.server.level.progress.LoggerChunkProgressListener/]: Preparing spawn area: 7%
[27Jul2025 02:15:30.529] [Worker-Main-3/INFO] [net.minecraft.server.level.progress.LoggerChunkProgressListener/]: Preparing spawn area: 7%
[27Jul2025 02:15:31.097] [Worker-Main-2/INFO] [net.minecraft.server.level.progress.LoggerChunkProgressListener/]: Preparing spawn area: 7%
[27Jul2025 02:15:31.524] [Worker-Main-3/INFO] [net.minecraft.server.level.progress.LoggerChunkProgressListener/]: Preparing spawn area: 8%
[27Jul2025 02:15:31.989] [Worker-Main-2/INFO] [net.minecraft.server.level.progress.LoggerChunkProgressListener/]: Preparing spawn area: 9%
[27Jul2025 02:15:32.503] [Worker-Main-2/INFO] [net.minecraft.server.level.progress.LoggerChunkProgressListener/]: Preparing spawn area: 9%
[27Jul2025 02:15:33.042] [Worker-Main-3/INFO] [net.minecraft.server.level.progress.LoggerChunkProgressListener/]: Preparing spawn area: 9%
[27Jul2025 02:15:33.611] [Worker-Main-2/INFO] [net.minecraft.server.level.progress.LoggerChunkProgressListener/]: Preparing spawn area: 10%
[27Jul2025 02:15:34.097] [Worker-Main-2/INFO] [net.minecraft.server.level.progress.LoggerChunkProgressListener/]: Preparing spawn area: 10%
[27Jul2025 02:15:34.514] [Worker-Main-1/INFO] [net.minecraft.server.level.progress.LoggerChunkProgressListener/]: Preparing spawn area: 10%
[27Jul2025 02:15:35.001] [Worker-Main-1/INFO] [net.minecraft.server.level.progress.LoggerChunkProgressListener/]: Preparing spawn area: 11%
[27Jul2025 02:15:35.598] [Worker-Main-1/INFO] [net.minecraft.server.level.progress.LoggerChunkProgressListener/]: Preparing spawn area: 11%
[27Jul2025 02:15:36.002] [Worker-Main-2/INFO] [net.minecraft.server.level.progress.LoggerChunkProgressListener/]: Preparing spawn area: 12%
[27Jul2025 02:15:36.666] [Worker-Main-3/INFO] [net.minecraft.server.level.progress.LoggerChunkProgressListener/]: Preparing spawn area: 12%
[27Jul2025 02:15:37.065] [Worker-Main-3/INFO] [net.minecraft.server.level.progress.LoggerChunkProgressListener/]: Preparing spawn area: 13%
[27Jul2025 02:15:37.526] [Worker-Main-1/INFO] [net.minecraft.server.level.progress.LoggerChunkProgressListener/]: Preparing spawn area: 13%
[27Jul2025 02:15:38.158] [Worker-Main-1/INFO] [net.minecraft.server.level.progress.LoggerChunkProgressListener/]: Preparing spawn area: 13%
[27Jul2025 02:15:38.507] [Worker-Main-3/INFO] [net.minecraft.server.level.progress.LoggerChunkProgressListener/]: Preparing spawn area: 14%
[27Jul2025 02:15:39.023] [Worker-Main-3/INFO] [net.minecraft.server.level.progress.LoggerChunkProgressListener/]: Preparing spawn area: 15%
[27Jul2025 02:15:39.501] [Worker-Main-2/INFO] [net.minecraft.server.level.progress.LoggerChunkProgressListener/]: Preparing spawn area: 15%
[27Jul2025 02:15:39.999] [Worker-Main-3/INFO] [net.minecraft.server.level.progress.LoggerChunkProgressListener/]: Preparing spawn area: 15%
[27Jul2025 02:15:40.618] [Worker-Main-2/INFO] [net.minecraft.server.level.progress.LoggerChunkProgressListener/]: Preparing spawn area: 16%
[27Jul2025 02:15:41.078] [Worker-Main-1/INFO] [net.minecraft.server.level.progress.LoggerChunkProgressListener/]: Preparing spawn area: 16%
[27Jul2025 02:15:41.565] [Worker-Main-3/INFO] [net.minecraft.server.level.progress.LoggerChunkProgressListener/]: Preparing spawn area: 16%
[27Jul2025 02:15:42.032] [Worker-Main-1/INFO] [net.minecraft.server.level.progress.LoggerChunkProgressListener/]: Preparing spawn area: 17%
[27Jul2025 02:15:42.640] [Worker-Main-2/INFO] [net.minecraft.server.level.progress.LoggerChunkProgressListener/]: Preparing spawn area: 17%
[27Jul2025 02:15:43.088] [Worker-Main-3/INFO] [net.minecraft.server.level.progress.LoggerChunkProgressListener/]: Preparing spawn area: 18%
[27Jul2025 02:15:43.501] [Worker-Main-1/INFO] [net.minecraft.server.level.progress.LoggerChunkProgressListener/]: Preparing spawn area: 18%
[27Jul2025 02:15:44.038] [Worker-Main-1/INFO] [net.minecraft.server.level.progress.LoggerChunkProgressListener/]: Preparing spawn area: 19%
[27Jul2025 02:15:44.595] [Worker-Main-3/INFO] [net.minecraft.server.level.progress.LoggerChunkProgressListener/]: Preparing spawn area: 19%
[27Jul2025 02:15:45.103] [Worker-Main-2/INFO] [net.minecraft.server.level.progress.LoggerChunkProgressListener/]: Preparing spawn area: 20%
[27Jul2025 02:15:45.497] [Worker-Main-3/INFO] [net.minecraft.server.level.progress.LoggerChunkProgressListener/]: Preparing spawn area: 20%
[27Jul2025 02:15:46.106] [Worker-Main-3/INFO] [net.minecraft.server.level.progress.LoggerChunkProgressListener/]: Preparing spawn area: 20%
[27Jul2025 02:15:46.509] [Worker-Main-3/INFO] [net.minecraft.server.level.progress.LoggerChunkProgressListener/]: Preparing spawn area: 21%
[27Jul2025 02:15:46.991] [Worker-Main-1/INFO] [net.minecraft.server.level.progress.LoggerChunkProgressListener/]: Preparing spawn area: 22%
[27Jul2025 02:15:47.546] [Worker-Main-2/INFO] [net.minecraft.server.level.progress.LoggerChunkProgressListener/]: Preparing spawn area: 22%
[27Jul2025 02:15:48.068] [Worker-Main-3/INFO] [net.minecraft.server.level.progress.LoggerChunkProgressListener/]: Preparing spawn area: 23%
[27Jul2025 02:15:48.489] [Worker-Main-1/INFO] [net.minecraft.server.level.progress.LoggerChunkProgressListener/]: Preparing spawn area: 23%
[27Jul2025 02:15:49.043] [Worker-Main-1/INFO] [net.minecraft.server.level.progress.LoggerChunkProgressListener/]: Preparing spawn area: 23%
[27Jul2025 02:15:49.544] [Worker-Main-2/INFO] [net.minecraft.server.level.progress.LoggerChunkProgressListener/]: Preparing spawn area: 23%
[27Jul2025 02:15:50.058] [Worker-Main-2/INFO] [net.minecraft.server.level.progress.LoggerChunkProgressListener/]: Preparing spawn area: 24%
[27Jul2025 02:15:50.608] [Worker-Main-3/INFO] [net.minecraft.server.level.progress.LoggerChunkProgressListener/]: Preparing spawn area: 24%
[27Jul2025 02:15:51.003] [Worker-Main-3/INFO] [net.minecraft.server.level.progress.LoggerChunkProgressListener/]: Preparing spawn area: 25%
[27Jul2025 02:15:51.548] [Worker-Main-2/INFO] [net.minecraft.server.level.progress.LoggerChunkProgressListener/]: Preparing spawn area: 26%
[27Jul2025 02:15:52.142] [Worker-Main-1/INFO] [net.minecraft.server.level.progress.LoggerChunkProgressListener/]: Preparing spawn area: 26%
[27Jul2025 02:15:52.542] [Worker-Main-1/INFO] [net.minecraft.server.level.progress.LoggerChunkProgressListener/]: Preparing spawn area: 26%
[27Jul2025 02:15:53.025] [Worker-Main-3/INFO] [net.minecraft.server.level.progress.LoggerChunkProgressListener/]: Preparing spawn area: 27%
[27Jul2025 02:15:53.522] [Worker-Main-3/INFO] [net.minecraft.server.level.progress.LoggerChunkProgressListener/]: Preparing spawn area: 27%
[27Jul2025 02:15:54.035] [Worker-Main-3/INFO] [net.minecraft.server.level.progress.LoggerChunkProgressListener/]: Preparing spawn area: 28%
[27Jul2025 02:15:54.582] [Worker-Main-3/INFO] [net.minecraft.server.level.progress.LoggerChunkProgressListener/]: Preparing spawn area: 28%
[27Jul2025 02:15:55.018] [Worker-Main-3/INFO] [net.minecraft.server.level.progress.LoggerChunkProgressListener/]: Preparing spawn area: 29%
[27Jul2025 02:15:55.488] [Worker-Main-3/INFO] [net.minecraft.server.level.progress.LoggerChunkProgressListener/]: Preparing spawn area: 29%
[27Jul2025 02:15:55.995] [Worker-Main-3/INFO] [net.minecraft.server.level.progress.LoggerChunkProgressListener/]: Preparing spawn area: 31%
[27Jul2025 02:15:56.527] [Worker-Main-1/INFO] [net.minecraft.server.level.progress.LoggerChunkProgressListener/]: Preparing spawn area: 31%
[27Jul2025 02:15:57.013] [Worker-Main-1/INFO] [net.minecraft.server.level.progress.LoggerChunkProgressListener/]: Preparing spawn area: 32%
[27Jul2025 02:15:57.667] [Worker-Main-3/INFO] [net.minecraft.server.level.progress.LoggerChunkProgressListener/]: Preparing spawn area: 32%
[27Jul2025 02:15:58.129] [Worker-Main-2/INFO] [net.minecraft.server.level.progress.LoggerChunkProgressListener/]: Preparing spawn area: 32%
[27Jul2025 02:15:58.658] [Worker-Main-1/INFO] [net.minecraft.server.level.progress.LoggerChunkProgressListener/]: Preparing spawn area: 32%
[27Jul2025 02:15:59.032] [Worker-Main-2/INFO] [net.minecraft.server.level.progress.LoggerChunkProgressListener/]: Preparing spawn area: 33%
[27Jul2025 02:15:59.527] [Worker-Main-3/INFO] [net.minecraft.server.level.progress.LoggerChunkProgressListener/]: Preparing spawn area: 33%
[27Jul2025 02:16:00.011] [Worker-Main-3/INFO] [net.minecraft.server.level.progress.LoggerChunkProgressListener/]: Preparing spawn area: 34%
[27Jul2025 02:16:00.602] [Worker-Main-3/INFO] [net.minecraft.server.level.progress.LoggerChunkProgressListener/]: Preparing spawn area: 35%
[27Jul2025 02:16:01.069] [Worker-Main-2/INFO] [net.minecraft.server.level.progress.LoggerChunkProgressListener/]: Preparing spawn area: 35%
[27Jul2025 02:16:01.559] [Worker-Main-3/INFO] [net.minecraft.server.level.progress.LoggerChunkProgressListener/]: Preparing spawn area: 36%
[27Jul2025 02:16:02.031] [Worker-Main-3/INFO] [net.minecraft.server.level.progress.LoggerChunkProgressListener/]: Preparing spawn area: 36%
[27Jul2025 02:16:02.518] [Worker-Main-3/INFO] [net.minecraft.server.level.progress.LoggerChunkProgressListener/]: Preparing spawn area: 37%
[27Jul2025 02:16:02.996] [Worker-Main-2/INFO] [net.minecraft.server.level.progress.LoggerChunkProgressListener/]: Preparing spawn area: 38%
[27Jul2025 02:16:03.634] [Worker-Main-3/INFO] [net.minecraft.server.level.progress.LoggerChunkProgressListener/]: Preparing spawn area: 38%
[27Jul2025 02:16:04.007] [Worker-Main-1/INFO] [net.minecraft.server.level.progress.LoggerChunkProgressListener/]: Preparing spawn area: 39%
[27Jul2025 02:16:04.544] [Worker-Main-1/INFO] [net.minecraft.server.level.progress.LoggerChunkProgressListener/]: Preparing spawn area: 39%
[27Jul2025 02:16:05.039] [Worker-Main-1/INFO] [net.minecraft.server.level.progress.LoggerChunkProgressListener/]: Preparing spawn area: 39%
[27Jul2025 02:16:05.494] [Worker-Main-3/INFO] [net.minecraft.server.level.progress.LoggerChunkProgressListener/]: Preparing spawn area: 41%
[27Jul2025 02:16:06.021] [Worker-Main-3/INFO] [net.minecraft.server.level.progress.LoggerChunkProgressListener/]: Preparing spawn area: 42%
[27Jul2025 02:16:06.549] [Worker-Main-2/INFO] [net.minecraft.server.level.progress.LoggerChunkProgressListener/]: Preparing spawn area: 43%
[27Jul2025 02:16:07.004] [Worker-Main-3/INFO] [net.minecraft.server.level.progress.LoggerChunkProgressListener/]: Preparing spawn area: 43%
[27Jul2025 02:16:07.524] [Worker-Main-2/INFO] [net.minecraft.server.level.progress.LoggerChunkProgressListener/]: Preparing spawn area: 43%
[27Jul2025 02:16:08.006] [Worker-Main-2/INFO] [net.minecraft.server.level.progress.LoggerChunkProgressListener/]: Preparing spawn area: 43%
[27Jul2025 02:16:08.499] [Worker-Main-3/INFO] [net.minecraft.server.level.progress.LoggerChunkProgressListener/]: Preparing spawn area: 44%
[27Jul2025 02:16:09.097] [Worker-Main-2/INFO] [net.minecraft.server.level.progress.LoggerChunkProgressListener/]: Preparing spawn area: 44%
[27Jul2025 02:16:09.600] [Worker-Main-3/INFO] [net.minecraft.server.level.progress.LoggerChunkProgressListener/]: Preparing spawn area: 45%
[27Jul2025 02:16:10.009] [Worker-Main-3/INFO] [net.minecraft.server.level.progress.LoggerChunkProgressListener/]: Preparing spawn area: 46%
[27Jul2025 02:16:10.500] [Worker-Main-3/INFO] [net.minecraft.server.level.progress.LoggerChunkProgressListener/]: Preparing spawn area: 46%
[27Jul2025 02:16:10.996] [Worker-Main-1/INFO] [net.minecraft.server.level.progress.LoggerChunkProgressListener/]: Preparing spawn area: 46%
[27Jul2025 02:16:11.504] [Worker-Main-3/INFO] [net.minecraft.server.level.progress.LoggerChunkProgressListener/]: Preparing spawn area: 47%
[27Jul2025 02:16:12.049] [Worker-Main-1/INFO] [net.minecraft.server.level.progress.LoggerChunkProgressListener/]: Preparing spawn area: 48%
[27Jul2025 02:16:12.563] [Worker-Main-1/INFO] [net.minecraft.server.level.progress.LoggerChunkProgressListener/]: Preparing spawn area: 49%
[27Jul2025 02:16:13.048] [Worker-Main-2/INFO] [net.minecraft.server.level.progress.LoggerChunkProgressListener/]: Preparing spawn area: 49%
[27Jul2025 02:16:13.495] [Worker-Main-1/INFO] [net.minecraft.server.level.progress.LoggerChunkProgressListener/]: Preparing spawn area: 50%
[27Jul2025 02:16:14.083] [Worker-Main-2/INFO] [net.minecraft.server.level.progress.LoggerChunkProgressListener/]: Preparing spawn area: 51%
[27Jul2025 02:16:14.489] [Worker-Main-3/INFO] [net.minecraft.server.level.progress.LoggerChunkProgressListener/]: Preparing spawn area: 52%
[27Jul2025 02:16:15.000] [Worker-Main-1/INFO] [net.minecraft.server.level.progress.LoggerChunkProgressListener/]: Preparing spawn area: 53%
[27Jul2025 02:16:15.582] [Worker-Main-3/INFO] [net.minecraft.server.level.progress.LoggerChunkProgressListener/]: Preparing spawn area: 53%
[27Jul2025 02:16:15.992] [Worker-Main-3/INFO] [net.minecraft.server.level.progress.LoggerChunkProgressListener/]: Preparing spawn area: 54%
[27Jul2025 02:16:16.505] [Worker-Main-3/INFO] [net.minecraft.server.level.progress.LoggerChunkProgressListener/]: Preparing spawn area: 55%
[27Jul2025 02:16:17.010] [Worker-Main-1/INFO] [net.minecraft.server.level.progress.LoggerChunkProgressListener/]: Preparing spawn area: 55%
[27Jul2025 02:16:17.496] [Worker-Main-2/INFO] [net.minecraft.server.level.progress.LoggerChunkProgressListener/]: Preparing spawn area: 55%
[27Jul2025 02:16:18.068] [Worker-Main-3/INFO] [net.minecraft.server.level.progress.LoggerChunkProgressListener/]: Preparing spawn area: 56%
[27Jul2025 02:16:18.497] [Worker-Main-2/INFO] [net.minecraft.server.level.progress.LoggerChunkProgressListener/]: Preparing spawn area: 56%
[27Jul2025 02:16:19.094] [Worker-Main-3/INFO] [net.minecraft.server.level.progress.LoggerChunkProgressListener/]: Preparing spawn area: 56%
[27Jul2025 02:16:19.547] [Worker-Main-2/INFO] [net.minecraft.server.level.progress.LoggerChunkProgressListener/]: Preparing spawn area: 57%
[27Jul2025 02:16:20.045] [Worker-Main-3/INFO] [net.minecraft.server.level.progress.LoggerChunkProgressListener/]: Preparing spawn area: 58%
[27Jul2025 02:16:20.558] [Worker-Main-2/INFO] [net.minecraft.server.level.progress.LoggerChunkProgressListener/]: Preparing spawn area: 58%
[27Jul2025 02:16:20.997] [Worker-Main-2/INFO] [net.minecraft.server.level.progress.LoggerChunkProgressListener/]: Preparing spawn area: 59%
[27Jul2025 02:16:21.593] [Worker-Main-1/INFO] [net.minecraft.server.level.progress.LoggerChunkProgressListener/]: Preparing spawn area: 60%
[27Jul2025 02:16:21.998] [Worker-Main-3/INFO] [net.minecraft.server.level.progress.LoggerChunkProgressListener/]: Preparing spawn area: 61%
[27Jul2025 02:16:22.496] [Worker-Main-3/INFO] [net.minecraft.server.level.progress.LoggerChunkProgressListener/]: Preparing spawn area: 62%
[27Jul2025 02:16:23.005] [Worker-Main-3/INFO] [net.minecraft.server.level.progress.LoggerChunkProgressListener/]: Preparing spawn area: 63%
[27Jul2025 02:16:23.542] [Worker-Main-1/INFO] [net.minecraft.server.level.progress.LoggerChunkProgressListener/]: Preparing spawn area: 64%
[27Jul2025 02:16:25.596] [Worker-Main-2/INFO] [net.minecraft.server.level.progress.LoggerChunkProgressListener/]: Preparing spawn area: 64%
[27Jul2025 02:16:25.597] [Worker-Main-2/INFO] [net.minecraft.server.level.progress.LoggerChunkProgressListener/]: Preparing spawn area: 64%
[27Jul2025 02:16:25.597] [Worker-Main-2/INFO] [net.minecraft.server.level.progress.LoggerChunkProgressListener/]: Preparing spawn area: 64%
[27Jul2025 02:16:25.597] [Worker-Main-2/INFO] [net.minecraft.server.level.progress.LoggerChunkProgressListener/]: Preparing spawn area: 64%
[27Jul2025 02:16:26.012] [Worker-Main-3/INFO] [net.minecraft.server.level.progress.LoggerChunkProgressListener/]: Preparing spawn area: 65%
[27Jul2025 02:16:26.500] [Worker-Main-1/INFO] [net.minecraft.server.level.progress.LoggerChunkProgressListener/]: Preparing spawn area: 66%
[27Jul2025 02:16:27.095] [Worker-Main-1/INFO] [net.minecraft.server.level.progress.LoggerChunkProgressListener/]: Preparing spawn area: 67%
[27Jul2025 02:16:27.555] [Worker-Main-2/INFO] [net.minecraft.server.level.progress.LoggerChunkProgressListener/]: Preparing spawn area: 67%
[27Jul2025 02:16:27.988] [Worker-Main-2/INFO] [net.minecraft.server.level.progress.LoggerChunkProgressListener/]: Preparing spawn area: 68%
[27Jul2025 02:16:28.531] [Worker-Main-2/INFO] [net.minecraft.server.level.progress.LoggerChunkProgressListener/]: Preparing spawn area: 68%
[27Jul2025 02:16:29.004] [Worker-Main-1/INFO] [net.minecraft.server.level.progress.LoggerChunkProgressListener/]: Preparing spawn area: 69%
[27Jul2025 02:16:29.544] [Worker-Main-1/INFO] [net.minecraft.server.level.progress.LoggerChunkProgressListener/]: Preparing spawn area: 69%
[27Jul2025 02:16:29.991] [Worker-Main-2/INFO] [net.minecraft.server.level.progress.LoggerChunkProgressListener/]: Preparing spawn area: 70%
[27Jul2025 02:16:30.565] [Worker-Main-3/INFO] [net.minecraft.server.level.progress.LoggerChunkProgressListener/]: Preparing spawn area: 70%
[27Jul2025 02:16:31.069] [Worker-Main-3/INFO] [net.minecraft.server.level.progress.LoggerChunkProgressListener/]: Preparing spawn area: 70%
[27Jul2025 02:16:31.514] [Worker-Main-3/INFO] [net.minecraft.server.level.progress.LoggerChunkProgressListener/]: Preparing spawn area: 72%
[27Jul2025 02:16:31.989] [Worker-Main-3/INFO] [net.minecraft.server.level.progress.LoggerChunkProgressListener/]: Preparing spawn area: 72%
[27Jul2025 02:16:32.562] [Worker-Main-2/INFO] [net.minecraft.server.level.progress.LoggerChunkProgressListener/]: Preparing spawn area: 73%
[27Jul2025 02:16:33.019] [Worker-Main-3/INFO] [net.minecraft.server.level.progress.LoggerChunkProgressListener/]: Preparing spawn area: 74%
[27Jul2025 02:16:33.517] [Worker-Main-1/INFO] [net.minecraft.server.level.progress.LoggerChunkProgressListener/]: Preparing spawn area: 75%
[27Jul2025 02:16:33.989] [Worker-Main-2/INFO] [net.minecraft.server.level.progress.LoggerChunkProgressListener/]: Preparing spawn area: 75%
[27Jul2025 02:16:34.508] [Worker-Main-1/INFO] [net.minecraft.server.level.progress.LoggerChunkProgressListener/]: Preparing spawn area: 76%
[27Jul2025 02:16:35.025] [Worker-Main-3/INFO] [net.minecraft.server.level.progress.LoggerChunkProgressListener/]: Preparing spawn area: 78%
[27Jul2025 02:16:35.511] [Worker-Main-2/INFO] [net.minecraft.server.level.progress.LoggerChunkProgressListener/]: Preparing spawn area: 80%
[27Jul2025 02:16:35.990] [Worker-Main-1/INFO] [net.minecraft.server.level.progress.LoggerChunkProgressListener/]: Preparing spawn area: 81%
[27Jul2025 02:16:36.497] [Worker-Main-2/INFO] [net.minecraft.server.level.progress.LoggerChunkProgressListener/]: Preparing spawn area: 82%
[27Jul2025 02:16:37.082] [Worker-Main-1/INFO] [net.minecraft.server.level.progress.LoggerChunkProgressListener/]: Preparing spawn area: 82%
[27Jul2025 02:16:37.523] [Worker-Main-2/INFO] [net.minecraft.server.level.progress.LoggerChunkProgressListener/]: Preparing spawn area: 83%
[27Jul2025 02:16:37.990] [Worker-Main-3/INFO] [net.minecraft.server.level.progress.LoggerChunkProgressListener/]: Preparing spawn area: 84%
[27Jul2025 02:16:38.523] [Worker-Main-1/INFO] [net.minecraft.server.level.progress.LoggerChunkProgressListener/]: Preparing spawn area: 84%
[27Jul2025 02:16:39.063] [Worker-Main-1/INFO] [net.minecraft.server.level.progress.LoggerChunkProgressListener/]: Preparing spawn area: 85%
[27Jul2025 02:16:39.493] [Worker-Main-2/INFO] [net.minecraft.server.level.progress.LoggerChunkProgressListener/]: Preparing spawn area: 86%
[27Jul2025 02:16:40.004] [Worker-Main-3/INFO] [net.minecraft.server.level.progress.LoggerChunkProgressListener/]: Preparing spawn area: 86%
[27Jul2025 02:16:40.495] [Worker-Main-3/INFO] [net.minecraft.server.level.progress.LoggerChunkProgressListener/]: Preparing spawn area: 88%
[27Jul2025 02:16:41.037] [Worker-Main-2/INFO] [net.minecraft.server.level.progress.LoggerChunkProgressListener/]: Preparing spawn area: 89%
[27Jul2025 02:16:41.516] [Worker-Main-1/INFO] [net.minecraft.server.level.progress.LoggerChunkProgressListener/]: Preparing spawn area: 89%
[27Jul2025 02:16:42.022] [Worker-Main-2/INFO] [net.minecraft.server.level.progress.LoggerChunkProgressListener/]: Preparing spawn area: 90%
[27Jul2025 02:16:42.492] [Worker-Main-2/INFO] [net.minecraft.server.level.progress.LoggerChunkProgressListener/]: Preparing spawn area: 90%
[27Jul2025 02:16:43.016] [Worker-Main-1/INFO] [net.minecraft.server.level.progress.LoggerChunkProgressListener/]: Preparing spawn area: 92%
[27Jul2025 02:16:43.511] [Worker-Main-2/INFO] [net.minecraft.server.level.progress.LoggerChunkProgressListener/]: Preparing spawn area: 93%
[27Jul2025 02:16:43.988] [Worker-Main-1/INFO] [net.minecraft.server.level.progress.LoggerChunkProgressListener/]: Preparing spawn area: 95%
[27Jul2025 02:16:44.581] [Worker-Main-3/INFO] [net.minecraft.server.level.progress.LoggerChunkProgressListener/]: Preparing spawn area: 96%
[27Jul2025 02:16:45.037] [Worker-Main-3/INFO] [net.minecraft.server.level.progress.LoggerChunkProgressListener/]: Preparing spawn area: 97%
[27Jul2025 02:16:45.560] [Worker-Main-2/INFO] [net.minecraft.server.level.progress.LoggerChunkProgressListener/]: Preparing spawn area: 98%
[27Jul2025 02:16:46.051] [Worker-Main-1/INFO] [net.minecraft.server.level.progress.LoggerChunkProgressListener/]: Preparing spawn area: 98%
[27Jul2025 02:16:46.442] [Server thread/INFO] [net.minecraft.server.level.progress.LoggerChunkProgressListener/]: Time elapsed: 90454 ms
[27Jul2025 02:16:46.442] [Server thread/INFO] [net.minecraft.server.dedicated.DedicatedServer/]: Done (112.611s)! For help, type "help"
[27Jul2025 02:16:46.639] [Server thread/INFO] [net.minecraftforge.server.permission.PermissionAPI/]: Successfully initialized permission handler forge:default_handler
[27Jul2025 02:16:46.640] [Server thread/INFO] [com.hisroyalty.hrbsdrills.DrillsMod/]: Mod Loaded!
[27Jul2025 02:16:46.671] [Server thread/INFO] [journeymap/]: global (FileLoaded) Config file isn't current, has version "5.10.0": journeymap.server.global.config
[27Jul2025 02:16:46.671] [Server thread/INFO] [journeymap/]: global (Invalid) Setting config file to version "5.10.3": journeymap.server.global.config
[27Jul2025 02:16:46.676] [Server thread/INFO] [journeymap/]: default (FileLoaded) Config file isn't current, has version "5.10.0": journeymap.server.default.config
[27Jul2025 02:16:46.677] [Server thread/INFO] [journeymap/]: default (Invalid) Setting config file to version "5.10.3": journeymap.server.default.config
[27Jul2025 02:16:46.681] [Server thread/INFO] [journeymap/]: minecraft~overworld (FileLoaded) Config file isn't current, has version "5.10.0": journeymap.server.minecraft~overworld.config
[27Jul2025 02:16:46.682] [Server thread/INFO] [journeymap/]: minecraft~overworld (Invalid) Setting config file to version "5.10.3": journeymap.server.minecraft~overworld.config
[27Jul2025 02:16:46.684] [Server thread/INFO] [journeymap/]: graveyard~past (Initialized) Setting config file to version "5.10.3": journeymap.server.graveyard~past.config
[27Jul2025 02:16:46.685] [Server thread/INFO] [journeymap/]: graveyard~past (Valid) Creating config file: ./journeymap/server/5.10/journeymap.server.graveyard~past.config
[27Jul2025 02:16:46.688] [Server thread/INFO] [journeymap/]: faded_conquest_2~the_abyss (Initialized) Setting config file to version "5.10.3": journeymap.server.faded_conquest_2~the_abyss.config
[27Jul2025 02:16:46.689] [Server thread/INFO] [journeymap/]: faded_conquest_2~the_abyss (Valid) Creating config file: ./journeymap/server/5.10/journeymap.server.faded_conquest_2~the_abyss.config
[27Jul2025 02:16:46.693] [Server thread/INFO] [journeymap/]: minecraft~the_end (FileLoaded) Config file isn't current, has version "5.10.0": journeymap.server.minecraft~the_end.config
[27Jul2025 02:16:46.694] [Server thread/INFO] [journeymap/]: minecraft~the_end (Invalid) Setting config file to version "5.10.3": journeymap.server.minecraft~the_end.config
[27Jul2025 02:16:46.696] [Server thread/INFO] [journeymap/]: minecraft~the_nether (FileLoaded) Config file isn't current, has version "5.10.0": journeymap.server.minecraft~the_nether.config
[27Jul2025 02:16:46.697] [Server thread/INFO] [journeymap/]: minecraft~the_nether (Invalid) Setting config file to version "5.10.3": journeymap.server.minecraft~the_nether.config
[27Jul2025 02:16:46.699] [Server thread/INFO] [journeymap/]: gamma_creatures~gamma_dimension (Initialized) Setting config file to version "5.10.3": journeymap.server.gamma_creatures~gamma_dimension.config
[27Jul2025 02:16:46.699] [Server thread/INFO] [journeymap/]: gamma_creatures~gamma_dimension (Valid) Creating config file: ./journeymap/server/5.10/journeymap.server.gamma_creatures~gamma_dimension.config
[27Jul2025 02:16:46.701] [Server thread/INFO] [journeymap/]: lostcities~lostcity (Initialized) Setting config file to version "5.10.3": journeymap.server.lostcities~lostcity.config
[27Jul2025 02:16:46.701] [Server thread/INFO] [journeymap/]: lostcities~lostcity (Valid) Creating config file: ./journeymap/server/5.10/journeymap.server.lostcities~lostcity.config
[27Jul2025 02:16:46.702] [Server thread/INFO] [journeymap/]: faded_conquest_2~the_mirror_realm (Initialized) Setting config file to version "5.10.3": journeymap.server.faded_conquest_2~the_mirror_realm.config
[27Jul2025 02:16:46.702] [Server thread/INFO] [journeymap/]: faded_conquest_2~the_mirror_realm (Valid) Creating config file: ./journeymap/server/5.10/journeymap.server.faded_conquest_2~the_mirror_realm.config
[27Jul2025 02:16:46.708] [Server thread/INFO] [com.github.alexthe666.iceandfire.IceAndFire/]: {iceandfire:fire_dragon_roost=true, iceandfire:fire_lily=true, iceandfire:spawn_dragon_skeleton_fire=true, iceandfire:lightning_dragon_roost=true, iceandfire:spawn_dragon_skeleton_lightning=true, iceandfire:ice_dragon_roost=true, iceandfire:ice_dragon_cave=true, iceandfire:lightning_dragon_cave=true, iceandfire:cyclops_cave=true, iceandfire:spawn_wandering_cyclops=true, iceandfire:spawn_sea_serpent=true, iceandfire:frost_lily=true, iceandfire:hydra_cave=true, iceandfire:lightning_lily=true, iceandfire:pixie_village=true, iceandfire:myrmex_hive_jungle=true, iceandfire:myrmex_hive_desert=true, iceandfire:silver_ore=true, iceandfire:siren_island=true, iceandfire:spawn_dragon_skeleton_ice=true, iceandfire:spawn_stymphalian_bird=true, iceandfire:fire_dragon_cave=true, iceandfire:sapphire_ore=true, iceandfire:spawn_hippocampus=true, iceandfire:spawn_death_worm=true}
[27Jul2025 02:16:46.708] [Server thread/INFO] [com.github.alexthe666.iceandfire.IceAndFire/]: {TROLL_S=true, HIPPOGRYPH=true, AMPHITHERE=true, COCKATRICE=true, TROLL_M=true, DREAD_LICH=true, TROLL_F=true}
[27Jul2025 02:16:46.712] [Server thread/ERROR] [net.minecraft.Util/]: Invalid path in pack: faded_conquest_2:weapon_attributes/Stormbreaker.json, ignoring
[27Jul2025 02:16:46.919] [Server thread/INFO] [net.bettercombat.logic.WeaponRegistry/]: Encoded Weapon Attribute registry size (with package overhead): 530332 bytes (in 54 string chunks with the size of 10000)
[27Jul2025 02:16:47.786] [Server thread/INFO] [com.github.alexthe666.alexsmobs.AlexsMobs/]: Found Pupfish chunk at -33 ~ -608 after 16 tries
[27Jul2025 02:19:26.124] [Server thread/INFO] [net.minecraft.server.MinecraftServer/]: Stopping the server
[27Jul2025 02:19:26.170] [Server thread/INFO] [net.minecraft.server.MinecraftServer/]: Stopping server
[27Jul2025 02:19:26.171] [Server thread/INFO] [net.minecraft.server.MinecraftServer/]: Saving players
[27Jul2025 02:19:26.171] [Server thread/INFO] [net.minecraft.server.MinecraftServer/]: Saving worlds
[27Jul2025 02:19:27.019] [Server thread/INFO] [net.minecraft.server.MinecraftServer/]: Saving chunks for level 'ServerLevel[world]'/minecraft:overworld
[27Jul2025 02:19:29.677] [Server thread/INFO] [net.minecraft.server.MinecraftServer/]: Saving chunks for level 'ServerLevel[world]'/graveyard:past
[27Jul2025 02:19:29.678] [Server thread/INFO] [net.minecraft.server.MinecraftServer/]: Saving chunks for level 'ServerLevel[world]'/faded_conquest_2:the_abyss
[27Jul2025 02:19:29.679] [Server thread/INFO] [net.minecraft.server.MinecraftServer/]: Saving chunks for level 'ServerLevel[world]'/minecraft:the_end
[27Jul2025 02:19:29.679] [Server thread/INFO] [net.minecraft.server.MinecraftServer/]: Saving chunks for level 'ServerLevel[world]'/minecraft:the_nether
[27Jul2025 02:19:29.680] [Server thread/INFO] [net.minecraft.server.MinecraftServer/]: Saving chunks for level 'ServerLevel[world]'/gamma_creatures:gamma_dimension
[27Jul2025 02:19:29.680] [Server thread/INFO] [net.minecraft.server.MinecraftServer/]: Saving chunks for level 'ServerLevel[world]'/lostcities:lostcity
[27Jul2025 02:19:29.680] [Server thread/INFO] [net.minecraft.server.MinecraftServer/]: Saving chunks for level 'ServerLevel[world]'/faded_conquest_2:the_mirror_realm
[27Jul2025 02:19:30.018] [Server thread/INFO] [net.minecraft.server.MinecraftServer/]: ThreadedAnvilChunkStorage (world): All chunks are saved
[27Jul2025 02:19:30.018] [Server thread/INFO] [net.minecraft.server.MinecraftServer/]: ThreadedAnvilChunkStorage (past): All chunks are saved
[27Jul2025 02:19:30.018] [Server thread/INFO] [net.minecraft.server.MinecraftServer/]: ThreadedAnvilChunkStorage (the_abyss): All chunks are saved
[27Jul2025 02:19:30.018] [Server thread/INFO] [net.minecraft.server.MinecraftServer/]: ThreadedAnvilChunkStorage (DIM1): All chunks are saved
[27Jul2025 02:19:30.018] [Server thread/INFO] [net.minecraft.server.MinecraftServer/]: ThreadedAnvilChunkStorage (DIM-1): All chunks are saved
[27Jul2025 02:19:30.018] [Server thread/INFO] [net.minecraft.server.MinecraftServer/]: ThreadedAnvilChunkStorage (gamma_dimension): All chunks are saved
[27Jul2025 02:19:30.018] [Server thread/INFO] [net.minecraft.server.MinecraftServer/]: ThreadedAnvilChunkStorage (lostcity): All chunks are saved
[27Jul2025 02:19:30.018] [Server thread/INFO] [net.minecraft.server.MinecraftServer/]: ThreadedAnvilChunkStorage (the_mirror_realm): All chunks are saved
[27Jul2025 02:19:30.018] [Server thread/INFO] [net.minecraft.server.MinecraftServer/]: ThreadedAnvilChunkStorage: All dimensions are saved
[27Jul2025 02:19:30.022] [Server thread/INFO] [com.yellowbrossproductions.illageandspillage.IllageAndSpillage/]: Removed entity.illageandspillage.boss_randomizer from Raids to prevent a post-mod-removal crash
[27Jul2025 02:19:30.022] [Server thread/INFO] [com.yellowbrossproductions.illageandspillage.IllageAndSpillage/]: Removed entity.illageandspillage.igniter from Raids to prevent a post-mod-removal crash
[27Jul2025 02:19:30.022] [Server thread/INFO] [com.yellowbrossproductions.illageandspillage.IllageAndSpillage/]: Removed entity.illageandspillage.engineer from Raids to prevent a post-mod-removal crash
[27Jul2025 02:19:30.022] [Server thread/INFO] [com.yellowbrossproductions.illageandspillage.IllageAndSpillage/]: Removed entity.illageandspillage.twittollager from Raids to prevent a post-mod-removal crash
[27Jul2025 02:19:30.022] [Server thread/INFO] [com.yellowbrossproductions.illageandspillage.IllageAndSpillage/]: Removed entity.illageandspillage.magispeller from Raids to prevent a post-mod-removal crash
[27Jul2025 02:19:30.022] [Server thread/INFO] [com.yellowbrossproductions.illageandspillage.IllageAndSpillage/]: Removed entity.illageandspillage.spiritcaller from Raids to prevent a post-mod-removal crash
[27Jul2025 02:19:30.022] [Server thread/INFO] [com.yellowbrossproductions.illageandspillage.IllageAndSpillage/]: Removed entity.illageandspillage.crocofang from Raids to prevent a post-mod-removal crash
[27Jul2025 02:19:30.023] [Server thread/INFO] [com.yellowbrossproductions.illageandspillage.IllageAndSpillage/]: Removed entity.illageandspillage.absorber from Raids to prevent a post-mod-removal crash
[27Jul2025 02:19:30.023] [Server thread/INFO] [com.yellowbrossproductions.illageandspillage.IllageAndSpillage/]: Removed entity.illageandspillage.preserver from Raids to prevent a post-mod-removal crash
[27Jul2025 02:19:30.023] [Server thread/INFO] [com.yellowbrossproductions.illageandspillage.IllageAndSpillage/]: Removed entity.illageandspillage.freakager from Raids to prevent a post-mod-removal crash
[27Jul2025 02:19:30.023] [Server thread/INFO] [com.yellowbrossproductions.illageandspillage.IllageAndSpillage/]: Removed entity.illageandspillage.old_freakager from Raids to prevent a post-mod-removal crash
[27Jul2025 02:19:30.023] [Server thread/INFO] [com.yellowbrossproductions.illageandspillage.IllageAndSpillage/]: Removed entity.illageandspillage.old_magispeller from Raids to prevent a post-mod-removal crash
[27Jul2025 02:19:30.043] [Server thread/INFO] [com.yellowbrossproductions.illageandspillage.IllageAndSpillage/]: Removed entity.illageandspillage.boss_randomizer from Raids to prevent a post-mod-removal crash
[27Jul2025 02:19:30.043] [Server thread/INFO] [com.yellowbrossproductions.illageandspillage.IllageAndSpillage/]: Removed entity.illageandspillage.igniter from Raids to prevent a post-mod-removal crash
[27Jul2025 02:19:30.044] [Server thread/INFO] [com.yellowbrossproductions.illageandspillage.IllageAndSpillage/]: Removed entity.illageandspillage.engineer from Raids to prevent a post-mod-removal crash
[27Jul2025 02:19:30.044] [Server thread/INFO] [com.yellowbrossproductions.illageandspillage.IllageAndSpillage/]: Removed entity.illageandspillage.twittollager from Raids to prevent a post-mod-removal crash
[27Jul2025 02:19:30.044] [Server thread/INFO] [com.yellowbrossproductions.illageandspillage.IllageAndSpillage/]: Removed entity.illageandspillage.magispeller from Raids to prevent a post-mod-removal crash
[27Jul2025 02:19:30.044] [Server thread/INFO] [com.yellowbrossproductions.illageandspillage.IllageAndSpillage/]: Removed entity.illageandspillage.spiritcaller from Raids to prevent a post-mod-removal crash
[27Jul2025 02:19:30.044] [Server thread/INFO] [com.yellowbrossproductions.illageandspillage.IllageAndSpillage/]: Removed entity.illageandspillage.crocofang from Raids to prevent a post-mod-removal crash
[27Jul2025 02:19:30.044] [Server thread/INFO] [com.yellowbrossproductions.illageandspillage.IllageAndSpillage/]: Removed entity.illageandspillage.absorber from Raids to prevent a post-mod-removal crash
[27Jul2025 02:19:30.044] [Server thread/INFO] [com.yellowbrossproductions.illageandspillage.IllageAndSpillage/]: Removed entity.illageandspillage.preserver from Raids to prevent a post-mod-removal crash
[27Jul2025 02:19:30.044] [Server thread/INFO] [com.yellowbrossproductions.illageandspillage.IllageAndSpillage/]: Removed entity.illageandspillage.freakager from Raids to prevent a post-mod-removal crash
[27Jul2025 02:19:30.044] [Server thread/INFO] [com.yellowbrossproductions.illageandspillage.IllageAndSpillage/]: Removed entity.illageandspillage.old_freakager from Raids to prevent a post-mod-removal crash
[27Jul2025 02:19:30.044] [Server thread/INFO] [com.yellowbrossproductions.illageandspillage.IllageAndSpillage/]: Removed entity.illageandspillage.old_magispeller from Raids to prevent a post-mod-removal crash
[27Jul2025 02:19:30.045] [Server thread/INFO] [com.yellowbrossproductions.illageandspillage.IllageAndSpillage/]: Removed entity.illageandspillage.boss_randomizer from Raids to prevent a post-mod-removal crash
[27Jul2025 02:19:30.045] [Server thread/INFO] [com.yellowbrossproductions.illageandspillage.IllageAndSpillage/]: Removed entity.illageandspillage.igniter from Raids to prevent a post-mod-removal crash
[27Jul2025 02:19:30.045] [Server thread/INFO] [com.yellowbrossproductions.illageandspillage.IllageAndSpillage/]: Removed entity.illageandspillage.engineer from Raids to prevent a post-mod-removal crash
[27Jul2025 02:19:30.045] [Server thread/INFO] [com.yellowbrossproductions.illageandspillage.IllageAndSpillage/]: Removed entity.illageandspillage.twittollager from Raids to prevent a post-mod-removal crash
[27Jul2025 02:19:30.045] [Server thread/INFO] [com.yellowbrossproductions.illageandspillage.IllageAndSpillage/]: Removed entity.illageandspillage.magispeller from Raids to prevent a post-mod-removal crash
[27Jul2025 02:19:30.045] [Server thread/INFO] [com.yellowbrossproductions.illageandspillage.IllageAndSpillage/]: Removed entity.illageandspillage.spiritcaller from Raids to prevent a post-mod-removal crash
[27Jul2025 02:19:30.045] [Server thread/INFO] [com.yellowbrossproductions.illageandspillage.IllageAndSpillage/]: Removed entity.illageandspillage.crocofang from Raids to prevent a post-mod-removal crash
[27Jul2025 02:19:30.045] [Server thread/INFO] [com.yellowbrossproductions.illageandspillage.IllageAndSpillage/]: Removed entity.illageandspillage.absorber from Raids to prevent a post-mod-removal crash
[27Jul2025 02:19:30.045] [Server thread/INFO] [com.yellowbrossproductions.illageandspillage.IllageAndSpillage/]: Removed entity.illageandspillage.preserver from Raids to prevent a post-mod-removal crash
[27Jul2025 02:19:30.046] [Server thread/INFO] [com.yellowbrossproductions.illageandspillage.IllageAndSpillage/]: Removed entity.illageandspillage.freakager from Raids to prevent a post-mod-removal crash
[27Jul2025 02:19:30.046] [Server thread/INFO] [com.yellowbrossproductions.illageandspillage.IllageAndSpillage/]: Removed entity.illageandspillage.old_freakager from Raids to prevent a post-mod-removal crash
[27Jul2025 02:19:30.046] [Server thread/INFO] [com.yellowbrossproductions.illageandspillage.IllageAndSpillage/]: Removed entity.illageandspillage.old_magispeller from Raids to prevent a post-mod-removal crash
[27Jul2025 02:19:30.046] [Server thread/INFO] [com.yellowbrossproductions.illageandspillage.IllageAndSpillage/]: Removed entity.illageandspillage.boss_randomizer from Raids to prevent a post-mod-removal crash
[27Jul2025 02:19:30.046] [Server thread/INFO] [com.yellowbrossproductions.illageandspillage.IllageAndSpillage/]: Removed entity.illageandspillage.igniter from Raids to prevent a post-mod-removal crash
[27Jul2025 02:19:30.046] [Server thread/INFO] [com.yellowbrossproductions.illageandspillage.IllageAndSpillage/]: Removed entity.illageandspillage.engineer from Raids to prevent a post-mod-removal crash
[27Jul2025 02:19:30.047] [Server thread/INFO] [com.yellowbrossproductions.illageandspillage.IllageAndSpillage/]: Removed entity.illageandspillage.twittollager from Raids to prevent a post-mod-removal crash
[27Jul2025 02:19:30.047] [Server thread/INFO] [com.yellowbrossproductions.illageandspillage.IllageAndSpillage/]: Removed entity.illageandspillage.magispeller from Raids to prevent a post-mod-removal crash
[27Jul2025 02:19:30.047] [Server thread/INFO] [com.yellowbrossproductions.illageandspillage.IllageAndSpillage/]: Removed entity.illageandspillage.spiritcaller from Raids to prevent a post-mod-removal crash
[27Jul2025 02:19:30.047] [Server thread/INFO] [com.yellowbrossproductions.illageandspillage.IllageAndSpillage/]: Removed entity.illageandspillage.crocofang from Raids to prevent a post-mod-removal crash
[27Jul2025 02:19:30.047] [Server thread/INFO] [com.yellowbrossproductions.illageandspillage.IllageAndSpillage/]: Removed entity.illageandspillage.absorber from Raids to prevent a post-mod-removal crash
[27Jul2025 02:19:30.047] [Server thread/INFO] [com.yellowbrossproductions.illageandspillage.IllageAndSpillage/]: Removed entity.illageandspillage.preserver from Raids to prevent a post-mod-removal crash
[27Jul2025 02:19:30.047] [Server thread/INFO] [com.yellowbrossproductions.illageandspillage.IllageAndSpillage/]: Removed entity.illageandspillage.freakager from Raids to prevent a post-mod-removal crash
[27Jul2025 02:19:30.047] [Server thread/INFO] [com.yellowbrossproductions.illageandspillage.IllageAndSpillage/]: Removed entity.illageandspillage.old_freakager from Raids to prevent a post-mod-removal crash
[27Jul2025 02:19:30.047] [Server thread/INFO] [com.yellowbrossproductions.illageandspillage.IllageAndSpillage/]: Removed entity.illageandspillage.old_magispeller from Raids to prevent a post-mod-removal crash
[27Jul2025 02:19:30.048] [Server thread/INFO] [com.yellowbrossproductions.illageandspillage.IllageAndSpillage/]: Removed entity.illageandspillage.boss_randomizer from Raids to prevent a post-mod-removal crash
[27Jul2025 02:19:30.048] [Server thread/INFO] [com.yellowbrossproductions.illageandspillage.IllageAndSpillage/]: Removed entity.illageandspillage.igniter from Raids to prevent a post-mod-removal crash
[27Jul2025 02:19:30.048] [Server thread/INFO] [com.yellowbrossproductions.illageandspillage.IllageAndSpillage/]: Removed entity.illageandspillage.engineer from Raids to prevent a post-mod-removal crash
[27Jul2025 02:19:30.048] [Server thread/INFO] [com.yellowbrossproductions.illageandspillage.IllageAndSpillage/]: Removed entity.illageandspillage.twittollager from Raids to prevent a post-mod-removal crash
[27Jul2025 02:19:30.048] [Server thread/INFO] [com.yellowbrossproductions.illageandspillage.IllageAndSpillage/]: Removed entity.illageandspillage.magispeller from Raids to prevent a post-mod-removal crash
[27Jul2025 02:19:30.048] [Server thread/INFO] [com.yellowbrossproductions.illageandspillage.IllageAndSpillage/]: Removed entity.illageandspillage.spiritcaller from Raids to prevent a post-mod-removal crash
[27Jul2025 02:19:30.048] [Server thread/INFO] [com.yellowbrossproductions.illageandspillage.IllageAndSpillage/]: Removed entity.illageandspillage.crocofang from Raids to prevent a post-mod-removal crash
[27Jul2025 02:19:30.048] [Server thread/INFO] [com.yellowbrossproductions.illageandspillage.IllageAndSpillage/]: Removed entity.illageandspillage.absorber from Raids to prevent a post-mod-removal crash
[27Jul2025 02:19:30.048] [Server thread/INFO] [com.yellowbrossproductions.illageandspillage.IllageAndSpillage/]: Removed entity.illageandspillage.preserver from Raids to prevent a post-mod-removal crash
[27Jul2025 02:19:30.048] [Server thread/INFO] [com.yellowbrossproductions.illageandspillage.IllageAndSpillage/]: Removed entity.illageandspillage.freakager from Raids to prevent a post-mod-removal crash
[27Jul2025 02:19:30.048] [Server thread/INFO] [com.yellowbrossproductions.illageandspillage.IllageAndSpillage/]: Removed entity.illageandspillage.old_freakager from Raids to prevent a post-mod-removal crash
[27Jul2025 02:19:30.048] [Server thread/INFO] [com.yellowbrossproductions.illageandspillage.IllageAndSpillage/]: Removed entity.illageandspillage.old_magispeller from Raids to prevent a post-mod-removal crash
[27Jul2025 02:19:30.049] [Server thread/INFO] [com.yellowbrossproductions.illageandspillage.IllageAndSpillage/]: Removed entity.illageandspillage.boss_randomizer from Raids to prevent a post-mod-removal crash
[27Jul2025 02:19:30.049] [Server thread/INFO] [com.yellowbrossproductions.illageandspillage.IllageAndSpillage/]: Removed entity.illageandspillage.igniter from Raids to prevent a post-mod-removal crash
[27Jul2025 02:19:30.049] [Server thread/INFO] [com.yellowbrossproductions.illageandspillage.IllageAndSpillage/]: Removed entity.illageandspillage.engineer from Raids to prevent a post-mod-removal crash
[27Jul2025 02:19:30.049] [Server thread/INFO] [com.yellowbrossproductions.illageandspillage.IllageAndSpillage/]: Removed entity.illageandspillage.twittollager from Raids to prevent a post-mod-removal crash
[27Jul2025 02:19:30.049] [Server thread/INFO] [com.yellowbrossproductions.illageandspillage.IllageAndSpillage/]: Removed entity.illageandspillage.magispeller from Raids to prevent a post-mod-removal crash
[27Jul2025 02:19:30.049] [Server thread/INFO] [com.yellowbrossproductions.illageandspillage.IllageAndSpillage/]: Removed entity.illageandspillage.spiritcaller from Raids to prevent a post-mod-removal crash
[27Jul2025 02:19:30.050] [Server thread/INFO] [com.yellowbrossproductions.illageandspillage.IllageAndSpillage/]: Removed entity.illageandspillage.crocofang from Raids to prevent a post-mod-removal crash
[27Jul2025 02:19:30.050] [Server thread/INFO] [com.yellowbrossproductions.illageandspillage.IllageAndSpillage/]: Removed entity.illageandspillage.absorber from Raids to prevent a post-mod-removal crash
[27Jul2025 02:19:30.050] [Server thread/INFO] [com.yellowbrossproductions.illageandspillage.IllageAndSpillage/]: Removed entity.illageandspillage.preserver from Raids to prevent a post-mod-removal crash
[27Jul2025 02:19:30.050] [Server thread/INFO] [com.yellowbrossproductions.illageandspillage.IllageAndSpillage/]: Removed entity.illageandspillage.freakager from Raids to prevent a post-mod-removal crash
[27Jul2025 02:19:30.050] [Server thread/INFO] [com.yellowbrossproductions.illageandspillage.IllageAndSpillage/]: Removed entity.illageandspillage.old_freakager from Raids to prevent a post-mod-removal crash
[27Jul2025 02:19:30.050] [Server thread/INFO] [com.yellowbrossproductions.illageandspillage.IllageAndSpillage/]: Removed entity.illageandspillage.old_magispeller from Raids to prevent a post-mod-removal crash
[27Jul2025 02:19:30.050] [Server thread/INFO] [com.yellowbrossproductions.illageandspillage.IllageAndSpillage/]: Removed entity.illageandspillage.boss_randomizer from Raids to prevent a post-mod-removal crash
[27Jul2025 02:19:30.050] [Server thread/INFO] [com.yellowbrossproductions.illageandspillage.IllageAndSpillage/]: Removed entity.illageandspillage.igniter from Raids to prevent a post-mod-removal crash
[27Jul2025 02:19:30.051] [Server thread/INFO] [com.yellowbrossproductions.illageandspillage.IllageAndSpillage/]: Removed entity.illageandspillage.engineer from Raids to prevent a post-mod-removal crash
[27Jul2025 02:19:30.051] [Server thread/INFO] [com.yellowbrossproductions.illageandspillage.IllageAndSpillage/]: Removed entity.illageandspillage.twittollager from Raids to prevent a post-mod-removal crash
[27Jul2025 02:19:30.051] [Server thread/INFO] [com.yellowbrossproductions.illageandspillage.IllageAndSpillage/]: Removed entity.illageandspillage.magispeller from Raids to prevent a post-mod-removal crash
[27Jul2025 02:19:30.051] [Server thread/INFO] [com.yellowbrossproductions.illageandspillage.IllageAndSpillage/]: Removed entity.illageandspillage.spiritcaller from Raids to prevent a post-mod-removal crash
[27Jul2025 02:19:30.051] [Server thread/INFO] [com.yellowbrossproductions.illageandspillage.IllageAndSpillage/]: Removed entity.illageandspillage.crocofang from Raids to prevent a post-mod-removal crash
[27Jul2025 02:19:30.052] [Server thread/INFO] [com.yellowbrossproductions.illageandspillage.IllageAndSpillage/]: Removed entity.illageandspillage.absorber from Raids to prevent a post-mod-removal crash
[27Jul2025 02:19:30.052] [Server thread/INFO] [com.yellowbrossproductions.illageandspillage.IllageAndSpillage/]: Removed entity.illageandspillage.preserver from Raids to prevent a post-mod-removal crash
[27Jul2025 02:19:30.052] [Server thread/INFO] [com.yellowbrossproductions.illageandspillage.IllageAndSpillage/]: Removed entity.illageandspillage.freakager from Raids to prevent a post-mod-removal crash
[27Jul2025 02:19:30.052] [Server thread/INFO] [com.yellowbrossproductions.illageandspillage.IllageAndSpillage/]: Removed entity.illageandspillage.old_freakager from Raids to prevent a post-mod-removal crash
[27Jul2025 02:19:30.052] [Server thread/INFO] [com.yellowbrossproductions.illageandspillage.IllageAndSpillage/]: Removed entity.illageandspillage.old_magispeller from Raids to prevent a post-mod-removal crash
[27Jul2025 02:19:30.053] [Server thread/INFO] [com.yellowbrossproductions.illageandspillage.IllageAndSpillage/]: Removed entity.illageandspillage.boss_randomizer from Raids to prevent a post-mod-removal crash
[27Jul2025 02:19:30.053] [Server thread/INFO] [com.yellowbrossproductions.illageandspillage.IllageAndSpillage/]: Removed entity.illageandspillage.igniter from Raids to prevent a post-mod-removal crash
[27Jul2025 02:19:30.053] [Server thread/INFO] [com.yellowbrossproductions.illageandspillage.IllageAndSpillage/]: Removed entity.illageandspillage.engineer from Raids to prevent a post-mod-removal crash
[27Jul2025 02:19:30.053] [Server thread/INFO] [com.yellowbrossproductions.illageandspillage.IllageAndSpillage/]: Removed entity.illageandspillage.twittollager from Raids to prevent a post-mod-removal crash
[27Jul2025 02:19:30.053] [Server thread/INFO] [com.yellowbrossproductions.illageandspillage.IllageAndSpillage/]: Removed entity.illageandspillage.magispeller from Raids to prevent a post-mod-removal crash
[27Jul2025 02:19:30.053] [Server thread/INFO] [com.yellowbrossproductions.illageandspillage.IllageAndSpillage/]: Removed entity.illageandspillage.spiritcaller from Raids to prevent a post-mod-removal crash
[27Jul2025 02:19:30.053] [Server thread/INFO] [com.yellowbrossproductions.illageandspillage.IllageAndSpillage/]: Removed entity.illageandspillage.crocofang from Raids to prevent a post-mod-removal crash
[27Jul2025 02:19:30.053] [Server thread/INFO] [com.yellowbrossproductions.illageandspillage.IllageAndSpillage/]: Removed entity.illageandspillage.absorber from Raids to prevent a post-mod-removal crash
[27Jul2025 02:19:30.053] [Server thread/INFO] [com.yellowbrossproductions.illageandspillage.IllageAndSpillage/]: Removed entity.illageandspillage.preserver from Raids to prevent a post-mod-removal crash
[27Jul2025 02:19:30.053] [Server thread/INFO] [com.yellowbrossproductions.illageandspillage.IllageAndSpillage/]: Removed entity.illageandspillage.freakager from Raids to prevent a post-mod-removal crash
[27Jul2025 02:19:30.053] [Server thread/INFO] [com.yellowbrossproductions.illageandspillage.IllageAndSpillage/]: Removed entity.illageandspillage.old_freakager from Raids to prevent a post-mod-removal crash
[27Jul2025 02:19:30.053] [Server thread/INFO] [com.yellowbrossproductions.illageandspillage.IllageAndSpillage/]: Removed entity.illageandspillage.old_magispeller from Raids to prevent a post-mod-removal crash
[27Jul2025 02:19:30.058] [Server thread/INFO] [journeymap/]: Loading JourneyMap Forge Configs
